[2025-04-03T10:53:22.671+0000] {processor.py:157} INFO - Started process (PID=175) to work on /opt/airflow/dags/extract_exchange_rates.py
[2025-04-03T10:53:22.672+0000] {processor.py:829} INFO - Processing file /opt/airflow/dags/extract_exchange_rates.py for tasks to queue
[2025-04-03T10:53:22.674+0000] {logging_mixin.py:151} INFO - [2025-04-03T10:53:22.673+0000] {dagbag.py:536} INFO - Filling up the DagBag from /opt/airflow/dags/extract_exchange_rates.py
[2025-04-03T10:53:22.693+0000] {processor.py:839} INFO - DAG(s) dict_keys(['extract_exchange_rates']) retrieved from /opt/airflow/dags/extract_exchange_rates.py
[2025-04-03T10:53:22.726+0000] {logging_mixin.py:151} INFO - [2025-04-03T10:53:22.726+0000] {dag.py:2941} INFO - Sync 1 DAGs
[2025-04-03T10:53:22.750+0000] {logging_mixin.py:151} INFO - [2025-04-03T10:53:22.750+0000] {dag.py:3722} INFO - Setting next_dagrun for extract_exchange_rates to 2025-04-03T00:00:00+00:00, run_after=2025-04-04T00:00:00+00:00
[2025-04-03T10:53:22.788+0000] {processor.py:179} INFO - Processing /opt/airflow/dags/extract_exchange_rates.py took 0.120 seconds
[2025-04-03T10:53:52.874+0000] {processor.py:157} INFO - Started process (PID=194) to work on /opt/airflow/dags/extract_exchange_rates.py
[2025-04-03T10:53:52.874+0000] {processor.py:829} INFO - Processing file /opt/airflow/dags/extract_exchange_rates.py for tasks to queue
[2025-04-03T10:53:52.875+0000] {logging_mixin.py:151} INFO - [2025-04-03T10:53:52.875+0000] {dagbag.py:536} INFO - Filling up the DagBag from /opt/airflow/dags/extract_exchange_rates.py
[2025-04-03T10:53:52.888+0000] {processor.py:839} INFO - DAG(s) dict_keys(['extract_exchange_rates']) retrieved from /opt/airflow/dags/extract_exchange_rates.py
[2025-04-03T10:53:52.908+0000] {logging_mixin.py:151} INFO - [2025-04-03T10:53:52.908+0000] {dag.py:2941} INFO - Sync 1 DAGs
[2025-04-03T10:53:52.921+0000] {logging_mixin.py:151} INFO - [2025-04-03T10:53:52.921+0000] {dag.py:3722} INFO - Setting next_dagrun for extract_exchange_rates to 2025-04-03T00:00:00+00:00, run_after=2025-04-04T00:00:00+00:00
[2025-04-03T10:53:52.928+0000] {processor.py:179} INFO - Processing /opt/airflow/dags/extract_exchange_rates.py took 0.058 seconds
[2025-04-03T10:54:23.072+0000] {processor.py:157} INFO - Started process (PID=199) to work on /opt/airflow/dags/extract_exchange_rates.py
[2025-04-03T10:54:23.073+0000] {processor.py:829} INFO - Processing file /opt/airflow/dags/extract_exchange_rates.py for tasks to queue
[2025-04-03T10:54:23.073+0000] {logging_mixin.py:151} INFO - [2025-04-03T10:54:23.073+0000] {dagbag.py:536} INFO - Filling up the DagBag from /opt/airflow/dags/extract_exchange_rates.py
[2025-04-03T10:54:23.084+0000] {processor.py:839} INFO - DAG(s) dict_keys(['extract_exchange_rates']) retrieved from /opt/airflow/dags/extract_exchange_rates.py
[2025-04-03T10:54:23.098+0000] {logging_mixin.py:151} INFO - [2025-04-03T10:54:23.098+0000] {dag.py:2941} INFO - Sync 1 DAGs
[2025-04-03T10:54:23.108+0000] {logging_mixin.py:151} INFO - [2025-04-03T10:54:23.108+0000] {dag.py:3722} INFO - Setting next_dagrun for extract_exchange_rates to 2025-04-03T00:00:00+00:00, run_after=2025-04-04T00:00:00+00:00
[2025-04-03T10:54:23.115+0000] {processor.py:179} INFO - Processing /opt/airflow/dags/extract_exchange_rates.py took 0.046 seconds
[2025-04-03T10:54:53.319+0000] {processor.py:157} INFO - Started process (PID=204) to work on /opt/airflow/dags/extract_exchange_rates.py
[2025-04-03T10:54:53.320+0000] {processor.py:829} INFO - Processing file /opt/airflow/dags/extract_exchange_rates.py for tasks to queue
[2025-04-03T10:54:53.321+0000] {logging_mixin.py:151} INFO - [2025-04-03T10:54:53.320+0000] {dagbag.py:536} INFO - Filling up the DagBag from /opt/airflow/dags/extract_exchange_rates.py
[2025-04-03T10:54:53.332+0000] {processor.py:839} INFO - DAG(s) dict_keys(['extract_exchange_rates']) retrieved from /opt/airflow/dags/extract_exchange_rates.py
[2025-04-03T10:54:53.346+0000] {logging_mixin.py:151} INFO - [2025-04-03T10:54:53.346+0000] {dag.py:2941} INFO - Sync 1 DAGs
[2025-04-03T10:54:53.357+0000] {logging_mixin.py:151} INFO - [2025-04-03T10:54:53.356+0000] {dag.py:3722} INFO - Setting next_dagrun for extract_exchange_rates to 2025-04-03T00:00:00+00:00, run_after=2025-04-04T00:00:00+00:00
[2025-04-03T10:54:53.364+0000] {processor.py:179} INFO - Processing /opt/airflow/dags/extract_exchange_rates.py took 0.049 seconds
[2025-04-03T10:55:23.581+0000] {processor.py:157} INFO - Started process (PID=209) to work on /opt/airflow/dags/extract_exchange_rates.py
[2025-04-03T10:55:23.582+0000] {processor.py:829} INFO - Processing file /opt/airflow/dags/extract_exchange_rates.py for tasks to queue
[2025-04-03T10:55:23.583+0000] {logging_mixin.py:151} INFO - [2025-04-03T10:55:23.583+0000] {dagbag.py:536} INFO - Filling up the DagBag from /opt/airflow/dags/extract_exchange_rates.py
[2025-04-03T10:55:23.595+0000] {processor.py:839} INFO - DAG(s) dict_keys(['extract_exchange_rates']) retrieved from /opt/airflow/dags/extract_exchange_rates.py
[2025-04-03T10:55:23.609+0000] {logging_mixin.py:151} INFO - [2025-04-03T10:55:23.609+0000] {dag.py:2941} INFO - Sync 1 DAGs
[2025-04-03T10:55:23.619+0000] {logging_mixin.py:151} INFO - [2025-04-03T10:55:23.619+0000] {dag.py:3722} INFO - Setting next_dagrun for extract_exchange_rates to 2025-04-03T00:00:00+00:00, run_after=2025-04-04T00:00:00+00:00
[2025-04-03T10:55:23.627+0000] {processor.py:179} INFO - Processing /opt/airflow/dags/extract_exchange_rates.py took 0.049 seconds
[2025-04-03T10:55:53.812+0000] {processor.py:157} INFO - Started process (PID=214) to work on /opt/airflow/dags/extract_exchange_rates.py
[2025-04-03T10:55:53.812+0000] {processor.py:829} INFO - Processing file /opt/airflow/dags/extract_exchange_rates.py for tasks to queue
[2025-04-03T10:55:53.813+0000] {logging_mixin.py:151} INFO - [2025-04-03T10:55:53.812+0000] {dagbag.py:536} INFO - Filling up the DagBag from /opt/airflow/dags/extract_exchange_rates.py
[2025-04-03T10:55:53.820+0000] {processor.py:839} INFO - DAG(s) dict_keys(['extract_exchange_rates']) retrieved from /opt/airflow/dags/extract_exchange_rates.py
[2025-04-03T10:55:53.831+0000] {logging_mixin.py:151} INFO - [2025-04-03T10:55:53.831+0000] {dag.py:2941} INFO - Sync 1 DAGs
[2025-04-03T10:55:53.840+0000] {logging_mixin.py:151} INFO - [2025-04-03T10:55:53.840+0000] {dag.py:3722} INFO - Setting next_dagrun for extract_exchange_rates to 2025-04-03T00:00:00+00:00, run_after=2025-04-04T00:00:00+00:00
[2025-04-03T10:55:53.848+0000] {processor.py:179} INFO - Processing /opt/airflow/dags/extract_exchange_rates.py took 0.038 seconds
[2025-04-03T10:56:24.059+0000] {processor.py:157} INFO - Started process (PID=219) to work on /opt/airflow/dags/extract_exchange_rates.py
[2025-04-03T10:56:24.059+0000] {processor.py:829} INFO - Processing file /opt/airflow/dags/extract_exchange_rates.py for tasks to queue
[2025-04-03T10:56:24.060+0000] {logging_mixin.py:151} INFO - [2025-04-03T10:56:24.060+0000] {dagbag.py:536} INFO - Filling up the DagBag from /opt/airflow/dags/extract_exchange_rates.py
[2025-04-03T10:56:24.072+0000] {processor.py:839} INFO - DAG(s) dict_keys(['extract_exchange_rates']) retrieved from /opt/airflow/dags/extract_exchange_rates.py
[2025-04-03T10:56:24.085+0000] {logging_mixin.py:151} INFO - [2025-04-03T10:56:24.085+0000] {dag.py:2941} INFO - Sync 1 DAGs
[2025-04-03T10:56:24.095+0000] {logging_mixin.py:151} INFO - [2025-04-03T10:56:24.095+0000] {dag.py:3722} INFO - Setting next_dagrun for extract_exchange_rates to 2025-04-03T00:00:00+00:00, run_after=2025-04-04T00:00:00+00:00
[2025-04-03T10:56:24.103+0000] {processor.py:179} INFO - Processing /opt/airflow/dags/extract_exchange_rates.py took 0.047 seconds
[2025-04-03T10:56:54.300+0000] {processor.py:157} INFO - Started process (PID=224) to work on /opt/airflow/dags/extract_exchange_rates.py
[2025-04-03T10:56:54.300+0000] {processor.py:829} INFO - Processing file /opt/airflow/dags/extract_exchange_rates.py for tasks to queue
[2025-04-03T10:56:54.301+0000] {logging_mixin.py:151} INFO - [2025-04-03T10:56:54.301+0000] {dagbag.py:536} INFO - Filling up the DagBag from /opt/airflow/dags/extract_exchange_rates.py
[2025-04-03T10:56:54.311+0000] {processor.py:839} INFO - DAG(s) dict_keys(['extract_exchange_rates']) retrieved from /opt/airflow/dags/extract_exchange_rates.py
[2025-04-03T10:56:54.326+0000] {logging_mixin.py:151} INFO - [2025-04-03T10:56:54.326+0000] {dag.py:2941} INFO - Sync 1 DAGs
[2025-04-03T10:56:54.336+0000] {logging_mixin.py:151} INFO - [2025-04-03T10:56:54.336+0000] {dag.py:3722} INFO - Setting next_dagrun for extract_exchange_rates to 2025-04-03T00:00:00+00:00, run_after=2025-04-04T00:00:00+00:00
[2025-04-03T10:56:54.344+0000] {processor.py:179} INFO - Processing /opt/airflow/dags/extract_exchange_rates.py took 0.047 seconds
[2025-04-03T10:57:24.563+0000] {processor.py:157} INFO - Started process (PID=229) to work on /opt/airflow/dags/extract_exchange_rates.py
[2025-04-03T10:57:24.564+0000] {processor.py:829} INFO - Processing file /opt/airflow/dags/extract_exchange_rates.py for tasks to queue
[2025-04-03T10:57:24.564+0000] {logging_mixin.py:151} INFO - [2025-04-03T10:57:24.564+0000] {dagbag.py:536} INFO - Filling up the DagBag from /opt/airflow/dags/extract_exchange_rates.py
[2025-04-03T10:57:24.579+0000] {processor.py:839} INFO - DAG(s) dict_keys(['extract_exchange_rates']) retrieved from /opt/airflow/dags/extract_exchange_rates.py
[2025-04-03T10:57:24.595+0000] {logging_mixin.py:151} INFO - [2025-04-03T10:57:24.595+0000] {dag.py:2941} INFO - Sync 1 DAGs
[2025-04-03T10:57:24.605+0000] {logging_mixin.py:151} INFO - [2025-04-03T10:57:24.605+0000] {dag.py:3722} INFO - Setting next_dagrun for extract_exchange_rates to 2025-04-03T00:00:00+00:00, run_after=2025-04-04T00:00:00+00:00
[2025-04-03T10:57:24.612+0000] {processor.py:179} INFO - Processing /opt/airflow/dags/extract_exchange_rates.py took 0.052 seconds
[2025-04-03T10:57:54.806+0000] {processor.py:157} INFO - Started process (PID=234) to work on /opt/airflow/dags/extract_exchange_rates.py
[2025-04-03T10:57:54.807+0000] {processor.py:829} INFO - Processing file /opt/airflow/dags/extract_exchange_rates.py for tasks to queue
[2025-04-03T10:57:54.807+0000] {logging_mixin.py:151} INFO - [2025-04-03T10:57:54.807+0000] {dagbag.py:536} INFO - Filling up the DagBag from /opt/airflow/dags/extract_exchange_rates.py
[2025-04-03T10:57:54.819+0000] {processor.py:839} INFO - DAG(s) dict_keys(['extract_exchange_rates']) retrieved from /opt/airflow/dags/extract_exchange_rates.py
[2025-04-03T10:57:54.834+0000] {logging_mixin.py:151} INFO - [2025-04-03T10:57:54.834+0000] {dag.py:2941} INFO - Sync 1 DAGs
[2025-04-03T10:57:54.845+0000] {logging_mixin.py:151} INFO - [2025-04-03T10:57:54.845+0000] {dag.py:3722} INFO - Setting next_dagrun for extract_exchange_rates to 2025-04-03T00:00:00+00:00, run_after=2025-04-04T00:00:00+00:00
[2025-04-03T10:57:54.851+0000] {processor.py:179} INFO - Processing /opt/airflow/dags/extract_exchange_rates.py took 0.048 seconds
[2025-04-03T10:58:25.058+0000] {processor.py:157} INFO - Started process (PID=239) to work on /opt/airflow/dags/extract_exchange_rates.py
[2025-04-03T10:58:25.058+0000] {processor.py:829} INFO - Processing file /opt/airflow/dags/extract_exchange_rates.py for tasks to queue
[2025-04-03T10:58:25.059+0000] {logging_mixin.py:151} INFO - [2025-04-03T10:58:25.058+0000] {dagbag.py:536} INFO - Filling up the DagBag from /opt/airflow/dags/extract_exchange_rates.py
[2025-04-03T10:58:25.068+0000] {processor.py:839} INFO - DAG(s) dict_keys(['extract_exchange_rates']) retrieved from /opt/airflow/dags/extract_exchange_rates.py
[2025-04-03T10:58:25.080+0000] {logging_mixin.py:151} INFO - [2025-04-03T10:58:25.080+0000] {dag.py:2941} INFO - Sync 1 DAGs
[2025-04-03T10:58:25.089+0000] {logging_mixin.py:151} INFO - [2025-04-03T10:58:25.089+0000] {dag.py:3722} INFO - Setting next_dagrun for extract_exchange_rates to 2025-04-03T00:00:00+00:00, run_after=2025-04-04T00:00:00+00:00
[2025-04-03T10:58:25.096+0000] {processor.py:179} INFO - Processing /opt/airflow/dags/extract_exchange_rates.py took 0.041 seconds
[2025-04-03T10:58:55.329+0000] {processor.py:157} INFO - Started process (PID=248) to work on /opt/airflow/dags/extract_exchange_rates.py
[2025-04-03T10:58:55.330+0000] {processor.py:829} INFO - Processing file /opt/airflow/dags/extract_exchange_rates.py for tasks to queue
[2025-04-03T10:58:55.331+0000] {logging_mixin.py:151} INFO - [2025-04-03T10:58:55.331+0000] {dagbag.py:536} INFO - Filling up the DagBag from /opt/airflow/dags/extract_exchange_rates.py
[2025-04-03T10:58:55.344+0000] {processor.py:839} INFO - DAG(s) dict_keys(['extract_exchange_rates']) retrieved from /opt/airflow/dags/extract_exchange_rates.py
[2025-04-03T10:58:55.358+0000] {logging_mixin.py:151} INFO - [2025-04-03T10:58:55.358+0000] {dag.py:2941} INFO - Sync 1 DAGs
[2025-04-03T10:58:55.369+0000] {logging_mixin.py:151} INFO - [2025-04-03T10:58:55.369+0000] {dag.py:3722} INFO - Setting next_dagrun for extract_exchange_rates to 2025-04-03T00:00:00+00:00, run_after=2025-04-04T00:00:00+00:00
[2025-04-03T10:58:55.376+0000] {processor.py:179} INFO - Processing /opt/airflow/dags/extract_exchange_rates.py took 0.050 seconds
[2025-04-03T10:59:25.593+0000] {processor.py:157} INFO - Started process (PID=253) to work on /opt/airflow/dags/extract_exchange_rates.py
[2025-04-03T10:59:25.594+0000] {processor.py:829} INFO - Processing file /opt/airflow/dags/extract_exchange_rates.py for tasks to queue
[2025-04-03T10:59:25.595+0000] {logging_mixin.py:151} INFO - [2025-04-03T10:59:25.595+0000] {dagbag.py:536} INFO - Filling up the DagBag from /opt/airflow/dags/extract_exchange_rates.py
[2025-04-03T10:59:25.608+0000] {processor.py:839} INFO - DAG(s) dict_keys(['extract_exchange_rates']) retrieved from /opt/airflow/dags/extract_exchange_rates.py
[2025-04-03T10:59:25.627+0000] {logging_mixin.py:151} INFO - [2025-04-03T10:59:25.627+0000] {dag.py:2941} INFO - Sync 1 DAGs
[2025-04-03T10:59:25.637+0000] {logging_mixin.py:151} INFO - [2025-04-03T10:59:25.637+0000] {dag.py:3722} INFO - Setting next_dagrun for extract_exchange_rates to 2025-04-03T00:00:00+00:00, run_after=2025-04-04T00:00:00+00:00
[2025-04-03T10:59:25.644+0000] {processor.py:179} INFO - Processing /opt/airflow/dags/extract_exchange_rates.py took 0.054 seconds
[2025-04-03T10:59:55.945+0000] {processor.py:157} INFO - Started process (PID=258) to work on /opt/airflow/dags/extract_exchange_rates.py
[2025-04-03T10:59:55.946+0000] {processor.py:829} INFO - Processing file /opt/airflow/dags/extract_exchange_rates.py for tasks to queue
[2025-04-03T10:59:55.946+0000] {logging_mixin.py:151} INFO - [2025-04-03T10:59:55.946+0000] {dagbag.py:536} INFO - Filling up the DagBag from /opt/airflow/dags/extract_exchange_rates.py
[2025-04-03T10:59:55.957+0000] {processor.py:839} INFO - DAG(s) dict_keys(['extract_exchange_rates']) retrieved from /opt/airflow/dags/extract_exchange_rates.py
[2025-04-03T10:59:55.972+0000] {logging_mixin.py:151} INFO - [2025-04-03T10:59:55.972+0000] {dag.py:2941} INFO - Sync 1 DAGs
[2025-04-03T10:59:55.983+0000] {logging_mixin.py:151} INFO - [2025-04-03T10:59:55.983+0000] {dag.py:3722} INFO - Setting next_dagrun for extract_exchange_rates to 2025-04-03T00:00:00+00:00, run_after=2025-04-04T00:00:00+00:00
[2025-04-03T10:59:55.991+0000] {processor.py:179} INFO - Processing /opt/airflow/dags/extract_exchange_rates.py took 0.048 seconds
[2025-04-03T11:00:26.199+0000] {processor.py:157} INFO - Started process (PID=263) to work on /opt/airflow/dags/extract_exchange_rates.py
[2025-04-03T11:00:26.200+0000] {processor.py:829} INFO - Processing file /opt/airflow/dags/extract_exchange_rates.py for tasks to queue
[2025-04-03T11:00:26.200+0000] {logging_mixin.py:151} INFO - [2025-04-03T11:00:26.200+0000] {dagbag.py:536} INFO - Filling up the DagBag from /opt/airflow/dags/extract_exchange_rates.py
[2025-04-03T11:00:26.213+0000] {processor.py:839} INFO - DAG(s) dict_keys(['extract_exchange_rates']) retrieved from /opt/airflow/dags/extract_exchange_rates.py
[2025-04-03T11:00:26.229+0000] {logging_mixin.py:151} INFO - [2025-04-03T11:00:26.229+0000] {dag.py:2941} INFO - Sync 1 DAGs
[2025-04-03T11:00:26.239+0000] {logging_mixin.py:151} INFO - [2025-04-03T11:00:26.239+0000] {dag.py:3722} INFO - Setting next_dagrun for extract_exchange_rates to 2025-04-03T00:00:00+00:00, run_after=2025-04-04T00:00:00+00:00
[2025-04-03T11:00:26.246+0000] {processor.py:179} INFO - Processing /opt/airflow/dags/extract_exchange_rates.py took 0.050 seconds
[2025-04-03T11:00:56.450+0000] {processor.py:157} INFO - Started process (PID=268) to work on /opt/airflow/dags/extract_exchange_rates.py
[2025-04-03T11:00:56.452+0000] {processor.py:829} INFO - Processing file /opt/airflow/dags/extract_exchange_rates.py for tasks to queue
[2025-04-03T11:00:56.452+0000] {logging_mixin.py:151} INFO - [2025-04-03T11:00:56.452+0000] {dagbag.py:536} INFO - Filling up the DagBag from /opt/airflow/dags/extract_exchange_rates.py
[2025-04-03T11:00:56.463+0000] {processor.py:839} INFO - DAG(s) dict_keys(['extract_exchange_rates']) retrieved from /opt/airflow/dags/extract_exchange_rates.py
[2025-04-03T11:00:56.479+0000] {logging_mixin.py:151} INFO - [2025-04-03T11:00:56.479+0000] {dag.py:2941} INFO - Sync 1 DAGs
[2025-04-03T11:00:56.490+0000] {logging_mixin.py:151} INFO - [2025-04-03T11:00:56.490+0000] {dag.py:3722} INFO - Setting next_dagrun for extract_exchange_rates to 2025-04-03T00:00:00+00:00, run_after=2025-04-04T00:00:00+00:00
[2025-04-03T11:00:56.497+0000] {processor.py:179} INFO - Processing /opt/airflow/dags/extract_exchange_rates.py took 0.050 seconds
[2025-04-03T11:01:26.705+0000] {processor.py:157} INFO - Started process (PID=273) to work on /opt/airflow/dags/extract_exchange_rates.py
[2025-04-03T11:01:26.706+0000] {processor.py:829} INFO - Processing file /opt/airflow/dags/extract_exchange_rates.py for tasks to queue
[2025-04-03T11:01:26.707+0000] {logging_mixin.py:151} INFO - [2025-04-03T11:01:26.707+0000] {dagbag.py:536} INFO - Filling up the DagBag from /opt/airflow/dags/extract_exchange_rates.py
[2025-04-03T11:01:26.718+0000] {processor.py:839} INFO - DAG(s) dict_keys(['extract_exchange_rates']) retrieved from /opt/airflow/dags/extract_exchange_rates.py
[2025-04-03T11:01:26.731+0000] {logging_mixin.py:151} INFO - [2025-04-03T11:01:26.731+0000] {dag.py:2941} INFO - Sync 1 DAGs
[2025-04-03T11:01:26.744+0000] {logging_mixin.py:151} INFO - [2025-04-03T11:01:26.743+0000] {dag.py:3722} INFO - Setting next_dagrun for extract_exchange_rates to 2025-04-03T00:00:00+00:00, run_after=2025-04-04T00:00:00+00:00
[2025-04-03T11:01:26.751+0000] {processor.py:179} INFO - Processing /opt/airflow/dags/extract_exchange_rates.py took 0.048 seconds
[2025-04-03T11:01:56.900+0000] {processor.py:157} INFO - Started process (PID=278) to work on /opt/airflow/dags/extract_exchange_rates.py
[2025-04-03T11:01:56.901+0000] {processor.py:829} INFO - Processing file /opt/airflow/dags/extract_exchange_rates.py for tasks to queue
[2025-04-03T11:01:56.901+0000] {logging_mixin.py:151} INFO - [2025-04-03T11:01:56.901+0000] {dagbag.py:536} INFO - Filling up the DagBag from /opt/airflow/dags/extract_exchange_rates.py
[2025-04-03T11:01:56.913+0000] {processor.py:839} INFO - DAG(s) dict_keys(['extract_exchange_rates']) retrieved from /opt/airflow/dags/extract_exchange_rates.py
[2025-04-03T11:01:56.930+0000] {logging_mixin.py:151} INFO - [2025-04-03T11:01:56.930+0000] {dag.py:2941} INFO - Sync 1 DAGs
[2025-04-03T11:01:56.942+0000] {logging_mixin.py:151} INFO - [2025-04-03T11:01:56.942+0000] {dag.py:3722} INFO - Setting next_dagrun for extract_exchange_rates to 2025-04-03T00:00:00+00:00, run_after=2025-04-04T00:00:00+00:00
[2025-04-03T11:01:56.949+0000] {processor.py:179} INFO - Processing /opt/airflow/dags/extract_exchange_rates.py took 0.051 seconds
[2025-04-03T11:02:27.153+0000] {processor.py:157} INFO - Started process (PID=283) to work on /opt/airflow/dags/extract_exchange_rates.py
[2025-04-03T11:02:27.154+0000] {processor.py:829} INFO - Processing file /opt/airflow/dags/extract_exchange_rates.py for tasks to queue
[2025-04-03T11:02:27.154+0000] {logging_mixin.py:151} INFO - [2025-04-03T11:02:27.154+0000] {dagbag.py:536} INFO - Filling up the DagBag from /opt/airflow/dags/extract_exchange_rates.py
[2025-04-03T11:02:27.162+0000] {processor.py:839} INFO - DAG(s) dict_keys(['extract_exchange_rates']) retrieved from /opt/airflow/dags/extract_exchange_rates.py
[2025-04-03T11:02:27.175+0000] {logging_mixin.py:151} INFO - [2025-04-03T11:02:27.175+0000] {dag.py:2941} INFO - Sync 1 DAGs
[2025-04-03T11:02:27.185+0000] {logging_mixin.py:151} INFO - [2025-04-03T11:02:27.184+0000] {dag.py:3722} INFO - Setting next_dagrun for extract_exchange_rates to 2025-04-03T00:00:00+00:00, run_after=2025-04-04T00:00:00+00:00
[2025-04-03T11:02:27.191+0000] {processor.py:179} INFO - Processing /opt/airflow/dags/extract_exchange_rates.py took 0.040 seconds
[2025-04-03T11:02:57.392+0000] {processor.py:157} INFO - Started process (PID=288) to work on /opt/airflow/dags/extract_exchange_rates.py
[2025-04-03T11:02:57.392+0000] {processor.py:829} INFO - Processing file /opt/airflow/dags/extract_exchange_rates.py for tasks to queue
[2025-04-03T11:02:57.393+0000] {logging_mixin.py:151} INFO - [2025-04-03T11:02:57.393+0000] {dagbag.py:536} INFO - Filling up the DagBag from /opt/airflow/dags/extract_exchange_rates.py
[2025-04-03T11:02:57.403+0000] {processor.py:839} INFO - DAG(s) dict_keys(['extract_exchange_rates']) retrieved from /opt/airflow/dags/extract_exchange_rates.py
[2025-04-03T11:02:57.417+0000] {logging_mixin.py:151} INFO - [2025-04-03T11:02:57.417+0000] {dag.py:2941} INFO - Sync 1 DAGs
[2025-04-03T11:02:57.427+0000] {logging_mixin.py:151} INFO - [2025-04-03T11:02:57.427+0000] {dag.py:3722} INFO - Setting next_dagrun for extract_exchange_rates to 2025-04-03T00:00:00+00:00, run_after=2025-04-04T00:00:00+00:00
[2025-04-03T11:02:57.434+0000] {processor.py:179} INFO - Processing /opt/airflow/dags/extract_exchange_rates.py took 0.046 seconds
[2025-04-03T11:03:27.656+0000] {processor.py:157} INFO - Started process (PID=293) to work on /opt/airflow/dags/extract_exchange_rates.py
[2025-04-03T11:03:27.657+0000] {processor.py:829} INFO - Processing file /opt/airflow/dags/extract_exchange_rates.py for tasks to queue
[2025-04-03T11:03:27.657+0000] {logging_mixin.py:151} INFO - [2025-04-03T11:03:27.657+0000] {dagbag.py:536} INFO - Filling up the DagBag from /opt/airflow/dags/extract_exchange_rates.py
[2025-04-03T11:03:27.668+0000] {processor.py:839} INFO - DAG(s) dict_keys(['extract_exchange_rates']) retrieved from /opt/airflow/dags/extract_exchange_rates.py
[2025-04-03T11:03:27.680+0000] {logging_mixin.py:151} INFO - [2025-04-03T11:03:27.680+0000] {dag.py:2941} INFO - Sync 1 DAGs
[2025-04-03T11:03:27.690+0000] {logging_mixin.py:151} INFO - [2025-04-03T11:03:27.690+0000] {dag.py:3722} INFO - Setting next_dagrun for extract_exchange_rates to 2025-04-03T00:00:00+00:00, run_after=2025-04-04T00:00:00+00:00
[2025-04-03T11:03:27.697+0000] {processor.py:179} INFO - Processing /opt/airflow/dags/extract_exchange_rates.py took 0.043 seconds
[2025-04-03T11:03:57.886+0000] {processor.py:157} INFO - Started process (PID=298) to work on /opt/airflow/dags/extract_exchange_rates.py
[2025-04-03T11:03:57.888+0000] {processor.py:829} INFO - Processing file /opt/airflow/dags/extract_exchange_rates.py for tasks to queue
[2025-04-03T11:03:57.888+0000] {logging_mixin.py:151} INFO - [2025-04-03T11:03:57.888+0000] {dagbag.py:536} INFO - Filling up the DagBag from /opt/airflow/dags/extract_exchange_rates.py
[2025-04-03T11:03:57.898+0000] {processor.py:839} INFO - DAG(s) dict_keys(['extract_exchange_rates']) retrieved from /opt/airflow/dags/extract_exchange_rates.py
[2025-04-03T11:03:57.912+0000] {logging_mixin.py:151} INFO - [2025-04-03T11:03:57.912+0000] {dag.py:2941} INFO - Sync 1 DAGs
[2025-04-03T11:03:57.922+0000] {logging_mixin.py:151} INFO - [2025-04-03T11:03:57.922+0000] {dag.py:3722} INFO - Setting next_dagrun for extract_exchange_rates to 2025-04-03T00:00:00+00:00, run_after=2025-04-04T00:00:00+00:00
[2025-04-03T11:03:57.930+0000] {processor.py:179} INFO - Processing /opt/airflow/dags/extract_exchange_rates.py took 0.046 seconds
[2025-04-03T11:04:28.124+0000] {processor.py:157} INFO - Started process (PID=303) to work on /opt/airflow/dags/extract_exchange_rates.py
[2025-04-03T11:04:28.125+0000] {processor.py:829} INFO - Processing file /opt/airflow/dags/extract_exchange_rates.py for tasks to queue
[2025-04-03T11:04:28.125+0000] {logging_mixin.py:151} INFO - [2025-04-03T11:04:28.125+0000] {dagbag.py:536} INFO - Filling up the DagBag from /opt/airflow/dags/extract_exchange_rates.py
[2025-04-03T11:04:28.137+0000] {processor.py:839} INFO - DAG(s) dict_keys(['extract_exchange_rates']) retrieved from /opt/airflow/dags/extract_exchange_rates.py
[2025-04-03T11:04:28.150+0000] {logging_mixin.py:151} INFO - [2025-04-03T11:04:28.150+0000] {dag.py:2941} INFO - Sync 1 DAGs
[2025-04-03T11:04:28.160+0000] {logging_mixin.py:151} INFO - [2025-04-03T11:04:28.160+0000] {dag.py:3722} INFO - Setting next_dagrun for extract_exchange_rates to 2025-04-03T00:00:00+00:00, run_after=2025-04-04T00:00:00+00:00
[2025-04-03T11:04:28.167+0000] {processor.py:179} INFO - Processing /opt/airflow/dags/extract_exchange_rates.py took 0.047 seconds
[2025-04-03T11:04:58.351+0000] {processor.py:157} INFO - Started process (PID=308) to work on /opt/airflow/dags/extract_exchange_rates.py
[2025-04-03T11:04:58.352+0000] {processor.py:829} INFO - Processing file /opt/airflow/dags/extract_exchange_rates.py for tasks to queue
[2025-04-03T11:04:58.352+0000] {logging_mixin.py:151} INFO - [2025-04-03T11:04:58.352+0000] {dagbag.py:536} INFO - Filling up the DagBag from /opt/airflow/dags/extract_exchange_rates.py
[2025-04-03T11:04:58.363+0000] {processor.py:839} INFO - DAG(s) dict_keys(['extract_exchange_rates']) retrieved from /opt/airflow/dags/extract_exchange_rates.py
[2025-04-03T11:04:58.378+0000] {logging_mixin.py:151} INFO - [2025-04-03T11:04:58.378+0000] {dag.py:2941} INFO - Sync 1 DAGs
[2025-04-03T11:04:58.390+0000] {logging_mixin.py:151} INFO - [2025-04-03T11:04:58.390+0000] {dag.py:3722} INFO - Setting next_dagrun for extract_exchange_rates to 2025-04-03T00:00:00+00:00, run_after=2025-04-04T00:00:00+00:00
[2025-04-03T11:04:58.397+0000] {processor.py:179} INFO - Processing /opt/airflow/dags/extract_exchange_rates.py took 0.049 seconds
[2025-04-03T11:05:28.601+0000] {processor.py:157} INFO - Started process (PID=313) to work on /opt/airflow/dags/extract_exchange_rates.py
[2025-04-03T11:05:28.602+0000] {processor.py:829} INFO - Processing file /opt/airflow/dags/extract_exchange_rates.py for tasks to queue
[2025-04-03T11:05:28.603+0000] {logging_mixin.py:151} INFO - [2025-04-03T11:05:28.602+0000] {dagbag.py:536} INFO - Filling up the DagBag from /opt/airflow/dags/extract_exchange_rates.py
[2025-04-03T11:05:28.613+0000] {processor.py:839} INFO - DAG(s) dict_keys(['extract_exchange_rates']) retrieved from /opt/airflow/dags/extract_exchange_rates.py
[2025-04-03T11:05:28.629+0000] {logging_mixin.py:151} INFO - [2025-04-03T11:05:28.629+0000] {dag.py:2941} INFO - Sync 1 DAGs
[2025-04-03T11:05:28.640+0000] {logging_mixin.py:151} INFO - [2025-04-03T11:05:28.640+0000] {dag.py:3722} INFO - Setting next_dagrun for extract_exchange_rates to 2025-04-03T00:00:00+00:00, run_after=2025-04-04T00:00:00+00:00
[2025-04-03T11:05:28.647+0000] {processor.py:179} INFO - Processing /opt/airflow/dags/extract_exchange_rates.py took 0.048 seconds
[2025-04-03T11:05:58.827+0000] {processor.py:157} INFO - Started process (PID=318) to work on /opt/airflow/dags/extract_exchange_rates.py
[2025-04-03T11:05:58.827+0000] {processor.py:829} INFO - Processing file /opt/airflow/dags/extract_exchange_rates.py for tasks to queue
[2025-04-03T11:05:58.828+0000] {logging_mixin.py:151} INFO - [2025-04-03T11:05:58.828+0000] {dagbag.py:536} INFO - Filling up the DagBag from /opt/airflow/dags/extract_exchange_rates.py
[2025-04-03T11:05:58.838+0000] {processor.py:839} INFO - DAG(s) dict_keys(['extract_exchange_rates']) retrieved from /opt/airflow/dags/extract_exchange_rates.py
[2025-04-03T11:05:58.854+0000] {logging_mixin.py:151} INFO - [2025-04-03T11:05:58.854+0000] {dag.py:2941} INFO - Sync 1 DAGs
[2025-04-03T11:05:58.865+0000] {logging_mixin.py:151} INFO - [2025-04-03T11:05:58.865+0000] {dag.py:3722} INFO - Setting next_dagrun for extract_exchange_rates to 2025-04-03T00:00:00+00:00, run_after=2025-04-04T00:00:00+00:00
[2025-04-03T11:05:58.872+0000] {processor.py:179} INFO - Processing /opt/airflow/dags/extract_exchange_rates.py took 0.048 seconds
[2025-04-03T11:06:29.041+0000] {processor.py:157} INFO - Started process (PID=323) to work on /opt/airflow/dags/extract_exchange_rates.py
[2025-04-03T11:06:29.041+0000] {processor.py:829} INFO - Processing file /opt/airflow/dags/extract_exchange_rates.py for tasks to queue
[2025-04-03T11:06:29.042+0000] {logging_mixin.py:151} INFO - [2025-04-03T11:06:29.042+0000] {dagbag.py:536} INFO - Filling up the DagBag from /opt/airflow/dags/extract_exchange_rates.py
[2025-04-03T11:06:29.050+0000] {processor.py:839} INFO - DAG(s) dict_keys(['extract_exchange_rates']) retrieved from /opt/airflow/dags/extract_exchange_rates.py
[2025-04-03T11:06:29.062+0000] {logging_mixin.py:151} INFO - [2025-04-03T11:06:29.062+0000] {dag.py:2941} INFO - Sync 1 DAGs
[2025-04-03T11:06:29.071+0000] {logging_mixin.py:151} INFO - [2025-04-03T11:06:29.071+0000] {dag.py:3722} INFO - Setting next_dagrun for extract_exchange_rates to 2025-04-03T00:00:00+00:00, run_after=2025-04-04T00:00:00+00:00
[2025-04-03T11:06:29.077+0000] {processor.py:179} INFO - Processing /opt/airflow/dags/extract_exchange_rates.py took 0.038 seconds
[2025-04-03T11:06:59.283+0000] {processor.py:157} INFO - Started process (PID=328) to work on /opt/airflow/dags/extract_exchange_rates.py
[2025-04-03T11:06:59.283+0000] {processor.py:829} INFO - Processing file /opt/airflow/dags/extract_exchange_rates.py for tasks to queue
[2025-04-03T11:06:59.283+0000] {logging_mixin.py:151} INFO - [2025-04-03T11:06:59.283+0000] {dagbag.py:536} INFO - Filling up the DagBag from /opt/airflow/dags/extract_exchange_rates.py
[2025-04-03T11:06:59.289+0000] {processor.py:839} INFO - DAG(s) dict_keys(['extract_exchange_rates']) retrieved from /opt/airflow/dags/extract_exchange_rates.py
[2025-04-03T11:06:59.299+0000] {logging_mixin.py:151} INFO - [2025-04-03T11:06:59.299+0000] {dag.py:2941} INFO - Sync 1 DAGs
[2025-04-03T11:06:59.307+0000] {logging_mixin.py:151} INFO - [2025-04-03T11:06:59.307+0000] {dag.py:3722} INFO - Setting next_dagrun for extract_exchange_rates to 2025-04-03T00:00:00+00:00, run_after=2025-04-04T00:00:00+00:00
[2025-04-03T11:06:59.313+0000] {processor.py:179} INFO - Processing /opt/airflow/dags/extract_exchange_rates.py took 0.032 seconds
[2025-04-03T11:07:29.524+0000] {processor.py:157} INFO - Started process (PID=333) to work on /opt/airflow/dags/extract_exchange_rates.py
[2025-04-03T11:07:29.524+0000] {processor.py:829} INFO - Processing file /opt/airflow/dags/extract_exchange_rates.py for tasks to queue
[2025-04-03T11:07:29.525+0000] {logging_mixin.py:151} INFO - [2025-04-03T11:07:29.525+0000] {dagbag.py:536} INFO - Filling up the DagBag from /opt/airflow/dags/extract_exchange_rates.py
[2025-04-03T11:07:29.535+0000] {processor.py:839} INFO - DAG(s) dict_keys(['extract_exchange_rates']) retrieved from /opt/airflow/dags/extract_exchange_rates.py
[2025-04-03T11:07:29.548+0000] {logging_mixin.py:151} INFO - [2025-04-03T11:07:29.548+0000] {dag.py:2941} INFO - Sync 1 DAGs
[2025-04-03T11:07:29.560+0000] {logging_mixin.py:151} INFO - [2025-04-03T11:07:29.560+0000] {dag.py:3722} INFO - Setting next_dagrun for extract_exchange_rates to 2025-04-03T00:00:00+00:00, run_after=2025-04-04T00:00:00+00:00
[2025-04-03T11:07:29.568+0000] {processor.py:179} INFO - Processing /opt/airflow/dags/extract_exchange_rates.py took 0.047 seconds
[2025-04-03T11:07:59.782+0000] {processor.py:157} INFO - Started process (PID=338) to work on /opt/airflow/dags/extract_exchange_rates.py
[2025-04-03T11:07:59.783+0000] {processor.py:829} INFO - Processing file /opt/airflow/dags/extract_exchange_rates.py for tasks to queue
[2025-04-03T11:07:59.784+0000] {logging_mixin.py:151} INFO - [2025-04-03T11:07:59.784+0000] {dagbag.py:536} INFO - Filling up the DagBag from /opt/airflow/dags/extract_exchange_rates.py
[2025-04-03T11:07:59.793+0000] {processor.py:839} INFO - DAG(s) dict_keys(['extract_exchange_rates']) retrieved from /opt/airflow/dags/extract_exchange_rates.py
[2025-04-03T11:07:59.806+0000] {logging_mixin.py:151} INFO - [2025-04-03T11:07:59.806+0000] {dag.py:2941} INFO - Sync 1 DAGs
[2025-04-03T11:07:59.817+0000] {logging_mixin.py:151} INFO - [2025-04-03T11:07:59.817+0000] {dag.py:3722} INFO - Setting next_dagrun for extract_exchange_rates to 2025-04-03T00:00:00+00:00, run_after=2025-04-04T00:00:00+00:00
[2025-04-03T11:07:59.824+0000] {processor.py:179} INFO - Processing /opt/airflow/dags/extract_exchange_rates.py took 0.045 seconds
[2025-04-03T11:08:30.010+0000] {processor.py:157} INFO - Started process (PID=343) to work on /opt/airflow/dags/extract_exchange_rates.py
[2025-04-03T11:08:30.011+0000] {processor.py:829} INFO - Processing file /opt/airflow/dags/extract_exchange_rates.py for tasks to queue
[2025-04-03T11:08:30.011+0000] {logging_mixin.py:151} INFO - [2025-04-03T11:08:30.011+0000] {dagbag.py:536} INFO - Filling up the DagBag from /opt/airflow/dags/extract_exchange_rates.py
[2025-04-03T11:08:30.019+0000] {processor.py:839} INFO - DAG(s) dict_keys(['extract_exchange_rates']) retrieved from /opt/airflow/dags/extract_exchange_rates.py
[2025-04-03T11:08:30.032+0000] {logging_mixin.py:151} INFO - [2025-04-03T11:08:30.032+0000] {dag.py:2941} INFO - Sync 1 DAGs
[2025-04-03T11:08:30.042+0000] {logging_mixin.py:151} INFO - [2025-04-03T11:08:30.042+0000] {dag.py:3722} INFO - Setting next_dagrun for extract_exchange_rates to 2025-04-03T00:00:00+00:00, run_after=2025-04-04T00:00:00+00:00
[2025-04-03T11:08:30.050+0000] {processor.py:179} INFO - Processing /opt/airflow/dags/extract_exchange_rates.py took 0.041 seconds
[2025-04-03T11:09:00.258+0000] {processor.py:157} INFO - Started process (PID=348) to work on /opt/airflow/dags/extract_exchange_rates.py
[2025-04-03T11:09:00.258+0000] {processor.py:829} INFO - Processing file /opt/airflow/dags/extract_exchange_rates.py for tasks to queue
[2025-04-03T11:09:00.259+0000] {logging_mixin.py:151} INFO - [2025-04-03T11:09:00.258+0000] {dagbag.py:536} INFO - Filling up the DagBag from /opt/airflow/dags/extract_exchange_rates.py
[2025-04-03T11:09:00.268+0000] {processor.py:839} INFO - DAG(s) dict_keys(['extract_exchange_rates']) retrieved from /opt/airflow/dags/extract_exchange_rates.py
[2025-04-03T11:09:00.280+0000] {logging_mixin.py:151} INFO - [2025-04-03T11:09:00.280+0000] {dag.py:2941} INFO - Sync 1 DAGs
[2025-04-03T11:09:00.290+0000] {logging_mixin.py:151} INFO - [2025-04-03T11:09:00.289+0000] {dag.py:3722} INFO - Setting next_dagrun for extract_exchange_rates to 2025-04-03T00:00:00+00:00, run_after=2025-04-04T00:00:00+00:00
[2025-04-03T11:09:00.296+0000] {processor.py:179} INFO - Processing /opt/airflow/dags/extract_exchange_rates.py took 0.041 seconds
[2025-04-03T11:09:30.504+0000] {processor.py:157} INFO - Started process (PID=353) to work on /opt/airflow/dags/extract_exchange_rates.py
[2025-04-03T11:09:30.505+0000] {processor.py:829} INFO - Processing file /opt/airflow/dags/extract_exchange_rates.py for tasks to queue
[2025-04-03T11:09:30.506+0000] {logging_mixin.py:151} INFO - [2025-04-03T11:09:30.505+0000] {dagbag.py:536} INFO - Filling up the DagBag from /opt/airflow/dags/extract_exchange_rates.py
[2025-04-03T11:09:30.514+0000] {processor.py:839} INFO - DAG(s) dict_keys(['extract_exchange_rates']) retrieved from /opt/airflow/dags/extract_exchange_rates.py
[2025-04-03T11:09:30.528+0000] {logging_mixin.py:151} INFO - [2025-04-03T11:09:30.528+0000] {dag.py:2941} INFO - Sync 1 DAGs
[2025-04-03T11:09:30.539+0000] {logging_mixin.py:151} INFO - [2025-04-03T11:09:30.539+0000] {dag.py:3722} INFO - Setting next_dagrun for extract_exchange_rates to 2025-04-03T00:00:00+00:00, run_after=2025-04-04T00:00:00+00:00
[2025-04-03T11:09:30.546+0000] {processor.py:179} INFO - Processing /opt/airflow/dags/extract_exchange_rates.py took 0.044 seconds
[2025-04-03T11:10:00.739+0000] {processor.py:157} INFO - Started process (PID=358) to work on /opt/airflow/dags/extract_exchange_rates.py
[2025-04-03T11:10:00.740+0000] {processor.py:829} INFO - Processing file /opt/airflow/dags/extract_exchange_rates.py for tasks to queue
[2025-04-03T11:10:00.741+0000] {logging_mixin.py:151} INFO - [2025-04-03T11:10:00.740+0000] {dagbag.py:536} INFO - Filling up the DagBag from /opt/airflow/dags/extract_exchange_rates.py
[2025-04-03T11:10:00.750+0000] {processor.py:839} INFO - DAG(s) dict_keys(['extract_exchange_rates']) retrieved from /opt/airflow/dags/extract_exchange_rates.py
[2025-04-03T11:10:00.764+0000] {logging_mixin.py:151} INFO - [2025-04-03T11:10:00.764+0000] {dag.py:2941} INFO - Sync 1 DAGs
[2025-04-03T11:10:00.773+0000] {logging_mixin.py:151} INFO - [2025-04-03T11:10:00.773+0000] {dag.py:3722} INFO - Setting next_dagrun for extract_exchange_rates to 2025-04-03T00:00:00+00:00, run_after=2025-04-04T00:00:00+00:00
[2025-04-03T11:10:00.781+0000] {processor.py:179} INFO - Processing /opt/airflow/dags/extract_exchange_rates.py took 0.043 seconds
[2025-04-03T11:10:30.985+0000] {processor.py:157} INFO - Started process (PID=363) to work on /opt/airflow/dags/extract_exchange_rates.py
[2025-04-03T11:10:30.986+0000] {processor.py:829} INFO - Processing file /opt/airflow/dags/extract_exchange_rates.py for tasks to queue
[2025-04-03T11:10:30.986+0000] {logging_mixin.py:151} INFO - [2025-04-03T11:10:30.986+0000] {dagbag.py:536} INFO - Filling up the DagBag from /opt/airflow/dags/extract_exchange_rates.py
[2025-04-03T11:10:30.996+0000] {processor.py:839} INFO - DAG(s) dict_keys(['extract_exchange_rates']) retrieved from /opt/airflow/dags/extract_exchange_rates.py
[2025-04-03T11:10:31.009+0000] {logging_mixin.py:151} INFO - [2025-04-03T11:10:31.009+0000] {dag.py:2941} INFO - Sync 1 DAGs
[2025-04-03T11:10:31.020+0000] {logging_mixin.py:151} INFO - [2025-04-03T11:10:31.020+0000] {dag.py:3722} INFO - Setting next_dagrun for extract_exchange_rates to 2025-04-03T00:00:00+00:00, run_after=2025-04-04T00:00:00+00:00
[2025-04-03T11:10:31.027+0000] {processor.py:179} INFO - Processing /opt/airflow/dags/extract_exchange_rates.py took 0.044 seconds
[2025-04-03T11:11:01.241+0000] {processor.py:157} INFO - Started process (PID=368) to work on /opt/airflow/dags/extract_exchange_rates.py
[2025-04-03T11:11:01.242+0000] {processor.py:829} INFO - Processing file /opt/airflow/dags/extract_exchange_rates.py for tasks to queue
[2025-04-03T11:11:01.243+0000] {logging_mixin.py:151} INFO - [2025-04-03T11:11:01.242+0000] {dagbag.py:536} INFO - Filling up the DagBag from /opt/airflow/dags/extract_exchange_rates.py
[2025-04-03T11:11:01.252+0000] {processor.py:839} INFO - DAG(s) dict_keys(['extract_exchange_rates']) retrieved from /opt/airflow/dags/extract_exchange_rates.py
[2025-04-03T11:11:01.266+0000] {logging_mixin.py:151} INFO - [2025-04-03T11:11:01.266+0000] {dag.py:2941} INFO - Sync 1 DAGs
[2025-04-03T11:11:01.276+0000] {logging_mixin.py:151} INFO - [2025-04-03T11:11:01.275+0000] {dag.py:3722} INFO - Setting next_dagrun for extract_exchange_rates to 2025-04-03T00:00:00+00:00, run_after=2025-04-04T00:00:00+00:00
[2025-04-03T11:11:01.282+0000] {processor.py:179} INFO - Processing /opt/airflow/dags/extract_exchange_rates.py took 0.043 seconds
[2025-04-03T11:11:31.483+0000] {processor.py:157} INFO - Started process (PID=373) to work on /opt/airflow/dags/extract_exchange_rates.py
[2025-04-03T11:11:31.483+0000] {processor.py:829} INFO - Processing file /opt/airflow/dags/extract_exchange_rates.py for tasks to queue
[2025-04-03T11:11:31.484+0000] {logging_mixin.py:151} INFO - [2025-04-03T11:11:31.484+0000] {dagbag.py:536} INFO - Filling up the DagBag from /opt/airflow/dags/extract_exchange_rates.py
[2025-04-03T11:11:31.493+0000] {processor.py:839} INFO - DAG(s) dict_keys(['extract_exchange_rates']) retrieved from /opt/airflow/dags/extract_exchange_rates.py
[2025-04-03T11:11:31.507+0000] {logging_mixin.py:151} INFO - [2025-04-03T11:11:31.506+0000] {dag.py:2941} INFO - Sync 1 DAGs
[2025-04-03T11:11:31.516+0000] {logging_mixin.py:151} INFO - [2025-04-03T11:11:31.516+0000] {dag.py:3722} INFO - Setting next_dagrun for extract_exchange_rates to 2025-04-03T00:00:00+00:00, run_after=2025-04-04T00:00:00+00:00
[2025-04-03T11:11:31.523+0000] {processor.py:179} INFO - Processing /opt/airflow/dags/extract_exchange_rates.py took 0.043 seconds
[2025-04-03T11:12:01.746+0000] {processor.py:157} INFO - Started process (PID=378) to work on /opt/airflow/dags/extract_exchange_rates.py
[2025-04-03T11:12:01.747+0000] {processor.py:829} INFO - Processing file /opt/airflow/dags/extract_exchange_rates.py for tasks to queue
[2025-04-03T11:12:01.748+0000] {logging_mixin.py:151} INFO - [2025-04-03T11:12:01.748+0000] {dagbag.py:536} INFO - Filling up the DagBag from /opt/airflow/dags/extract_exchange_rates.py
[2025-04-03T11:12:01.761+0000] {processor.py:839} INFO - DAG(s) dict_keys(['extract_exchange_rates']) retrieved from /opt/airflow/dags/extract_exchange_rates.py
[2025-04-03T11:12:01.779+0000] {logging_mixin.py:151} INFO - [2025-04-03T11:12:01.779+0000] {dag.py:2941} INFO - Sync 1 DAGs
[2025-04-03T11:12:01.791+0000] {logging_mixin.py:151} INFO - [2025-04-03T11:12:01.791+0000] {dag.py:3722} INFO - Setting next_dagrun for extract_exchange_rates to 2025-04-03T00:00:00+00:00, run_after=2025-04-04T00:00:00+00:00
[2025-04-03T11:12:01.799+0000] {processor.py:179} INFO - Processing /opt/airflow/dags/extract_exchange_rates.py took 0.056 seconds
[2025-04-03T11:12:32.004+0000] {processor.py:157} INFO - Started process (PID=383) to work on /opt/airflow/dags/extract_exchange_rates.py
[2025-04-03T11:12:32.005+0000] {processor.py:829} INFO - Processing file /opt/airflow/dags/extract_exchange_rates.py for tasks to queue
[2025-04-03T11:12:32.005+0000] {logging_mixin.py:151} INFO - [2025-04-03T11:12:32.005+0000] {dagbag.py:536} INFO - Filling up the DagBag from /opt/airflow/dags/extract_exchange_rates.py
[2025-04-03T11:12:32.012+0000] {processor.py:839} INFO - DAG(s) dict_keys(['extract_exchange_rates']) retrieved from /opt/airflow/dags/extract_exchange_rates.py
[2025-04-03T11:12:32.023+0000] {logging_mixin.py:151} INFO - [2025-04-03T11:12:32.023+0000] {dag.py:2941} INFO - Sync 1 DAGs
[2025-04-03T11:12:32.032+0000] {logging_mixin.py:151} INFO - [2025-04-03T11:12:32.032+0000] {dag.py:3722} INFO - Setting next_dagrun for extract_exchange_rates to 2025-04-03T00:00:00+00:00, run_after=2025-04-04T00:00:00+00:00
[2025-04-03T11:12:32.038+0000] {processor.py:179} INFO - Processing /opt/airflow/dags/extract_exchange_rates.py took 0.035 seconds
[2025-04-03T11:13:02.253+0000] {processor.py:157} INFO - Started process (PID=388) to work on /opt/airflow/dags/extract_exchange_rates.py
[2025-04-03T11:13:02.254+0000] {processor.py:829} INFO - Processing file /opt/airflow/dags/extract_exchange_rates.py for tasks to queue
[2025-04-03T11:13:02.255+0000] {logging_mixin.py:151} INFO - [2025-04-03T11:13:02.254+0000] {dagbag.py:536} INFO - Filling up the DagBag from /opt/airflow/dags/extract_exchange_rates.py
[2025-04-03T11:13:02.263+0000] {processor.py:839} INFO - DAG(s) dict_keys(['extract_exchange_rates']) retrieved from /opt/airflow/dags/extract_exchange_rates.py
[2025-04-03T11:13:02.276+0000] {logging_mixin.py:151} INFO - [2025-04-03T11:13:02.276+0000] {dag.py:2941} INFO - Sync 1 DAGs
[2025-04-03T11:13:02.286+0000] {logging_mixin.py:151} INFO - [2025-04-03T11:13:02.286+0000] {dag.py:3722} INFO - Setting next_dagrun for extract_exchange_rates to 2025-04-03T00:00:00+00:00, run_after=2025-04-04T00:00:00+00:00
[2025-04-03T11:13:02.294+0000] {processor.py:179} INFO - Processing /opt/airflow/dags/extract_exchange_rates.py took 0.042 seconds
[2025-04-03T11:13:32.498+0000] {processor.py:157} INFO - Started process (PID=393) to work on /opt/airflow/dags/extract_exchange_rates.py
[2025-04-03T11:13:32.499+0000] {processor.py:829} INFO - Processing file /opt/airflow/dags/extract_exchange_rates.py for tasks to queue
[2025-04-03T11:13:32.499+0000] {logging_mixin.py:151} INFO - [2025-04-03T11:13:32.499+0000] {dagbag.py:536} INFO - Filling up the DagBag from /opt/airflow/dags/extract_exchange_rates.py
[2025-04-03T11:13:32.510+0000] {processor.py:839} INFO - DAG(s) dict_keys(['extract_exchange_rates']) retrieved from /opt/airflow/dags/extract_exchange_rates.py
[2025-04-03T11:13:32.523+0000] {logging_mixin.py:151} INFO - [2025-04-03T11:13:32.523+0000] {dag.py:2941} INFO - Sync 1 DAGs
[2025-04-03T11:13:32.534+0000] {logging_mixin.py:151} INFO - [2025-04-03T11:13:32.534+0000] {dag.py:3722} INFO - Setting next_dagrun for extract_exchange_rates to 2025-04-03T00:00:00+00:00, run_after=2025-04-04T00:00:00+00:00
[2025-04-03T11:13:32.541+0000] {processor.py:179} INFO - Processing /opt/airflow/dags/extract_exchange_rates.py took 0.045 seconds
[2025-04-03T11:14:02.731+0000] {processor.py:157} INFO - Started process (PID=398) to work on /opt/airflow/dags/extract_exchange_rates.py
[2025-04-03T11:14:02.731+0000] {processor.py:829} INFO - Processing file /opt/airflow/dags/extract_exchange_rates.py for tasks to queue
[2025-04-03T11:14:02.732+0000] {logging_mixin.py:151} INFO - [2025-04-03T11:14:02.732+0000] {dagbag.py:536} INFO - Filling up the DagBag from /opt/airflow/dags/extract_exchange_rates.py
[2025-04-03T11:14:02.741+0000] {processor.py:839} INFO - DAG(s) dict_keys(['extract_exchange_rates']) retrieved from /opt/airflow/dags/extract_exchange_rates.py
[2025-04-03T11:14:02.755+0000] {logging_mixin.py:151} INFO - [2025-04-03T11:14:02.755+0000] {dag.py:2941} INFO - Sync 1 DAGs
[2025-04-03T11:14:02.766+0000] {logging_mixin.py:151} INFO - [2025-04-03T11:14:02.766+0000] {dag.py:3722} INFO - Setting next_dagrun for extract_exchange_rates to 2025-04-03T00:00:00+00:00, run_after=2025-04-04T00:00:00+00:00
[2025-04-03T11:14:02.772+0000] {processor.py:179} INFO - Processing /opt/airflow/dags/extract_exchange_rates.py took 0.044 seconds
[2025-04-03T11:14:32.957+0000] {processor.py:157} INFO - Started process (PID=403) to work on /opt/airflow/dags/extract_exchange_rates.py
[2025-04-03T11:14:32.957+0000] {processor.py:829} INFO - Processing file /opt/airflow/dags/extract_exchange_rates.py for tasks to queue
[2025-04-03T11:14:32.958+0000] {logging_mixin.py:151} INFO - [2025-04-03T11:14:32.958+0000] {dagbag.py:536} INFO - Filling up the DagBag from /opt/airflow/dags/extract_exchange_rates.py
[2025-04-03T11:14:32.968+0000] {processor.py:839} INFO - DAG(s) dict_keys(['extract_exchange_rates']) retrieved from /opt/airflow/dags/extract_exchange_rates.py
[2025-04-03T11:14:32.984+0000] {logging_mixin.py:151} INFO - [2025-04-03T11:14:32.984+0000] {dag.py:2941} INFO - Sync 1 DAGs
[2025-04-03T11:14:32.994+0000] {logging_mixin.py:151} INFO - [2025-04-03T11:14:32.994+0000] {dag.py:3722} INFO - Setting next_dagrun for extract_exchange_rates to 2025-04-03T00:00:00+00:00, run_after=2025-04-04T00:00:00+00:00
[2025-04-03T11:14:33.001+0000] {processor.py:179} INFO - Processing /opt/airflow/dags/extract_exchange_rates.py took 0.047 seconds
[2025-04-03T11:15:03.208+0000] {processor.py:157} INFO - Started process (PID=408) to work on /opt/airflow/dags/extract_exchange_rates.py
[2025-04-03T11:15:03.208+0000] {processor.py:829} INFO - Processing file /opt/airflow/dags/extract_exchange_rates.py for tasks to queue
[2025-04-03T11:15:03.209+0000] {logging_mixin.py:151} INFO - [2025-04-03T11:15:03.209+0000] {dagbag.py:536} INFO - Filling up the DagBag from /opt/airflow/dags/extract_exchange_rates.py
[2025-04-03T11:15:03.219+0000] {processor.py:839} INFO - DAG(s) dict_keys(['extract_exchange_rates']) retrieved from /opt/airflow/dags/extract_exchange_rates.py
[2025-04-03T11:15:03.234+0000] {logging_mixin.py:151} INFO - [2025-04-03T11:15:03.233+0000] {dag.py:2941} INFO - Sync 1 DAGs
[2025-04-03T11:15:03.245+0000] {logging_mixin.py:151} INFO - [2025-04-03T11:15:03.245+0000] {dag.py:3722} INFO - Setting next_dagrun for extract_exchange_rates to 2025-04-03T00:00:00+00:00, run_after=2025-04-04T00:00:00+00:00
[2025-04-03T11:15:03.252+0000] {processor.py:179} INFO - Processing /opt/airflow/dags/extract_exchange_rates.py took 0.047 seconds
[2025-04-03T11:15:33.468+0000] {processor.py:157} INFO - Started process (PID=413) to work on /opt/airflow/dags/extract_exchange_rates.py
[2025-04-03T11:15:33.469+0000] {processor.py:829} INFO - Processing file /opt/airflow/dags/extract_exchange_rates.py for tasks to queue
[2025-04-03T11:15:33.470+0000] {logging_mixin.py:151} INFO - [2025-04-03T11:15:33.469+0000] {dagbag.py:536} INFO - Filling up the DagBag from /opt/airflow/dags/extract_exchange_rates.py
[2025-04-03T11:15:33.480+0000] {processor.py:839} INFO - DAG(s) dict_keys(['extract_exchange_rates']) retrieved from /opt/airflow/dags/extract_exchange_rates.py
[2025-04-03T11:15:33.494+0000] {logging_mixin.py:151} INFO - [2025-04-03T11:15:33.494+0000] {dag.py:2941} INFO - Sync 1 DAGs
[2025-04-03T11:15:33.504+0000] {logging_mixin.py:151} INFO - [2025-04-03T11:15:33.504+0000] {dag.py:3722} INFO - Setting next_dagrun for extract_exchange_rates to 2025-04-03T00:00:00+00:00, run_after=2025-04-04T00:00:00+00:00
[2025-04-03T11:15:33.511+0000] {processor.py:179} INFO - Processing /opt/airflow/dags/extract_exchange_rates.py took 0.045 seconds
[2025-04-03T11:16:03.718+0000] {processor.py:157} INFO - Started process (PID=418) to work on /opt/airflow/dags/extract_exchange_rates.py
[2025-04-03T11:16:03.719+0000] {processor.py:829} INFO - Processing file /opt/airflow/dags/extract_exchange_rates.py for tasks to queue
[2025-04-03T11:16:03.720+0000] {logging_mixin.py:151} INFO - [2025-04-03T11:16:03.719+0000] {dagbag.py:536} INFO - Filling up the DagBag from /opt/airflow/dags/extract_exchange_rates.py
[2025-04-03T11:16:03.729+0000] {processor.py:839} INFO - DAG(s) dict_keys(['extract_exchange_rates']) retrieved from /opt/airflow/dags/extract_exchange_rates.py
[2025-04-03T11:16:03.743+0000] {logging_mixin.py:151} INFO - [2025-04-03T11:16:03.743+0000] {dag.py:2941} INFO - Sync 1 DAGs
[2025-04-03T11:16:03.753+0000] {logging_mixin.py:151} INFO - [2025-04-03T11:16:03.753+0000] {dag.py:3722} INFO - Setting next_dagrun for extract_exchange_rates to 2025-04-03T00:00:00+00:00, run_after=2025-04-04T00:00:00+00:00
[2025-04-03T11:16:03.760+0000] {processor.py:179} INFO - Processing /opt/airflow/dags/extract_exchange_rates.py took 0.045 seconds
[2025-04-03T11:16:33.976+0000] {processor.py:157} INFO - Started process (PID=423) to work on /opt/airflow/dags/extract_exchange_rates.py
[2025-04-03T11:16:33.977+0000] {processor.py:829} INFO - Processing file /opt/airflow/dags/extract_exchange_rates.py for tasks to queue
[2025-04-03T11:16:33.977+0000] {logging_mixin.py:151} INFO - [2025-04-03T11:16:33.977+0000] {dagbag.py:536} INFO - Filling up the DagBag from /opt/airflow/dags/extract_exchange_rates.py
[2025-04-03T11:16:33.985+0000] {processor.py:839} INFO - DAG(s) dict_keys(['extract_exchange_rates']) retrieved from /opt/airflow/dags/extract_exchange_rates.py
[2025-04-03T11:16:33.998+0000] {logging_mixin.py:151} INFO - [2025-04-03T11:16:33.998+0000] {dag.py:2941} INFO - Sync 1 DAGs
[2025-04-03T11:16:34.008+0000] {logging_mixin.py:151} INFO - [2025-04-03T11:16:34.008+0000] {dag.py:3722} INFO - Setting next_dagrun for extract_exchange_rates to 2025-04-03T00:00:00+00:00, run_after=2025-04-04T00:00:00+00:00
[2025-04-03T11:16:34.016+0000] {processor.py:179} INFO - Processing /opt/airflow/dags/extract_exchange_rates.py took 0.042 seconds
[2025-04-03T11:17:04.230+0000] {processor.py:157} INFO - Started process (PID=428) to work on /opt/airflow/dags/extract_exchange_rates.py
[2025-04-03T11:17:04.231+0000] {processor.py:829} INFO - Processing file /opt/airflow/dags/extract_exchange_rates.py for tasks to queue
[2025-04-03T11:17:04.231+0000] {logging_mixin.py:151} INFO - [2025-04-03T11:17:04.231+0000] {dagbag.py:536} INFO - Filling up the DagBag from /opt/airflow/dags/extract_exchange_rates.py
[2025-04-03T11:17:04.240+0000] {processor.py:839} INFO - DAG(s) dict_keys(['extract_exchange_rates']) retrieved from /opt/airflow/dags/extract_exchange_rates.py
[2025-04-03T11:17:04.254+0000] {logging_mixin.py:151} INFO - [2025-04-03T11:17:04.254+0000] {dag.py:2941} INFO - Sync 1 DAGs
[2025-04-03T11:17:04.264+0000] {logging_mixin.py:151} INFO - [2025-04-03T11:17:04.264+0000] {dag.py:3722} INFO - Setting next_dagrun for extract_exchange_rates to 2025-04-03T00:00:00+00:00, run_after=2025-04-04T00:00:00+00:00
[2025-04-03T11:17:04.271+0000] {processor.py:179} INFO - Processing /opt/airflow/dags/extract_exchange_rates.py took 0.043 seconds
[2025-04-03T11:17:34.480+0000] {processor.py:157} INFO - Started process (PID=433) to work on /opt/airflow/dags/extract_exchange_rates.py
[2025-04-03T11:17:34.480+0000] {processor.py:829} INFO - Processing file /opt/airflow/dags/extract_exchange_rates.py for tasks to queue
[2025-04-03T11:17:34.481+0000] {logging_mixin.py:151} INFO - [2025-04-03T11:17:34.481+0000] {dagbag.py:536} INFO - Filling up the DagBag from /opt/airflow/dags/extract_exchange_rates.py
[2025-04-03T11:17:34.489+0000] {processor.py:839} INFO - DAG(s) dict_keys(['extract_exchange_rates']) retrieved from /opt/airflow/dags/extract_exchange_rates.py
[2025-04-03T11:17:34.503+0000] {logging_mixin.py:151} INFO - [2025-04-03T11:17:34.502+0000] {dag.py:2941} INFO - Sync 1 DAGs
[2025-04-03T11:17:34.512+0000] {logging_mixin.py:151} INFO - [2025-04-03T11:17:34.512+0000] {dag.py:3722} INFO - Setting next_dagrun for extract_exchange_rates to 2025-04-03T00:00:00+00:00, run_after=2025-04-04T00:00:00+00:00
[2025-04-03T11:17:34.519+0000] {processor.py:179} INFO - Processing /opt/airflow/dags/extract_exchange_rates.py took 0.042 seconds
[2025-04-03T11:18:04.717+0000] {processor.py:157} INFO - Started process (PID=438) to work on /opt/airflow/dags/extract_exchange_rates.py
[2025-04-03T11:18:04.718+0000] {processor.py:829} INFO - Processing file /opt/airflow/dags/extract_exchange_rates.py for tasks to queue
[2025-04-03T11:18:04.718+0000] {logging_mixin.py:151} INFO - [2025-04-03T11:18:04.718+0000] {dagbag.py:536} INFO - Filling up the DagBag from /opt/airflow/dags/extract_exchange_rates.py
[2025-04-03T11:18:04.727+0000] {processor.py:839} INFO - DAG(s) dict_keys(['extract_exchange_rates']) retrieved from /opt/airflow/dags/extract_exchange_rates.py
[2025-04-03T11:18:04.741+0000] {logging_mixin.py:151} INFO - [2025-04-03T11:18:04.741+0000] {dag.py:2941} INFO - Sync 1 DAGs
[2025-04-03T11:18:04.751+0000] {logging_mixin.py:151} INFO - [2025-04-03T11:18:04.751+0000] {dag.py:3722} INFO - Setting next_dagrun for extract_exchange_rates to 2025-04-03T00:00:00+00:00, run_after=2025-04-04T00:00:00+00:00
[2025-04-03T11:18:04.758+0000] {processor.py:179} INFO - Processing /opt/airflow/dags/extract_exchange_rates.py took 0.043 seconds
[2025-04-03T11:18:34.988+0000] {processor.py:157} INFO - Started process (PID=443) to work on /opt/airflow/dags/extract_exchange_rates.py
[2025-04-03T11:18:34.988+0000] {processor.py:829} INFO - Processing file /opt/airflow/dags/extract_exchange_rates.py for tasks to queue
[2025-04-03T11:18:34.989+0000] {logging_mixin.py:151} INFO - [2025-04-03T11:18:34.989+0000] {dagbag.py:536} INFO - Filling up the DagBag from /opt/airflow/dags/extract_exchange_rates.py
[2025-04-03T11:18:35.003+0000] {processor.py:839} INFO - DAG(s) dict_keys(['extract_exchange_rates']) retrieved from /opt/airflow/dags/extract_exchange_rates.py
[2025-04-03T11:18:35.018+0000] {logging_mixin.py:151} INFO - [2025-04-03T11:18:35.018+0000] {dag.py:2941} INFO - Sync 1 DAGs
[2025-04-03T11:18:35.032+0000] {logging_mixin.py:151} INFO - [2025-04-03T11:18:35.031+0000] {dag.py:3722} INFO - Setting next_dagrun for extract_exchange_rates to 2025-04-03T00:00:00+00:00, run_after=2025-04-04T00:00:00+00:00
[2025-04-03T11:18:35.040+0000] {processor.py:179} INFO - Processing /opt/airflow/dags/extract_exchange_rates.py took 0.055 seconds
[2025-04-03T11:19:05.231+0000] {processor.py:157} INFO - Started process (PID=448) to work on /opt/airflow/dags/extract_exchange_rates.py
[2025-04-03T11:19:05.232+0000] {processor.py:829} INFO - Processing file /opt/airflow/dags/extract_exchange_rates.py for tasks to queue
[2025-04-03T11:19:05.233+0000] {logging_mixin.py:151} INFO - [2025-04-03T11:19:05.233+0000] {dagbag.py:536} INFO - Filling up the DagBag from /opt/airflow/dags/extract_exchange_rates.py
[2025-04-03T11:19:05.243+0000] {processor.py:839} INFO - DAG(s) dict_keys(['extract_exchange_rates']) retrieved from /opt/airflow/dags/extract_exchange_rates.py
[2025-04-03T11:19:05.257+0000] {logging_mixin.py:151} INFO - [2025-04-03T11:19:05.257+0000] {dag.py:2941} INFO - Sync 1 DAGs
[2025-04-03T11:19:05.269+0000] {logging_mixin.py:151} INFO - [2025-04-03T11:19:05.269+0000] {dag.py:3722} INFO - Setting next_dagrun for extract_exchange_rates to 2025-04-03T00:00:00+00:00, run_after=2025-04-04T00:00:00+00:00
[2025-04-03T11:19:05.276+0000] {processor.py:179} INFO - Processing /opt/airflow/dags/extract_exchange_rates.py took 0.047 seconds
[2025-04-03T11:19:35.489+0000] {processor.py:157} INFO - Started process (PID=453) to work on /opt/airflow/dags/extract_exchange_rates.py
[2025-04-03T11:19:35.490+0000] {processor.py:829} INFO - Processing file /opt/airflow/dags/extract_exchange_rates.py for tasks to queue
[2025-04-03T11:19:35.490+0000] {logging_mixin.py:151} INFO - [2025-04-03T11:19:35.490+0000] {dagbag.py:536} INFO - Filling up the DagBag from /opt/airflow/dags/extract_exchange_rates.py
[2025-04-03T11:19:35.500+0000] {processor.py:839} INFO - DAG(s) dict_keys(['extract_exchange_rates']) retrieved from /opt/airflow/dags/extract_exchange_rates.py
[2025-04-03T11:19:35.514+0000] {logging_mixin.py:151} INFO - [2025-04-03T11:19:35.514+0000] {dag.py:2941} INFO - Sync 1 DAGs
[2025-04-03T11:19:35.524+0000] {logging_mixin.py:151} INFO - [2025-04-03T11:19:35.524+0000] {dag.py:3722} INFO - Setting next_dagrun for extract_exchange_rates to 2025-04-03T00:00:00+00:00, run_after=2025-04-04T00:00:00+00:00
[2025-04-03T11:19:35.532+0000] {processor.py:179} INFO - Processing /opt/airflow/dags/extract_exchange_rates.py took 0.045 seconds
[2025-04-03T11:20:05.739+0000] {processor.py:157} INFO - Started process (PID=458) to work on /opt/airflow/dags/extract_exchange_rates.py
[2025-04-03T11:20:05.740+0000] {processor.py:829} INFO - Processing file /opt/airflow/dags/extract_exchange_rates.py for tasks to queue
[2025-04-03T11:20:05.741+0000] {logging_mixin.py:151} INFO - [2025-04-03T11:20:05.740+0000] {dagbag.py:536} INFO - Filling up the DagBag from /opt/airflow/dags/extract_exchange_rates.py
[2025-04-03T11:20:05.750+0000] {processor.py:839} INFO - DAG(s) dict_keys(['extract_exchange_rates']) retrieved from /opt/airflow/dags/extract_exchange_rates.py
[2025-04-03T11:20:05.765+0000] {logging_mixin.py:151} INFO - [2025-04-03T11:20:05.765+0000] {dag.py:2941} INFO - Sync 1 DAGs
[2025-04-03T11:20:05.776+0000] {logging_mixin.py:151} INFO - [2025-04-03T11:20:05.776+0000] {dag.py:3722} INFO - Setting next_dagrun for extract_exchange_rates to 2025-04-03T00:00:00+00:00, run_after=2025-04-04T00:00:00+00:00
[2025-04-03T11:20:05.784+0000] {processor.py:179} INFO - Processing /opt/airflow/dags/extract_exchange_rates.py took 0.048 seconds
[2025-04-03T11:20:35.991+0000] {processor.py:157} INFO - Started process (PID=463) to work on /opt/airflow/dags/extract_exchange_rates.py
[2025-04-03T11:20:35.992+0000] {processor.py:829} INFO - Processing file /opt/airflow/dags/extract_exchange_rates.py for tasks to queue
[2025-04-03T11:20:35.993+0000] {logging_mixin.py:151} INFO - [2025-04-03T11:20:35.993+0000] {dagbag.py:536} INFO - Filling up the DagBag from /opt/airflow/dags/extract_exchange_rates.py
[2025-04-03T11:20:36.005+0000] {processor.py:839} INFO - DAG(s) dict_keys(['extract_exchange_rates']) retrieved from /opt/airflow/dags/extract_exchange_rates.py
[2025-04-03T11:20:36.027+0000] {logging_mixin.py:151} INFO - [2025-04-03T11:20:36.027+0000] {dag.py:2941} INFO - Sync 1 DAGs
[2025-04-03T11:20:36.041+0000] {logging_mixin.py:151} INFO - [2025-04-03T11:20:36.041+0000] {dag.py:3722} INFO - Setting next_dagrun for extract_exchange_rates to 2025-04-03T00:00:00+00:00, run_after=2025-04-04T00:00:00+00:00
[2025-04-03T11:20:36.051+0000] {processor.py:179} INFO - Processing /opt/airflow/dags/extract_exchange_rates.py took 0.062 seconds
[2025-04-03T11:21:06.251+0000] {processor.py:157} INFO - Started process (PID=468) to work on /opt/airflow/dags/extract_exchange_rates.py
[2025-04-03T11:21:06.251+0000] {processor.py:829} INFO - Processing file /opt/airflow/dags/extract_exchange_rates.py for tasks to queue
[2025-04-03T11:21:06.252+0000] {logging_mixin.py:151} INFO - [2025-04-03T11:21:06.252+0000] {dagbag.py:536} INFO - Filling up the DagBag from /opt/airflow/dags/extract_exchange_rates.py
[2025-04-03T11:21:06.264+0000] {processor.py:839} INFO - DAG(s) dict_keys(['extract_exchange_rates']) retrieved from /opt/airflow/dags/extract_exchange_rates.py
[2025-04-03T11:21:06.281+0000] {logging_mixin.py:151} INFO - [2025-04-03T11:21:06.281+0000] {dag.py:2941} INFO - Sync 1 DAGs
[2025-04-03T11:21:06.292+0000] {logging_mixin.py:151} INFO - [2025-04-03T11:21:06.292+0000] {dag.py:3722} INFO - Setting next_dagrun for extract_exchange_rates to 2025-04-03T00:00:00+00:00, run_after=2025-04-04T00:00:00+00:00
[2025-04-03T11:21:06.299+0000] {processor.py:179} INFO - Processing /opt/airflow/dags/extract_exchange_rates.py took 0.052 seconds
[2025-04-03T11:21:36.476+0000] {processor.py:157} INFO - Started process (PID=473) to work on /opt/airflow/dags/extract_exchange_rates.py
[2025-04-03T11:21:36.476+0000] {processor.py:829} INFO - Processing file /opt/airflow/dags/extract_exchange_rates.py for tasks to queue
[2025-04-03T11:21:36.477+0000] {logging_mixin.py:151} INFO - [2025-04-03T11:21:36.477+0000] {dagbag.py:536} INFO - Filling up the DagBag from /opt/airflow/dags/extract_exchange_rates.py
[2025-04-03T11:21:36.487+0000] {processor.py:839} INFO - DAG(s) dict_keys(['extract_exchange_rates']) retrieved from /opt/airflow/dags/extract_exchange_rates.py
[2025-04-03T11:21:36.501+0000] {logging_mixin.py:151} INFO - [2025-04-03T11:21:36.500+0000] {dag.py:2941} INFO - Sync 1 DAGs
[2025-04-03T11:21:36.512+0000] {logging_mixin.py:151} INFO - [2025-04-03T11:21:36.512+0000] {dag.py:3722} INFO - Setting next_dagrun for extract_exchange_rates to 2025-04-03T00:00:00+00:00, run_after=2025-04-04T00:00:00+00:00
[2025-04-03T11:21:36.519+0000] {processor.py:179} INFO - Processing /opt/airflow/dags/extract_exchange_rates.py took 0.046 seconds
[2025-04-03T11:22:06.719+0000] {processor.py:157} INFO - Started process (PID=478) to work on /opt/airflow/dags/extract_exchange_rates.py
[2025-04-03T11:22:06.720+0000] {processor.py:829} INFO - Processing file /opt/airflow/dags/extract_exchange_rates.py for tasks to queue
[2025-04-03T11:22:06.720+0000] {logging_mixin.py:151} INFO - [2025-04-03T11:22:06.720+0000] {dagbag.py:536} INFO - Filling up the DagBag from /opt/airflow/dags/extract_exchange_rates.py
[2025-04-03T11:22:06.729+0000] {processor.py:839} INFO - DAG(s) dict_keys(['extract_exchange_rates']) retrieved from /opt/airflow/dags/extract_exchange_rates.py
[2025-04-03T11:22:06.743+0000] {logging_mixin.py:151} INFO - [2025-04-03T11:22:06.743+0000] {dag.py:2941} INFO - Sync 1 DAGs
[2025-04-03T11:22:06.754+0000] {logging_mixin.py:151} INFO - [2025-04-03T11:22:06.754+0000] {dag.py:3722} INFO - Setting next_dagrun for extract_exchange_rates to 2025-04-03T00:00:00+00:00, run_after=2025-04-04T00:00:00+00:00
[2025-04-03T11:22:06.762+0000] {processor.py:179} INFO - Processing /opt/airflow/dags/extract_exchange_rates.py took 0.045 seconds
[2025-04-03T11:22:36.951+0000] {processor.py:157} INFO - Started process (PID=483) to work on /opt/airflow/dags/extract_exchange_rates.py
[2025-04-03T11:22:36.951+0000] {processor.py:829} INFO - Processing file /opt/airflow/dags/extract_exchange_rates.py for tasks to queue
[2025-04-03T11:22:36.952+0000] {logging_mixin.py:151} INFO - [2025-04-03T11:22:36.952+0000] {dagbag.py:536} INFO - Filling up the DagBag from /opt/airflow/dags/extract_exchange_rates.py
[2025-04-03T11:22:36.962+0000] {processor.py:839} INFO - DAG(s) dict_keys(['extract_exchange_rates']) retrieved from /opt/airflow/dags/extract_exchange_rates.py
[2025-04-03T11:22:36.977+0000] {logging_mixin.py:151} INFO - [2025-04-03T11:22:36.977+0000] {dag.py:2941} INFO - Sync 1 DAGs
[2025-04-03T11:22:36.989+0000] {logging_mixin.py:151} INFO - [2025-04-03T11:22:36.989+0000] {dag.py:3722} INFO - Setting next_dagrun for extract_exchange_rates to 2025-04-03T00:00:00+00:00, run_after=2025-04-04T00:00:00+00:00
[2025-04-03T11:22:36.996+0000] {processor.py:179} INFO - Processing /opt/airflow/dags/extract_exchange_rates.py took 0.048 seconds
[2025-04-03T11:23:07.188+0000] {processor.py:157} INFO - Started process (PID=488) to work on /opt/airflow/dags/extract_exchange_rates.py
[2025-04-03T11:23:07.189+0000] {processor.py:829} INFO - Processing file /opt/airflow/dags/extract_exchange_rates.py for tasks to queue
[2025-04-03T11:23:07.190+0000] {logging_mixin.py:151} INFO - [2025-04-03T11:23:07.190+0000] {dagbag.py:536} INFO - Filling up the DagBag from /opt/airflow/dags/extract_exchange_rates.py
[2025-04-03T11:23:07.199+0000] {processor.py:839} INFO - DAG(s) dict_keys(['extract_exchange_rates']) retrieved from /opt/airflow/dags/extract_exchange_rates.py
[2025-04-03T11:23:07.213+0000] {logging_mixin.py:151} INFO - [2025-04-03T11:23:07.213+0000] {dag.py:2941} INFO - Sync 1 DAGs
[2025-04-03T11:23:07.224+0000] {logging_mixin.py:151} INFO - [2025-04-03T11:23:07.224+0000] {dag.py:3722} INFO - Setting next_dagrun for extract_exchange_rates to 2025-04-03T00:00:00+00:00, run_after=2025-04-04T00:00:00+00:00
[2025-04-03T11:23:07.236+0000] {processor.py:179} INFO - Processing /opt/airflow/dags/extract_exchange_rates.py took 0.050 seconds
[2025-04-03T11:23:37.456+0000] {processor.py:157} INFO - Started process (PID=493) to work on /opt/airflow/dags/extract_exchange_rates.py
[2025-04-03T11:23:37.456+0000] {processor.py:829} INFO - Processing file /opt/airflow/dags/extract_exchange_rates.py for tasks to queue
[2025-04-03T11:23:37.457+0000] {logging_mixin.py:151} INFO - [2025-04-03T11:23:37.457+0000] {dagbag.py:536} INFO - Filling up the DagBag from /opt/airflow/dags/extract_exchange_rates.py
[2025-04-03T11:23:37.469+0000] {processor.py:839} INFO - DAG(s) dict_keys(['extract_exchange_rates']) retrieved from /opt/airflow/dags/extract_exchange_rates.py
[2025-04-03T11:23:37.484+0000] {logging_mixin.py:151} INFO - [2025-04-03T11:23:37.484+0000] {dag.py:2941} INFO - Sync 1 DAGs
[2025-04-03T11:23:37.495+0000] {logging_mixin.py:151} INFO - [2025-04-03T11:23:37.495+0000] {dag.py:3722} INFO - Setting next_dagrun for extract_exchange_rates to 2025-04-03T00:00:00+00:00, run_after=2025-04-04T00:00:00+00:00
[2025-04-03T11:23:37.501+0000] {processor.py:179} INFO - Processing /opt/airflow/dags/extract_exchange_rates.py took 0.048 seconds
[2025-04-03T11:24:07.731+0000] {processor.py:157} INFO - Started process (PID=498) to work on /opt/airflow/dags/extract_exchange_rates.py
[2025-04-03T11:24:07.732+0000] {processor.py:829} INFO - Processing file /opt/airflow/dags/extract_exchange_rates.py for tasks to queue
[2025-04-03T11:24:07.733+0000] {logging_mixin.py:151} INFO - [2025-04-03T11:24:07.732+0000] {dagbag.py:536} INFO - Filling up the DagBag from /opt/airflow/dags/extract_exchange_rates.py
[2025-04-03T11:24:07.746+0000] {processor.py:839} INFO - DAG(s) dict_keys(['extract_exchange_rates']) retrieved from /opt/airflow/dags/extract_exchange_rates.py
[2025-04-03T11:24:07.764+0000] {logging_mixin.py:151} INFO - [2025-04-03T11:24:07.764+0000] {dag.py:2941} INFO - Sync 1 DAGs
[2025-04-03T11:24:07.777+0000] {logging_mixin.py:151} INFO - [2025-04-03T11:24:07.777+0000] {dag.py:3722} INFO - Setting next_dagrun for extract_exchange_rates to 2025-04-03T00:00:00+00:00, run_after=2025-04-04T00:00:00+00:00
[2025-04-03T11:24:07.785+0000] {processor.py:179} INFO - Processing /opt/airflow/dags/extract_exchange_rates.py took 0.057 seconds
[2025-04-03T11:24:37.950+0000] {processor.py:157} INFO - Started process (PID=503) to work on /opt/airflow/dags/extract_exchange_rates.py
[2025-04-03T11:24:37.951+0000] {processor.py:829} INFO - Processing file /opt/airflow/dags/extract_exchange_rates.py for tasks to queue
[2025-04-03T11:24:37.952+0000] {logging_mixin.py:151} INFO - [2025-04-03T11:24:37.951+0000] {dagbag.py:536} INFO - Filling up the DagBag from /opt/airflow/dags/extract_exchange_rates.py
[2025-04-03T11:24:37.962+0000] {processor.py:839} INFO - DAG(s) dict_keys(['extract_exchange_rates']) retrieved from /opt/airflow/dags/extract_exchange_rates.py
[2025-04-03T11:24:37.976+0000] {logging_mixin.py:151} INFO - [2025-04-03T11:24:37.976+0000] {dag.py:2941} INFO - Sync 1 DAGs
[2025-04-03T11:24:37.986+0000] {logging_mixin.py:151} INFO - [2025-04-03T11:24:37.986+0000] {dag.py:3722} INFO - Setting next_dagrun for extract_exchange_rates to 2025-04-03T00:00:00+00:00, run_after=2025-04-04T00:00:00+00:00
[2025-04-03T11:24:37.994+0000] {processor.py:179} INFO - Processing /opt/airflow/dags/extract_exchange_rates.py took 0.047 seconds
[2025-04-03T11:25:08.183+0000] {processor.py:157} INFO - Started process (PID=508) to work on /opt/airflow/dags/extract_exchange_rates.py
[2025-04-03T11:25:08.184+0000] {processor.py:829} INFO - Processing file /opt/airflow/dags/extract_exchange_rates.py for tasks to queue
[2025-04-03T11:25:08.184+0000] {logging_mixin.py:151} INFO - [2025-04-03T11:25:08.184+0000] {dagbag.py:536} INFO - Filling up the DagBag from /opt/airflow/dags/extract_exchange_rates.py
[2025-04-03T11:25:08.193+0000] {processor.py:839} INFO - DAG(s) dict_keys(['extract_exchange_rates']) retrieved from /opt/airflow/dags/extract_exchange_rates.py
[2025-04-03T11:25:08.205+0000] {logging_mixin.py:151} INFO - [2025-04-03T11:25:08.205+0000] {dag.py:2941} INFO - Sync 1 DAGs
[2025-04-03T11:25:08.216+0000] {logging_mixin.py:151} INFO - [2025-04-03T11:25:08.216+0000] {dag.py:3722} INFO - Setting next_dagrun for extract_exchange_rates to 2025-04-03T00:00:00+00:00, run_after=2025-04-04T00:00:00+00:00
[2025-04-03T11:25:08.223+0000] {processor.py:179} INFO - Processing /opt/airflow/dags/extract_exchange_rates.py took 0.041 seconds
[2025-04-03T11:25:38.436+0000] {processor.py:157} INFO - Started process (PID=513) to work on /opt/airflow/dags/extract_exchange_rates.py
[2025-04-03T11:25:38.437+0000] {processor.py:829} INFO - Processing file /opt/airflow/dags/extract_exchange_rates.py for tasks to queue
[2025-04-03T11:25:38.438+0000] {logging_mixin.py:151} INFO - [2025-04-03T11:25:38.438+0000] {dagbag.py:536} INFO - Filling up the DagBag from /opt/airflow/dags/extract_exchange_rates.py
[2025-04-03T11:25:38.448+0000] {processor.py:839} INFO - DAG(s) dict_keys(['extract_exchange_rates']) retrieved from /opt/airflow/dags/extract_exchange_rates.py
[2025-04-03T11:25:38.464+0000] {logging_mixin.py:151} INFO - [2025-04-03T11:25:38.464+0000] {dag.py:2941} INFO - Sync 1 DAGs
[2025-04-03T11:25:38.476+0000] {logging_mixin.py:151} INFO - [2025-04-03T11:25:38.476+0000] {dag.py:3722} INFO - Setting next_dagrun for extract_exchange_rates to 2025-04-03T00:00:00+00:00, run_after=2025-04-04T00:00:00+00:00
[2025-04-03T11:25:38.483+0000] {processor.py:179} INFO - Processing /opt/airflow/dags/extract_exchange_rates.py took 0.049 seconds
[2025-04-03T11:26:08.667+0000] {processor.py:157} INFO - Started process (PID=518) to work on /opt/airflow/dags/extract_exchange_rates.py
[2025-04-03T11:26:08.667+0000] {processor.py:829} INFO - Processing file /opt/airflow/dags/extract_exchange_rates.py for tasks to queue
[2025-04-03T11:26:08.668+0000] {logging_mixin.py:151} INFO - [2025-04-03T11:26:08.668+0000] {dagbag.py:536} INFO - Filling up the DagBag from /opt/airflow/dags/extract_exchange_rates.py
[2025-04-03T11:26:08.679+0000] {processor.py:839} INFO - DAG(s) dict_keys(['extract_exchange_rates']) retrieved from /opt/airflow/dags/extract_exchange_rates.py
[2025-04-03T11:26:08.696+0000] {logging_mixin.py:151} INFO - [2025-04-03T11:26:08.696+0000] {dag.py:2941} INFO - Sync 1 DAGs
[2025-04-03T11:26:08.708+0000] {logging_mixin.py:151} INFO - [2025-04-03T11:26:08.708+0000] {dag.py:3722} INFO - Setting next_dagrun for extract_exchange_rates to 2025-04-03T00:00:00+00:00, run_after=2025-04-04T00:00:00+00:00
[2025-04-03T11:26:08.715+0000] {processor.py:179} INFO - Processing /opt/airflow/dags/extract_exchange_rates.py took 0.051 seconds
[2025-04-03T11:26:38.906+0000] {processor.py:157} INFO - Started process (PID=523) to work on /opt/airflow/dags/extract_exchange_rates.py
[2025-04-03T11:26:38.907+0000] {processor.py:829} INFO - Processing file /opt/airflow/dags/extract_exchange_rates.py for tasks to queue
[2025-04-03T11:26:38.908+0000] {logging_mixin.py:151} INFO - [2025-04-03T11:26:38.907+0000] {dagbag.py:536} INFO - Filling up the DagBag from /opt/airflow/dags/extract_exchange_rates.py
[2025-04-03T11:26:38.916+0000] {processor.py:839} INFO - DAG(s) dict_keys(['extract_exchange_rates']) retrieved from /opt/airflow/dags/extract_exchange_rates.py
[2025-04-03T11:26:38.931+0000] {logging_mixin.py:151} INFO - [2025-04-03T11:26:38.931+0000] {dag.py:2941} INFO - Sync 1 DAGs
[2025-04-03T11:26:38.941+0000] {logging_mixin.py:151} INFO - [2025-04-03T11:26:38.941+0000] {dag.py:3722} INFO - Setting next_dagrun for extract_exchange_rates to 2025-04-03T00:00:00+00:00, run_after=2025-04-04T00:00:00+00:00
[2025-04-03T11:26:38.947+0000] {processor.py:179} INFO - Processing /opt/airflow/dags/extract_exchange_rates.py took 0.044 seconds
[2025-04-03T11:27:09.156+0000] {processor.py:157} INFO - Started process (PID=528) to work on /opt/airflow/dags/extract_exchange_rates.py
[2025-04-03T11:27:09.157+0000] {processor.py:829} INFO - Processing file /opt/airflow/dags/extract_exchange_rates.py for tasks to queue
[2025-04-03T11:27:09.158+0000] {logging_mixin.py:151} INFO - [2025-04-03T11:27:09.158+0000] {dagbag.py:536} INFO - Filling up the DagBag from /opt/airflow/dags/extract_exchange_rates.py
[2025-04-03T11:27:09.176+0000] {processor.py:839} INFO - DAG(s) dict_keys(['extract_exchange_rates']) retrieved from /opt/airflow/dags/extract_exchange_rates.py
[2025-04-03T11:27:09.200+0000] {logging_mixin.py:151} INFO - [2025-04-03T11:27:09.200+0000] {dag.py:2941} INFO - Sync 1 DAGs
[2025-04-03T11:27:09.219+0000] {logging_mixin.py:151} INFO - [2025-04-03T11:27:09.219+0000] {dag.py:3722} INFO - Setting next_dagrun for extract_exchange_rates to 2025-04-03T00:00:00+00:00, run_after=2025-04-04T00:00:00+00:00
[2025-04-03T11:27:09.230+0000] {processor.py:179} INFO - Processing /opt/airflow/dags/extract_exchange_rates.py took 0.078 seconds
[2025-04-03T11:27:39.398+0000] {processor.py:157} INFO - Started process (PID=533) to work on /opt/airflow/dags/extract_exchange_rates.py
[2025-04-03T11:27:39.399+0000] {processor.py:829} INFO - Processing file /opt/airflow/dags/extract_exchange_rates.py for tasks to queue
[2025-04-03T11:27:39.400+0000] {logging_mixin.py:151} INFO - [2025-04-03T11:27:39.400+0000] {dagbag.py:536} INFO - Filling up the DagBag from /opt/airflow/dags/extract_exchange_rates.py
[2025-04-03T11:27:39.408+0000] {processor.py:839} INFO - DAG(s) dict_keys(['extract_exchange_rates']) retrieved from /opt/airflow/dags/extract_exchange_rates.py
[2025-04-03T11:27:39.421+0000] {logging_mixin.py:151} INFO - [2025-04-03T11:27:39.421+0000] {dag.py:2941} INFO - Sync 1 DAGs
[2025-04-03T11:27:39.431+0000] {logging_mixin.py:151} INFO - [2025-04-03T11:27:39.431+0000] {dag.py:3722} INFO - Setting next_dagrun for extract_exchange_rates to 2025-04-03T00:00:00+00:00, run_after=2025-04-04T00:00:00+00:00
[2025-04-03T11:27:39.438+0000] {processor.py:179} INFO - Processing /opt/airflow/dags/extract_exchange_rates.py took 0.043 seconds
[2025-04-03T11:28:09.642+0000] {processor.py:157} INFO - Started process (PID=538) to work on /opt/airflow/dags/extract_exchange_rates.py
[2025-04-03T11:28:09.643+0000] {processor.py:829} INFO - Processing file /opt/airflow/dags/extract_exchange_rates.py for tasks to queue
[2025-04-03T11:28:09.643+0000] {logging_mixin.py:151} INFO - [2025-04-03T11:28:09.643+0000] {dagbag.py:536} INFO - Filling up the DagBag from /opt/airflow/dags/extract_exchange_rates.py
[2025-04-03T11:28:09.652+0000] {processor.py:839} INFO - DAG(s) dict_keys(['extract_exchange_rates']) retrieved from /opt/airflow/dags/extract_exchange_rates.py
[2025-04-03T11:28:09.665+0000] {logging_mixin.py:151} INFO - [2025-04-03T11:28:09.665+0000] {dag.py:2941} INFO - Sync 1 DAGs
[2025-04-03T11:28:09.676+0000] {logging_mixin.py:151} INFO - [2025-04-03T11:28:09.676+0000] {dag.py:3722} INFO - Setting next_dagrun for extract_exchange_rates to 2025-04-03T00:00:00+00:00, run_after=2025-04-04T00:00:00+00:00
[2025-04-03T11:28:09.683+0000] {processor.py:179} INFO - Processing /opt/airflow/dags/extract_exchange_rates.py took 0.043 seconds
[2025-04-03T11:28:39.877+0000] {processor.py:157} INFO - Started process (PID=543) to work on /opt/airflow/dags/extract_exchange_rates.py
[2025-04-03T11:28:39.878+0000] {processor.py:829} INFO - Processing file /opt/airflow/dags/extract_exchange_rates.py for tasks to queue
[2025-04-03T11:28:39.878+0000] {logging_mixin.py:151} INFO - [2025-04-03T11:28:39.878+0000] {dagbag.py:536} INFO - Filling up the DagBag from /opt/airflow/dags/extract_exchange_rates.py
[2025-04-03T11:28:39.887+0000] {processor.py:839} INFO - DAG(s) dict_keys(['extract_exchange_rates']) retrieved from /opt/airflow/dags/extract_exchange_rates.py
[2025-04-03T11:28:39.900+0000] {logging_mixin.py:151} INFO - [2025-04-03T11:28:39.900+0000] {dag.py:2941} INFO - Sync 1 DAGs
[2025-04-03T11:28:39.910+0000] {logging_mixin.py:151} INFO - [2025-04-03T11:28:39.910+0000] {dag.py:3722} INFO - Setting next_dagrun for extract_exchange_rates to 2025-04-03T00:00:00+00:00, run_after=2025-04-04T00:00:00+00:00
[2025-04-03T11:28:39.916+0000] {processor.py:179} INFO - Processing /opt/airflow/dags/extract_exchange_rates.py took 0.041 seconds
[2025-04-03T11:29:10.093+0000] {processor.py:157} INFO - Started process (PID=548) to work on /opt/airflow/dags/extract_exchange_rates.py
[2025-04-03T11:29:10.094+0000] {processor.py:829} INFO - Processing file /opt/airflow/dags/extract_exchange_rates.py for tasks to queue
[2025-04-03T11:29:10.094+0000] {logging_mixin.py:151} INFO - [2025-04-03T11:29:10.094+0000] {dagbag.py:536} INFO - Filling up the DagBag from /opt/airflow/dags/extract_exchange_rates.py
[2025-04-03T11:29:10.103+0000] {processor.py:839} INFO - DAG(s) dict_keys(['extract_exchange_rates']) retrieved from /opt/airflow/dags/extract_exchange_rates.py
[2025-04-03T11:29:10.117+0000] {logging_mixin.py:151} INFO - [2025-04-03T11:29:10.117+0000] {dag.py:2941} INFO - Sync 1 DAGs
[2025-04-03T11:29:10.127+0000] {logging_mixin.py:151} INFO - [2025-04-03T11:29:10.127+0000] {dag.py:3722} INFO - Setting next_dagrun for extract_exchange_rates to 2025-04-03T00:00:00+00:00, run_after=2025-04-04T00:00:00+00:00
[2025-04-03T11:29:10.134+0000] {processor.py:179} INFO - Processing /opt/airflow/dags/extract_exchange_rates.py took 0.043 seconds
[2025-04-03T11:29:40.333+0000] {processor.py:157} INFO - Started process (PID=553) to work on /opt/airflow/dags/extract_exchange_rates.py
[2025-04-03T11:29:40.334+0000] {processor.py:829} INFO - Processing file /opt/airflow/dags/extract_exchange_rates.py for tasks to queue
[2025-04-03T11:29:40.335+0000] {logging_mixin.py:151} INFO - [2025-04-03T11:29:40.334+0000] {dagbag.py:536} INFO - Filling up the DagBag from /opt/airflow/dags/extract_exchange_rates.py
[2025-04-03T11:29:40.344+0000] {processor.py:839} INFO - DAG(s) dict_keys(['extract_exchange_rates']) retrieved from /opt/airflow/dags/extract_exchange_rates.py
[2025-04-03T11:29:40.357+0000] {logging_mixin.py:151} INFO - [2025-04-03T11:29:40.357+0000] {dag.py:2941} INFO - Sync 1 DAGs
[2025-04-03T11:29:40.367+0000] {logging_mixin.py:151} INFO - [2025-04-03T11:29:40.367+0000] {dag.py:3722} INFO - Setting next_dagrun for extract_exchange_rates to 2025-04-03T00:00:00+00:00, run_after=2025-04-04T00:00:00+00:00
[2025-04-03T11:29:40.374+0000] {processor.py:179} INFO - Processing /opt/airflow/dags/extract_exchange_rates.py took 0.043 seconds
[2025-04-03T11:30:10.600+0000] {processor.py:157} INFO - Started process (PID=558) to work on /opt/airflow/dags/extract_exchange_rates.py
[2025-04-03T11:30:10.601+0000] {processor.py:829} INFO - Processing file /opt/airflow/dags/extract_exchange_rates.py for tasks to queue
[2025-04-03T11:30:10.602+0000] {logging_mixin.py:151} INFO - [2025-04-03T11:30:10.602+0000] {dagbag.py:536} INFO - Filling up the DagBag from /opt/airflow/dags/extract_exchange_rates.py
[2025-04-03T11:30:10.613+0000] {processor.py:839} INFO - DAG(s) dict_keys(['extract_exchange_rates']) retrieved from /opt/airflow/dags/extract_exchange_rates.py
[2025-04-03T11:30:10.625+0000] {logging_mixin.py:151} INFO - [2025-04-03T11:30:10.625+0000] {dag.py:2941} INFO - Sync 1 DAGs
[2025-04-03T11:30:10.635+0000] {logging_mixin.py:151} INFO - [2025-04-03T11:30:10.635+0000] {dag.py:3722} INFO - Setting next_dagrun for extract_exchange_rates to 2025-04-03T00:00:00+00:00, run_after=2025-04-04T00:00:00+00:00
[2025-04-03T11:30:10.642+0000] {processor.py:179} INFO - Processing /opt/airflow/dags/extract_exchange_rates.py took 0.044 seconds
[2025-04-03T11:30:40.832+0000] {processor.py:157} INFO - Started process (PID=563) to work on /opt/airflow/dags/extract_exchange_rates.py
[2025-04-03T11:30:40.833+0000] {processor.py:829} INFO - Processing file /opt/airflow/dags/extract_exchange_rates.py for tasks to queue
[2025-04-03T11:30:40.834+0000] {logging_mixin.py:151} INFO - [2025-04-03T11:30:40.833+0000] {dagbag.py:536} INFO - Filling up the DagBag from /opt/airflow/dags/extract_exchange_rates.py
[2025-04-03T11:30:40.844+0000] {processor.py:839} INFO - DAG(s) dict_keys(['extract_exchange_rates']) retrieved from /opt/airflow/dags/extract_exchange_rates.py
[2025-04-03T11:30:40.858+0000] {logging_mixin.py:151} INFO - [2025-04-03T11:30:40.858+0000] {dag.py:2941} INFO - Sync 1 DAGs
[2025-04-03T11:30:40.869+0000] {logging_mixin.py:151} INFO - [2025-04-03T11:30:40.869+0000] {dag.py:3722} INFO - Setting next_dagrun for extract_exchange_rates to 2025-04-03T00:00:00+00:00, run_after=2025-04-04T00:00:00+00:00
[2025-04-03T11:30:40.876+0000] {processor.py:179} INFO - Processing /opt/airflow/dags/extract_exchange_rates.py took 0.046 seconds
[2025-04-03T11:31:11.054+0000] {processor.py:157} INFO - Started process (PID=568) to work on /opt/airflow/dags/extract_exchange_rates.py
[2025-04-03T11:31:11.055+0000] {processor.py:829} INFO - Processing file /opt/airflow/dags/extract_exchange_rates.py for tasks to queue
[2025-04-03T11:31:11.056+0000] {logging_mixin.py:151} INFO - [2025-04-03T11:31:11.055+0000] {dagbag.py:536} INFO - Filling up the DagBag from /opt/airflow/dags/extract_exchange_rates.py
[2025-04-03T11:31:11.076+0000] {processor.py:839} INFO - DAG(s) dict_keys(['extract_exchange_rates']) retrieved from /opt/airflow/dags/extract_exchange_rates.py
[2025-04-03T11:31:11.100+0000] {logging_mixin.py:151} INFO - [2025-04-03T11:31:11.099+0000] {dag.py:2941} INFO - Sync 1 DAGs
[2025-04-03T11:31:11.115+0000] {logging_mixin.py:151} INFO - [2025-04-03T11:31:11.115+0000] {dag.py:3722} INFO - Setting next_dagrun for extract_exchange_rates to 2025-04-03T00:00:00+00:00, run_after=2025-04-04T00:00:00+00:00
[2025-04-03T11:31:11.124+0000] {processor.py:179} INFO - Processing /opt/airflow/dags/extract_exchange_rates.py took 0.072 seconds
[2025-04-03T11:31:41.269+0000] {processor.py:157} INFO - Started process (PID=573) to work on /opt/airflow/dags/extract_exchange_rates.py
[2025-04-03T11:31:41.270+0000] {processor.py:829} INFO - Processing file /opt/airflow/dags/extract_exchange_rates.py for tasks to queue
[2025-04-03T11:31:41.271+0000] {logging_mixin.py:151} INFO - [2025-04-03T11:31:41.270+0000] {dagbag.py:536} INFO - Filling up the DagBag from /opt/airflow/dags/extract_exchange_rates.py
[2025-04-03T11:31:41.282+0000] {processor.py:839} INFO - DAG(s) dict_keys(['extract_exchange_rates']) retrieved from /opt/airflow/dags/extract_exchange_rates.py
[2025-04-03T11:31:41.299+0000] {logging_mixin.py:151} INFO - [2025-04-03T11:31:41.299+0000] {dag.py:2941} INFO - Sync 1 DAGs
[2025-04-03T11:31:41.311+0000] {logging_mixin.py:151} INFO - [2025-04-03T11:31:41.311+0000] {dag.py:3722} INFO - Setting next_dagrun for extract_exchange_rates to 2025-04-03T00:00:00+00:00, run_after=2025-04-04T00:00:00+00:00
[2025-04-03T11:31:41.320+0000] {processor.py:179} INFO - Processing /opt/airflow/dags/extract_exchange_rates.py took 0.055 seconds
[2025-04-03T11:32:11.518+0000] {processor.py:157} INFO - Started process (PID=578) to work on /opt/airflow/dags/extract_exchange_rates.py
[2025-04-03T11:32:11.519+0000] {processor.py:829} INFO - Processing file /opt/airflow/dags/extract_exchange_rates.py for tasks to queue
[2025-04-03T11:32:11.520+0000] {logging_mixin.py:151} INFO - [2025-04-03T11:32:11.520+0000] {dagbag.py:536} INFO - Filling up the DagBag from /opt/airflow/dags/extract_exchange_rates.py
[2025-04-03T11:32:11.535+0000] {processor.py:839} INFO - DAG(s) dict_keys(['extract_exchange_rates']) retrieved from /opt/airflow/dags/extract_exchange_rates.py
[2025-04-03T11:32:11.556+0000] {logging_mixin.py:151} INFO - [2025-04-03T11:32:11.556+0000] {dag.py:2941} INFO - Sync 1 DAGs
[2025-04-03T11:32:11.569+0000] {logging_mixin.py:151} INFO - [2025-04-03T11:32:11.569+0000] {dag.py:3722} INFO - Setting next_dagrun for extract_exchange_rates to 2025-04-03T00:00:00+00:00, run_after=2025-04-04T00:00:00+00:00
[2025-04-03T11:32:11.576+0000] {processor.py:179} INFO - Processing /opt/airflow/dags/extract_exchange_rates.py took 0.062 seconds
[2025-04-03T11:32:41.720+0000] {processor.py:157} INFO - Started process (PID=583) to work on /opt/airflow/dags/extract_exchange_rates.py
[2025-04-03T11:32:41.721+0000] {processor.py:829} INFO - Processing file /opt/airflow/dags/extract_exchange_rates.py for tasks to queue
[2025-04-03T11:32:41.722+0000] {logging_mixin.py:151} INFO - [2025-04-03T11:32:41.721+0000] {dagbag.py:536} INFO - Filling up the DagBag from /opt/airflow/dags/extract_exchange_rates.py
[2025-04-03T11:32:41.736+0000] {processor.py:839} INFO - DAG(s) dict_keys(['extract_exchange_rates']) retrieved from /opt/airflow/dags/extract_exchange_rates.py
[2025-04-03T11:32:41.753+0000] {logging_mixin.py:151} INFO - [2025-04-03T11:32:41.753+0000] {dag.py:2941} INFO - Sync 1 DAGs
[2025-04-03T11:32:41.765+0000] {logging_mixin.py:151} INFO - [2025-04-03T11:32:41.765+0000] {dag.py:3722} INFO - Setting next_dagrun for extract_exchange_rates to 2025-04-03T00:00:00+00:00, run_after=2025-04-04T00:00:00+00:00
[2025-04-03T11:32:41.772+0000] {processor.py:179} INFO - Processing /opt/airflow/dags/extract_exchange_rates.py took 0.056 seconds
[2025-04-03T11:33:11.971+0000] {processor.py:157} INFO - Started process (PID=588) to work on /opt/airflow/dags/extract_exchange_rates.py
[2025-04-03T11:33:11.972+0000] {processor.py:829} INFO - Processing file /opt/airflow/dags/extract_exchange_rates.py for tasks to queue
[2025-04-03T11:33:11.973+0000] {logging_mixin.py:151} INFO - [2025-04-03T11:33:11.972+0000] {dagbag.py:536} INFO - Filling up the DagBag from /opt/airflow/dags/extract_exchange_rates.py
[2025-04-03T11:33:11.986+0000] {processor.py:839} INFO - DAG(s) dict_keys(['extract_exchange_rates']) retrieved from /opt/airflow/dags/extract_exchange_rates.py
[2025-04-03T11:33:12.002+0000] {logging_mixin.py:151} INFO - [2025-04-03T11:33:12.002+0000] {dag.py:2941} INFO - Sync 1 DAGs
[2025-04-03T11:33:12.013+0000] {logging_mixin.py:151} INFO - [2025-04-03T11:33:12.013+0000] {dag.py:3722} INFO - Setting next_dagrun for extract_exchange_rates to 2025-04-03T00:00:00+00:00, run_after=2025-04-04T00:00:00+00:00
[2025-04-03T11:33:12.020+0000] {processor.py:179} INFO - Processing /opt/airflow/dags/extract_exchange_rates.py took 0.053 seconds
[2025-04-03T11:33:42.262+0000] {processor.py:157} INFO - Started process (PID=593) to work on /opt/airflow/dags/extract_exchange_rates.py
[2025-04-03T11:33:42.263+0000] {processor.py:829} INFO - Processing file /opt/airflow/dags/extract_exchange_rates.py for tasks to queue
[2025-04-03T11:33:42.263+0000] {logging_mixin.py:151} INFO - [2025-04-03T11:33:42.263+0000] {dagbag.py:536} INFO - Filling up the DagBag from /opt/airflow/dags/extract_exchange_rates.py
[2025-04-03T11:33:42.276+0000] {processor.py:839} INFO - DAG(s) dict_keys(['extract_exchange_rates']) retrieved from /opt/airflow/dags/extract_exchange_rates.py
[2025-04-03T11:33:42.293+0000] {logging_mixin.py:151} INFO - [2025-04-03T11:33:42.293+0000] {dag.py:2941} INFO - Sync 1 DAGs
[2025-04-03T11:33:42.306+0000] {logging_mixin.py:151} INFO - [2025-04-03T11:33:42.306+0000] {dag.py:3722} INFO - Setting next_dagrun for extract_exchange_rates to 2025-04-03T00:00:00+00:00, run_after=2025-04-04T00:00:00+00:00
[2025-04-03T11:33:42.314+0000] {processor.py:179} INFO - Processing /opt/airflow/dags/extract_exchange_rates.py took 0.054 seconds
[2025-04-03T11:34:12.483+0000] {processor.py:157} INFO - Started process (PID=598) to work on /opt/airflow/dags/extract_exchange_rates.py
[2025-04-03T11:34:12.484+0000] {processor.py:829} INFO - Processing file /opt/airflow/dags/extract_exchange_rates.py for tasks to queue
[2025-04-03T11:34:12.485+0000] {logging_mixin.py:151} INFO - [2025-04-03T11:34:12.484+0000] {dagbag.py:536} INFO - Filling up the DagBag from /opt/airflow/dags/extract_exchange_rates.py
[2025-04-03T11:34:12.494+0000] {processor.py:839} INFO - DAG(s) dict_keys(['extract_exchange_rates']) retrieved from /opt/airflow/dags/extract_exchange_rates.py
[2025-04-03T11:34:12.507+0000] {logging_mixin.py:151} INFO - [2025-04-03T11:34:12.506+0000] {dag.py:2941} INFO - Sync 1 DAGs
[2025-04-03T11:34:12.516+0000] {logging_mixin.py:151} INFO - [2025-04-03T11:34:12.516+0000] {dag.py:3722} INFO - Setting next_dagrun for extract_exchange_rates to 2025-04-03T00:00:00+00:00, run_after=2025-04-04T00:00:00+00:00
[2025-04-03T11:34:12.522+0000] {processor.py:179} INFO - Processing /opt/airflow/dags/extract_exchange_rates.py took 0.041 seconds
[2025-04-03T11:34:42.718+0000] {processor.py:157} INFO - Started process (PID=603) to work on /opt/airflow/dags/extract_exchange_rates.py
[2025-04-03T11:34:42.719+0000] {processor.py:829} INFO - Processing file /opt/airflow/dags/extract_exchange_rates.py for tasks to queue
[2025-04-03T11:34:42.719+0000] {logging_mixin.py:151} INFO - [2025-04-03T11:34:42.719+0000] {dagbag.py:536} INFO - Filling up the DagBag from /opt/airflow/dags/extract_exchange_rates.py
[2025-04-03T11:34:42.727+0000] {processor.py:839} INFO - DAG(s) dict_keys(['extract_exchange_rates']) retrieved from /opt/airflow/dags/extract_exchange_rates.py
[2025-04-03T11:34:42.739+0000] {logging_mixin.py:151} INFO - [2025-04-03T11:34:42.739+0000] {dag.py:2941} INFO - Sync 1 DAGs
[2025-04-03T11:34:42.748+0000] {logging_mixin.py:151} INFO - [2025-04-03T11:34:42.748+0000] {dag.py:3722} INFO - Setting next_dagrun for extract_exchange_rates to 2025-04-03T00:00:00+00:00, run_after=2025-04-04T00:00:00+00:00
[2025-04-03T11:34:42.755+0000] {processor.py:179} INFO - Processing /opt/airflow/dags/extract_exchange_rates.py took 0.039 seconds
[2025-04-03T11:35:12.961+0000] {processor.py:157} INFO - Started process (PID=608) to work on /opt/airflow/dags/extract_exchange_rates.py
[2025-04-03T11:35:12.962+0000] {processor.py:829} INFO - Processing file /opt/airflow/dags/extract_exchange_rates.py for tasks to queue
[2025-04-03T11:35:12.962+0000] {logging_mixin.py:151} INFO - [2025-04-03T11:35:12.962+0000] {dagbag.py:536} INFO - Filling up the DagBag from /opt/airflow/dags/extract_exchange_rates.py
[2025-04-03T11:35:12.970+0000] {processor.py:839} INFO - DAG(s) dict_keys(['extract_exchange_rates']) retrieved from /opt/airflow/dags/extract_exchange_rates.py
[2025-04-03T11:35:12.982+0000] {logging_mixin.py:151} INFO - [2025-04-03T11:35:12.982+0000] {dag.py:2941} INFO - Sync 1 DAGs
[2025-04-03T11:35:12.992+0000] {logging_mixin.py:151} INFO - [2025-04-03T11:35:12.992+0000] {dag.py:3722} INFO - Setting next_dagrun for extract_exchange_rates to 2025-04-03T00:00:00+00:00, run_after=2025-04-04T00:00:00+00:00
[2025-04-03T11:35:12.999+0000] {processor.py:179} INFO - Processing /opt/airflow/dags/extract_exchange_rates.py took 0.040 seconds
[2025-04-03T11:35:43.183+0000] {processor.py:157} INFO - Started process (PID=613) to work on /opt/airflow/dags/extract_exchange_rates.py
[2025-04-03T11:35:43.184+0000] {processor.py:829} INFO - Processing file /opt/airflow/dags/extract_exchange_rates.py for tasks to queue
[2025-04-03T11:35:43.185+0000] {logging_mixin.py:151} INFO - [2025-04-03T11:35:43.184+0000] {dagbag.py:536} INFO - Filling up the DagBag from /opt/airflow/dags/extract_exchange_rates.py
[2025-04-03T11:35:43.194+0000] {processor.py:839} INFO - DAG(s) dict_keys(['extract_exchange_rates']) retrieved from /opt/airflow/dags/extract_exchange_rates.py
[2025-04-03T11:35:43.207+0000] {logging_mixin.py:151} INFO - [2025-04-03T11:35:43.207+0000] {dag.py:2941} INFO - Sync 1 DAGs
[2025-04-03T11:35:43.217+0000] {logging_mixin.py:151} INFO - [2025-04-03T11:35:43.217+0000] {dag.py:3722} INFO - Setting next_dagrun for extract_exchange_rates to 2025-04-03T00:00:00+00:00, run_after=2025-04-04T00:00:00+00:00
[2025-04-03T11:35:43.224+0000] {processor.py:179} INFO - Processing /opt/airflow/dags/extract_exchange_rates.py took 0.044 seconds
[2025-04-03T11:36:13.426+0000] {processor.py:157} INFO - Started process (PID=618) to work on /opt/airflow/dags/extract_exchange_rates.py
[2025-04-03T11:36:13.427+0000] {processor.py:829} INFO - Processing file /opt/airflow/dags/extract_exchange_rates.py for tasks to queue
[2025-04-03T11:36:13.427+0000] {logging_mixin.py:151} INFO - [2025-04-03T11:36:13.427+0000] {dagbag.py:536} INFO - Filling up the DagBag from /opt/airflow/dags/extract_exchange_rates.py
[2025-04-03T11:36:13.437+0000] {processor.py:839} INFO - DAG(s) dict_keys(['extract_exchange_rates']) retrieved from /opt/airflow/dags/extract_exchange_rates.py
[2025-04-03T11:36:13.450+0000] {logging_mixin.py:151} INFO - [2025-04-03T11:36:13.450+0000] {dag.py:2941} INFO - Sync 1 DAGs
[2025-04-03T11:36:13.460+0000] {logging_mixin.py:151} INFO - [2025-04-03T11:36:13.460+0000] {dag.py:3722} INFO - Setting next_dagrun for extract_exchange_rates to 2025-04-03T00:00:00+00:00, run_after=2025-04-04T00:00:00+00:00
[2025-04-03T11:36:13.468+0000] {processor.py:179} INFO - Processing /opt/airflow/dags/extract_exchange_rates.py took 0.044 seconds
[2025-04-03T11:36:43.664+0000] {processor.py:157} INFO - Started process (PID=623) to work on /opt/airflow/dags/extract_exchange_rates.py
[2025-04-03T11:36:43.665+0000] {processor.py:829} INFO - Processing file /opt/airflow/dags/extract_exchange_rates.py for tasks to queue
[2025-04-03T11:36:43.666+0000] {logging_mixin.py:151} INFO - [2025-04-03T11:36:43.666+0000] {dagbag.py:536} INFO - Filling up the DagBag from /opt/airflow/dags/extract_exchange_rates.py
[2025-04-03T11:36:43.680+0000] {processor.py:839} INFO - DAG(s) dict_keys(['extract_exchange_rates']) retrieved from /opt/airflow/dags/extract_exchange_rates.py
[2025-04-03T11:36:43.696+0000] {logging_mixin.py:151} INFO - [2025-04-03T11:36:43.696+0000] {dag.py:2941} INFO - Sync 1 DAGs
[2025-04-03T11:36:43.707+0000] {logging_mixin.py:151} INFO - [2025-04-03T11:36:43.707+0000] {dag.py:3722} INFO - Setting next_dagrun for extract_exchange_rates to 2025-04-03T00:00:00+00:00, run_after=2025-04-04T00:00:00+00:00
[2025-04-03T11:36:43.715+0000] {processor.py:179} INFO - Processing /opt/airflow/dags/extract_exchange_rates.py took 0.053 seconds
[2025-04-03T11:37:13.880+0000] {processor.py:157} INFO - Started process (PID=628) to work on /opt/airflow/dags/extract_exchange_rates.py
[2025-04-03T11:37:13.881+0000] {processor.py:829} INFO - Processing file /opt/airflow/dags/extract_exchange_rates.py for tasks to queue
[2025-04-03T11:37:13.882+0000] {logging_mixin.py:151} INFO - [2025-04-03T11:37:13.881+0000] {dagbag.py:536} INFO - Filling up the DagBag from /opt/airflow/dags/extract_exchange_rates.py
[2025-04-03T11:37:13.890+0000] {processor.py:839} INFO - DAG(s) dict_keys(['extract_exchange_rates']) retrieved from /opt/airflow/dags/extract_exchange_rates.py
[2025-04-03T11:37:13.903+0000] {logging_mixin.py:151} INFO - [2025-04-03T11:37:13.903+0000] {dag.py:2941} INFO - Sync 1 DAGs
[2025-04-03T11:37:13.914+0000] {logging_mixin.py:151} INFO - [2025-04-03T11:37:13.914+0000] {dag.py:3722} INFO - Setting next_dagrun for extract_exchange_rates to 2025-04-03T00:00:00+00:00, run_after=2025-04-04T00:00:00+00:00
[2025-04-03T11:37:13.922+0000] {processor.py:179} INFO - Processing /opt/airflow/dags/extract_exchange_rates.py took 0.043 seconds
[2025-04-03T11:37:44.100+0000] {processor.py:157} INFO - Started process (PID=633) to work on /opt/airflow/dags/extract_exchange_rates.py
[2025-04-03T11:37:44.100+0000] {processor.py:829} INFO - Processing file /opt/airflow/dags/extract_exchange_rates.py for tasks to queue
[2025-04-03T11:37:44.101+0000] {logging_mixin.py:151} INFO - [2025-04-03T11:37:44.101+0000] {dagbag.py:536} INFO - Filling up the DagBag from /opt/airflow/dags/extract_exchange_rates.py
[2025-04-03T11:37:44.110+0000] {processor.py:839} INFO - DAG(s) dict_keys(['extract_exchange_rates']) retrieved from /opt/airflow/dags/extract_exchange_rates.py
[2025-04-03T11:37:44.124+0000] {logging_mixin.py:151} INFO - [2025-04-03T11:37:44.124+0000] {dag.py:2941} INFO - Sync 1 DAGs
[2025-04-03T11:37:44.134+0000] {logging_mixin.py:151} INFO - [2025-04-03T11:37:44.134+0000] {dag.py:3722} INFO - Setting next_dagrun for extract_exchange_rates to 2025-04-03T00:00:00+00:00, run_after=2025-04-04T00:00:00+00:00
[2025-04-03T11:37:44.141+0000] {processor.py:179} INFO - Processing /opt/airflow/dags/extract_exchange_rates.py took 0.044 seconds
[2025-04-03T11:38:14.329+0000] {processor.py:157} INFO - Started process (PID=638) to work on /opt/airflow/dags/extract_exchange_rates.py
[2025-04-03T11:38:14.330+0000] {processor.py:829} INFO - Processing file /opt/airflow/dags/extract_exchange_rates.py for tasks to queue
[2025-04-03T11:38:14.331+0000] {logging_mixin.py:151} INFO - [2025-04-03T11:38:14.330+0000] {dagbag.py:536} INFO - Filling up the DagBag from /opt/airflow/dags/extract_exchange_rates.py
[2025-04-03T11:38:14.342+0000] {processor.py:839} INFO - DAG(s) dict_keys(['extract_exchange_rates']) retrieved from /opt/airflow/dags/extract_exchange_rates.py
[2025-04-03T11:38:14.356+0000] {logging_mixin.py:151} INFO - [2025-04-03T11:38:14.356+0000] {dag.py:2941} INFO - Sync 1 DAGs
[2025-04-03T11:38:14.366+0000] {logging_mixin.py:151} INFO - [2025-04-03T11:38:14.366+0000] {dag.py:3722} INFO - Setting next_dagrun for extract_exchange_rates to 2025-04-03T00:00:00+00:00, run_after=2025-04-04T00:00:00+00:00
[2025-04-03T11:38:14.373+0000] {processor.py:179} INFO - Processing /opt/airflow/dags/extract_exchange_rates.py took 0.048 seconds
[2025-04-03T11:38:44.569+0000] {processor.py:157} INFO - Started process (PID=643) to work on /opt/airflow/dags/extract_exchange_rates.py
[2025-04-03T11:38:44.570+0000] {processor.py:829} INFO - Processing file /opt/airflow/dags/extract_exchange_rates.py for tasks to queue
[2025-04-03T11:38:44.570+0000] {logging_mixin.py:151} INFO - [2025-04-03T11:38:44.570+0000] {dagbag.py:536} INFO - Filling up the DagBag from /opt/airflow/dags/extract_exchange_rates.py
[2025-04-03T11:38:44.579+0000] {processor.py:839} INFO - DAG(s) dict_keys(['extract_exchange_rates']) retrieved from /opt/airflow/dags/extract_exchange_rates.py
[2025-04-03T11:38:44.592+0000] {logging_mixin.py:151} INFO - [2025-04-03T11:38:44.592+0000] {dag.py:2941} INFO - Sync 1 DAGs
[2025-04-03T11:38:44.602+0000] {logging_mixin.py:151} INFO - [2025-04-03T11:38:44.602+0000] {dag.py:3722} INFO - Setting next_dagrun for extract_exchange_rates to 2025-04-03T00:00:00+00:00, run_after=2025-04-04T00:00:00+00:00
[2025-04-03T11:38:44.609+0000] {processor.py:179} INFO - Processing /opt/airflow/dags/extract_exchange_rates.py took 0.042 seconds
[2025-04-03T11:39:14.786+0000] {processor.py:157} INFO - Started process (PID=648) to work on /opt/airflow/dags/extract_exchange_rates.py
[2025-04-03T11:39:14.786+0000] {processor.py:829} INFO - Processing file /opt/airflow/dags/extract_exchange_rates.py for tasks to queue
[2025-04-03T11:39:14.787+0000] {logging_mixin.py:151} INFO - [2025-04-03T11:39:14.787+0000] {dagbag.py:536} INFO - Filling up the DagBag from /opt/airflow/dags/extract_exchange_rates.py
[2025-04-03T11:39:14.798+0000] {processor.py:839} INFO - DAG(s) dict_keys(['extract_exchange_rates']) retrieved from /opt/airflow/dags/extract_exchange_rates.py
[2025-04-03T11:39:14.813+0000] {logging_mixin.py:151} INFO - [2025-04-03T11:39:14.813+0000] {dag.py:2941} INFO - Sync 1 DAGs
[2025-04-03T11:39:14.824+0000] {logging_mixin.py:151} INFO - [2025-04-03T11:39:14.824+0000] {dag.py:3722} INFO - Setting next_dagrun for extract_exchange_rates to 2025-04-03T00:00:00+00:00, run_after=2025-04-04T00:00:00+00:00
[2025-04-03T11:39:14.832+0000] {processor.py:179} INFO - Processing /opt/airflow/dags/extract_exchange_rates.py took 0.048 seconds
[2025-04-03T11:39:45.044+0000] {processor.py:157} INFO - Started process (PID=653) to work on /opt/airflow/dags/extract_exchange_rates.py
[2025-04-03T11:39:45.045+0000] {processor.py:829} INFO - Processing file /opt/airflow/dags/extract_exchange_rates.py for tasks to queue
[2025-04-03T11:39:45.046+0000] {logging_mixin.py:151} INFO - [2025-04-03T11:39:45.045+0000] {dagbag.py:536} INFO - Filling up the DagBag from /opt/airflow/dags/extract_exchange_rates.py
[2025-04-03T11:39:45.055+0000] {processor.py:839} INFO - DAG(s) dict_keys(['extract_exchange_rates']) retrieved from /opt/airflow/dags/extract_exchange_rates.py
[2025-04-03T11:39:45.069+0000] {logging_mixin.py:151} INFO - [2025-04-03T11:39:45.069+0000] {dag.py:2941} INFO - Sync 1 DAGs
[2025-04-03T11:39:45.079+0000] {logging_mixin.py:151} INFO - [2025-04-03T11:39:45.079+0000] {dag.py:3722} INFO - Setting next_dagrun for extract_exchange_rates to 2025-04-03T00:00:00+00:00, run_after=2025-04-04T00:00:00+00:00
[2025-04-03T11:39:45.087+0000] {processor.py:179} INFO - Processing /opt/airflow/dags/extract_exchange_rates.py took 0.044 seconds
[2025-04-03T11:40:15.285+0000] {processor.py:157} INFO - Started process (PID=658) to work on /opt/airflow/dags/extract_exchange_rates.py
[2025-04-03T11:40:15.285+0000] {processor.py:829} INFO - Processing file /opt/airflow/dags/extract_exchange_rates.py for tasks to queue
[2025-04-03T11:40:15.286+0000] {logging_mixin.py:151} INFO - [2025-04-03T11:40:15.286+0000] {dagbag.py:536} INFO - Filling up the DagBag from /opt/airflow/dags/extract_exchange_rates.py
[2025-04-03T11:40:15.298+0000] {processor.py:839} INFO - DAG(s) dict_keys(['extract_exchange_rates']) retrieved from /opt/airflow/dags/extract_exchange_rates.py
[2025-04-03T11:40:15.314+0000] {logging_mixin.py:151} INFO - [2025-04-03T11:40:15.314+0000] {dag.py:2941} INFO - Sync 1 DAGs
[2025-04-03T11:40:15.325+0000] {logging_mixin.py:151} INFO - [2025-04-03T11:40:15.325+0000] {dag.py:3722} INFO - Setting next_dagrun for extract_exchange_rates to 2025-04-03T00:00:00+00:00, run_after=2025-04-04T00:00:00+00:00
[2025-04-03T11:40:15.332+0000] {processor.py:179} INFO - Processing /opt/airflow/dags/extract_exchange_rates.py took 0.050 seconds
[2025-04-03T11:40:45.495+0000] {processor.py:157} INFO - Started process (PID=663) to work on /opt/airflow/dags/extract_exchange_rates.py
[2025-04-03T11:40:45.495+0000] {processor.py:829} INFO - Processing file /opt/airflow/dags/extract_exchange_rates.py for tasks to queue
[2025-04-03T11:40:45.496+0000] {logging_mixin.py:151} INFO - [2025-04-03T11:40:45.496+0000] {dagbag.py:536} INFO - Filling up the DagBag from /opt/airflow/dags/extract_exchange_rates.py
[2025-04-03T11:40:45.505+0000] {processor.py:839} INFO - DAG(s) dict_keys(['extract_exchange_rates']) retrieved from /opt/airflow/dags/extract_exchange_rates.py
[2025-04-03T11:40:45.519+0000] {logging_mixin.py:151} INFO - [2025-04-03T11:40:45.519+0000] {dag.py:2941} INFO - Sync 1 DAGs
[2025-04-03T11:40:45.530+0000] {logging_mixin.py:151} INFO - [2025-04-03T11:40:45.530+0000] {dag.py:3722} INFO - Setting next_dagrun for extract_exchange_rates to 2025-04-03T00:00:00+00:00, run_after=2025-04-04T00:00:00+00:00
[2025-04-03T11:40:45.537+0000] {processor.py:179} INFO - Processing /opt/airflow/dags/extract_exchange_rates.py took 0.045 seconds
[2025-04-03T11:41:15.731+0000] {processor.py:157} INFO - Started process (PID=668) to work on /opt/airflow/dags/extract_exchange_rates.py
[2025-04-03T11:41:15.732+0000] {processor.py:829} INFO - Processing file /opt/airflow/dags/extract_exchange_rates.py for tasks to queue
[2025-04-03T11:41:15.732+0000] {logging_mixin.py:151} INFO - [2025-04-03T11:41:15.732+0000] {dagbag.py:536} INFO - Filling up the DagBag from /opt/airflow/dags/extract_exchange_rates.py
[2025-04-03T11:41:15.744+0000] {processor.py:839} INFO - DAG(s) dict_keys(['extract_exchange_rates']) retrieved from /opt/airflow/dags/extract_exchange_rates.py
[2025-04-03T11:41:15.762+0000] {logging_mixin.py:151} INFO - [2025-04-03T11:41:15.762+0000] {dag.py:2941} INFO - Sync 1 DAGs
[2025-04-03T11:41:15.773+0000] {logging_mixin.py:151} INFO - [2025-04-03T11:41:15.773+0000] {dag.py:3722} INFO - Setting next_dagrun for extract_exchange_rates to 2025-04-03T00:00:00+00:00, run_after=2025-04-04T00:00:00+00:00
[2025-04-03T11:41:15.780+0000] {processor.py:179} INFO - Processing /opt/airflow/dags/extract_exchange_rates.py took 0.052 seconds
[2025-04-03T11:41:45.959+0000] {processor.py:157} INFO - Started process (PID=673) to work on /opt/airflow/dags/extract_exchange_rates.py
[2025-04-03T11:41:45.960+0000] {processor.py:829} INFO - Processing file /opt/airflow/dags/extract_exchange_rates.py for tasks to queue
[2025-04-03T11:41:45.961+0000] {logging_mixin.py:151} INFO - [2025-04-03T11:41:45.960+0000] {dagbag.py:536} INFO - Filling up the DagBag from /opt/airflow/dags/extract_exchange_rates.py
[2025-04-03T11:41:45.970+0000] {processor.py:839} INFO - DAG(s) dict_keys(['extract_exchange_rates']) retrieved from /opt/airflow/dags/extract_exchange_rates.py
[2025-04-03T11:41:45.984+0000] {logging_mixin.py:151} INFO - [2025-04-03T11:41:45.984+0000] {dag.py:2941} INFO - Sync 1 DAGs
[2025-04-03T11:41:45.994+0000] {logging_mixin.py:151} INFO - [2025-04-03T11:41:45.993+0000] {dag.py:3722} INFO - Setting next_dagrun for extract_exchange_rates to 2025-04-03T00:00:00+00:00, run_after=2025-04-04T00:00:00+00:00
[2025-04-03T11:41:46.001+0000] {processor.py:179} INFO - Processing /opt/airflow/dags/extract_exchange_rates.py took 0.044 seconds
[2025-04-03T11:42:16.196+0000] {processor.py:157} INFO - Started process (PID=678) to work on /opt/airflow/dags/extract_exchange_rates.py
[2025-04-03T11:42:16.197+0000] {processor.py:829} INFO - Processing file /opt/airflow/dags/extract_exchange_rates.py for tasks to queue
[2025-04-03T11:42:16.197+0000] {logging_mixin.py:151} INFO - [2025-04-03T11:42:16.197+0000] {dagbag.py:536} INFO - Filling up the DagBag from /opt/airflow/dags/extract_exchange_rates.py
[2025-04-03T11:42:16.206+0000] {processor.py:839} INFO - DAG(s) dict_keys(['extract_exchange_rates']) retrieved from /opt/airflow/dags/extract_exchange_rates.py
[2025-04-03T11:42:16.220+0000] {logging_mixin.py:151} INFO - [2025-04-03T11:42:16.220+0000] {dag.py:2941} INFO - Sync 1 DAGs
[2025-04-03T11:42:16.231+0000] {logging_mixin.py:151} INFO - [2025-04-03T11:42:16.231+0000] {dag.py:3722} INFO - Setting next_dagrun for extract_exchange_rates to 2025-04-03T00:00:00+00:00, run_after=2025-04-04T00:00:00+00:00
[2025-04-03T11:42:16.239+0000] {processor.py:179} INFO - Processing /opt/airflow/dags/extract_exchange_rates.py took 0.045 seconds
[2025-04-03T11:42:46.426+0000] {processor.py:157} INFO - Started process (PID=683) to work on /opt/airflow/dags/extract_exchange_rates.py
[2025-04-03T11:42:46.427+0000] {processor.py:829} INFO - Processing file /opt/airflow/dags/extract_exchange_rates.py for tasks to queue
[2025-04-03T11:42:46.428+0000] {logging_mixin.py:151} INFO - [2025-04-03T11:42:46.428+0000] {dagbag.py:536} INFO - Filling up the DagBag from /opt/airflow/dags/extract_exchange_rates.py
[2025-04-03T11:42:46.440+0000] {processor.py:839} INFO - DAG(s) dict_keys(['extract_exchange_rates']) retrieved from /opt/airflow/dags/extract_exchange_rates.py
[2025-04-03T11:42:46.457+0000] {logging_mixin.py:151} INFO - [2025-04-03T11:42:46.457+0000] {dag.py:2941} INFO - Sync 1 DAGs
[2025-04-03T11:42:46.469+0000] {logging_mixin.py:151} INFO - [2025-04-03T11:42:46.469+0000] {dag.py:3722} INFO - Setting next_dagrun for extract_exchange_rates to 2025-04-03T00:00:00+00:00, run_after=2025-04-04T00:00:00+00:00
[2025-04-03T11:42:46.477+0000] {processor.py:179} INFO - Processing /opt/airflow/dags/extract_exchange_rates.py took 0.053 seconds
[2025-04-03T11:43:16.671+0000] {processor.py:157} INFO - Started process (PID=688) to work on /opt/airflow/dags/extract_exchange_rates.py
[2025-04-03T11:43:16.672+0000] {processor.py:829} INFO - Processing file /opt/airflow/dags/extract_exchange_rates.py for tasks to queue
[2025-04-03T11:43:16.673+0000] {logging_mixin.py:151} INFO - [2025-04-03T11:43:16.672+0000] {dagbag.py:536} INFO - Filling up the DagBag from /opt/airflow/dags/extract_exchange_rates.py
[2025-04-03T11:43:16.684+0000] {processor.py:839} INFO - DAG(s) dict_keys(['extract_exchange_rates']) retrieved from /opt/airflow/dags/extract_exchange_rates.py
[2025-04-03T11:43:16.699+0000] {logging_mixin.py:151} INFO - [2025-04-03T11:43:16.699+0000] {dag.py:2941} INFO - Sync 1 DAGs
[2025-04-03T11:43:16.709+0000] {logging_mixin.py:151} INFO - [2025-04-03T11:43:16.709+0000] {dag.py:3722} INFO - Setting next_dagrun for extract_exchange_rates to 2025-04-03T00:00:00+00:00, run_after=2025-04-04T00:00:00+00:00
[2025-04-03T11:43:16.717+0000] {processor.py:179} INFO - Processing /opt/airflow/dags/extract_exchange_rates.py took 0.048 seconds
[2025-04-03T11:43:46.932+0000] {processor.py:157} INFO - Started process (PID=693) to work on /opt/airflow/dags/extract_exchange_rates.py
[2025-04-03T11:43:46.932+0000] {processor.py:829} INFO - Processing file /opt/airflow/dags/extract_exchange_rates.py for tasks to queue
[2025-04-03T11:43:46.933+0000] {logging_mixin.py:151} INFO - [2025-04-03T11:43:46.933+0000] {dagbag.py:536} INFO - Filling up the DagBag from /opt/airflow/dags/extract_exchange_rates.py
[2025-04-03T11:43:46.946+0000] {processor.py:839} INFO - DAG(s) dict_keys(['extract_exchange_rates']) retrieved from /opt/airflow/dags/extract_exchange_rates.py
[2025-04-03T11:43:46.963+0000] {logging_mixin.py:151} INFO - [2025-04-03T11:43:46.963+0000] {dag.py:2941} INFO - Sync 1 DAGs
[2025-04-03T11:43:46.974+0000] {logging_mixin.py:151} INFO - [2025-04-03T11:43:46.974+0000] {dag.py:3722} INFO - Setting next_dagrun for extract_exchange_rates to 2025-04-03T00:00:00+00:00, run_after=2025-04-04T00:00:00+00:00
[2025-04-03T11:43:46.981+0000] {processor.py:179} INFO - Processing /opt/airflow/dags/extract_exchange_rates.py took 0.052 seconds
[2025-04-03T11:44:17.168+0000] {processor.py:157} INFO - Started process (PID=698) to work on /opt/airflow/dags/extract_exchange_rates.py
[2025-04-03T11:44:17.169+0000] {processor.py:829} INFO - Processing file /opt/airflow/dags/extract_exchange_rates.py for tasks to queue
[2025-04-03T11:44:17.170+0000] {logging_mixin.py:151} INFO - [2025-04-03T11:44:17.169+0000] {dagbag.py:536} INFO - Filling up the DagBag from /opt/airflow/dags/extract_exchange_rates.py
[2025-04-03T11:44:17.180+0000] {processor.py:839} INFO - DAG(s) dict_keys(['extract_exchange_rates']) retrieved from /opt/airflow/dags/extract_exchange_rates.py
[2025-04-03T11:44:17.195+0000] {logging_mixin.py:151} INFO - [2025-04-03T11:44:17.195+0000] {dag.py:2941} INFO - Sync 1 DAGs
[2025-04-03T11:44:17.206+0000] {logging_mixin.py:151} INFO - [2025-04-03T11:44:17.206+0000] {dag.py:3722} INFO - Setting next_dagrun for extract_exchange_rates to 2025-04-03T00:00:00+00:00, run_after=2025-04-04T00:00:00+00:00
[2025-04-03T11:44:17.219+0000] {processor.py:179} INFO - Processing /opt/airflow/dags/extract_exchange_rates.py took 0.054 seconds
[2025-04-03T11:44:47.406+0000] {processor.py:157} INFO - Started process (PID=703) to work on /opt/airflow/dags/extract_exchange_rates.py
[2025-04-03T11:44:47.407+0000] {processor.py:829} INFO - Processing file /opt/airflow/dags/extract_exchange_rates.py for tasks to queue
[2025-04-03T11:44:47.407+0000] {logging_mixin.py:151} INFO - [2025-04-03T11:44:47.407+0000] {dagbag.py:536} INFO - Filling up the DagBag from /opt/airflow/dags/extract_exchange_rates.py
[2025-04-03T11:44:47.416+0000] {processor.py:839} INFO - DAG(s) dict_keys(['extract_exchange_rates']) retrieved from /opt/airflow/dags/extract_exchange_rates.py
[2025-04-03T11:44:47.430+0000] {logging_mixin.py:151} INFO - [2025-04-03T11:44:47.430+0000] {dag.py:2941} INFO - Sync 1 DAGs
[2025-04-03T11:44:47.440+0000] {logging_mixin.py:151} INFO - [2025-04-03T11:44:47.440+0000] {dag.py:3722} INFO - Setting next_dagrun for extract_exchange_rates to 2025-04-03T00:00:00+00:00, run_after=2025-04-04T00:00:00+00:00
[2025-04-03T11:44:47.447+0000] {processor.py:179} INFO - Processing /opt/airflow/dags/extract_exchange_rates.py took 0.043 seconds
[2025-04-03T11:45:17.627+0000] {processor.py:157} INFO - Started process (PID=708) to work on /opt/airflow/dags/extract_exchange_rates.py
[2025-04-03T11:45:17.627+0000] {processor.py:829} INFO - Processing file /opt/airflow/dags/extract_exchange_rates.py for tasks to queue
[2025-04-03T11:45:17.628+0000] {logging_mixin.py:151} INFO - [2025-04-03T11:45:17.628+0000] {dagbag.py:536} INFO - Filling up the DagBag from /opt/airflow/dags/extract_exchange_rates.py
[2025-04-03T11:45:17.636+0000] {processor.py:839} INFO - DAG(s) dict_keys(['extract_exchange_rates']) retrieved from /opt/airflow/dags/extract_exchange_rates.py
[2025-04-03T11:45:17.650+0000] {logging_mixin.py:151} INFO - [2025-04-03T11:45:17.650+0000] {dag.py:2941} INFO - Sync 1 DAGs
[2025-04-03T11:45:17.661+0000] {logging_mixin.py:151} INFO - [2025-04-03T11:45:17.661+0000] {dag.py:3722} INFO - Setting next_dagrun for extract_exchange_rates to 2025-04-03T00:00:00+00:00, run_after=2025-04-04T00:00:00+00:00
[2025-04-03T11:45:17.669+0000] {processor.py:179} INFO - Processing /opt/airflow/dags/extract_exchange_rates.py took 0.044 seconds
[2025-04-03T11:45:47.862+0000] {processor.py:157} INFO - Started process (PID=713) to work on /opt/airflow/dags/extract_exchange_rates.py
[2025-04-03T11:45:47.862+0000] {processor.py:829} INFO - Processing file /opt/airflow/dags/extract_exchange_rates.py for tasks to queue
[2025-04-03T11:45:47.863+0000] {logging_mixin.py:151} INFO - [2025-04-03T11:45:47.863+0000] {dagbag.py:536} INFO - Filling up the DagBag from /opt/airflow/dags/extract_exchange_rates.py
[2025-04-03T11:45:47.877+0000] {processor.py:839} INFO - DAG(s) dict_keys(['extract_exchange_rates']) retrieved from /opt/airflow/dags/extract_exchange_rates.py
[2025-04-03T11:45:47.894+0000] {logging_mixin.py:151} INFO - [2025-04-03T11:45:47.894+0000] {dag.py:2941} INFO - Sync 1 DAGs
[2025-04-03T11:45:47.906+0000] {logging_mixin.py:151} INFO - [2025-04-03T11:45:47.905+0000] {dag.py:3722} INFO - Setting next_dagrun for extract_exchange_rates to 2025-04-03T00:00:00+00:00, run_after=2025-04-04T00:00:00+00:00
[2025-04-03T11:45:47.913+0000] {processor.py:179} INFO - Processing /opt/airflow/dags/extract_exchange_rates.py took 0.055 seconds
[2025-04-03T11:46:18.064+0000] {processor.py:157} INFO - Started process (PID=718) to work on /opt/airflow/dags/extract_exchange_rates.py
[2025-04-03T11:46:18.064+0000] {processor.py:829} INFO - Processing file /opt/airflow/dags/extract_exchange_rates.py for tasks to queue
[2025-04-03T11:46:18.065+0000] {logging_mixin.py:151} INFO - [2025-04-03T11:46:18.065+0000] {dagbag.py:536} INFO - Filling up the DagBag from /opt/airflow/dags/extract_exchange_rates.py
[2025-04-03T11:46:18.075+0000] {processor.py:839} INFO - DAG(s) dict_keys(['extract_exchange_rates']) retrieved from /opt/airflow/dags/extract_exchange_rates.py
[2025-04-03T11:46:18.089+0000] {logging_mixin.py:151} INFO - [2025-04-03T11:46:18.089+0000] {dag.py:2941} INFO - Sync 1 DAGs
[2025-04-03T11:46:18.099+0000] {logging_mixin.py:151} INFO - [2025-04-03T11:46:18.099+0000] {dag.py:3722} INFO - Setting next_dagrun for extract_exchange_rates to 2025-04-03T00:00:00+00:00, run_after=2025-04-04T00:00:00+00:00
[2025-04-03T11:46:18.106+0000] {processor.py:179} INFO - Processing /opt/airflow/dags/extract_exchange_rates.py took 0.045 seconds
[2025-04-03T11:46:48.312+0000] {processor.py:157} INFO - Started process (PID=723) to work on /opt/airflow/dags/extract_exchange_rates.py
[2025-04-03T11:46:48.313+0000] {processor.py:829} INFO - Processing file /opt/airflow/dags/extract_exchange_rates.py for tasks to queue
[2025-04-03T11:46:48.314+0000] {logging_mixin.py:151} INFO - [2025-04-03T11:46:48.313+0000] {dagbag.py:536} INFO - Filling up the DagBag from /opt/airflow/dags/extract_exchange_rates.py
[2025-04-03T11:46:48.325+0000] {processor.py:839} INFO - DAG(s) dict_keys(['extract_exchange_rates']) retrieved from /opt/airflow/dags/extract_exchange_rates.py
[2025-04-03T11:46:48.342+0000] {logging_mixin.py:151} INFO - [2025-04-03T11:46:48.342+0000] {dag.py:2941} INFO - Sync 1 DAGs
[2025-04-03T11:46:48.353+0000] {logging_mixin.py:151} INFO - [2025-04-03T11:46:48.352+0000] {dag.py:3722} INFO - Setting next_dagrun for extract_exchange_rates to 2025-04-03T00:00:00+00:00, run_after=2025-04-04T00:00:00+00:00
[2025-04-03T11:46:48.360+0000] {processor.py:179} INFO - Processing /opt/airflow/dags/extract_exchange_rates.py took 0.050 seconds
[2025-04-03T11:47:18.549+0000] {processor.py:157} INFO - Started process (PID=728) to work on /opt/airflow/dags/extract_exchange_rates.py
[2025-04-03T11:47:18.549+0000] {processor.py:829} INFO - Processing file /opt/airflow/dags/extract_exchange_rates.py for tasks to queue
[2025-04-03T11:47:18.550+0000] {logging_mixin.py:151} INFO - [2025-04-03T11:47:18.549+0000] {dagbag.py:536} INFO - Filling up the DagBag from /opt/airflow/dags/extract_exchange_rates.py
[2025-04-03T11:47:18.558+0000] {processor.py:839} INFO - DAG(s) dict_keys(['extract_exchange_rates']) retrieved from /opt/airflow/dags/extract_exchange_rates.py
[2025-04-03T11:47:18.571+0000] {logging_mixin.py:151} INFO - [2025-04-03T11:47:18.571+0000] {dag.py:2941} INFO - Sync 1 DAGs
[2025-04-03T11:47:18.581+0000] {logging_mixin.py:151} INFO - [2025-04-03T11:47:18.581+0000] {dag.py:3722} INFO - Setting next_dagrun for extract_exchange_rates to 2025-04-03T00:00:00+00:00, run_after=2025-04-04T00:00:00+00:00
[2025-04-03T11:47:18.589+0000] {processor.py:179} INFO - Processing /opt/airflow/dags/extract_exchange_rates.py took 0.042 seconds
[2025-04-03T11:47:48.830+0000] {processor.py:157} INFO - Started process (PID=733) to work on /opt/airflow/dags/extract_exchange_rates.py
[2025-04-03T11:47:48.830+0000] {processor.py:829} INFO - Processing file /opt/airflow/dags/extract_exchange_rates.py for tasks to queue
[2025-04-03T11:47:48.831+0000] {logging_mixin.py:151} INFO - [2025-04-03T11:47:48.831+0000] {dagbag.py:536} INFO - Filling up the DagBag from /opt/airflow/dags/extract_exchange_rates.py
[2025-04-03T11:47:48.843+0000] {processor.py:839} INFO - DAG(s) dict_keys(['extract_exchange_rates']) retrieved from /opt/airflow/dags/extract_exchange_rates.py
[2025-04-03T11:47:48.858+0000] {logging_mixin.py:151} INFO - [2025-04-03T11:47:48.857+0000] {dag.py:2941} INFO - Sync 1 DAGs
[2025-04-03T11:47:48.868+0000] {logging_mixin.py:151} INFO - [2025-04-03T11:47:48.868+0000] {dag.py:3722} INFO - Setting next_dagrun for extract_exchange_rates to 2025-04-03T00:00:00+00:00, run_after=2025-04-04T00:00:00+00:00
[2025-04-03T11:47:48.875+0000] {processor.py:179} INFO - Processing /opt/airflow/dags/extract_exchange_rates.py took 0.048 seconds
[2025-04-03T11:48:19.029+0000] {processor.py:157} INFO - Started process (PID=738) to work on /opt/airflow/dags/extract_exchange_rates.py
[2025-04-03T11:48:19.030+0000] {processor.py:829} INFO - Processing file /opt/airflow/dags/extract_exchange_rates.py for tasks to queue
[2025-04-03T11:48:19.030+0000] {logging_mixin.py:151} INFO - [2025-04-03T11:48:19.030+0000] {dagbag.py:536} INFO - Filling up the DagBag from /opt/airflow/dags/extract_exchange_rates.py
[2025-04-03T11:48:19.037+0000] {processor.py:839} INFO - DAG(s) dict_keys(['extract_exchange_rates']) retrieved from /opt/airflow/dags/extract_exchange_rates.py
[2025-04-03T11:48:19.049+0000] {logging_mixin.py:151} INFO - [2025-04-03T11:48:19.049+0000] {dag.py:2941} INFO - Sync 1 DAGs
[2025-04-03T11:48:19.060+0000] {logging_mixin.py:151} INFO - [2025-04-03T11:48:19.060+0000] {dag.py:3722} INFO - Setting next_dagrun for extract_exchange_rates to 2025-04-03T00:00:00+00:00, run_after=2025-04-04T00:00:00+00:00
[2025-04-03T11:48:19.067+0000] {processor.py:179} INFO - Processing /opt/airflow/dags/extract_exchange_rates.py took 0.040 seconds
[2025-04-03T11:48:49.258+0000] {processor.py:157} INFO - Started process (PID=743) to work on /opt/airflow/dags/extract_exchange_rates.py
[2025-04-03T11:48:49.259+0000] {processor.py:829} INFO - Processing file /opt/airflow/dags/extract_exchange_rates.py for tasks to queue
[2025-04-03T11:48:49.259+0000] {logging_mixin.py:151} INFO - [2025-04-03T11:48:49.259+0000] {dagbag.py:536} INFO - Filling up the DagBag from /opt/airflow/dags/extract_exchange_rates.py
[2025-04-03T11:48:49.273+0000] {processor.py:839} INFO - DAG(s) dict_keys(['extract_exchange_rates']) retrieved from /opt/airflow/dags/extract_exchange_rates.py
[2025-04-03T11:48:49.288+0000] {logging_mixin.py:151} INFO - [2025-04-03T11:48:49.288+0000] {dag.py:2941} INFO - Sync 1 DAGs
[2025-04-03T11:48:49.300+0000] {logging_mixin.py:151} INFO - [2025-04-03T11:48:49.300+0000] {dag.py:3722} INFO - Setting next_dagrun for extract_exchange_rates to 2025-04-03T00:00:00+00:00, run_after=2025-04-04T00:00:00+00:00
[2025-04-03T11:48:49.308+0000] {processor.py:179} INFO - Processing /opt/airflow/dags/extract_exchange_rates.py took 0.052 seconds
[2025-04-03T11:49:19.461+0000] {processor.py:157} INFO - Started process (PID=748) to work on /opt/airflow/dags/extract_exchange_rates.py
[2025-04-03T11:49:19.462+0000] {processor.py:829} INFO - Processing file /opt/airflow/dags/extract_exchange_rates.py for tasks to queue
[2025-04-03T11:49:19.463+0000] {logging_mixin.py:151} INFO - [2025-04-03T11:49:19.463+0000] {dagbag.py:536} INFO - Filling up the DagBag from /opt/airflow/dags/extract_exchange_rates.py
[2025-04-03T11:49:19.472+0000] {processor.py:839} INFO - DAG(s) dict_keys(['extract_exchange_rates']) retrieved from /opt/airflow/dags/extract_exchange_rates.py
[2025-04-03T11:49:19.487+0000] {logging_mixin.py:151} INFO - [2025-04-03T11:49:19.487+0000] {dag.py:2941} INFO - Sync 1 DAGs
[2025-04-03T11:49:19.497+0000] {logging_mixin.py:151} INFO - [2025-04-03T11:49:19.497+0000] {dag.py:3722} INFO - Setting next_dagrun for extract_exchange_rates to 2025-04-03T00:00:00+00:00, run_after=2025-04-04T00:00:00+00:00
[2025-04-03T11:49:19.504+0000] {processor.py:179} INFO - Processing /opt/airflow/dags/extract_exchange_rates.py took 0.045 seconds
[2025-04-03T11:49:49.714+0000] {processor.py:157} INFO - Started process (PID=753) to work on /opt/airflow/dags/extract_exchange_rates.py
[2025-04-03T11:49:49.715+0000] {processor.py:829} INFO - Processing file /opt/airflow/dags/extract_exchange_rates.py for tasks to queue
[2025-04-03T11:49:49.715+0000] {logging_mixin.py:151} INFO - [2025-04-03T11:49:49.715+0000] {dagbag.py:536} INFO - Filling up the DagBag from /opt/airflow/dags/extract_exchange_rates.py
[2025-04-03T11:49:49.726+0000] {processor.py:839} INFO - DAG(s) dict_keys(['extract_exchange_rates']) retrieved from /opt/airflow/dags/extract_exchange_rates.py
[2025-04-03T11:49:49.743+0000] {logging_mixin.py:151} INFO - [2025-04-03T11:49:49.743+0000] {dag.py:2941} INFO - Sync 1 DAGs
[2025-04-03T11:49:49.754+0000] {logging_mixin.py:151} INFO - [2025-04-03T11:49:49.754+0000] {dag.py:3722} INFO - Setting next_dagrun for extract_exchange_rates to 2025-04-03T00:00:00+00:00, run_after=2025-04-04T00:00:00+00:00
[2025-04-03T11:49:49.761+0000] {processor.py:179} INFO - Processing /opt/airflow/dags/extract_exchange_rates.py took 0.050 seconds
[2025-04-03T11:50:19.945+0000] {processor.py:157} INFO - Started process (PID=758) to work on /opt/airflow/dags/extract_exchange_rates.py
[2025-04-03T11:50:19.946+0000] {processor.py:829} INFO - Processing file /opt/airflow/dags/extract_exchange_rates.py for tasks to queue
[2025-04-03T11:50:19.947+0000] {logging_mixin.py:151} INFO - [2025-04-03T11:50:19.947+0000] {dagbag.py:536} INFO - Filling up the DagBag from /opt/airflow/dags/extract_exchange_rates.py
[2025-04-03T11:50:19.957+0000] {processor.py:839} INFO - DAG(s) dict_keys(['extract_exchange_rates']) retrieved from /opt/airflow/dags/extract_exchange_rates.py
[2025-04-03T11:50:19.972+0000] {logging_mixin.py:151} INFO - [2025-04-03T11:50:19.972+0000] {dag.py:2941} INFO - Sync 1 DAGs
[2025-04-03T11:50:19.983+0000] {logging_mixin.py:151} INFO - [2025-04-03T11:50:19.982+0000] {dag.py:3722} INFO - Setting next_dagrun for extract_exchange_rates to 2025-04-03T00:00:00+00:00, run_after=2025-04-04T00:00:00+00:00
[2025-04-03T11:50:19.989+0000] {processor.py:179} INFO - Processing /opt/airflow/dags/extract_exchange_rates.py took 0.047 seconds
[2025-04-03T11:50:50.195+0000] {processor.py:157} INFO - Started process (PID=763) to work on /opt/airflow/dags/extract_exchange_rates.py
[2025-04-03T11:50:50.195+0000] {processor.py:829} INFO - Processing file /opt/airflow/dags/extract_exchange_rates.py for tasks to queue
[2025-04-03T11:50:50.196+0000] {logging_mixin.py:151} INFO - [2025-04-03T11:50:50.196+0000] {dagbag.py:536} INFO - Filling up the DagBag from /opt/airflow/dags/extract_exchange_rates.py
[2025-04-03T11:50:50.205+0000] {processor.py:839} INFO - DAG(s) dict_keys(['extract_exchange_rates']) retrieved from /opt/airflow/dags/extract_exchange_rates.py
[2025-04-03T11:50:50.218+0000] {logging_mixin.py:151} INFO - [2025-04-03T11:50:50.218+0000] {dag.py:2941} INFO - Sync 1 DAGs
[2025-04-03T11:50:50.231+0000] {logging_mixin.py:151} INFO - [2025-04-03T11:50:50.231+0000] {dag.py:3722} INFO - Setting next_dagrun for extract_exchange_rates to 2025-04-03T00:00:00+00:00, run_after=2025-04-04T00:00:00+00:00
[2025-04-03T11:50:50.240+0000] {processor.py:179} INFO - Processing /opt/airflow/dags/extract_exchange_rates.py took 0.047 seconds
[2025-04-03T11:51:20.416+0000] {processor.py:157} INFO - Started process (PID=768) to work on /opt/airflow/dags/extract_exchange_rates.py
[2025-04-03T11:51:20.417+0000] {processor.py:829} INFO - Processing file /opt/airflow/dags/extract_exchange_rates.py for tasks to queue
[2025-04-03T11:51:20.417+0000] {logging_mixin.py:151} INFO - [2025-04-03T11:51:20.417+0000] {dagbag.py:536} INFO - Filling up the DagBag from /opt/airflow/dags/extract_exchange_rates.py
[2025-04-03T11:51:20.427+0000] {processor.py:839} INFO - DAG(s) dict_keys(['extract_exchange_rates']) retrieved from /opt/airflow/dags/extract_exchange_rates.py
[2025-04-03T11:51:20.441+0000] {logging_mixin.py:151} INFO - [2025-04-03T11:51:20.441+0000] {dag.py:2941} INFO - Sync 1 DAGs
[2025-04-03T11:51:20.451+0000] {logging_mixin.py:151} INFO - [2025-04-03T11:51:20.451+0000] {dag.py:3722} INFO - Setting next_dagrun for extract_exchange_rates to 2025-04-03T00:00:00+00:00, run_after=2025-04-04T00:00:00+00:00
[2025-04-03T11:51:20.458+0000] {processor.py:179} INFO - Processing /opt/airflow/dags/extract_exchange_rates.py took 0.045 seconds
[2025-04-03T11:51:50.666+0000] {processor.py:157} INFO - Started process (PID=773) to work on /opt/airflow/dags/extract_exchange_rates.py
[2025-04-03T11:51:50.667+0000] {processor.py:829} INFO - Processing file /opt/airflow/dags/extract_exchange_rates.py for tasks to queue
[2025-04-03T11:51:50.668+0000] {logging_mixin.py:151} INFO - [2025-04-03T11:51:50.668+0000] {dagbag.py:536} INFO - Filling up the DagBag from /opt/airflow/dags/extract_exchange_rates.py
[2025-04-03T11:51:50.682+0000] {processor.py:839} INFO - DAG(s) dict_keys(['extract_exchange_rates']) retrieved from /opt/airflow/dags/extract_exchange_rates.py
[2025-04-03T11:51:50.709+0000] {logging_mixin.py:151} INFO - [2025-04-03T11:51:50.709+0000] {dag.py:2941} INFO - Sync 1 DAGs
[2025-04-03T11:51:50.721+0000] {logging_mixin.py:151} INFO - [2025-04-03T11:51:50.721+0000] {dag.py:3722} INFO - Setting next_dagrun for extract_exchange_rates to 2025-04-03T00:00:00+00:00, run_after=2025-04-04T00:00:00+00:00
[2025-04-03T11:51:50.729+0000] {processor.py:179} INFO - Processing /opt/airflow/dags/extract_exchange_rates.py took 0.066 seconds
[2025-04-03T11:52:20.900+0000] {processor.py:157} INFO - Started process (PID=778) to work on /opt/airflow/dags/extract_exchange_rates.py
[2025-04-03T11:52:20.901+0000] {processor.py:829} INFO - Processing file /opt/airflow/dags/extract_exchange_rates.py for tasks to queue
[2025-04-03T11:52:20.901+0000] {logging_mixin.py:151} INFO - [2025-04-03T11:52:20.901+0000] {dagbag.py:536} INFO - Filling up the DagBag from /opt/airflow/dags/extract_exchange_rates.py
[2025-04-03T11:52:20.910+0000] {processor.py:839} INFO - DAG(s) dict_keys(['extract_exchange_rates']) retrieved from /opt/airflow/dags/extract_exchange_rates.py
[2025-04-03T11:52:20.923+0000] {logging_mixin.py:151} INFO - [2025-04-03T11:52:20.922+0000] {dag.py:2941} INFO - Sync 1 DAGs
[2025-04-03T11:52:20.934+0000] {logging_mixin.py:151} INFO - [2025-04-03T11:52:20.934+0000] {dag.py:3722} INFO - Setting next_dagrun for extract_exchange_rates to 2025-04-03T00:00:00+00:00, run_after=2025-04-04T00:00:00+00:00
[2025-04-03T11:52:20.941+0000] {processor.py:179} INFO - Processing /opt/airflow/dags/extract_exchange_rates.py took 0.042 seconds
[2025-04-03T11:52:51.156+0000] {processor.py:157} INFO - Started process (PID=783) to work on /opt/airflow/dags/extract_exchange_rates.py
[2025-04-03T11:52:51.156+0000] {processor.py:829} INFO - Processing file /opt/airflow/dags/extract_exchange_rates.py for tasks to queue
[2025-04-03T11:52:51.157+0000] {logging_mixin.py:151} INFO - [2025-04-03T11:52:51.157+0000] {dagbag.py:536} INFO - Filling up the DagBag from /opt/airflow/dags/extract_exchange_rates.py
[2025-04-03T11:52:51.170+0000] {processor.py:839} INFO - DAG(s) dict_keys(['extract_exchange_rates']) retrieved from /opt/airflow/dags/extract_exchange_rates.py
[2025-04-03T11:52:51.195+0000] {logging_mixin.py:151} INFO - [2025-04-03T11:52:51.195+0000] {dag.py:2941} INFO - Sync 1 DAGs
[2025-04-03T11:52:51.209+0000] {logging_mixin.py:151} INFO - [2025-04-03T11:52:51.209+0000] {dag.py:3722} INFO - Setting next_dagrun for extract_exchange_rates to 2025-04-03T00:00:00+00:00, run_after=2025-04-04T00:00:00+00:00
[2025-04-03T11:52:51.218+0000] {processor.py:179} INFO - Processing /opt/airflow/dags/extract_exchange_rates.py took 0.065 seconds
[2025-04-03T11:53:21.374+0000] {processor.py:157} INFO - Started process (PID=788) to work on /opt/airflow/dags/extract_exchange_rates.py
[2025-04-03T11:53:21.375+0000] {processor.py:829} INFO - Processing file /opt/airflow/dags/extract_exchange_rates.py for tasks to queue
[2025-04-03T11:53:21.376+0000] {logging_mixin.py:151} INFO - [2025-04-03T11:53:21.375+0000] {dagbag.py:536} INFO - Filling up the DagBag from /opt/airflow/dags/extract_exchange_rates.py
[2025-04-03T11:53:21.385+0000] {processor.py:839} INFO - DAG(s) dict_keys(['extract_exchange_rates']) retrieved from /opt/airflow/dags/extract_exchange_rates.py
[2025-04-03T11:53:21.398+0000] {logging_mixin.py:151} INFO - [2025-04-03T11:53:21.398+0000] {dag.py:2941} INFO - Sync 1 DAGs
[2025-04-03T11:53:21.408+0000] {logging_mixin.py:151} INFO - [2025-04-03T11:53:21.408+0000] {dag.py:3722} INFO - Setting next_dagrun for extract_exchange_rates to 2025-04-03T00:00:00+00:00, run_after=2025-04-04T00:00:00+00:00
[2025-04-03T11:53:21.415+0000] {processor.py:179} INFO - Processing /opt/airflow/dags/extract_exchange_rates.py took 0.044 seconds
[2025-04-03T11:53:51.641+0000] {processor.py:157} INFO - Started process (PID=793) to work on /opt/airflow/dags/extract_exchange_rates.py
[2025-04-03T11:53:51.642+0000] {processor.py:829} INFO - Processing file /opt/airflow/dags/extract_exchange_rates.py for tasks to queue
[2025-04-03T11:53:51.643+0000] {logging_mixin.py:151} INFO - [2025-04-03T11:53:51.642+0000] {dagbag.py:536} INFO - Filling up the DagBag from /opt/airflow/dags/extract_exchange_rates.py
[2025-04-03T11:53:51.657+0000] {processor.py:839} INFO - DAG(s) dict_keys(['extract_exchange_rates']) retrieved from /opt/airflow/dags/extract_exchange_rates.py
[2025-04-03T11:53:51.674+0000] {logging_mixin.py:151} INFO - [2025-04-03T11:53:51.674+0000] {dag.py:2941} INFO - Sync 1 DAGs
[2025-04-03T11:53:51.685+0000] {logging_mixin.py:151} INFO - [2025-04-03T11:53:51.685+0000] {dag.py:3722} INFO - Setting next_dagrun for extract_exchange_rates to 2025-04-03T00:00:00+00:00, run_after=2025-04-04T00:00:00+00:00
[2025-04-03T11:53:51.693+0000] {processor.py:179} INFO - Processing /opt/airflow/dags/extract_exchange_rates.py took 0.057 seconds
[2025-04-03T11:54:21.891+0000] {processor.py:157} INFO - Started process (PID=798) to work on /opt/airflow/dags/extract_exchange_rates.py
[2025-04-03T11:54:21.891+0000] {processor.py:829} INFO - Processing file /opt/airflow/dags/extract_exchange_rates.py for tasks to queue
[2025-04-03T11:54:21.892+0000] {logging_mixin.py:151} INFO - [2025-04-03T11:54:21.892+0000] {dagbag.py:536} INFO - Filling up the DagBag from /opt/airflow/dags/extract_exchange_rates.py
[2025-04-03T11:54:21.902+0000] {processor.py:839} INFO - DAG(s) dict_keys(['extract_exchange_rates']) retrieved from /opt/airflow/dags/extract_exchange_rates.py
[2025-04-03T11:54:21.915+0000] {logging_mixin.py:151} INFO - [2025-04-03T11:54:21.915+0000] {dag.py:2941} INFO - Sync 1 DAGs
[2025-04-03T11:54:21.926+0000] {logging_mixin.py:151} INFO - [2025-04-03T11:54:21.926+0000] {dag.py:3722} INFO - Setting next_dagrun for extract_exchange_rates to 2025-04-03T00:00:00+00:00, run_after=2025-04-04T00:00:00+00:00
[2025-04-03T11:54:21.933+0000] {processor.py:179} INFO - Processing /opt/airflow/dags/extract_exchange_rates.py took 0.045 seconds
[2025-04-03T11:54:52.159+0000] {processor.py:157} INFO - Started process (PID=803) to work on /opt/airflow/dags/extract_exchange_rates.py
[2025-04-03T11:54:52.159+0000] {processor.py:829} INFO - Processing file /opt/airflow/dags/extract_exchange_rates.py for tasks to queue
[2025-04-03T11:54:52.160+0000] {logging_mixin.py:151} INFO - [2025-04-03T11:54:52.160+0000] {dagbag.py:536} INFO - Filling up the DagBag from /opt/airflow/dags/extract_exchange_rates.py
[2025-04-03T11:54:52.174+0000] {processor.py:839} INFO - DAG(s) dict_keys(['extract_exchange_rates']) retrieved from /opt/airflow/dags/extract_exchange_rates.py
[2025-04-03T11:54:52.192+0000] {logging_mixin.py:151} INFO - [2025-04-03T11:54:52.191+0000] {dag.py:2941} INFO - Sync 1 DAGs
[2025-04-03T11:54:52.203+0000] {logging_mixin.py:151} INFO - [2025-04-03T11:54:52.203+0000] {dag.py:3722} INFO - Setting next_dagrun for extract_exchange_rates to 2025-04-03T00:00:00+00:00, run_after=2025-04-04T00:00:00+00:00
[2025-04-03T11:54:52.210+0000] {processor.py:179} INFO - Processing /opt/airflow/dags/extract_exchange_rates.py took 0.055 seconds
[2025-04-03T11:55:22.409+0000] {processor.py:157} INFO - Started process (PID=808) to work on /opt/airflow/dags/extract_exchange_rates.py
[2025-04-03T11:55:22.410+0000] {processor.py:829} INFO - Processing file /opt/airflow/dags/extract_exchange_rates.py for tasks to queue
[2025-04-03T11:55:22.410+0000] {logging_mixin.py:151} INFO - [2025-04-03T11:55:22.410+0000] {dagbag.py:536} INFO - Filling up the DagBag from /opt/airflow/dags/extract_exchange_rates.py
[2025-04-03T11:55:22.421+0000] {processor.py:839} INFO - DAG(s) dict_keys(['extract_exchange_rates']) retrieved from /opt/airflow/dags/extract_exchange_rates.py
[2025-04-03T11:55:22.435+0000] {logging_mixin.py:151} INFO - [2025-04-03T11:55:22.435+0000] {dag.py:2941} INFO - Sync 1 DAGs
[2025-04-03T11:55:22.445+0000] {logging_mixin.py:151} INFO - [2025-04-03T11:55:22.445+0000] {dag.py:3722} INFO - Setting next_dagrun for extract_exchange_rates to 2025-04-03T00:00:00+00:00, run_after=2025-04-04T00:00:00+00:00
[2025-04-03T11:55:22.452+0000] {processor.py:179} INFO - Processing /opt/airflow/dags/extract_exchange_rates.py took 0.046 seconds
[2025-04-03T11:55:52.712+0000] {processor.py:157} INFO - Started process (PID=813) to work on /opt/airflow/dags/extract_exchange_rates.py
[2025-04-03T11:55:52.712+0000] {processor.py:829} INFO - Processing file /opt/airflow/dags/extract_exchange_rates.py for tasks to queue
[2025-04-03T11:55:52.713+0000] {logging_mixin.py:151} INFO - [2025-04-03T11:55:52.713+0000] {dagbag.py:536} INFO - Filling up the DagBag from /opt/airflow/dags/extract_exchange_rates.py
[2025-04-03T11:55:52.726+0000] {processor.py:839} INFO - DAG(s) dict_keys(['extract_exchange_rates']) retrieved from /opt/airflow/dags/extract_exchange_rates.py
[2025-04-03T11:55:52.739+0000] {logging_mixin.py:151} INFO - [2025-04-03T11:55:52.739+0000] {dag.py:2941} INFO - Sync 1 DAGs
[2025-04-03T11:55:52.749+0000] {logging_mixin.py:151} INFO - [2025-04-03T11:55:52.749+0000] {dag.py:3722} INFO - Setting next_dagrun for extract_exchange_rates to 2025-04-03T00:00:00+00:00, run_after=2025-04-04T00:00:00+00:00
[2025-04-03T11:55:52.756+0000] {processor.py:179} INFO - Processing /opt/airflow/dags/extract_exchange_rates.py took 0.047 seconds
[2025-04-03T11:56:22.949+0000] {processor.py:157} INFO - Started process (PID=818) to work on /opt/airflow/dags/extract_exchange_rates.py
[2025-04-03T11:56:22.950+0000] {processor.py:829} INFO - Processing file /opt/airflow/dags/extract_exchange_rates.py for tasks to queue
[2025-04-03T11:56:22.950+0000] {logging_mixin.py:151} INFO - [2025-04-03T11:56:22.950+0000] {dagbag.py:536} INFO - Filling up the DagBag from /opt/airflow/dags/extract_exchange_rates.py
[2025-04-03T11:56:22.959+0000] {processor.py:839} INFO - DAG(s) dict_keys(['extract_exchange_rates']) retrieved from /opt/airflow/dags/extract_exchange_rates.py
[2025-04-03T11:56:22.973+0000] {logging_mixin.py:151} INFO - [2025-04-03T11:56:22.973+0000] {dag.py:2941} INFO - Sync 1 DAGs
[2025-04-03T11:56:22.984+0000] {logging_mixin.py:151} INFO - [2025-04-03T11:56:22.983+0000] {dag.py:3722} INFO - Setting next_dagrun for extract_exchange_rates to 2025-04-03T00:00:00+00:00, run_after=2025-04-04T00:00:00+00:00
[2025-04-03T11:56:22.991+0000] {processor.py:179} INFO - Processing /opt/airflow/dags/extract_exchange_rates.py took 0.044 seconds
[2025-04-03T11:56:53.189+0000] {processor.py:157} INFO - Started process (PID=823) to work on /opt/airflow/dags/extract_exchange_rates.py
[2025-04-03T11:56:53.190+0000] {processor.py:829} INFO - Processing file /opt/airflow/dags/extract_exchange_rates.py for tasks to queue
[2025-04-03T11:56:53.191+0000] {logging_mixin.py:151} INFO - [2025-04-03T11:56:53.191+0000] {dagbag.py:536} INFO - Filling up the DagBag from /opt/airflow/dags/extract_exchange_rates.py
[2025-04-03T11:56:53.203+0000] {processor.py:839} INFO - DAG(s) dict_keys(['extract_exchange_rates']) retrieved from /opt/airflow/dags/extract_exchange_rates.py
[2025-04-03T11:56:53.220+0000] {logging_mixin.py:151} INFO - [2025-04-03T11:56:53.220+0000] {dag.py:2941} INFO - Sync 1 DAGs
[2025-04-03T11:56:53.232+0000] {logging_mixin.py:151} INFO - [2025-04-03T11:56:53.232+0000] {dag.py:3722} INFO - Setting next_dagrun for extract_exchange_rates to 2025-04-03T00:00:00+00:00, run_after=2025-04-04T00:00:00+00:00
[2025-04-03T11:56:53.239+0000] {processor.py:179} INFO - Processing /opt/airflow/dags/extract_exchange_rates.py took 0.052 seconds
[2025-04-03T11:57:23.431+0000] {processor.py:157} INFO - Started process (PID=828) to work on /opt/airflow/dags/extract_exchange_rates.py
[2025-04-03T11:57:23.432+0000] {processor.py:829} INFO - Processing file /opt/airflow/dags/extract_exchange_rates.py for tasks to queue
[2025-04-03T11:57:23.432+0000] {logging_mixin.py:151} INFO - [2025-04-03T11:57:23.432+0000] {dagbag.py:536} INFO - Filling up the DagBag from /opt/airflow/dags/extract_exchange_rates.py
[2025-04-03T11:57:23.442+0000] {processor.py:839} INFO - DAG(s) dict_keys(['extract_exchange_rates']) retrieved from /opt/airflow/dags/extract_exchange_rates.py
[2025-04-03T11:57:23.456+0000] {logging_mixin.py:151} INFO - [2025-04-03T11:57:23.456+0000] {dag.py:2941} INFO - Sync 1 DAGs
[2025-04-03T11:57:23.467+0000] {logging_mixin.py:151} INFO - [2025-04-03T11:57:23.466+0000] {dag.py:3722} INFO - Setting next_dagrun for extract_exchange_rates to 2025-04-03T00:00:00+00:00, run_after=2025-04-04T00:00:00+00:00
[2025-04-03T11:57:23.473+0000] {processor.py:179} INFO - Processing /opt/airflow/dags/extract_exchange_rates.py took 0.045 seconds
[2025-04-03T11:57:53.666+0000] {processor.py:157} INFO - Started process (PID=833) to work on /opt/airflow/dags/extract_exchange_rates.py
[2025-04-03T11:57:53.667+0000] {processor.py:829} INFO - Processing file /opt/airflow/dags/extract_exchange_rates.py for tasks to queue
[2025-04-03T11:57:53.667+0000] {logging_mixin.py:151} INFO - [2025-04-03T11:57:53.667+0000] {dagbag.py:536} INFO - Filling up the DagBag from /opt/airflow/dags/extract_exchange_rates.py
[2025-04-03T11:57:53.675+0000] {processor.py:839} INFO - DAG(s) dict_keys(['extract_exchange_rates']) retrieved from /opt/airflow/dags/extract_exchange_rates.py
[2025-04-03T11:57:53.688+0000] {logging_mixin.py:151} INFO - [2025-04-03T11:57:53.687+0000] {dag.py:2941} INFO - Sync 1 DAGs
[2025-04-03T11:57:53.698+0000] {logging_mixin.py:151} INFO - [2025-04-03T11:57:53.698+0000] {dag.py:3722} INFO - Setting next_dagrun for extract_exchange_rates to 2025-04-03T00:00:00+00:00, run_after=2025-04-04T00:00:00+00:00
[2025-04-03T11:57:53.705+0000] {processor.py:179} INFO - Processing /opt/airflow/dags/extract_exchange_rates.py took 0.040 seconds
[2025-04-03T11:58:23.928+0000] {processor.py:157} INFO - Started process (PID=838) to work on /opt/airflow/dags/extract_exchange_rates.py
[2025-04-03T11:58:23.928+0000] {processor.py:829} INFO - Processing file /opt/airflow/dags/extract_exchange_rates.py for tasks to queue
[2025-04-03T11:58:23.929+0000] {logging_mixin.py:151} INFO - [2025-04-03T11:58:23.929+0000] {dagbag.py:536} INFO - Filling up the DagBag from /opt/airflow/dags/extract_exchange_rates.py
[2025-04-03T11:58:23.939+0000] {processor.py:839} INFO - DAG(s) dict_keys(['extract_exchange_rates']) retrieved from /opt/airflow/dags/extract_exchange_rates.py
[2025-04-03T11:58:23.953+0000] {logging_mixin.py:151} INFO - [2025-04-03T11:58:23.953+0000] {dag.py:2941} INFO - Sync 1 DAGs
[2025-04-03T11:58:23.963+0000] {logging_mixin.py:151} INFO - [2025-04-03T11:58:23.963+0000] {dag.py:3722} INFO - Setting next_dagrun for extract_exchange_rates to 2025-04-03T00:00:00+00:00, run_after=2025-04-04T00:00:00+00:00
[2025-04-03T11:58:23.970+0000] {processor.py:179} INFO - Processing /opt/airflow/dags/extract_exchange_rates.py took 0.045 seconds
[2025-04-03T11:58:54.198+0000] {processor.py:157} INFO - Started process (PID=843) to work on /opt/airflow/dags/extract_exchange_rates.py
[2025-04-03T11:58:54.199+0000] {processor.py:829} INFO - Processing file /opt/airflow/dags/extract_exchange_rates.py for tasks to queue
[2025-04-03T11:58:54.199+0000] {logging_mixin.py:151} INFO - [2025-04-03T11:58:54.199+0000] {dagbag.py:536} INFO - Filling up the DagBag from /opt/airflow/dags/extract_exchange_rates.py
[2025-04-03T11:58:54.211+0000] {processor.py:839} INFO - DAG(s) dict_keys(['extract_exchange_rates']) retrieved from /opt/airflow/dags/extract_exchange_rates.py
[2025-04-03T11:58:54.226+0000] {logging_mixin.py:151} INFO - [2025-04-03T11:58:54.226+0000] {dag.py:2941} INFO - Sync 1 DAGs
[2025-04-03T11:58:54.236+0000] {logging_mixin.py:151} INFO - [2025-04-03T11:58:54.236+0000] {dag.py:3722} INFO - Setting next_dagrun for extract_exchange_rates to 2025-04-03T00:00:00+00:00, run_after=2025-04-04T00:00:00+00:00
[2025-04-03T11:58:54.243+0000] {processor.py:179} INFO - Processing /opt/airflow/dags/extract_exchange_rates.py took 0.048 seconds
[2025-04-03T11:59:24.456+0000] {processor.py:157} INFO - Started process (PID=848) to work on /opt/airflow/dags/extract_exchange_rates.py
[2025-04-03T11:59:24.456+0000] {processor.py:829} INFO - Processing file /opt/airflow/dags/extract_exchange_rates.py for tasks to queue
[2025-04-03T11:59:24.457+0000] {logging_mixin.py:151} INFO - [2025-04-03T11:59:24.457+0000] {dagbag.py:536} INFO - Filling up the DagBag from /opt/airflow/dags/extract_exchange_rates.py
[2025-04-03T11:59:24.468+0000] {processor.py:839} INFO - DAG(s) dict_keys(['extract_exchange_rates']) retrieved from /opt/airflow/dags/extract_exchange_rates.py
[2025-04-03T11:59:24.481+0000] {logging_mixin.py:151} INFO - [2025-04-03T11:59:24.481+0000] {dag.py:2941} INFO - Sync 1 DAGs
[2025-04-03T11:59:24.491+0000] {logging_mixin.py:151} INFO - [2025-04-03T11:59:24.491+0000] {dag.py:3722} INFO - Setting next_dagrun for extract_exchange_rates to 2025-04-03T00:00:00+00:00, run_after=2025-04-04T00:00:00+00:00
[2025-04-03T11:59:24.499+0000] {processor.py:179} INFO - Processing /opt/airflow/dags/extract_exchange_rates.py took 0.045 seconds
[2025-04-03T11:59:54.674+0000] {processor.py:157} INFO - Started process (PID=853) to work on /opt/airflow/dags/extract_exchange_rates.py
[2025-04-03T11:59:54.675+0000] {processor.py:829} INFO - Processing file /opt/airflow/dags/extract_exchange_rates.py for tasks to queue
[2025-04-03T11:59:54.675+0000] {logging_mixin.py:151} INFO - [2025-04-03T11:59:54.675+0000] {dagbag.py:536} INFO - Filling up the DagBag from /opt/airflow/dags/extract_exchange_rates.py
[2025-04-03T11:59:54.684+0000] {processor.py:839} INFO - DAG(s) dict_keys(['extract_exchange_rates']) retrieved from /opt/airflow/dags/extract_exchange_rates.py
[2025-04-03T11:59:54.697+0000] {logging_mixin.py:151} INFO - [2025-04-03T11:59:54.697+0000] {dag.py:2941} INFO - Sync 1 DAGs
[2025-04-03T11:59:54.708+0000] {logging_mixin.py:151} INFO - [2025-04-03T11:59:54.707+0000] {dag.py:3722} INFO - Setting next_dagrun for extract_exchange_rates to 2025-04-03T00:00:00+00:00, run_after=2025-04-04T00:00:00+00:00
[2025-04-03T11:59:54.715+0000] {processor.py:179} INFO - Processing /opt/airflow/dags/extract_exchange_rates.py took 0.043 seconds
[2025-04-03T12:00:24.915+0000] {processor.py:157} INFO - Started process (PID=858) to work on /opt/airflow/dags/extract_exchange_rates.py
[2025-04-03T12:00:24.916+0000] {processor.py:829} INFO - Processing file /opt/airflow/dags/extract_exchange_rates.py for tasks to queue
[2025-04-03T12:00:24.916+0000] {logging_mixin.py:151} INFO - [2025-04-03T12:00:24.916+0000] {dagbag.py:536} INFO - Filling up the DagBag from /opt/airflow/dags/extract_exchange_rates.py
[2025-04-03T12:00:24.927+0000] {processor.py:839} INFO - DAG(s) dict_keys(['extract_exchange_rates']) retrieved from /opt/airflow/dags/extract_exchange_rates.py
[2025-04-03T12:00:24.939+0000] {logging_mixin.py:151} INFO - [2025-04-03T12:00:24.939+0000] {dag.py:2941} INFO - Sync 1 DAGs
[2025-04-03T12:00:24.948+0000] {logging_mixin.py:151} INFO - [2025-04-03T12:00:24.948+0000] {dag.py:3722} INFO - Setting next_dagrun for extract_exchange_rates to 2025-04-03T00:00:00+00:00, run_after=2025-04-04T00:00:00+00:00
[2025-04-03T12:00:24.955+0000] {processor.py:179} INFO - Processing /opt/airflow/dags/extract_exchange_rates.py took 0.042 seconds
[2025-04-03T12:00:55.130+0000] {processor.py:157} INFO - Started process (PID=863) to work on /opt/airflow/dags/extract_exchange_rates.py
[2025-04-03T12:00:55.130+0000] {processor.py:829} INFO - Processing file /opt/airflow/dags/extract_exchange_rates.py for tasks to queue
[2025-04-03T12:00:55.131+0000] {logging_mixin.py:151} INFO - [2025-04-03T12:00:55.131+0000] {dagbag.py:536} INFO - Filling up the DagBag from /opt/airflow/dags/extract_exchange_rates.py
[2025-04-03T12:00:55.139+0000] {processor.py:839} INFO - DAG(s) dict_keys(['extract_exchange_rates']) retrieved from /opt/airflow/dags/extract_exchange_rates.py
[2025-04-03T12:00:55.151+0000] {logging_mixin.py:151} INFO - [2025-04-03T12:00:55.151+0000] {dag.py:2941} INFO - Sync 1 DAGs
[2025-04-03T12:00:55.160+0000] {logging_mixin.py:151} INFO - [2025-04-03T12:00:55.160+0000] {dag.py:3722} INFO - Setting next_dagrun for extract_exchange_rates to 2025-04-03T00:00:00+00:00, run_after=2025-04-04T00:00:00+00:00
[2025-04-03T12:00:55.167+0000] {processor.py:179} INFO - Processing /opt/airflow/dags/extract_exchange_rates.py took 0.039 seconds
[2025-04-03T12:01:25.382+0000] {processor.py:157} INFO - Started process (PID=868) to work on /opt/airflow/dags/extract_exchange_rates.py
[2025-04-03T12:01:25.383+0000] {processor.py:829} INFO - Processing file /opt/airflow/dags/extract_exchange_rates.py for tasks to queue
[2025-04-03T12:01:25.383+0000] {logging_mixin.py:151} INFO - [2025-04-03T12:01:25.383+0000] {dagbag.py:536} INFO - Filling up the DagBag from /opt/airflow/dags/extract_exchange_rates.py
[2025-04-03T12:01:25.393+0000] {processor.py:839} INFO - DAG(s) dict_keys(['extract_exchange_rates']) retrieved from /opt/airflow/dags/extract_exchange_rates.py
[2025-04-03T12:01:25.405+0000] {logging_mixin.py:151} INFO - [2025-04-03T12:01:25.405+0000] {dag.py:2941} INFO - Sync 1 DAGs
[2025-04-03T12:01:25.414+0000] {logging_mixin.py:151} INFO - [2025-04-03T12:01:25.414+0000] {dag.py:3722} INFO - Setting next_dagrun for extract_exchange_rates to 2025-04-03T00:00:00+00:00, run_after=2025-04-04T00:00:00+00:00
[2025-04-03T12:01:25.421+0000] {processor.py:179} INFO - Processing /opt/airflow/dags/extract_exchange_rates.py took 0.041 seconds
[2025-04-03T12:01:55.628+0000] {processor.py:157} INFO - Started process (PID=873) to work on /opt/airflow/dags/extract_exchange_rates.py
[2025-04-03T12:01:55.629+0000] {processor.py:829} INFO - Processing file /opt/airflow/dags/extract_exchange_rates.py for tasks to queue
[2025-04-03T12:01:55.630+0000] {logging_mixin.py:151} INFO - [2025-04-03T12:01:55.630+0000] {dagbag.py:536} INFO - Filling up the DagBag from /opt/airflow/dags/extract_exchange_rates.py
[2025-04-03T12:01:55.639+0000] {processor.py:839} INFO - DAG(s) dict_keys(['extract_exchange_rates']) retrieved from /opt/airflow/dags/extract_exchange_rates.py
[2025-04-03T12:01:55.653+0000] {logging_mixin.py:151} INFO - [2025-04-03T12:01:55.653+0000] {dag.py:2941} INFO - Sync 1 DAGs
[2025-04-03T12:01:55.663+0000] {logging_mixin.py:151} INFO - [2025-04-03T12:01:55.663+0000] {dag.py:3722} INFO - Setting next_dagrun for extract_exchange_rates to 2025-04-03T00:00:00+00:00, run_after=2025-04-04T00:00:00+00:00
[2025-04-03T12:01:55.671+0000] {processor.py:179} INFO - Processing /opt/airflow/dags/extract_exchange_rates.py took 0.045 seconds
[2025-04-03T12:02:25.871+0000] {processor.py:157} INFO - Started process (PID=878) to work on /opt/airflow/dags/extract_exchange_rates.py
[2025-04-03T12:02:25.872+0000] {processor.py:829} INFO - Processing file /opt/airflow/dags/extract_exchange_rates.py for tasks to queue
[2025-04-03T12:02:25.873+0000] {logging_mixin.py:151} INFO - [2025-04-03T12:02:25.872+0000] {dagbag.py:536} INFO - Filling up the DagBag from /opt/airflow/dags/extract_exchange_rates.py
[2025-04-03T12:02:25.886+0000] {processor.py:839} INFO - DAG(s) dict_keys(['extract_exchange_rates']) retrieved from /opt/airflow/dags/extract_exchange_rates.py
[2025-04-03T12:02:25.904+0000] {logging_mixin.py:151} INFO - [2025-04-03T12:02:25.904+0000] {dag.py:2941} INFO - Sync 1 DAGs
[2025-04-03T12:02:25.916+0000] {logging_mixin.py:151} INFO - [2025-04-03T12:02:25.916+0000] {dag.py:3722} INFO - Setting next_dagrun for extract_exchange_rates to 2025-04-03T00:00:00+00:00, run_after=2025-04-04T00:00:00+00:00
[2025-04-03T12:02:25.924+0000] {processor.py:179} INFO - Processing /opt/airflow/dags/extract_exchange_rates.py took 0.056 seconds
[2025-04-03T12:02:56.118+0000] {processor.py:157} INFO - Started process (PID=883) to work on /opt/airflow/dags/extract_exchange_rates.py
[2025-04-03T12:02:56.119+0000] {processor.py:829} INFO - Processing file /opt/airflow/dags/extract_exchange_rates.py for tasks to queue
[2025-04-03T12:02:56.120+0000] {logging_mixin.py:151} INFO - [2025-04-03T12:02:56.119+0000] {dagbag.py:536} INFO - Filling up the DagBag from /opt/airflow/dags/extract_exchange_rates.py
[2025-04-03T12:02:56.131+0000] {processor.py:839} INFO - DAG(s) dict_keys(['extract_exchange_rates']) retrieved from /opt/airflow/dags/extract_exchange_rates.py
[2025-04-03T12:02:56.147+0000] {logging_mixin.py:151} INFO - [2025-04-03T12:02:56.147+0000] {dag.py:2941} INFO - Sync 1 DAGs
[2025-04-03T12:02:56.158+0000] {logging_mixin.py:151} INFO - [2025-04-03T12:02:56.158+0000] {dag.py:3722} INFO - Setting next_dagrun for extract_exchange_rates to 2025-04-03T00:00:00+00:00, run_after=2025-04-04T00:00:00+00:00
[2025-04-03T12:02:56.165+0000] {processor.py:179} INFO - Processing /opt/airflow/dags/extract_exchange_rates.py took 0.050 seconds
[2025-04-03T12:03:26.330+0000] {processor.py:157} INFO - Started process (PID=888) to work on /opt/airflow/dags/extract_exchange_rates.py
[2025-04-03T12:03:26.331+0000] {processor.py:829} INFO - Processing file /opt/airflow/dags/extract_exchange_rates.py for tasks to queue
[2025-04-03T12:03:26.332+0000] {logging_mixin.py:151} INFO - [2025-04-03T12:03:26.331+0000] {dagbag.py:536} INFO - Filling up the DagBag from /opt/airflow/dags/extract_exchange_rates.py
[2025-04-03T12:03:26.342+0000] {processor.py:839} INFO - DAG(s) dict_keys(['extract_exchange_rates']) retrieved from /opt/airflow/dags/extract_exchange_rates.py
[2025-04-03T12:03:26.358+0000] {logging_mixin.py:151} INFO - [2025-04-03T12:03:26.358+0000] {dag.py:2941} INFO - Sync 1 DAGs
[2025-04-03T12:03:26.370+0000] {logging_mixin.py:151} INFO - [2025-04-03T12:03:26.370+0000] {dag.py:3722} INFO - Setting next_dagrun for extract_exchange_rates to 2025-04-03T00:00:00+00:00, run_after=2025-04-04T00:00:00+00:00
[2025-04-03T12:03:26.378+0000] {processor.py:179} INFO - Processing /opt/airflow/dags/extract_exchange_rates.py took 0.050 seconds
[2025-04-03T12:03:56.590+0000] {processor.py:157} INFO - Started process (PID=893) to work on /opt/airflow/dags/extract_exchange_rates.py
[2025-04-03T12:03:56.591+0000] {processor.py:829} INFO - Processing file /opt/airflow/dags/extract_exchange_rates.py for tasks to queue
[2025-04-03T12:03:56.592+0000] {logging_mixin.py:151} INFO - [2025-04-03T12:03:56.592+0000] {dagbag.py:536} INFO - Filling up the DagBag from /opt/airflow/dags/extract_exchange_rates.py
[2025-04-03T12:03:56.608+0000] {processor.py:839} INFO - DAG(s) dict_keys(['extract_exchange_rates']) retrieved from /opt/airflow/dags/extract_exchange_rates.py
[2025-04-03T12:03:56.628+0000] {logging_mixin.py:151} INFO - [2025-04-03T12:03:56.628+0000] {dag.py:2941} INFO - Sync 1 DAGs
[2025-04-03T12:03:56.640+0000] {logging_mixin.py:151} INFO - [2025-04-03T12:03:56.640+0000] {dag.py:3722} INFO - Setting next_dagrun for extract_exchange_rates to 2025-04-03T00:00:00+00:00, run_after=2025-04-04T00:00:00+00:00
[2025-04-03T12:03:56.647+0000] {processor.py:179} INFO - Processing /opt/airflow/dags/extract_exchange_rates.py took 0.062 seconds
[2025-04-03T12:04:26.786+0000] {processor.py:157} INFO - Started process (PID=898) to work on /opt/airflow/dags/extract_exchange_rates.py
[2025-04-03T12:04:26.787+0000] {processor.py:829} INFO - Processing file /opt/airflow/dags/extract_exchange_rates.py for tasks to queue
[2025-04-03T12:04:26.788+0000] {logging_mixin.py:151} INFO - [2025-04-03T12:04:26.788+0000] {dagbag.py:536} INFO - Filling up the DagBag from /opt/airflow/dags/extract_exchange_rates.py
[2025-04-03T12:04:26.798+0000] {processor.py:839} INFO - DAG(s) dict_keys(['extract_exchange_rates']) retrieved from /opt/airflow/dags/extract_exchange_rates.py
[2025-04-03T12:04:26.815+0000] {logging_mixin.py:151} INFO - [2025-04-03T12:04:26.815+0000] {dag.py:2941} INFO - Sync 1 DAGs
[2025-04-03T12:04:26.826+0000] {logging_mixin.py:151} INFO - [2025-04-03T12:04:26.825+0000] {dag.py:3722} INFO - Setting next_dagrun for extract_exchange_rates to 2025-04-03T00:00:00+00:00, run_after=2025-04-04T00:00:00+00:00
[2025-04-03T12:04:26.833+0000] {processor.py:179} INFO - Processing /opt/airflow/dags/extract_exchange_rates.py took 0.049 seconds
[2025-04-03T12:04:57.038+0000] {processor.py:157} INFO - Started process (PID=903) to work on /opt/airflow/dags/extract_exchange_rates.py
[2025-04-03T12:04:57.038+0000] {processor.py:829} INFO - Processing file /opt/airflow/dags/extract_exchange_rates.py for tasks to queue
[2025-04-03T12:04:57.039+0000] {logging_mixin.py:151} INFO - [2025-04-03T12:04:57.039+0000] {dagbag.py:536} INFO - Filling up the DagBag from /opt/airflow/dags/extract_exchange_rates.py
[2025-04-03T12:04:57.051+0000] {processor.py:839} INFO - DAG(s) dict_keys(['extract_exchange_rates']) retrieved from /opt/airflow/dags/extract_exchange_rates.py
[2025-04-03T12:04:57.067+0000] {logging_mixin.py:151} INFO - [2025-04-03T12:04:57.067+0000] {dag.py:2941} INFO - Sync 1 DAGs
[2025-04-03T12:04:57.079+0000] {logging_mixin.py:151} INFO - [2025-04-03T12:04:57.079+0000] {dag.py:3722} INFO - Setting next_dagrun for extract_exchange_rates to 2025-04-03T00:00:00+00:00, run_after=2025-04-04T00:00:00+00:00
[2025-04-03T12:04:57.089+0000] {processor.py:179} INFO - Processing /opt/airflow/dags/extract_exchange_rates.py took 0.054 seconds
[2025-04-03T12:05:27.258+0000] {processor.py:157} INFO - Started process (PID=908) to work on /opt/airflow/dags/extract_exchange_rates.py
[2025-04-03T12:05:27.259+0000] {processor.py:829} INFO - Processing file /opt/airflow/dags/extract_exchange_rates.py for tasks to queue
[2025-04-03T12:05:27.259+0000] {logging_mixin.py:151} INFO - [2025-04-03T12:05:27.259+0000] {dagbag.py:536} INFO - Filling up the DagBag from /opt/airflow/dags/extract_exchange_rates.py
[2025-04-03T12:05:27.269+0000] {processor.py:839} INFO - DAG(s) dict_keys(['extract_exchange_rates']) retrieved from /opt/airflow/dags/extract_exchange_rates.py
[2025-04-03T12:05:27.285+0000] {logging_mixin.py:151} INFO - [2025-04-03T12:05:27.285+0000] {dag.py:2941} INFO - Sync 1 DAGs
[2025-04-03T12:05:27.297+0000] {logging_mixin.py:151} INFO - [2025-04-03T12:05:27.297+0000] {dag.py:3722} INFO - Setting next_dagrun for extract_exchange_rates to 2025-04-03T00:00:00+00:00, run_after=2025-04-04T00:00:00+00:00
[2025-04-03T12:05:27.306+0000] {processor.py:179} INFO - Processing /opt/airflow/dags/extract_exchange_rates.py took 0.051 seconds
[2025-04-03T12:05:57.478+0000] {processor.py:157} INFO - Started process (PID=913) to work on /opt/airflow/dags/extract_exchange_rates.py
[2025-04-03T12:05:57.478+0000] {processor.py:829} INFO - Processing file /opt/airflow/dags/extract_exchange_rates.py for tasks to queue
[2025-04-03T12:05:57.479+0000] {logging_mixin.py:151} INFO - [2025-04-03T12:05:57.479+0000] {dagbag.py:536} INFO - Filling up the DagBag from /opt/airflow/dags/extract_exchange_rates.py
[2025-04-03T12:05:57.490+0000] {processor.py:839} INFO - DAG(s) dict_keys(['extract_exchange_rates']) retrieved from /opt/airflow/dags/extract_exchange_rates.py
[2025-04-03T12:05:57.504+0000] {logging_mixin.py:151} INFO - [2025-04-03T12:05:57.503+0000] {dag.py:2941} INFO - Sync 1 DAGs
[2025-04-03T12:05:57.514+0000] {logging_mixin.py:151} INFO - [2025-04-03T12:05:57.514+0000] {dag.py:3722} INFO - Setting next_dagrun for extract_exchange_rates to 2025-04-03T00:00:00+00:00, run_after=2025-04-04T00:00:00+00:00
[2025-04-03T12:05:57.523+0000] {processor.py:179} INFO - Processing /opt/airflow/dags/extract_exchange_rates.py took 0.048 seconds
[2025-04-03T12:06:27.700+0000] {processor.py:157} INFO - Started process (PID=918) to work on /opt/airflow/dags/extract_exchange_rates.py
[2025-04-03T12:06:27.702+0000] {processor.py:829} INFO - Processing file /opt/airflow/dags/extract_exchange_rates.py for tasks to queue
[2025-04-03T12:06:27.703+0000] {logging_mixin.py:151} INFO - [2025-04-03T12:06:27.703+0000] {dagbag.py:536} INFO - Filling up the DagBag from /opt/airflow/dags/extract_exchange_rates.py
[2025-04-03T12:06:27.715+0000] {processor.py:839} INFO - DAG(s) dict_keys(['extract_exchange_rates']) retrieved from /opt/airflow/dags/extract_exchange_rates.py
[2025-04-03T12:06:27.731+0000] {logging_mixin.py:151} INFO - [2025-04-03T12:06:27.731+0000] {dag.py:2941} INFO - Sync 1 DAGs
[2025-04-03T12:06:27.742+0000] {logging_mixin.py:151} INFO - [2025-04-03T12:06:27.742+0000] {dag.py:3722} INFO - Setting next_dagrun for extract_exchange_rates to 2025-04-03T00:00:00+00:00, run_after=2025-04-04T00:00:00+00:00
[2025-04-03T12:06:27.751+0000] {processor.py:179} INFO - Processing /opt/airflow/dags/extract_exchange_rates.py took 0.053 seconds
[2025-04-03T12:06:57.934+0000] {processor.py:157} INFO - Started process (PID=923) to work on /opt/airflow/dags/extract_exchange_rates.py
[2025-04-03T12:06:57.935+0000] {processor.py:829} INFO - Processing file /opt/airflow/dags/extract_exchange_rates.py for tasks to queue
[2025-04-03T12:06:57.936+0000] {logging_mixin.py:151} INFO - [2025-04-03T12:06:57.935+0000] {dagbag.py:536} INFO - Filling up the DagBag from /opt/airflow/dags/extract_exchange_rates.py
[2025-04-03T12:06:57.952+0000] {processor.py:839} INFO - DAG(s) dict_keys(['extract_exchange_rates']) retrieved from /opt/airflow/dags/extract_exchange_rates.py
[2025-04-03T12:06:57.974+0000] {logging_mixin.py:151} INFO - [2025-04-03T12:06:57.974+0000] {dag.py:2941} INFO - Sync 1 DAGs
[2025-04-03T12:06:57.988+0000] {logging_mixin.py:151} INFO - [2025-04-03T12:06:57.988+0000] {dag.py:3722} INFO - Setting next_dagrun for extract_exchange_rates to 2025-04-03T00:00:00+00:00, run_after=2025-04-04T00:00:00+00:00
[2025-04-03T12:06:57.996+0000] {processor.py:179} INFO - Processing /opt/airflow/dags/extract_exchange_rates.py took 0.065 seconds
[2025-04-03T12:07:28.164+0000] {processor.py:157} INFO - Started process (PID=928) to work on /opt/airflow/dags/extract_exchange_rates.py
[2025-04-03T12:07:28.166+0000] {processor.py:829} INFO - Processing file /opt/airflow/dags/extract_exchange_rates.py for tasks to queue
[2025-04-03T12:07:28.168+0000] {logging_mixin.py:151} INFO - [2025-04-03T12:07:28.167+0000] {dagbag.py:536} INFO - Filling up the DagBag from /opt/airflow/dags/extract_exchange_rates.py
[2025-04-03T12:07:28.178+0000] {processor.py:839} INFO - DAG(s) dict_keys(['extract_exchange_rates']) retrieved from /opt/airflow/dags/extract_exchange_rates.py
[2025-04-03T12:07:28.195+0000] {logging_mixin.py:151} INFO - [2025-04-03T12:07:28.194+0000] {dag.py:2941} INFO - Sync 1 DAGs
[2025-04-03T12:07:28.205+0000] {logging_mixin.py:151} INFO - [2025-04-03T12:07:28.205+0000] {dag.py:3722} INFO - Setting next_dagrun for extract_exchange_rates to 2025-04-03T00:00:00+00:00, run_after=2025-04-04T00:00:00+00:00
[2025-04-03T12:07:28.212+0000] {processor.py:179} INFO - Processing /opt/airflow/dags/extract_exchange_rates.py took 0.053 seconds
[2025-04-03T12:07:58.385+0000] {processor.py:157} INFO - Started process (PID=933) to work on /opt/airflow/dags/extract_exchange_rates.py
[2025-04-03T12:07:58.386+0000] {processor.py:829} INFO - Processing file /opt/airflow/dags/extract_exchange_rates.py for tasks to queue
[2025-04-03T12:07:58.387+0000] {logging_mixin.py:151} INFO - [2025-04-03T12:07:58.386+0000] {dagbag.py:536} INFO - Filling up the DagBag from /opt/airflow/dags/extract_exchange_rates.py
[2025-04-03T12:07:58.397+0000] {processor.py:839} INFO - DAG(s) dict_keys(['extract_exchange_rates']) retrieved from /opt/airflow/dags/extract_exchange_rates.py
[2025-04-03T12:07:58.411+0000] {logging_mixin.py:151} INFO - [2025-04-03T12:07:58.411+0000] {dag.py:2941} INFO - Sync 1 DAGs
[2025-04-03T12:07:58.423+0000] {logging_mixin.py:151} INFO - [2025-04-03T12:07:58.423+0000] {dag.py:3722} INFO - Setting next_dagrun for extract_exchange_rates to 2025-04-03T00:00:00+00:00, run_after=2025-04-04T00:00:00+00:00
[2025-04-03T12:07:58.431+0000] {processor.py:179} INFO - Processing /opt/airflow/dags/extract_exchange_rates.py took 0.048 seconds
[2025-04-03T12:08:28.620+0000] {processor.py:157} INFO - Started process (PID=938) to work on /opt/airflow/dags/extract_exchange_rates.py
[2025-04-03T12:08:28.621+0000] {processor.py:829} INFO - Processing file /opt/airflow/dags/extract_exchange_rates.py for tasks to queue
[2025-04-03T12:08:28.622+0000] {logging_mixin.py:151} INFO - [2025-04-03T12:08:28.622+0000] {dagbag.py:536} INFO - Filling up the DagBag from /opt/airflow/dags/extract_exchange_rates.py
[2025-04-03T12:08:28.631+0000] {processor.py:839} INFO - DAG(s) dict_keys(['extract_exchange_rates']) retrieved from /opt/airflow/dags/extract_exchange_rates.py
[2025-04-03T12:08:28.645+0000] {logging_mixin.py:151} INFO - [2025-04-03T12:08:28.644+0000] {dag.py:2941} INFO - Sync 1 DAGs
[2025-04-03T12:08:28.654+0000] {logging_mixin.py:151} INFO - [2025-04-03T12:08:28.654+0000] {dag.py:3722} INFO - Setting next_dagrun for extract_exchange_rates to 2025-04-03T00:00:00+00:00, run_after=2025-04-04T00:00:00+00:00
[2025-04-03T12:08:28.661+0000] {processor.py:179} INFO - Processing /opt/airflow/dags/extract_exchange_rates.py took 0.044 seconds
[2025-04-03T12:08:58.840+0000] {processor.py:157} INFO - Started process (PID=943) to work on /opt/airflow/dags/extract_exchange_rates.py
[2025-04-03T12:08:58.841+0000] {processor.py:829} INFO - Processing file /opt/airflow/dags/extract_exchange_rates.py for tasks to queue
[2025-04-03T12:08:58.842+0000] {logging_mixin.py:151} INFO - [2025-04-03T12:08:58.842+0000] {dagbag.py:536} INFO - Filling up the DagBag from /opt/airflow/dags/extract_exchange_rates.py
[2025-04-03T12:08:58.856+0000] {processor.py:839} INFO - DAG(s) dict_keys(['extract_exchange_rates']) retrieved from /opt/airflow/dags/extract_exchange_rates.py
[2025-04-03T12:08:58.873+0000] {logging_mixin.py:151} INFO - [2025-04-03T12:08:58.873+0000] {dag.py:2941} INFO - Sync 1 DAGs
[2025-04-03T12:08:58.885+0000] {logging_mixin.py:151} INFO - [2025-04-03T12:08:58.885+0000] {dag.py:3722} INFO - Setting next_dagrun for extract_exchange_rates to 2025-04-03T00:00:00+00:00, run_after=2025-04-04T00:00:00+00:00
[2025-04-03T12:08:58.893+0000] {processor.py:179} INFO - Processing /opt/airflow/dags/extract_exchange_rates.py took 0.055 seconds
[2025-04-03T12:09:29.053+0000] {processor.py:157} INFO - Started process (PID=948) to work on /opt/airflow/dags/extract_exchange_rates.py
[2025-04-03T12:09:29.054+0000] {processor.py:829} INFO - Processing file /opt/airflow/dags/extract_exchange_rates.py for tasks to queue
[2025-04-03T12:09:29.054+0000] {logging_mixin.py:151} INFO - [2025-04-03T12:09:29.054+0000] {dagbag.py:536} INFO - Filling up the DagBag from /opt/airflow/dags/extract_exchange_rates.py
[2025-04-03T12:09:29.066+0000] {processor.py:839} INFO - DAG(s) dict_keys(['extract_exchange_rates']) retrieved from /opt/airflow/dags/extract_exchange_rates.py
[2025-04-03T12:09:29.081+0000] {logging_mixin.py:151} INFO - [2025-04-03T12:09:29.081+0000] {dag.py:2941} INFO - Sync 1 DAGs
[2025-04-03T12:09:29.093+0000] {logging_mixin.py:151} INFO - [2025-04-03T12:09:29.093+0000] {dag.py:3722} INFO - Setting next_dagrun for extract_exchange_rates to 2025-04-03T00:00:00+00:00, run_after=2025-04-04T00:00:00+00:00
[2025-04-03T12:09:29.099+0000] {processor.py:179} INFO - Processing /opt/airflow/dags/extract_exchange_rates.py took 0.050 seconds
[2025-04-03T12:09:59.291+0000] {processor.py:157} INFO - Started process (PID=953) to work on /opt/airflow/dags/extract_exchange_rates.py
[2025-04-03T12:09:59.292+0000] {processor.py:829} INFO - Processing file /opt/airflow/dags/extract_exchange_rates.py for tasks to queue
[2025-04-03T12:09:59.293+0000] {logging_mixin.py:151} INFO - [2025-04-03T12:09:59.292+0000] {dagbag.py:536} INFO - Filling up the DagBag from /opt/airflow/dags/extract_exchange_rates.py
[2025-04-03T12:09:59.303+0000] {processor.py:839} INFO - DAG(s) dict_keys(['extract_exchange_rates']) retrieved from /opt/airflow/dags/extract_exchange_rates.py
[2025-04-03T12:09:59.318+0000] {logging_mixin.py:151} INFO - [2025-04-03T12:09:59.318+0000] {dag.py:2941} INFO - Sync 1 DAGs
[2025-04-03T12:09:59.329+0000] {logging_mixin.py:151} INFO - [2025-04-03T12:09:59.329+0000] {dag.py:3722} INFO - Setting next_dagrun for extract_exchange_rates to 2025-04-03T00:00:00+00:00, run_after=2025-04-04T00:00:00+00:00
[2025-04-03T12:09:59.338+0000] {processor.py:179} INFO - Processing /opt/airflow/dags/extract_exchange_rates.py took 0.051 seconds
[2025-04-03T12:10:29.526+0000] {processor.py:157} INFO - Started process (PID=958) to work on /opt/airflow/dags/extract_exchange_rates.py
[2025-04-03T12:10:29.527+0000] {processor.py:829} INFO - Processing file /opt/airflow/dags/extract_exchange_rates.py for tasks to queue
[2025-04-03T12:10:29.529+0000] {logging_mixin.py:151} INFO - [2025-04-03T12:10:29.529+0000] {dagbag.py:536} INFO - Filling up the DagBag from /opt/airflow/dags/extract_exchange_rates.py
[2025-04-03T12:10:29.547+0000] {processor.py:839} INFO - DAG(s) dict_keys(['extract_exchange_rates']) retrieved from /opt/airflow/dags/extract_exchange_rates.py
[2025-04-03T12:10:29.566+0000] {logging_mixin.py:151} INFO - [2025-04-03T12:10:29.566+0000] {dag.py:2941} INFO - Sync 1 DAGs
[2025-04-03T12:10:29.580+0000] {logging_mixin.py:151} INFO - [2025-04-03T12:10:29.580+0000] {dag.py:3722} INFO - Setting next_dagrun for extract_exchange_rates to 2025-04-03T00:00:00+00:00, run_after=2025-04-04T00:00:00+00:00
[2025-04-03T12:10:29.587+0000] {processor.py:179} INFO - Processing /opt/airflow/dags/extract_exchange_rates.py took 0.064 seconds
[2025-04-03T12:10:59.761+0000] {processor.py:157} INFO - Started process (PID=963) to work on /opt/airflow/dags/extract_exchange_rates.py
[2025-04-03T12:10:59.763+0000] {processor.py:829} INFO - Processing file /opt/airflow/dags/extract_exchange_rates.py for tasks to queue
[2025-04-03T12:10:59.764+0000] {logging_mixin.py:151} INFO - [2025-04-03T12:10:59.763+0000] {dagbag.py:536} INFO - Filling up the DagBag from /opt/airflow/dags/extract_exchange_rates.py
[2025-04-03T12:10:59.778+0000] {processor.py:839} INFO - DAG(s) dict_keys(['extract_exchange_rates']) retrieved from /opt/airflow/dags/extract_exchange_rates.py
[2025-04-03T12:10:59.795+0000] {logging_mixin.py:151} INFO - [2025-04-03T12:10:59.795+0000] {dag.py:2941} INFO - Sync 1 DAGs
[2025-04-03T12:10:59.811+0000] {logging_mixin.py:151} INFO - [2025-04-03T12:10:59.811+0000] {dag.py:3722} INFO - Setting next_dagrun for extract_exchange_rates to 2025-04-03T00:00:00+00:00, run_after=2025-04-04T00:00:00+00:00
[2025-04-03T12:10:59.821+0000] {processor.py:179} INFO - Processing /opt/airflow/dags/extract_exchange_rates.py took 0.063 seconds
[2025-04-03T12:11:29.988+0000] {processor.py:157} INFO - Started process (PID=968) to work on /opt/airflow/dags/extract_exchange_rates.py
[2025-04-03T12:11:29.989+0000] {processor.py:829} INFO - Processing file /opt/airflow/dags/extract_exchange_rates.py for tasks to queue
[2025-04-03T12:11:29.990+0000] {logging_mixin.py:151} INFO - [2025-04-03T12:11:29.989+0000] {dagbag.py:536} INFO - Filling up the DagBag from /opt/airflow/dags/extract_exchange_rates.py
[2025-04-03T12:11:30.005+0000] {processor.py:839} INFO - DAG(s) dict_keys(['extract_exchange_rates']) retrieved from /opt/airflow/dags/extract_exchange_rates.py
[2025-04-03T12:11:30.024+0000] {logging_mixin.py:151} INFO - [2025-04-03T12:11:30.024+0000] {dag.py:2941} INFO - Sync 1 DAGs
[2025-04-03T12:11:30.039+0000] {logging_mixin.py:151} INFO - [2025-04-03T12:11:30.038+0000] {dag.py:3722} INFO - Setting next_dagrun for extract_exchange_rates to 2025-04-03T00:00:00+00:00, run_after=2025-04-04T00:00:00+00:00
[2025-04-03T12:11:30.047+0000] {processor.py:179} INFO - Processing /opt/airflow/dags/extract_exchange_rates.py took 0.064 seconds
[2025-04-03T12:12:00.241+0000] {processor.py:157} INFO - Started process (PID=973) to work on /opt/airflow/dags/extract_exchange_rates.py
[2025-04-03T12:12:00.243+0000] {processor.py:829} INFO - Processing file /opt/airflow/dags/extract_exchange_rates.py for tasks to queue
[2025-04-03T12:12:00.244+0000] {logging_mixin.py:151} INFO - [2025-04-03T12:12:00.243+0000] {dagbag.py:536} INFO - Filling up the DagBag from /opt/airflow/dags/extract_exchange_rates.py
[2025-04-03T12:12:00.262+0000] {processor.py:839} INFO - DAG(s) dict_keys(['extract_exchange_rates']) retrieved from /opt/airflow/dags/extract_exchange_rates.py
[2025-04-03T12:12:00.282+0000] {logging_mixin.py:151} INFO - [2025-04-03T12:12:00.282+0000] {dag.py:2941} INFO - Sync 1 DAGs
[2025-04-03T12:12:00.295+0000] {logging_mixin.py:151} INFO - [2025-04-03T12:12:00.295+0000] {dag.py:3722} INFO - Setting next_dagrun for extract_exchange_rates to 2025-04-03T00:00:00+00:00, run_after=2025-04-04T00:00:00+00:00
[2025-04-03T12:12:00.303+0000] {processor.py:179} INFO - Processing /opt/airflow/dags/extract_exchange_rates.py took 0.066 seconds
[2025-04-03T12:12:30.477+0000] {processor.py:157} INFO - Started process (PID=978) to work on /opt/airflow/dags/extract_exchange_rates.py
[2025-04-03T12:12:30.477+0000] {processor.py:829} INFO - Processing file /opt/airflow/dags/extract_exchange_rates.py for tasks to queue
[2025-04-03T12:12:30.478+0000] {logging_mixin.py:151} INFO - [2025-04-03T12:12:30.478+0000] {dagbag.py:536} INFO - Filling up the DagBag from /opt/airflow/dags/extract_exchange_rates.py
[2025-04-03T12:12:30.491+0000] {processor.py:839} INFO - DAG(s) dict_keys(['extract_exchange_rates']) retrieved from /opt/airflow/dags/extract_exchange_rates.py
[2025-04-03T12:12:30.508+0000] {logging_mixin.py:151} INFO - [2025-04-03T12:12:30.508+0000] {dag.py:2941} INFO - Sync 1 DAGs
[2025-04-03T12:12:30.522+0000] {logging_mixin.py:151} INFO - [2025-04-03T12:12:30.522+0000] {dag.py:3722} INFO - Setting next_dagrun for extract_exchange_rates to 2025-04-03T00:00:00+00:00, run_after=2025-04-04T00:00:00+00:00
[2025-04-03T12:12:30.530+0000] {processor.py:179} INFO - Processing /opt/airflow/dags/extract_exchange_rates.py took 0.056 seconds
[2025-04-03T12:13:00.684+0000] {processor.py:157} INFO - Started process (PID=983) to work on /opt/airflow/dags/extract_exchange_rates.py
[2025-04-03T12:13:00.685+0000] {processor.py:829} INFO - Processing file /opt/airflow/dags/extract_exchange_rates.py for tasks to queue
[2025-04-03T12:13:00.685+0000] {logging_mixin.py:151} INFO - [2025-04-03T12:13:00.685+0000] {dagbag.py:536} INFO - Filling up the DagBag from /opt/airflow/dags/extract_exchange_rates.py
[2025-04-03T12:13:00.697+0000] {processor.py:839} INFO - DAG(s) dict_keys(['extract_exchange_rates']) retrieved from /opt/airflow/dags/extract_exchange_rates.py
[2025-04-03T12:13:00.718+0000] {logging_mixin.py:151} INFO - [2025-04-03T12:13:00.718+0000] {dag.py:2941} INFO - Sync 1 DAGs
[2025-04-03T12:13:00.731+0000] {logging_mixin.py:151} INFO - [2025-04-03T12:13:00.731+0000] {dag.py:3722} INFO - Setting next_dagrun for extract_exchange_rates to 2025-04-03T00:00:00+00:00, run_after=2025-04-04T00:00:00+00:00
[2025-04-03T12:13:00.741+0000] {processor.py:179} INFO - Processing /opt/airflow/dags/extract_exchange_rates.py took 0.059 seconds
[2025-04-03T12:13:30.907+0000] {processor.py:157} INFO - Started process (PID=988) to work on /opt/airflow/dags/extract_exchange_rates.py
[2025-04-03T12:13:30.908+0000] {processor.py:829} INFO - Processing file /opt/airflow/dags/extract_exchange_rates.py for tasks to queue
[2025-04-03T12:13:30.908+0000] {logging_mixin.py:151} INFO - [2025-04-03T12:13:30.908+0000] {dagbag.py:536} INFO - Filling up the DagBag from /opt/airflow/dags/extract_exchange_rates.py
[2025-04-03T12:13:30.916+0000] {processor.py:839} INFO - DAG(s) dict_keys(['extract_exchange_rates']) retrieved from /opt/airflow/dags/extract_exchange_rates.py
[2025-04-03T12:13:30.929+0000] {logging_mixin.py:151} INFO - [2025-04-03T12:13:30.929+0000] {dag.py:2941} INFO - Sync 1 DAGs
[2025-04-03T12:13:30.939+0000] {logging_mixin.py:151} INFO - [2025-04-03T12:13:30.939+0000] {dag.py:3722} INFO - Setting next_dagrun for extract_exchange_rates to 2025-04-03T00:00:00+00:00, run_after=2025-04-04T00:00:00+00:00
[2025-04-03T12:13:30.946+0000] {processor.py:179} INFO - Processing /opt/airflow/dags/extract_exchange_rates.py took 0.041 seconds
[2025-04-03T12:14:01.152+0000] {processor.py:157} INFO - Started process (PID=993) to work on /opt/airflow/dags/extract_exchange_rates.py
[2025-04-03T12:14:01.153+0000] {processor.py:829} INFO - Processing file /opt/airflow/dags/extract_exchange_rates.py for tasks to queue
[2025-04-03T12:14:01.154+0000] {logging_mixin.py:151} INFO - [2025-04-03T12:14:01.154+0000] {dagbag.py:536} INFO - Filling up the DagBag from /opt/airflow/dags/extract_exchange_rates.py
[2025-04-03T12:14:01.171+0000] {processor.py:839} INFO - DAG(s) dict_keys(['extract_exchange_rates']) retrieved from /opt/airflow/dags/extract_exchange_rates.py
[2025-04-03T12:14:01.192+0000] {logging_mixin.py:151} INFO - [2025-04-03T12:14:01.192+0000] {dag.py:2941} INFO - Sync 1 DAGs
[2025-04-03T12:14:01.208+0000] {logging_mixin.py:151} INFO - [2025-04-03T12:14:01.208+0000] {dag.py:3722} INFO - Setting next_dagrun for extract_exchange_rates to 2025-04-03T00:00:00+00:00, run_after=2025-04-04T00:00:00+00:00
[2025-04-03T12:14:01.217+0000] {processor.py:179} INFO - Processing /opt/airflow/dags/extract_exchange_rates.py took 0.068 seconds
[2025-04-03T12:14:31.352+0000] {processor.py:157} INFO - Started process (PID=998) to work on /opt/airflow/dags/extract_exchange_rates.py
[2025-04-03T12:14:31.352+0000] {processor.py:829} INFO - Processing file /opt/airflow/dags/extract_exchange_rates.py for tasks to queue
[2025-04-03T12:14:31.353+0000] {logging_mixin.py:151} INFO - [2025-04-03T12:14:31.353+0000] {dagbag.py:536} INFO - Filling up the DagBag from /opt/airflow/dags/extract_exchange_rates.py
[2025-04-03T12:14:31.366+0000] {processor.py:839} INFO - DAG(s) dict_keys(['extract_exchange_rates']) retrieved from /opt/airflow/dags/extract_exchange_rates.py
[2025-04-03T12:14:31.381+0000] {logging_mixin.py:151} INFO - [2025-04-03T12:14:31.381+0000] {dag.py:2941} INFO - Sync 1 DAGs
[2025-04-03T12:14:31.394+0000] {logging_mixin.py:151} INFO - [2025-04-03T12:14:31.394+0000] {dag.py:3722} INFO - Setting next_dagrun for extract_exchange_rates to 2025-04-03T00:00:00+00:00, run_after=2025-04-04T00:00:00+00:00
[2025-04-03T12:14:31.403+0000] {processor.py:179} INFO - Processing /opt/airflow/dags/extract_exchange_rates.py took 0.055 seconds
[2025-04-03T12:15:01.570+0000] {processor.py:157} INFO - Started process (PID=1003) to work on /opt/airflow/dags/extract_exchange_rates.py
[2025-04-03T12:15:01.572+0000] {processor.py:829} INFO - Processing file /opt/airflow/dags/extract_exchange_rates.py for tasks to queue
[2025-04-03T12:15:01.573+0000] {logging_mixin.py:151} INFO - [2025-04-03T12:15:01.573+0000] {dagbag.py:536} INFO - Filling up the DagBag from /opt/airflow/dags/extract_exchange_rates.py
[2025-04-03T12:15:01.585+0000] {processor.py:839} INFO - DAG(s) dict_keys(['extract_exchange_rates']) retrieved from /opt/airflow/dags/extract_exchange_rates.py
[2025-04-03T12:15:01.603+0000] {logging_mixin.py:151} INFO - [2025-04-03T12:15:01.603+0000] {dag.py:2941} INFO - Sync 1 DAGs
[2025-04-03T12:15:01.616+0000] {logging_mixin.py:151} INFO - [2025-04-03T12:15:01.616+0000] {dag.py:3722} INFO - Setting next_dagrun for extract_exchange_rates to 2025-04-03T00:00:00+00:00, run_after=2025-04-04T00:00:00+00:00
[2025-04-03T12:15:01.624+0000] {processor.py:179} INFO - Processing /opt/airflow/dags/extract_exchange_rates.py took 0.057 seconds
[2025-04-03T12:15:31.786+0000] {processor.py:157} INFO - Started process (PID=1008) to work on /opt/airflow/dags/extract_exchange_rates.py
[2025-04-03T12:15:31.787+0000] {processor.py:829} INFO - Processing file /opt/airflow/dags/extract_exchange_rates.py for tasks to queue
[2025-04-03T12:15:31.788+0000] {logging_mixin.py:151} INFO - [2025-04-03T12:15:31.787+0000] {dagbag.py:536} INFO - Filling up the DagBag from /opt/airflow/dags/extract_exchange_rates.py
[2025-04-03T12:15:31.800+0000] {processor.py:839} INFO - DAG(s) dict_keys(['extract_exchange_rates']) retrieved from /opt/airflow/dags/extract_exchange_rates.py
[2025-04-03T12:15:31.818+0000] {logging_mixin.py:151} INFO - [2025-04-03T12:15:31.818+0000] {dag.py:2941} INFO - Sync 1 DAGs
[2025-04-03T12:15:31.832+0000] {logging_mixin.py:151} INFO - [2025-04-03T12:15:31.832+0000] {dag.py:3722} INFO - Setting next_dagrun for extract_exchange_rates to 2025-04-03T00:00:00+00:00, run_after=2025-04-04T00:00:00+00:00
[2025-04-03T12:15:31.841+0000] {processor.py:179} INFO - Processing /opt/airflow/dags/extract_exchange_rates.py took 0.058 seconds
[2025-04-03T12:16:01.989+0000] {processor.py:157} INFO - Started process (PID=1013) to work on /opt/airflow/dags/extract_exchange_rates.py
[2025-04-03T12:16:01.991+0000] {processor.py:829} INFO - Processing file /opt/airflow/dags/extract_exchange_rates.py for tasks to queue
[2025-04-03T12:16:01.991+0000] {logging_mixin.py:151} INFO - [2025-04-03T12:16:01.991+0000] {dagbag.py:536} INFO - Filling up the DagBag from /opt/airflow/dags/extract_exchange_rates.py
[2025-04-03T12:16:02.002+0000] {processor.py:839} INFO - DAG(s) dict_keys(['extract_exchange_rates']) retrieved from /opt/airflow/dags/extract_exchange_rates.py
[2025-04-03T12:16:02.018+0000] {logging_mixin.py:151} INFO - [2025-04-03T12:16:02.018+0000] {dag.py:2941} INFO - Sync 1 DAGs
[2025-04-03T12:16:02.031+0000] {logging_mixin.py:151} INFO - [2025-04-03T12:16:02.031+0000] {dag.py:3722} INFO - Setting next_dagrun for extract_exchange_rates to 2025-04-03T00:00:00+00:00, run_after=2025-04-04T00:00:00+00:00
[2025-04-03T12:16:02.039+0000] {processor.py:179} INFO - Processing /opt/airflow/dags/extract_exchange_rates.py took 0.054 seconds
[2025-04-03T12:16:32.218+0000] {processor.py:157} INFO - Started process (PID=1018) to work on /opt/airflow/dags/extract_exchange_rates.py
[2025-04-03T12:16:32.219+0000] {processor.py:829} INFO - Processing file /opt/airflow/dags/extract_exchange_rates.py for tasks to queue
[2025-04-03T12:16:32.220+0000] {logging_mixin.py:151} INFO - [2025-04-03T12:16:32.219+0000] {dagbag.py:536} INFO - Filling up the DagBag from /opt/airflow/dags/extract_exchange_rates.py
[2025-04-03T12:16:32.237+0000] {processor.py:839} INFO - DAG(s) dict_keys(['extract_exchange_rates']) retrieved from /opt/airflow/dags/extract_exchange_rates.py
[2025-04-03T12:16:32.262+0000] {logging_mixin.py:151} INFO - [2025-04-03T12:16:32.261+0000] {dag.py:2941} INFO - Sync 1 DAGs
[2025-04-03T12:16:32.278+0000] {logging_mixin.py:151} INFO - [2025-04-03T12:16:32.278+0000] {dag.py:3722} INFO - Setting next_dagrun for extract_exchange_rates to 2025-04-03T00:00:00+00:00, run_after=2025-04-04T00:00:00+00:00
[2025-04-03T12:16:32.291+0000] {processor.py:179} INFO - Processing /opt/airflow/dags/extract_exchange_rates.py took 0.076 seconds
[2025-04-03T12:17:02.427+0000] {processor.py:157} INFO - Started process (PID=1023) to work on /opt/airflow/dags/extract_exchange_rates.py
[2025-04-03T12:17:02.428+0000] {processor.py:829} INFO - Processing file /opt/airflow/dags/extract_exchange_rates.py for tasks to queue
[2025-04-03T12:17:02.429+0000] {logging_mixin.py:151} INFO - [2025-04-03T12:17:02.428+0000] {dagbag.py:536} INFO - Filling up the DagBag from /opt/airflow/dags/extract_exchange_rates.py
[2025-04-03T12:17:02.442+0000] {processor.py:839} INFO - DAG(s) dict_keys(['extract_exchange_rates']) retrieved from /opt/airflow/dags/extract_exchange_rates.py
[2025-04-03T12:17:02.460+0000] {logging_mixin.py:151} INFO - [2025-04-03T12:17:02.460+0000] {dag.py:2941} INFO - Sync 1 DAGs
[2025-04-03T12:17:02.474+0000] {logging_mixin.py:151} INFO - [2025-04-03T12:17:02.473+0000] {dag.py:3722} INFO - Setting next_dagrun for extract_exchange_rates to 2025-04-03T00:00:00+00:00, run_after=2025-04-04T00:00:00+00:00
[2025-04-03T12:17:02.482+0000] {processor.py:179} INFO - Processing /opt/airflow/dags/extract_exchange_rates.py took 0.060 seconds
[2025-04-03T12:17:32.642+0000] {processor.py:157} INFO - Started process (PID=1028) to work on /opt/airflow/dags/extract_exchange_rates.py
[2025-04-03T12:17:32.644+0000] {processor.py:829} INFO - Processing file /opt/airflow/dags/extract_exchange_rates.py for tasks to queue
[2025-04-03T12:17:32.644+0000] {logging_mixin.py:151} INFO - [2025-04-03T12:17:32.644+0000] {dagbag.py:536} INFO - Filling up the DagBag from /opt/airflow/dags/extract_exchange_rates.py
[2025-04-03T12:17:32.656+0000] {processor.py:839} INFO - DAG(s) dict_keys(['extract_exchange_rates']) retrieved from /opt/airflow/dags/extract_exchange_rates.py
[2025-04-03T12:17:32.671+0000] {logging_mixin.py:151} INFO - [2025-04-03T12:17:32.671+0000] {dag.py:2941} INFO - Sync 1 DAGs
[2025-04-03T12:17:32.684+0000] {logging_mixin.py:151} INFO - [2025-04-03T12:17:32.684+0000] {dag.py:3722} INFO - Setting next_dagrun for extract_exchange_rates to 2025-04-03T00:00:00+00:00, run_after=2025-04-04T00:00:00+00:00
[2025-04-03T12:17:32.692+0000] {processor.py:179} INFO - Processing /opt/airflow/dags/extract_exchange_rates.py took 0.054 seconds
[2025-04-03T12:18:02.843+0000] {processor.py:157} INFO - Started process (PID=1033) to work on /opt/airflow/dags/extract_exchange_rates.py
[2025-04-03T12:18:02.844+0000] {processor.py:829} INFO - Processing file /opt/airflow/dags/extract_exchange_rates.py for tasks to queue
[2025-04-03T12:18:02.845+0000] {logging_mixin.py:151} INFO - [2025-04-03T12:18:02.844+0000] {dagbag.py:536} INFO - Filling up the DagBag from /opt/airflow/dags/extract_exchange_rates.py
[2025-04-03T12:18:02.858+0000] {processor.py:839} INFO - DAG(s) dict_keys(['extract_exchange_rates']) retrieved from /opt/airflow/dags/extract_exchange_rates.py
[2025-04-03T12:18:02.873+0000] {logging_mixin.py:151} INFO - [2025-04-03T12:18:02.873+0000] {dag.py:2941} INFO - Sync 1 DAGs
[2025-04-03T12:18:02.885+0000] {logging_mixin.py:151} INFO - [2025-04-03T12:18:02.885+0000] {dag.py:3722} INFO - Setting next_dagrun for extract_exchange_rates to 2025-04-03T00:00:00+00:00, run_after=2025-04-04T00:00:00+00:00
[2025-04-03T12:18:02.896+0000] {processor.py:179} INFO - Processing /opt/airflow/dags/extract_exchange_rates.py took 0.056 seconds
[2025-04-03T12:18:33.095+0000] {processor.py:157} INFO - Started process (PID=1038) to work on /opt/airflow/dags/extract_exchange_rates.py
[2025-04-03T12:18:33.097+0000] {processor.py:829} INFO - Processing file /opt/airflow/dags/extract_exchange_rates.py for tasks to queue
[2025-04-03T12:18:33.098+0000] {logging_mixin.py:151} INFO - [2025-04-03T12:18:33.098+0000] {dagbag.py:536} INFO - Filling up the DagBag from /opt/airflow/dags/extract_exchange_rates.py
[2025-04-03T12:18:33.116+0000] {processor.py:839} INFO - DAG(s) dict_keys(['extract_exchange_rates']) retrieved from /opt/airflow/dags/extract_exchange_rates.py
[2025-04-03T12:18:33.138+0000] {logging_mixin.py:151} INFO - [2025-04-03T12:18:33.138+0000] {dag.py:2941} INFO - Sync 1 DAGs
[2025-04-03T12:18:33.152+0000] {logging_mixin.py:151} INFO - [2025-04-03T12:18:33.152+0000] {dag.py:3722} INFO - Setting next_dagrun for extract_exchange_rates to 2025-04-03T00:00:00+00:00, run_after=2025-04-04T00:00:00+00:00
[2025-04-03T12:18:33.161+0000] {processor.py:179} INFO - Processing /opt/airflow/dags/extract_exchange_rates.py took 0.070 seconds
[2025-04-03T12:19:03.299+0000] {processor.py:157} INFO - Started process (PID=1043) to work on /opt/airflow/dags/extract_exchange_rates.py
[2025-04-03T12:19:03.300+0000] {processor.py:829} INFO - Processing file /opt/airflow/dags/extract_exchange_rates.py for tasks to queue
[2025-04-03T12:19:03.300+0000] {logging_mixin.py:151} INFO - [2025-04-03T12:19:03.300+0000] {dagbag.py:536} INFO - Filling up the DagBag from /opt/airflow/dags/extract_exchange_rates.py
[2025-04-03T12:19:03.314+0000] {processor.py:839} INFO - DAG(s) dict_keys(['extract_exchange_rates']) retrieved from /opt/airflow/dags/extract_exchange_rates.py
[2025-04-03T12:19:03.331+0000] {logging_mixin.py:151} INFO - [2025-04-03T12:19:03.331+0000] {dag.py:2941} INFO - Sync 1 DAGs
[2025-04-03T12:19:03.344+0000] {logging_mixin.py:151} INFO - [2025-04-03T12:19:03.343+0000] {dag.py:3722} INFO - Setting next_dagrun for extract_exchange_rates to 2025-04-03T00:00:00+00:00, run_after=2025-04-04T00:00:00+00:00
[2025-04-03T12:19:03.352+0000] {processor.py:179} INFO - Processing /opt/airflow/dags/extract_exchange_rates.py took 0.056 seconds
[2025-04-03T12:19:33.521+0000] {processor.py:157} INFO - Started process (PID=1048) to work on /opt/airflow/dags/extract_exchange_rates.py
[2025-04-03T12:19:33.522+0000] {processor.py:829} INFO - Processing file /opt/airflow/dags/extract_exchange_rates.py for tasks to queue
[2025-04-03T12:19:33.522+0000] {logging_mixin.py:151} INFO - [2025-04-03T12:19:33.522+0000] {dagbag.py:536} INFO - Filling up the DagBag from /opt/airflow/dags/extract_exchange_rates.py
[2025-04-03T12:19:33.530+0000] {processor.py:839} INFO - DAG(s) dict_keys(['extract_exchange_rates']) retrieved from /opt/airflow/dags/extract_exchange_rates.py
[2025-04-03T12:19:33.544+0000] {logging_mixin.py:151} INFO - [2025-04-03T12:19:33.544+0000] {dag.py:2941} INFO - Sync 1 DAGs
[2025-04-03T12:19:33.554+0000] {logging_mixin.py:151} INFO - [2025-04-03T12:19:33.554+0000] {dag.py:3722} INFO - Setting next_dagrun for extract_exchange_rates to 2025-04-03T00:00:00+00:00, run_after=2025-04-04T00:00:00+00:00
[2025-04-03T12:19:33.562+0000] {processor.py:179} INFO - Processing /opt/airflow/dags/extract_exchange_rates.py took 0.043 seconds
[2025-04-03T12:20:03.718+0000] {processor.py:157} INFO - Started process (PID=1053) to work on /opt/airflow/dags/extract_exchange_rates.py
[2025-04-03T12:20:03.720+0000] {processor.py:829} INFO - Processing file /opt/airflow/dags/extract_exchange_rates.py for tasks to queue
[2025-04-03T12:20:03.720+0000] {logging_mixin.py:151} INFO - [2025-04-03T12:20:03.720+0000] {dagbag.py:536} INFO - Filling up the DagBag from /opt/airflow/dags/extract_exchange_rates.py
[2025-04-03T12:20:03.731+0000] {processor.py:839} INFO - DAG(s) dict_keys(['extract_exchange_rates']) retrieved from /opt/airflow/dags/extract_exchange_rates.py
[2025-04-03T12:20:03.747+0000] {logging_mixin.py:151} INFO - [2025-04-03T12:20:03.747+0000] {dag.py:2941} INFO - Sync 1 DAGs
[2025-04-03T12:20:03.759+0000] {logging_mixin.py:151} INFO - [2025-04-03T12:20:03.758+0000] {dag.py:3722} INFO - Setting next_dagrun for extract_exchange_rates to 2025-04-03T00:00:00+00:00, run_after=2025-04-04T00:00:00+00:00
[2025-04-03T12:20:03.768+0000] {processor.py:179} INFO - Processing /opt/airflow/dags/extract_exchange_rates.py took 0.052 seconds
[2025-04-03T12:20:33.931+0000] {processor.py:157} INFO - Started process (PID=1058) to work on /opt/airflow/dags/extract_exchange_rates.py
[2025-04-03T12:20:33.931+0000] {processor.py:829} INFO - Processing file /opt/airflow/dags/extract_exchange_rates.py for tasks to queue
[2025-04-03T12:20:33.932+0000] {logging_mixin.py:151} INFO - [2025-04-03T12:20:33.932+0000] {dagbag.py:536} INFO - Filling up the DagBag from /opt/airflow/dags/extract_exchange_rates.py
[2025-04-03T12:20:33.941+0000] {processor.py:839} INFO - DAG(s) dict_keys(['extract_exchange_rates']) retrieved from /opt/airflow/dags/extract_exchange_rates.py
[2025-04-03T12:20:33.958+0000] {logging_mixin.py:151} INFO - [2025-04-03T12:20:33.958+0000] {dag.py:2941} INFO - Sync 1 DAGs
[2025-04-03T12:20:33.970+0000] {logging_mixin.py:151} INFO - [2025-04-03T12:20:33.970+0000] {dag.py:3722} INFO - Setting next_dagrun for extract_exchange_rates to 2025-04-03T00:00:00+00:00, run_after=2025-04-04T00:00:00+00:00
[2025-04-03T12:20:33.979+0000] {processor.py:179} INFO - Processing /opt/airflow/dags/extract_exchange_rates.py took 0.051 seconds
[2025-04-03T12:21:04.136+0000] {processor.py:157} INFO - Started process (PID=1063) to work on /opt/airflow/dags/extract_exchange_rates.py
[2025-04-03T12:21:04.137+0000] {processor.py:829} INFO - Processing file /opt/airflow/dags/extract_exchange_rates.py for tasks to queue
[2025-04-03T12:21:04.138+0000] {logging_mixin.py:151} INFO - [2025-04-03T12:21:04.138+0000] {dagbag.py:536} INFO - Filling up the DagBag from /opt/airflow/dags/extract_exchange_rates.py
[2025-04-03T12:21:04.149+0000] {processor.py:839} INFO - DAG(s) dict_keys(['extract_exchange_rates']) retrieved from /opt/airflow/dags/extract_exchange_rates.py
[2025-04-03T12:21:04.169+0000] {logging_mixin.py:151} INFO - [2025-04-03T12:21:04.169+0000] {dag.py:2941} INFO - Sync 1 DAGs
[2025-04-03T12:21:04.183+0000] {logging_mixin.py:151} INFO - [2025-04-03T12:21:04.183+0000] {dag.py:3722} INFO - Setting next_dagrun for extract_exchange_rates to 2025-04-03T00:00:00+00:00, run_after=2025-04-04T00:00:00+00:00
[2025-04-03T12:21:04.193+0000] {processor.py:179} INFO - Processing /opt/airflow/dags/extract_exchange_rates.py took 0.060 seconds
[2025-04-03T12:21:34.374+0000] {processor.py:157} INFO - Started process (PID=1068) to work on /opt/airflow/dags/extract_exchange_rates.py
[2025-04-03T12:21:34.375+0000] {processor.py:829} INFO - Processing file /opt/airflow/dags/extract_exchange_rates.py for tasks to queue
[2025-04-03T12:21:34.376+0000] {logging_mixin.py:151} INFO - [2025-04-03T12:21:34.375+0000] {dagbag.py:536} INFO - Filling up the DagBag from /opt/airflow/dags/extract_exchange_rates.py
[2025-04-03T12:21:34.391+0000] {processor.py:839} INFO - DAG(s) dict_keys(['extract_exchange_rates']) retrieved from /opt/airflow/dags/extract_exchange_rates.py
[2025-04-03T12:21:34.409+0000] {logging_mixin.py:151} INFO - [2025-04-03T12:21:34.409+0000] {dag.py:2941} INFO - Sync 1 DAGs
[2025-04-03T12:21:34.423+0000] {logging_mixin.py:151} INFO - [2025-04-03T12:21:34.422+0000] {dag.py:3722} INFO - Setting next_dagrun for extract_exchange_rates to 2025-04-03T00:00:00+00:00, run_after=2025-04-04T00:00:00+00:00
[2025-04-03T12:21:34.434+0000] {processor.py:179} INFO - Processing /opt/airflow/dags/extract_exchange_rates.py took 0.064 seconds
[2025-04-03T12:22:04.601+0000] {processor.py:157} INFO - Started process (PID=1073) to work on /opt/airflow/dags/extract_exchange_rates.py
[2025-04-03T12:22:04.601+0000] {processor.py:829} INFO - Processing file /opt/airflow/dags/extract_exchange_rates.py for tasks to queue
[2025-04-03T12:22:04.602+0000] {logging_mixin.py:151} INFO - [2025-04-03T12:22:04.602+0000] {dagbag.py:536} INFO - Filling up the DagBag from /opt/airflow/dags/extract_exchange_rates.py
[2025-04-03T12:22:04.614+0000] {processor.py:839} INFO - DAG(s) dict_keys(['extract_exchange_rates']) retrieved from /opt/airflow/dags/extract_exchange_rates.py
[2025-04-03T12:22:04.629+0000] {logging_mixin.py:151} INFO - [2025-04-03T12:22:04.629+0000] {dag.py:2941} INFO - Sync 1 DAGs
[2025-04-03T12:22:04.640+0000] {logging_mixin.py:151} INFO - [2025-04-03T12:22:04.640+0000] {dag.py:3722} INFO - Setting next_dagrun for extract_exchange_rates to 2025-04-03T00:00:00+00:00, run_after=2025-04-04T00:00:00+00:00
[2025-04-03T12:22:04.648+0000] {processor.py:179} INFO - Processing /opt/airflow/dags/extract_exchange_rates.py took 0.050 seconds
[2025-04-03T12:22:34.816+0000] {processor.py:157} INFO - Started process (PID=1078) to work on /opt/airflow/dags/extract_exchange_rates.py
[2025-04-03T12:22:34.817+0000] {processor.py:829} INFO - Processing file /opt/airflow/dags/extract_exchange_rates.py for tasks to queue
[2025-04-03T12:22:34.818+0000] {logging_mixin.py:151} INFO - [2025-04-03T12:22:34.818+0000] {dagbag.py:536} INFO - Filling up the DagBag from /opt/airflow/dags/extract_exchange_rates.py
[2025-04-03T12:22:34.827+0000] {processor.py:839} INFO - DAG(s) dict_keys(['extract_exchange_rates']) retrieved from /opt/airflow/dags/extract_exchange_rates.py
[2025-04-03T12:22:34.842+0000] {logging_mixin.py:151} INFO - [2025-04-03T12:22:34.842+0000] {dag.py:2941} INFO - Sync 1 DAGs
[2025-04-03T12:22:34.853+0000] {logging_mixin.py:151} INFO - [2025-04-03T12:22:34.853+0000] {dag.py:3722} INFO - Setting next_dagrun for extract_exchange_rates to 2025-04-03T00:00:00+00:00, run_after=2025-04-04T00:00:00+00:00
[2025-04-03T12:22:34.861+0000] {processor.py:179} INFO - Processing /opt/airflow/dags/extract_exchange_rates.py took 0.046 seconds
[2025-04-03T12:23:05.048+0000] {processor.py:157} INFO - Started process (PID=1083) to work on /opt/airflow/dags/extract_exchange_rates.py
[2025-04-03T12:23:05.049+0000] {processor.py:829} INFO - Processing file /opt/airflow/dags/extract_exchange_rates.py for tasks to queue
[2025-04-03T12:23:05.051+0000] {logging_mixin.py:151} INFO - [2025-04-03T12:23:05.051+0000] {dagbag.py:536} INFO - Filling up the DagBag from /opt/airflow/dags/extract_exchange_rates.py
[2025-04-03T12:23:05.063+0000] {processor.py:839} INFO - DAG(s) dict_keys(['extract_exchange_rates']) retrieved from /opt/airflow/dags/extract_exchange_rates.py
[2025-04-03T12:23:05.081+0000] {logging_mixin.py:151} INFO - [2025-04-03T12:23:05.080+0000] {dag.py:2941} INFO - Sync 1 DAGs
[2025-04-03T12:23:05.093+0000] {logging_mixin.py:151} INFO - [2025-04-03T12:23:05.093+0000] {dag.py:3722} INFO - Setting next_dagrun for extract_exchange_rates to 2025-04-03T00:00:00+00:00, run_after=2025-04-04T00:00:00+00:00
[2025-04-03T12:23:05.101+0000] {processor.py:179} INFO - Processing /opt/airflow/dags/extract_exchange_rates.py took 0.056 seconds
[2025-04-03T12:23:35.291+0000] {processor.py:157} INFO - Started process (PID=1088) to work on /opt/airflow/dags/extract_exchange_rates.py
[2025-04-03T12:23:35.292+0000] {processor.py:829} INFO - Processing file /opt/airflow/dags/extract_exchange_rates.py for tasks to queue
[2025-04-03T12:23:35.293+0000] {logging_mixin.py:151} INFO - [2025-04-03T12:23:35.293+0000] {dagbag.py:536} INFO - Filling up the DagBag from /opt/airflow/dags/extract_exchange_rates.py
[2025-04-03T12:23:35.309+0000] {processor.py:839} INFO - DAG(s) dict_keys(['extract_exchange_rates']) retrieved from /opt/airflow/dags/extract_exchange_rates.py
[2025-04-03T12:23:35.328+0000] {logging_mixin.py:151} INFO - [2025-04-03T12:23:35.328+0000] {dag.py:2941} INFO - Sync 1 DAGs
[2025-04-03T12:23:35.341+0000] {logging_mixin.py:151} INFO - [2025-04-03T12:23:35.341+0000] {dag.py:3722} INFO - Setting next_dagrun for extract_exchange_rates to 2025-04-03T00:00:00+00:00, run_after=2025-04-04T00:00:00+00:00
[2025-04-03T12:23:35.349+0000] {processor.py:179} INFO - Processing /opt/airflow/dags/extract_exchange_rates.py took 0.062 seconds
[2025-04-03T12:24:05.504+0000] {processor.py:157} INFO - Started process (PID=1093) to work on /opt/airflow/dags/extract_exchange_rates.py
[2025-04-03T12:24:05.505+0000] {processor.py:829} INFO - Processing file /opt/airflow/dags/extract_exchange_rates.py for tasks to queue
[2025-04-03T12:24:05.506+0000] {logging_mixin.py:151} INFO - [2025-04-03T12:24:05.506+0000] {dagbag.py:536} INFO - Filling up the DagBag from /opt/airflow/dags/extract_exchange_rates.py
[2025-04-03T12:24:05.517+0000] {processor.py:839} INFO - DAG(s) dict_keys(['extract_exchange_rates']) retrieved from /opt/airflow/dags/extract_exchange_rates.py
[2025-04-03T12:24:05.534+0000] {logging_mixin.py:151} INFO - [2025-04-03T12:24:05.534+0000] {dag.py:2941} INFO - Sync 1 DAGs
[2025-04-03T12:24:05.545+0000] {logging_mixin.py:151} INFO - [2025-04-03T12:24:05.545+0000] {dag.py:3722} INFO - Setting next_dagrun for extract_exchange_rates to 2025-04-03T00:00:00+00:00, run_after=2025-04-04T00:00:00+00:00
[2025-04-03T12:24:05.553+0000] {processor.py:179} INFO - Processing /opt/airflow/dags/extract_exchange_rates.py took 0.051 seconds
[2025-04-03T12:24:35.762+0000] {processor.py:157} INFO - Started process (PID=1098) to work on /opt/airflow/dags/extract_exchange_rates.py
[2025-04-03T12:24:35.763+0000] {processor.py:829} INFO - Processing file /opt/airflow/dags/extract_exchange_rates.py for tasks to queue
[2025-04-03T12:24:35.764+0000] {logging_mixin.py:151} INFO - [2025-04-03T12:24:35.764+0000] {dagbag.py:536} INFO - Filling up the DagBag from /opt/airflow/dags/extract_exchange_rates.py
[2025-04-03T12:24:35.776+0000] {processor.py:839} INFO - DAG(s) dict_keys(['extract_exchange_rates']) retrieved from /opt/airflow/dags/extract_exchange_rates.py
[2025-04-03T12:24:35.791+0000] {logging_mixin.py:151} INFO - [2025-04-03T12:24:35.791+0000] {dag.py:2941} INFO - Sync 1 DAGs
[2025-04-03T12:24:35.802+0000] {logging_mixin.py:151} INFO - [2025-04-03T12:24:35.802+0000] {dag.py:3722} INFO - Setting next_dagrun for extract_exchange_rates to 2025-04-03T00:00:00+00:00, run_after=2025-04-04T00:00:00+00:00
[2025-04-03T12:24:35.810+0000] {processor.py:179} INFO - Processing /opt/airflow/dags/extract_exchange_rates.py took 0.050 seconds
[2025-04-03T12:25:05.986+0000] {processor.py:157} INFO - Started process (PID=1103) to work on /opt/airflow/dags/extract_exchange_rates.py
[2025-04-03T12:25:05.987+0000] {processor.py:829} INFO - Processing file /opt/airflow/dags/extract_exchange_rates.py for tasks to queue
[2025-04-03T12:25:05.988+0000] {logging_mixin.py:151} INFO - [2025-04-03T12:25:05.988+0000] {dagbag.py:536} INFO - Filling up the DagBag from /opt/airflow/dags/extract_exchange_rates.py
[2025-04-03T12:25:05.998+0000] {processor.py:839} INFO - DAG(s) dict_keys(['extract_exchange_rates']) retrieved from /opt/airflow/dags/extract_exchange_rates.py
[2025-04-03T12:25:06.014+0000] {logging_mixin.py:151} INFO - [2025-04-03T12:25:06.013+0000] {dag.py:2941} INFO - Sync 1 DAGs
[2025-04-03T12:25:06.024+0000] {logging_mixin.py:151} INFO - [2025-04-03T12:25:06.024+0000] {dag.py:3722} INFO - Setting next_dagrun for extract_exchange_rates to 2025-04-03T00:00:00+00:00, run_after=2025-04-04T00:00:00+00:00
[2025-04-03T12:25:06.031+0000] {processor.py:179} INFO - Processing /opt/airflow/dags/extract_exchange_rates.py took 0.048 seconds
[2025-04-03T12:25:36.210+0000] {processor.py:157} INFO - Started process (PID=1108) to work on /opt/airflow/dags/extract_exchange_rates.py
[2025-04-03T12:25:36.210+0000] {processor.py:829} INFO - Processing file /opt/airflow/dags/extract_exchange_rates.py for tasks to queue
[2025-04-03T12:25:36.211+0000] {logging_mixin.py:151} INFO - [2025-04-03T12:25:36.211+0000] {dagbag.py:536} INFO - Filling up the DagBag from /opt/airflow/dags/extract_exchange_rates.py
[2025-04-03T12:25:36.221+0000] {processor.py:839} INFO - DAG(s) dict_keys(['extract_exchange_rates']) retrieved from /opt/airflow/dags/extract_exchange_rates.py
[2025-04-03T12:25:36.237+0000] {logging_mixin.py:151} INFO - [2025-04-03T12:25:36.237+0000] {dag.py:2941} INFO - Sync 1 DAGs
[2025-04-03T12:25:36.249+0000] {logging_mixin.py:151} INFO - [2025-04-03T12:25:36.249+0000] {dag.py:3722} INFO - Setting next_dagrun for extract_exchange_rates to 2025-04-03T00:00:00+00:00, run_after=2025-04-04T00:00:00+00:00
[2025-04-03T12:25:36.257+0000] {processor.py:179} INFO - Processing /opt/airflow/dags/extract_exchange_rates.py took 0.049 seconds
[2025-04-03T12:26:06.438+0000] {processor.py:157} INFO - Started process (PID=1113) to work on /opt/airflow/dags/extract_exchange_rates.py
[2025-04-03T12:26:06.439+0000] {processor.py:829} INFO - Processing file /opt/airflow/dags/extract_exchange_rates.py for tasks to queue
[2025-04-03T12:26:06.440+0000] {logging_mixin.py:151} INFO - [2025-04-03T12:26:06.439+0000] {dagbag.py:536} INFO - Filling up the DagBag from /opt/airflow/dags/extract_exchange_rates.py
[2025-04-03T12:26:06.454+0000] {processor.py:839} INFO - DAG(s) dict_keys(['extract_exchange_rates']) retrieved from /opt/airflow/dags/extract_exchange_rates.py
[2025-04-03T12:26:06.469+0000] {logging_mixin.py:151} INFO - [2025-04-03T12:26:06.469+0000] {dag.py:2941} INFO - Sync 1 DAGs
[2025-04-03T12:26:06.481+0000] {logging_mixin.py:151} INFO - [2025-04-03T12:26:06.481+0000] {dag.py:3722} INFO - Setting next_dagrun for extract_exchange_rates to 2025-04-03T00:00:00+00:00, run_after=2025-04-04T00:00:00+00:00
[2025-04-03T12:26:06.488+0000] {processor.py:179} INFO - Processing /opt/airflow/dags/extract_exchange_rates.py took 0.053 seconds
[2025-04-03T12:26:36.666+0000] {processor.py:157} INFO - Started process (PID=1118) to work on /opt/airflow/dags/extract_exchange_rates.py
[2025-04-03T12:26:36.667+0000] {processor.py:829} INFO - Processing file /opt/airflow/dags/extract_exchange_rates.py for tasks to queue
[2025-04-03T12:26:36.668+0000] {logging_mixin.py:151} INFO - [2025-04-03T12:26:36.668+0000] {dagbag.py:536} INFO - Filling up the DagBag from /opt/airflow/dags/extract_exchange_rates.py
[2025-04-03T12:26:36.680+0000] {processor.py:839} INFO - DAG(s) dict_keys(['extract_exchange_rates']) retrieved from /opt/airflow/dags/extract_exchange_rates.py
[2025-04-03T12:26:36.695+0000] {logging_mixin.py:151} INFO - [2025-04-03T12:26:36.695+0000] {dag.py:2941} INFO - Sync 1 DAGs
[2025-04-03T12:26:36.706+0000] {logging_mixin.py:151} INFO - [2025-04-03T12:26:36.706+0000] {dag.py:3722} INFO - Setting next_dagrun for extract_exchange_rates to 2025-04-03T00:00:00+00:00, run_after=2025-04-04T00:00:00+00:00
[2025-04-03T12:26:36.713+0000] {processor.py:179} INFO - Processing /opt/airflow/dags/extract_exchange_rates.py took 0.050 seconds
[2025-04-03T12:27:06.904+0000] {processor.py:157} INFO - Started process (PID=1123) to work on /opt/airflow/dags/extract_exchange_rates.py
[2025-04-03T12:27:06.906+0000] {processor.py:829} INFO - Processing file /opt/airflow/dags/extract_exchange_rates.py for tasks to queue
[2025-04-03T12:27:06.907+0000] {logging_mixin.py:151} INFO - [2025-04-03T12:27:06.906+0000] {dagbag.py:536} INFO - Filling up the DagBag from /opt/airflow/dags/extract_exchange_rates.py
[2025-04-03T12:27:06.922+0000] {processor.py:839} INFO - DAG(s) dict_keys(['extract_exchange_rates']) retrieved from /opt/airflow/dags/extract_exchange_rates.py
[2025-04-03T12:27:06.941+0000] {logging_mixin.py:151} INFO - [2025-04-03T12:27:06.941+0000] {dag.py:2941} INFO - Sync 1 DAGs
[2025-04-03T12:27:06.954+0000] {logging_mixin.py:151} INFO - [2025-04-03T12:27:06.954+0000] {dag.py:3722} INFO - Setting next_dagrun for extract_exchange_rates to 2025-04-03T00:00:00+00:00, run_after=2025-04-04T00:00:00+00:00
[2025-04-03T12:27:06.962+0000] {processor.py:179} INFO - Processing /opt/airflow/dags/extract_exchange_rates.py took 0.061 seconds
[2025-04-03T12:27:37.137+0000] {processor.py:157} INFO - Started process (PID=1128) to work on /opt/airflow/dags/extract_exchange_rates.py
[2025-04-03T12:27:37.137+0000] {processor.py:829} INFO - Processing file /opt/airflow/dags/extract_exchange_rates.py for tasks to queue
[2025-04-03T12:27:37.138+0000] {logging_mixin.py:151} INFO - [2025-04-03T12:27:37.138+0000] {dagbag.py:536} INFO - Filling up the DagBag from /opt/airflow/dags/extract_exchange_rates.py
[2025-04-03T12:27:37.150+0000] {processor.py:839} INFO - DAG(s) dict_keys(['extract_exchange_rates']) retrieved from /opt/airflow/dags/extract_exchange_rates.py
[2025-04-03T12:27:37.169+0000] {logging_mixin.py:151} INFO - [2025-04-03T12:27:37.169+0000] {dag.py:2941} INFO - Sync 1 DAGs
[2025-04-03T12:27:37.183+0000] {logging_mixin.py:151} INFO - [2025-04-03T12:27:37.183+0000] {dag.py:3722} INFO - Setting next_dagrun for extract_exchange_rates to 2025-04-03T00:00:00+00:00, run_after=2025-04-04T00:00:00+00:00
[2025-04-03T12:27:37.192+0000] {processor.py:179} INFO - Processing /opt/airflow/dags/extract_exchange_rates.py took 0.058 seconds
[2025-04-03T12:28:07.349+0000] {processor.py:157} INFO - Started process (PID=1133) to work on /opt/airflow/dags/extract_exchange_rates.py
[2025-04-03T12:28:07.350+0000] {processor.py:829} INFO - Processing file /opt/airflow/dags/extract_exchange_rates.py for tasks to queue
[2025-04-03T12:28:07.351+0000] {logging_mixin.py:151} INFO - [2025-04-03T12:28:07.351+0000] {dagbag.py:536} INFO - Filling up the DagBag from /opt/airflow/dags/extract_exchange_rates.py
[2025-04-03T12:28:07.363+0000] {processor.py:839} INFO - DAG(s) dict_keys(['extract_exchange_rates']) retrieved from /opt/airflow/dags/extract_exchange_rates.py
[2025-04-03T12:28:07.378+0000] {logging_mixin.py:151} INFO - [2025-04-03T12:28:07.378+0000] {dag.py:2941} INFO - Sync 1 DAGs
[2025-04-03T12:28:07.392+0000] {logging_mixin.py:151} INFO - [2025-04-03T12:28:07.392+0000] {dag.py:3722} INFO - Setting next_dagrun for extract_exchange_rates to 2025-04-03T00:00:00+00:00, run_after=2025-04-04T00:00:00+00:00
[2025-04-03T12:28:07.401+0000] {processor.py:179} INFO - Processing /opt/airflow/dags/extract_exchange_rates.py took 0.055 seconds
[2025-04-03T12:28:37.611+0000] {processor.py:157} INFO - Started process (PID=1138) to work on /opt/airflow/dags/extract_exchange_rates.py
[2025-04-03T12:28:37.612+0000] {processor.py:829} INFO - Processing file /opt/airflow/dags/extract_exchange_rates.py for tasks to queue
[2025-04-03T12:28:37.613+0000] {logging_mixin.py:151} INFO - [2025-04-03T12:28:37.612+0000] {dagbag.py:536} INFO - Filling up the DagBag from /opt/airflow/dags/extract_exchange_rates.py
[2025-04-03T12:28:37.624+0000] {processor.py:839} INFO - DAG(s) dict_keys(['extract_exchange_rates']) retrieved from /opt/airflow/dags/extract_exchange_rates.py
[2025-04-03T12:28:37.641+0000] {logging_mixin.py:151} INFO - [2025-04-03T12:28:37.640+0000] {dag.py:2941} INFO - Sync 1 DAGs
[2025-04-03T12:28:37.652+0000] {logging_mixin.py:151} INFO - [2025-04-03T12:28:37.652+0000] {dag.py:3722} INFO - Setting next_dagrun for extract_exchange_rates to 2025-04-03T00:00:00+00:00, run_after=2025-04-04T00:00:00+00:00
[2025-04-03T12:28:37.661+0000] {processor.py:179} INFO - Processing /opt/airflow/dags/extract_exchange_rates.py took 0.053 seconds
[2025-04-03T12:29:07.856+0000] {processor.py:157} INFO - Started process (PID=1143) to work on /opt/airflow/dags/extract_exchange_rates.py
[2025-04-03T12:29:07.858+0000] {processor.py:829} INFO - Processing file /opt/airflow/dags/extract_exchange_rates.py for tasks to queue
[2025-04-03T12:29:07.859+0000] {logging_mixin.py:151} INFO - [2025-04-03T12:29:07.859+0000] {dagbag.py:536} INFO - Filling up the DagBag from /opt/airflow/dags/extract_exchange_rates.py
[2025-04-03T12:29:07.876+0000] {processor.py:839} INFO - DAG(s) dict_keys(['extract_exchange_rates']) retrieved from /opt/airflow/dags/extract_exchange_rates.py
[2025-04-03T12:29:07.898+0000] {logging_mixin.py:151} INFO - [2025-04-03T12:29:07.898+0000] {dag.py:2941} INFO - Sync 1 DAGs
[2025-04-03T12:29:07.911+0000] {logging_mixin.py:151} INFO - [2025-04-03T12:29:07.910+0000] {dag.py:3722} INFO - Setting next_dagrun for extract_exchange_rates to 2025-04-03T00:00:00+00:00, run_after=2025-04-04T00:00:00+00:00
[2025-04-03T12:29:07.918+0000] {processor.py:179} INFO - Processing /opt/airflow/dags/extract_exchange_rates.py took 0.066 seconds
[2025-04-03T12:29:38.069+0000] {processor.py:157} INFO - Started process (PID=1148) to work on /opt/airflow/dags/extract_exchange_rates.py
[2025-04-03T12:29:38.069+0000] {processor.py:829} INFO - Processing file /opt/airflow/dags/extract_exchange_rates.py for tasks to queue
[2025-04-03T12:29:38.070+0000] {logging_mixin.py:151} INFO - [2025-04-03T12:29:38.070+0000] {dagbag.py:536} INFO - Filling up the DagBag from /opt/airflow/dags/extract_exchange_rates.py
[2025-04-03T12:29:38.082+0000] {processor.py:839} INFO - DAG(s) dict_keys(['extract_exchange_rates']) retrieved from /opt/airflow/dags/extract_exchange_rates.py
[2025-04-03T12:29:38.098+0000] {logging_mixin.py:151} INFO - [2025-04-03T12:29:38.098+0000] {dag.py:2941} INFO - Sync 1 DAGs
[2025-04-03T12:29:38.109+0000] {logging_mixin.py:151} INFO - [2025-04-03T12:29:38.109+0000] {dag.py:3722} INFO - Setting next_dagrun for extract_exchange_rates to 2025-04-03T00:00:00+00:00, run_after=2025-04-04T00:00:00+00:00
[2025-04-03T12:29:38.118+0000] {processor.py:179} INFO - Processing /opt/airflow/dags/extract_exchange_rates.py took 0.053 seconds
[2025-04-03T12:30:08.305+0000] {processor.py:157} INFO - Started process (PID=1153) to work on /opt/airflow/dags/extract_exchange_rates.py
[2025-04-03T12:30:08.305+0000] {processor.py:829} INFO - Processing file /opt/airflow/dags/extract_exchange_rates.py for tasks to queue
[2025-04-03T12:30:08.306+0000] {logging_mixin.py:151} INFO - [2025-04-03T12:30:08.306+0000] {dagbag.py:536} INFO - Filling up the DagBag from /opt/airflow/dags/extract_exchange_rates.py
[2025-04-03T12:30:08.316+0000] {processor.py:839} INFO - DAG(s) dict_keys(['extract_exchange_rates']) retrieved from /opt/airflow/dags/extract_exchange_rates.py
[2025-04-03T12:30:08.331+0000] {logging_mixin.py:151} INFO - [2025-04-03T12:30:08.331+0000] {dag.py:2941} INFO - Sync 1 DAGs
[2025-04-03T12:30:08.341+0000] {logging_mixin.py:151} INFO - [2025-04-03T12:30:08.341+0000] {dag.py:3722} INFO - Setting next_dagrun for extract_exchange_rates to 2025-04-03T00:00:00+00:00, run_after=2025-04-04T00:00:00+00:00
[2025-04-03T12:30:08.349+0000] {processor.py:179} INFO - Processing /opt/airflow/dags/extract_exchange_rates.py took 0.047 seconds
[2025-04-03T12:30:38.533+0000] {processor.py:157} INFO - Started process (PID=1158) to work on /opt/airflow/dags/extract_exchange_rates.py
[2025-04-03T12:30:38.534+0000] {processor.py:829} INFO - Processing file /opt/airflow/dags/extract_exchange_rates.py for tasks to queue
[2025-04-03T12:30:38.535+0000] {logging_mixin.py:151} INFO - [2025-04-03T12:30:38.535+0000] {dagbag.py:536} INFO - Filling up the DagBag from /opt/airflow/dags/extract_exchange_rates.py
[2025-04-03T12:30:38.545+0000] {processor.py:839} INFO - DAG(s) dict_keys(['extract_exchange_rates']) retrieved from /opt/airflow/dags/extract_exchange_rates.py
[2025-04-03T12:30:38.560+0000] {logging_mixin.py:151} INFO - [2025-04-03T12:30:38.560+0000] {dag.py:2941} INFO - Sync 1 DAGs
[2025-04-03T12:30:38.571+0000] {logging_mixin.py:151} INFO - [2025-04-03T12:30:38.571+0000] {dag.py:3722} INFO - Setting next_dagrun for extract_exchange_rates to 2025-04-03T00:00:00+00:00, run_after=2025-04-04T00:00:00+00:00
[2025-04-03T12:30:38.579+0000] {processor.py:179} INFO - Processing /opt/airflow/dags/extract_exchange_rates.py took 0.049 seconds
[2025-04-03T12:31:08.744+0000] {processor.py:157} INFO - Started process (PID=1163) to work on /opt/airflow/dags/extract_exchange_rates.py
[2025-04-03T12:31:08.744+0000] {processor.py:829} INFO - Processing file /opt/airflow/dags/extract_exchange_rates.py for tasks to queue
[2025-04-03T12:31:08.745+0000] {logging_mixin.py:151} INFO - [2025-04-03T12:31:08.745+0000] {dagbag.py:536} INFO - Filling up the DagBag from /opt/airflow/dags/extract_exchange_rates.py
[2025-04-03T12:31:08.756+0000] {processor.py:839} INFO - DAG(s) dict_keys(['extract_exchange_rates']) retrieved from /opt/airflow/dags/extract_exchange_rates.py
[2025-04-03T12:31:08.772+0000] {logging_mixin.py:151} INFO - [2025-04-03T12:31:08.772+0000] {dag.py:2941} INFO - Sync 1 DAGs
[2025-04-03T12:31:08.784+0000] {logging_mixin.py:151} INFO - [2025-04-03T12:31:08.784+0000] {dag.py:3722} INFO - Setting next_dagrun for extract_exchange_rates to 2025-04-03T00:00:00+00:00, run_after=2025-04-04T00:00:00+00:00
[2025-04-03T12:31:08.793+0000] {processor.py:179} INFO - Processing /opt/airflow/dags/extract_exchange_rates.py took 0.052 seconds
[2025-04-03T12:31:38.996+0000] {processor.py:157} INFO - Started process (PID=1168) to work on /opt/airflow/dags/extract_exchange_rates.py
[2025-04-03T12:31:38.997+0000] {processor.py:829} INFO - Processing file /opt/airflow/dags/extract_exchange_rates.py for tasks to queue
[2025-04-03T12:31:38.998+0000] {logging_mixin.py:151} INFO - [2025-04-03T12:31:38.998+0000] {dagbag.py:536} INFO - Filling up the DagBag from /opt/airflow/dags/extract_exchange_rates.py
[2025-04-03T12:31:39.014+0000] {processor.py:839} INFO - DAG(s) dict_keys(['extract_exchange_rates']) retrieved from /opt/airflow/dags/extract_exchange_rates.py
[2025-04-03T12:31:39.035+0000] {logging_mixin.py:151} INFO - [2025-04-03T12:31:39.035+0000] {dag.py:2941} INFO - Sync 1 DAGs
[2025-04-03T12:31:39.049+0000] {logging_mixin.py:151} INFO - [2025-04-03T12:31:39.049+0000] {dag.py:3722} INFO - Setting next_dagrun for extract_exchange_rates to 2025-04-03T00:00:00+00:00, run_after=2025-04-04T00:00:00+00:00
[2025-04-03T12:31:39.057+0000] {processor.py:179} INFO - Processing /opt/airflow/dags/extract_exchange_rates.py took 0.066 seconds
[2025-04-03T12:32:09.226+0000] {processor.py:157} INFO - Started process (PID=1173) to work on /opt/airflow/dags/extract_exchange_rates.py
[2025-04-03T12:32:09.228+0000] {processor.py:829} INFO - Processing file /opt/airflow/dags/extract_exchange_rates.py for tasks to queue
[2025-04-03T12:32:09.229+0000] {logging_mixin.py:151} INFO - [2025-04-03T12:32:09.229+0000] {dagbag.py:536} INFO - Filling up the DagBag from /opt/airflow/dags/extract_exchange_rates.py
[2025-04-03T12:32:09.245+0000] {processor.py:839} INFO - DAG(s) dict_keys(['extract_exchange_rates']) retrieved from /opt/airflow/dags/extract_exchange_rates.py
[2025-04-03T12:32:09.270+0000] {logging_mixin.py:151} INFO - [2025-04-03T12:32:09.270+0000] {dag.py:2941} INFO - Sync 1 DAGs
[2025-04-03T12:32:09.286+0000] {logging_mixin.py:151} INFO - [2025-04-03T12:32:09.286+0000] {dag.py:3722} INFO - Setting next_dagrun for extract_exchange_rates to 2025-04-03T00:00:00+00:00, run_after=2025-04-04T00:00:00+00:00
[2025-04-03T12:32:09.297+0000] {processor.py:179} INFO - Processing /opt/airflow/dags/extract_exchange_rates.py took 0.074 seconds
[2025-04-03T12:32:39.443+0000] {processor.py:157} INFO - Started process (PID=1178) to work on /opt/airflow/dags/extract_exchange_rates.py
[2025-04-03T12:32:39.444+0000] {processor.py:829} INFO - Processing file /opt/airflow/dags/extract_exchange_rates.py for tasks to queue
[2025-04-03T12:32:39.445+0000] {logging_mixin.py:151} INFO - [2025-04-03T12:32:39.444+0000] {dagbag.py:536} INFO - Filling up the DagBag from /opt/airflow/dags/extract_exchange_rates.py
[2025-04-03T12:32:39.456+0000] {processor.py:839} INFO - DAG(s) dict_keys(['extract_exchange_rates']) retrieved from /opt/airflow/dags/extract_exchange_rates.py
[2025-04-03T12:32:39.473+0000] {logging_mixin.py:151} INFO - [2025-04-03T12:32:39.472+0000] {dag.py:2941} INFO - Sync 1 DAGs
[2025-04-03T12:32:39.483+0000] {logging_mixin.py:151} INFO - [2025-04-03T12:32:39.483+0000] {dag.py:3722} INFO - Setting next_dagrun for extract_exchange_rates to 2025-04-03T00:00:00+00:00, run_after=2025-04-04T00:00:00+00:00
[2025-04-03T12:32:39.491+0000] {processor.py:179} INFO - Processing /opt/airflow/dags/extract_exchange_rates.py took 0.053 seconds
[2025-04-03T12:33:09.701+0000] {processor.py:157} INFO - Started process (PID=1183) to work on /opt/airflow/dags/extract_exchange_rates.py
[2025-04-03T12:33:09.702+0000] {processor.py:829} INFO - Processing file /opt/airflow/dags/extract_exchange_rates.py for tasks to queue
[2025-04-03T12:33:09.703+0000] {logging_mixin.py:151} INFO - [2025-04-03T12:33:09.702+0000] {dagbag.py:536} INFO - Filling up the DagBag from /opt/airflow/dags/extract_exchange_rates.py
[2025-04-03T12:33:09.712+0000] {processor.py:839} INFO - DAG(s) dict_keys(['extract_exchange_rates']) retrieved from /opt/airflow/dags/extract_exchange_rates.py
[2025-04-03T12:33:09.727+0000] {logging_mixin.py:151} INFO - [2025-04-03T12:33:09.727+0000] {dag.py:2941} INFO - Sync 1 DAGs
[2025-04-03T12:33:09.738+0000] {logging_mixin.py:151} INFO - [2025-04-03T12:33:09.737+0000] {dag.py:3722} INFO - Setting next_dagrun for extract_exchange_rates to 2025-04-03T00:00:00+00:00, run_after=2025-04-04T00:00:00+00:00
[2025-04-03T12:33:09.745+0000] {processor.py:179} INFO - Processing /opt/airflow/dags/extract_exchange_rates.py took 0.046 seconds
[2025-04-03T12:33:39.967+0000] {processor.py:157} INFO - Started process (PID=1188) to work on /opt/airflow/dags/extract_exchange_rates.py
[2025-04-03T12:33:39.969+0000] {processor.py:829} INFO - Processing file /opt/airflow/dags/extract_exchange_rates.py for tasks to queue
[2025-04-03T12:33:39.970+0000] {logging_mixin.py:151} INFO - [2025-04-03T12:33:39.970+0000] {dagbag.py:536} INFO - Filling up the DagBag from /opt/airflow/dags/extract_exchange_rates.py
[2025-04-03T12:33:39.997+0000] {processor.py:839} INFO - DAG(s) dict_keys(['extract_exchange_rates']) retrieved from /opt/airflow/dags/extract_exchange_rates.py
[2025-04-03T12:33:40.018+0000] {logging_mixin.py:151} INFO - [2025-04-03T12:33:40.017+0000] {dag.py:2941} INFO - Sync 1 DAGs
[2025-04-03T12:33:40.036+0000] {logging_mixin.py:151} INFO - [2025-04-03T12:33:40.035+0000] {dag.py:3722} INFO - Setting next_dagrun for extract_exchange_rates to 2025-04-03T00:00:00+00:00, run_after=2025-04-04T00:00:00+00:00
[2025-04-03T12:33:40.045+0000] {processor.py:179} INFO - Processing /opt/airflow/dags/extract_exchange_rates.py took 0.083 seconds
[2025-04-03T12:34:10.200+0000] {processor.py:157} INFO - Started process (PID=1193) to work on /opt/airflow/dags/extract_exchange_rates.py
[2025-04-03T12:34:10.202+0000] {processor.py:829} INFO - Processing file /opt/airflow/dags/extract_exchange_rates.py for tasks to queue
[2025-04-03T12:34:10.202+0000] {logging_mixin.py:151} INFO - [2025-04-03T12:34:10.202+0000] {dagbag.py:536} INFO - Filling up the DagBag from /opt/airflow/dags/extract_exchange_rates.py
[2025-04-03T12:34:10.216+0000] {processor.py:839} INFO - DAG(s) dict_keys(['extract_exchange_rates']) retrieved from /opt/airflow/dags/extract_exchange_rates.py
[2025-04-03T12:34:10.231+0000] {logging_mixin.py:151} INFO - [2025-04-03T12:34:10.230+0000] {dag.py:2941} INFO - Sync 1 DAGs
[2025-04-03T12:34:10.244+0000] {logging_mixin.py:151} INFO - [2025-04-03T12:34:10.244+0000] {dag.py:3722} INFO - Setting next_dagrun for extract_exchange_rates to 2025-04-03T00:00:00+00:00, run_after=2025-04-04T00:00:00+00:00
[2025-04-03T12:34:10.252+0000] {processor.py:179} INFO - Processing /opt/airflow/dags/extract_exchange_rates.py took 0.055 seconds
[2025-04-03T12:34:40.463+0000] {processor.py:157} INFO - Started process (PID=1198) to work on /opt/airflow/dags/extract_exchange_rates.py
[2025-04-03T12:34:40.464+0000] {processor.py:829} INFO - Processing file /opt/airflow/dags/extract_exchange_rates.py for tasks to queue
[2025-04-03T12:34:40.465+0000] {logging_mixin.py:151} INFO - [2025-04-03T12:34:40.465+0000] {dagbag.py:536} INFO - Filling up the DagBag from /opt/airflow/dags/extract_exchange_rates.py
[2025-04-03T12:34:40.477+0000] {processor.py:839} INFO - DAG(s) dict_keys(['extract_exchange_rates']) retrieved from /opt/airflow/dags/extract_exchange_rates.py
[2025-04-03T12:34:40.493+0000] {logging_mixin.py:151} INFO - [2025-04-03T12:34:40.493+0000] {dag.py:2941} INFO - Sync 1 DAGs
[2025-04-03T12:34:40.505+0000] {logging_mixin.py:151} INFO - [2025-04-03T12:34:40.505+0000] {dag.py:3722} INFO - Setting next_dagrun for extract_exchange_rates to 2025-04-03T00:00:00+00:00, run_after=2025-04-04T00:00:00+00:00
[2025-04-03T12:34:40.513+0000] {processor.py:179} INFO - Processing /opt/airflow/dags/extract_exchange_rates.py took 0.054 seconds
[2025-04-03T12:35:10.692+0000] {processor.py:157} INFO - Started process (PID=1203) to work on /opt/airflow/dags/extract_exchange_rates.py
[2025-04-03T12:35:10.693+0000] {processor.py:829} INFO - Processing file /opt/airflow/dags/extract_exchange_rates.py for tasks to queue
[2025-04-03T12:35:10.693+0000] {logging_mixin.py:151} INFO - [2025-04-03T12:35:10.693+0000] {dagbag.py:536} INFO - Filling up the DagBag from /opt/airflow/dags/extract_exchange_rates.py
[2025-04-03T12:35:10.705+0000] {processor.py:839} INFO - DAG(s) dict_keys(['extract_exchange_rates']) retrieved from /opt/airflow/dags/extract_exchange_rates.py
[2025-04-03T12:35:10.719+0000] {logging_mixin.py:151} INFO - [2025-04-03T12:35:10.719+0000] {dag.py:2941} INFO - Sync 1 DAGs
[2025-04-03T12:35:10.729+0000] {logging_mixin.py:151} INFO - [2025-04-03T12:35:10.729+0000] {dag.py:3722} INFO - Setting next_dagrun for extract_exchange_rates to 2025-04-03T00:00:00+00:00, run_after=2025-04-04T00:00:00+00:00
[2025-04-03T12:35:10.736+0000] {processor.py:179} INFO - Processing /opt/airflow/dags/extract_exchange_rates.py took 0.047 seconds
[2025-04-03T12:35:40.930+0000] {processor.py:157} INFO - Started process (PID=1208) to work on /opt/airflow/dags/extract_exchange_rates.py
[2025-04-03T12:35:40.931+0000] {processor.py:829} INFO - Processing file /opt/airflow/dags/extract_exchange_rates.py for tasks to queue
[2025-04-03T12:35:40.932+0000] {logging_mixin.py:151} INFO - [2025-04-03T12:35:40.932+0000] {dagbag.py:536} INFO - Filling up the DagBag from /opt/airflow/dags/extract_exchange_rates.py
[2025-04-03T12:35:40.942+0000] {processor.py:839} INFO - DAG(s) dict_keys(['extract_exchange_rates']) retrieved from /opt/airflow/dags/extract_exchange_rates.py
[2025-04-03T12:35:40.957+0000] {logging_mixin.py:151} INFO - [2025-04-03T12:35:40.957+0000] {dag.py:2941} INFO - Sync 1 DAGs
[2025-04-03T12:35:40.968+0000] {logging_mixin.py:151} INFO - [2025-04-03T12:35:40.968+0000] {dag.py:3722} INFO - Setting next_dagrun for extract_exchange_rates to 2025-04-03T00:00:00+00:00, run_after=2025-04-04T00:00:00+00:00
[2025-04-03T12:35:40.976+0000] {processor.py:179} INFO - Processing /opt/airflow/dags/extract_exchange_rates.py took 0.048 seconds
[2025-04-03T12:36:11.169+0000] {processor.py:157} INFO - Started process (PID=1213) to work on /opt/airflow/dags/extract_exchange_rates.py
[2025-04-03T12:36:11.170+0000] {processor.py:829} INFO - Processing file /opt/airflow/dags/extract_exchange_rates.py for tasks to queue
[2025-04-03T12:36:11.171+0000] {logging_mixin.py:151} INFO - [2025-04-03T12:36:11.171+0000] {dagbag.py:536} INFO - Filling up the DagBag from /opt/airflow/dags/extract_exchange_rates.py
[2025-04-03T12:36:11.186+0000] {processor.py:839} INFO - DAG(s) dict_keys(['extract_exchange_rates']) retrieved from /opt/airflow/dags/extract_exchange_rates.py
[2025-04-03T12:36:11.210+0000] {logging_mixin.py:151} INFO - [2025-04-03T12:36:11.210+0000] {dag.py:2941} INFO - Sync 1 DAGs
[2025-04-03T12:36:11.227+0000] {logging_mixin.py:151} INFO - [2025-04-03T12:36:11.227+0000] {dag.py:3722} INFO - Setting next_dagrun for extract_exchange_rates to 2025-04-03T00:00:00+00:00, run_after=2025-04-04T00:00:00+00:00
[2025-04-03T12:36:11.241+0000] {processor.py:179} INFO - Processing /opt/airflow/dags/extract_exchange_rates.py took 0.075 seconds
[2025-04-03T12:36:41.390+0000] {processor.py:157} INFO - Started process (PID=1218) to work on /opt/airflow/dags/extract_exchange_rates.py
[2025-04-03T12:36:41.390+0000] {processor.py:829} INFO - Processing file /opt/airflow/dags/extract_exchange_rates.py for tasks to queue
[2025-04-03T12:36:41.391+0000] {logging_mixin.py:151} INFO - [2025-04-03T12:36:41.391+0000] {dagbag.py:536} INFO - Filling up the DagBag from /opt/airflow/dags/extract_exchange_rates.py
[2025-04-03T12:36:41.400+0000] {processor.py:839} INFO - DAG(s) dict_keys(['extract_exchange_rates']) retrieved from /opt/airflow/dags/extract_exchange_rates.py
[2025-04-03T12:36:41.414+0000] {logging_mixin.py:151} INFO - [2025-04-03T12:36:41.414+0000] {dag.py:2941} INFO - Sync 1 DAGs
[2025-04-03T12:36:41.424+0000] {logging_mixin.py:151} INFO - [2025-04-03T12:36:41.424+0000] {dag.py:3722} INFO - Setting next_dagrun for extract_exchange_rates to 2025-04-03T00:00:00+00:00, run_after=2025-04-04T00:00:00+00:00
[2025-04-03T12:36:41.433+0000] {processor.py:179} INFO - Processing /opt/airflow/dags/extract_exchange_rates.py took 0.047 seconds
[2025-04-03T12:37:11.655+0000] {processor.py:157} INFO - Started process (PID=1223) to work on /opt/airflow/dags/extract_exchange_rates.py
[2025-04-03T12:37:11.656+0000] {processor.py:829} INFO - Processing file /opt/airflow/dags/extract_exchange_rates.py for tasks to queue
[2025-04-03T12:37:11.656+0000] {logging_mixin.py:151} INFO - [2025-04-03T12:37:11.656+0000] {dagbag.py:536} INFO - Filling up the DagBag from /opt/airflow/dags/extract_exchange_rates.py
[2025-04-03T12:37:11.666+0000] {processor.py:839} INFO - DAG(s) dict_keys(['extract_exchange_rates']) retrieved from /opt/airflow/dags/extract_exchange_rates.py
[2025-04-03T12:37:11.680+0000] {logging_mixin.py:151} INFO - [2025-04-03T12:37:11.680+0000] {dag.py:2941} INFO - Sync 1 DAGs
[2025-04-03T12:37:11.691+0000] {logging_mixin.py:151} INFO - [2025-04-03T12:37:11.691+0000] {dag.py:3722} INFO - Setting next_dagrun for extract_exchange_rates to 2025-04-03T00:00:00+00:00, run_after=2025-04-04T00:00:00+00:00
[2025-04-03T12:37:11.698+0000] {processor.py:179} INFO - Processing /opt/airflow/dags/extract_exchange_rates.py took 0.045 seconds
[2025-04-03T12:37:41.893+0000] {processor.py:157} INFO - Started process (PID=1228) to work on /opt/airflow/dags/extract_exchange_rates.py
[2025-04-03T12:37:41.894+0000] {processor.py:829} INFO - Processing file /opt/airflow/dags/extract_exchange_rates.py for tasks to queue
[2025-04-03T12:37:41.895+0000] {logging_mixin.py:151} INFO - [2025-04-03T12:37:41.895+0000] {dagbag.py:536} INFO - Filling up the DagBag from /opt/airflow/dags/extract_exchange_rates.py
[2025-04-03T12:37:41.907+0000] {processor.py:839} INFO - DAG(s) dict_keys(['extract_exchange_rates']) retrieved from /opt/airflow/dags/extract_exchange_rates.py
[2025-04-03T12:37:41.923+0000] {logging_mixin.py:151} INFO - [2025-04-03T12:37:41.923+0000] {dag.py:2941} INFO - Sync 1 DAGs
[2025-04-03T12:37:41.937+0000] {logging_mixin.py:151} INFO - [2025-04-03T12:37:41.936+0000] {dag.py:3722} INFO - Setting next_dagrun for extract_exchange_rates to 2025-04-03T00:00:00+00:00, run_after=2025-04-04T00:00:00+00:00
[2025-04-03T12:37:41.945+0000] {processor.py:179} INFO - Processing /opt/airflow/dags/extract_exchange_rates.py took 0.056 seconds
[2025-04-03T12:38:12.128+0000] {processor.py:157} INFO - Started process (PID=1233) to work on /opt/airflow/dags/extract_exchange_rates.py
[2025-04-03T12:38:12.129+0000] {processor.py:829} INFO - Processing file /opt/airflow/dags/extract_exchange_rates.py for tasks to queue
[2025-04-03T12:38:12.130+0000] {logging_mixin.py:151} INFO - [2025-04-03T12:38:12.129+0000] {dagbag.py:536} INFO - Filling up the DagBag from /opt/airflow/dags/extract_exchange_rates.py
[2025-04-03T12:38:12.140+0000] {processor.py:839} INFO - DAG(s) dict_keys(['extract_exchange_rates']) retrieved from /opt/airflow/dags/extract_exchange_rates.py
[2025-04-03T12:38:12.156+0000] {logging_mixin.py:151} INFO - [2025-04-03T12:38:12.156+0000] {dag.py:2941} INFO - Sync 1 DAGs
[2025-04-03T12:38:12.168+0000] {logging_mixin.py:151} INFO - [2025-04-03T12:38:12.168+0000] {dag.py:3722} INFO - Setting next_dagrun for extract_exchange_rates to 2025-04-03T00:00:00+00:00, run_after=2025-04-04T00:00:00+00:00
[2025-04-03T12:38:12.176+0000] {processor.py:179} INFO - Processing /opt/airflow/dags/extract_exchange_rates.py took 0.052 seconds
[2025-04-03T12:38:42.392+0000] {processor.py:157} INFO - Started process (PID=1238) to work on /opt/airflow/dags/extract_exchange_rates.py
[2025-04-03T12:38:42.394+0000] {processor.py:829} INFO - Processing file /opt/airflow/dags/extract_exchange_rates.py for tasks to queue
[2025-04-03T12:38:42.395+0000] {logging_mixin.py:151} INFO - [2025-04-03T12:38:42.394+0000] {dagbag.py:536} INFO - Filling up the DagBag from /opt/airflow/dags/extract_exchange_rates.py
[2025-04-03T12:38:42.410+0000] {processor.py:839} INFO - DAG(s) dict_keys(['extract_exchange_rates']) retrieved from /opt/airflow/dags/extract_exchange_rates.py
[2025-04-03T12:38:42.430+0000] {logging_mixin.py:151} INFO - [2025-04-03T12:38:42.429+0000] {dag.py:2941} INFO - Sync 1 DAGs
[2025-04-03T12:38:42.442+0000] {logging_mixin.py:151} INFO - [2025-04-03T12:38:42.442+0000] {dag.py:3722} INFO - Setting next_dagrun for extract_exchange_rates to 2025-04-03T00:00:00+00:00, run_after=2025-04-04T00:00:00+00:00
[2025-04-03T12:38:42.450+0000] {processor.py:179} INFO - Processing /opt/airflow/dags/extract_exchange_rates.py took 0.063 seconds
[2025-04-03T12:39:12.592+0000] {processor.py:157} INFO - Started process (PID=1243) to work on /opt/airflow/dags/extract_exchange_rates.py
[2025-04-03T12:39:12.593+0000] {processor.py:829} INFO - Processing file /opt/airflow/dags/extract_exchange_rates.py for tasks to queue
[2025-04-03T12:39:12.594+0000] {logging_mixin.py:151} INFO - [2025-04-03T12:39:12.594+0000] {dagbag.py:536} INFO - Filling up the DagBag from /opt/airflow/dags/extract_exchange_rates.py
[2025-04-03T12:39:12.605+0000] {processor.py:839} INFO - DAG(s) dict_keys(['extract_exchange_rates']) retrieved from /opt/airflow/dags/extract_exchange_rates.py
[2025-04-03T12:39:12.619+0000] {logging_mixin.py:151} INFO - [2025-04-03T12:39:12.619+0000] {dag.py:2941} INFO - Sync 1 DAGs
[2025-04-03T12:39:12.630+0000] {logging_mixin.py:151} INFO - [2025-04-03T12:39:12.630+0000] {dag.py:3722} INFO - Setting next_dagrun for extract_exchange_rates to 2025-04-03T00:00:00+00:00, run_after=2025-04-04T00:00:00+00:00
[2025-04-03T12:39:12.637+0000] {processor.py:179} INFO - Processing /opt/airflow/dags/extract_exchange_rates.py took 0.047 seconds
[2025-04-03T12:39:42.875+0000] {processor.py:157} INFO - Started process (PID=1248) to work on /opt/airflow/dags/extract_exchange_rates.py
[2025-04-03T12:39:42.877+0000] {processor.py:829} INFO - Processing file /opt/airflow/dags/extract_exchange_rates.py for tasks to queue
[2025-04-03T12:39:42.878+0000] {logging_mixin.py:151} INFO - [2025-04-03T12:39:42.877+0000] {dagbag.py:536} INFO - Filling up the DagBag from /opt/airflow/dags/extract_exchange_rates.py
[2025-04-03T12:39:42.890+0000] {processor.py:839} INFO - DAG(s) dict_keys(['extract_exchange_rates']) retrieved from /opt/airflow/dags/extract_exchange_rates.py
[2025-04-03T12:39:42.906+0000] {logging_mixin.py:151} INFO - [2025-04-03T12:39:42.906+0000] {dag.py:2941} INFO - Sync 1 DAGs
[2025-04-03T12:39:42.917+0000] {logging_mixin.py:151} INFO - [2025-04-03T12:39:42.917+0000] {dag.py:3722} INFO - Setting next_dagrun for extract_exchange_rates to 2025-04-03T00:00:00+00:00, run_after=2025-04-04T00:00:00+00:00
[2025-04-03T12:39:42.924+0000] {processor.py:179} INFO - Processing /opt/airflow/dags/extract_exchange_rates.py took 0.053 seconds
[2025-04-03T12:40:13.106+0000] {processor.py:157} INFO - Started process (PID=1253) to work on /opt/airflow/dags/extract_exchange_rates.py
[2025-04-03T12:40:13.107+0000] {processor.py:829} INFO - Processing file /opt/airflow/dags/extract_exchange_rates.py for tasks to queue
[2025-04-03T12:40:13.107+0000] {logging_mixin.py:151} INFO - [2025-04-03T12:40:13.107+0000] {dagbag.py:536} INFO - Filling up the DagBag from /opt/airflow/dags/extract_exchange_rates.py
[2025-04-03T12:40:13.114+0000] {processor.py:839} INFO - DAG(s) dict_keys(['extract_exchange_rates']) retrieved from /opt/airflow/dags/extract_exchange_rates.py
[2025-04-03T12:40:13.126+0000] {logging_mixin.py:151} INFO - [2025-04-03T12:40:13.126+0000] {dag.py:2941} INFO - Sync 1 DAGs
[2025-04-03T12:40:13.137+0000] {logging_mixin.py:151} INFO - [2025-04-03T12:40:13.137+0000] {dag.py:3722} INFO - Setting next_dagrun for extract_exchange_rates to 2025-04-03T00:00:00+00:00, run_after=2025-04-04T00:00:00+00:00
[2025-04-03T12:40:13.144+0000] {processor.py:179} INFO - Processing /opt/airflow/dags/extract_exchange_rates.py took 0.040 seconds
[2025-04-03T12:40:43.358+0000] {processor.py:157} INFO - Started process (PID=1258) to work on /opt/airflow/dags/extract_exchange_rates.py
[2025-04-03T12:40:43.359+0000] {processor.py:829} INFO - Processing file /opt/airflow/dags/extract_exchange_rates.py for tasks to queue
[2025-04-03T12:40:43.359+0000] {logging_mixin.py:151} INFO - [2025-04-03T12:40:43.359+0000] {dagbag.py:536} INFO - Filling up the DagBag from /opt/airflow/dags/extract_exchange_rates.py
[2025-04-03T12:40:43.374+0000] {processor.py:839} INFO - DAG(s) dict_keys(['extract_exchange_rates']) retrieved from /opt/airflow/dags/extract_exchange_rates.py
[2025-04-03T12:40:43.393+0000] {logging_mixin.py:151} INFO - [2025-04-03T12:40:43.392+0000] {dag.py:2941} INFO - Sync 1 DAGs
[2025-04-03T12:40:43.406+0000] {logging_mixin.py:151} INFO - [2025-04-03T12:40:43.406+0000] {dag.py:3722} INFO - Setting next_dagrun for extract_exchange_rates to 2025-04-03T00:00:00+00:00, run_after=2025-04-04T00:00:00+00:00
[2025-04-03T12:40:43.414+0000] {processor.py:179} INFO - Processing /opt/airflow/dags/extract_exchange_rates.py took 0.059 seconds
[2025-04-03T12:41:13.615+0000] {processor.py:157} INFO - Started process (PID=1263) to work on /opt/airflow/dags/extract_exchange_rates.py
[2025-04-03T12:41:13.618+0000] {processor.py:829} INFO - Processing file /opt/airflow/dags/extract_exchange_rates.py for tasks to queue
[2025-04-03T12:41:13.619+0000] {logging_mixin.py:151} INFO - [2025-04-03T12:41:13.619+0000] {dagbag.py:536} INFO - Filling up the DagBag from /opt/airflow/dags/extract_exchange_rates.py
[2025-04-03T12:41:13.629+0000] {processor.py:839} INFO - DAG(s) dict_keys(['extract_exchange_rates']) retrieved from /opt/airflow/dags/extract_exchange_rates.py
[2025-04-03T12:41:13.643+0000] {logging_mixin.py:151} INFO - [2025-04-03T12:41:13.643+0000] {dag.py:2941} INFO - Sync 1 DAGs
[2025-04-03T12:41:13.653+0000] {logging_mixin.py:151} INFO - [2025-04-03T12:41:13.653+0000] {dag.py:3722} INFO - Setting next_dagrun for extract_exchange_rates to 2025-04-03T00:00:00+00:00, run_after=2025-04-04T00:00:00+00:00
[2025-04-03T12:41:13.661+0000] {processor.py:179} INFO - Processing /opt/airflow/dags/extract_exchange_rates.py took 0.050 seconds
[2025-04-03T12:41:43.880+0000] {processor.py:157} INFO - Started process (PID=1268) to work on /opt/airflow/dags/extract_exchange_rates.py
[2025-04-03T12:41:43.881+0000] {processor.py:829} INFO - Processing file /opt/airflow/dags/extract_exchange_rates.py for tasks to queue
[2025-04-03T12:41:43.881+0000] {logging_mixin.py:151} INFO - [2025-04-03T12:41:43.881+0000] {dagbag.py:536} INFO - Filling up the DagBag from /opt/airflow/dags/extract_exchange_rates.py
[2025-04-03T12:41:43.889+0000] {processor.py:839} INFO - DAG(s) dict_keys(['extract_exchange_rates']) retrieved from /opt/airflow/dags/extract_exchange_rates.py
[2025-04-03T12:41:43.900+0000] {logging_mixin.py:151} INFO - [2025-04-03T12:41:43.900+0000] {dag.py:2941} INFO - Sync 1 DAGs
[2025-04-03T12:41:43.909+0000] {logging_mixin.py:151} INFO - [2025-04-03T12:41:43.908+0000] {dag.py:3722} INFO - Setting next_dagrun for extract_exchange_rates to 2025-04-03T00:00:00+00:00, run_after=2025-04-04T00:00:00+00:00
[2025-04-03T12:41:43.917+0000] {processor.py:179} INFO - Processing /opt/airflow/dags/extract_exchange_rates.py took 0.038 seconds
[2025-04-03T12:42:14.137+0000] {processor.py:157} INFO - Started process (PID=1273) to work on /opt/airflow/dags/extract_exchange_rates.py
[2025-04-03T12:42:14.138+0000] {processor.py:829} INFO - Processing file /opt/airflow/dags/extract_exchange_rates.py for tasks to queue
[2025-04-03T12:42:14.138+0000] {logging_mixin.py:151} INFO - [2025-04-03T12:42:14.138+0000] {dagbag.py:536} INFO - Filling up the DagBag from /opt/airflow/dags/extract_exchange_rates.py
[2025-04-03T12:42:14.148+0000] {processor.py:839} INFO - DAG(s) dict_keys(['extract_exchange_rates']) retrieved from /opt/airflow/dags/extract_exchange_rates.py
[2025-04-03T12:42:14.163+0000] {logging_mixin.py:151} INFO - [2025-04-03T12:42:14.163+0000] {dag.py:2941} INFO - Sync 1 DAGs
[2025-04-03T12:42:14.174+0000] {logging_mixin.py:151} INFO - [2025-04-03T12:42:14.174+0000] {dag.py:3722} INFO - Setting next_dagrun for extract_exchange_rates to 2025-04-03T00:00:00+00:00, run_after=2025-04-04T00:00:00+00:00
[2025-04-03T12:42:14.182+0000] {processor.py:179} INFO - Processing /opt/airflow/dags/extract_exchange_rates.py took 0.047 seconds
[2025-04-03T12:42:44.408+0000] {processor.py:157} INFO - Started process (PID=1278) to work on /opt/airflow/dags/extract_exchange_rates.py
[2025-04-03T12:42:44.409+0000] {processor.py:829} INFO - Processing file /opt/airflow/dags/extract_exchange_rates.py for tasks to queue
[2025-04-03T12:42:44.409+0000] {logging_mixin.py:151} INFO - [2025-04-03T12:42:44.409+0000] {dagbag.py:536} INFO - Filling up the DagBag from /opt/airflow/dags/extract_exchange_rates.py
[2025-04-03T12:42:44.420+0000] {processor.py:839} INFO - DAG(s) dict_keys(['extract_exchange_rates']) retrieved from /opt/airflow/dags/extract_exchange_rates.py
[2025-04-03T12:42:44.438+0000] {logging_mixin.py:151} INFO - [2025-04-03T12:42:44.438+0000] {dag.py:2941} INFO - Sync 1 DAGs
[2025-04-03T12:42:44.448+0000] {logging_mixin.py:151} INFO - [2025-04-03T12:42:44.447+0000] {dag.py:3722} INFO - Setting next_dagrun for extract_exchange_rates to 2025-04-03T00:00:00+00:00, run_after=2025-04-04T00:00:00+00:00
[2025-04-03T12:42:44.456+0000] {processor.py:179} INFO - Processing /opt/airflow/dags/extract_exchange_rates.py took 0.050 seconds
[2025-04-03T12:43:14.654+0000] {processor.py:157} INFO - Started process (PID=1283) to work on /opt/airflow/dags/extract_exchange_rates.py
[2025-04-03T12:43:14.655+0000] {processor.py:829} INFO - Processing file /opt/airflow/dags/extract_exchange_rates.py for tasks to queue
[2025-04-03T12:43:14.657+0000] {logging_mixin.py:151} INFO - [2025-04-03T12:43:14.656+0000] {dagbag.py:536} INFO - Filling up the DagBag from /opt/airflow/dags/extract_exchange_rates.py
[2025-04-03T12:43:14.668+0000] {processor.py:839} INFO - DAG(s) dict_keys(['extract_exchange_rates']) retrieved from /opt/airflow/dags/extract_exchange_rates.py
[2025-04-03T12:43:14.683+0000] {logging_mixin.py:151} INFO - [2025-04-03T12:43:14.683+0000] {dag.py:2941} INFO - Sync 1 DAGs
[2025-04-03T12:43:14.693+0000] {logging_mixin.py:151} INFO - [2025-04-03T12:43:14.693+0000] {dag.py:3722} INFO - Setting next_dagrun for extract_exchange_rates to 2025-04-03T00:00:00+00:00, run_after=2025-04-04T00:00:00+00:00
[2025-04-03T12:43:14.701+0000] {processor.py:179} INFO - Processing /opt/airflow/dags/extract_exchange_rates.py took 0.050 seconds
[2025-04-03T12:43:44.931+0000] {processor.py:157} INFO - Started process (PID=1288) to work on /opt/airflow/dags/extract_exchange_rates.py
[2025-04-03T12:43:44.932+0000] {processor.py:829} INFO - Processing file /opt/airflow/dags/extract_exchange_rates.py for tasks to queue
[2025-04-03T12:43:44.932+0000] {logging_mixin.py:151} INFO - [2025-04-03T12:43:44.932+0000] {dagbag.py:536} INFO - Filling up the DagBag from /opt/airflow/dags/extract_exchange_rates.py
[2025-04-03T12:43:44.943+0000] {processor.py:839} INFO - DAG(s) dict_keys(['extract_exchange_rates']) retrieved from /opt/airflow/dags/extract_exchange_rates.py
[2025-04-03T12:43:44.958+0000] {logging_mixin.py:151} INFO - [2025-04-03T12:43:44.958+0000] {dag.py:2941} INFO - Sync 1 DAGs
[2025-04-03T12:43:44.969+0000] {logging_mixin.py:151} INFO - [2025-04-03T12:43:44.969+0000] {dag.py:3722} INFO - Setting next_dagrun for extract_exchange_rates to 2025-04-03T00:00:00+00:00, run_after=2025-04-04T00:00:00+00:00
[2025-04-03T12:43:44.977+0000] {processor.py:179} INFO - Processing /opt/airflow/dags/extract_exchange_rates.py took 0.049 seconds
[2025-04-03T12:44:15.167+0000] {processor.py:157} INFO - Started process (PID=1293) to work on /opt/airflow/dags/extract_exchange_rates.py
[2025-04-03T12:44:15.167+0000] {processor.py:829} INFO - Processing file /opt/airflow/dags/extract_exchange_rates.py for tasks to queue
[2025-04-03T12:44:15.168+0000] {logging_mixin.py:151} INFO - [2025-04-03T12:44:15.168+0000] {dagbag.py:536} INFO - Filling up the DagBag from /opt/airflow/dags/extract_exchange_rates.py
[2025-04-03T12:44:15.177+0000] {processor.py:839} INFO - DAG(s) dict_keys(['extract_exchange_rates']) retrieved from /opt/airflow/dags/extract_exchange_rates.py
[2025-04-03T12:44:15.192+0000] {logging_mixin.py:151} INFO - [2025-04-03T12:44:15.192+0000] {dag.py:2941} INFO - Sync 1 DAGs
[2025-04-03T12:44:15.203+0000] {logging_mixin.py:151} INFO - [2025-04-03T12:44:15.203+0000] {dag.py:3722} INFO - Setting next_dagrun for extract_exchange_rates to 2025-04-03T00:00:00+00:00, run_after=2025-04-04T00:00:00+00:00
[2025-04-03T12:44:15.211+0000] {processor.py:179} INFO - Processing /opt/airflow/dags/extract_exchange_rates.py took 0.047 seconds
[2025-04-03T12:44:45.421+0000] {processor.py:157} INFO - Started process (PID=1298) to work on /opt/airflow/dags/extract_exchange_rates.py
[2025-04-03T12:44:45.422+0000] {processor.py:829} INFO - Processing file /opt/airflow/dags/extract_exchange_rates.py for tasks to queue
[2025-04-03T12:44:45.423+0000] {logging_mixin.py:151} INFO - [2025-04-03T12:44:45.422+0000] {dagbag.py:536} INFO - Filling up the DagBag from /opt/airflow/dags/extract_exchange_rates.py
[2025-04-03T12:44:45.432+0000] {processor.py:839} INFO - DAG(s) dict_keys(['extract_exchange_rates']) retrieved from /opt/airflow/dags/extract_exchange_rates.py
[2025-04-03T12:44:45.446+0000] {logging_mixin.py:151} INFO - [2025-04-03T12:44:45.446+0000] {dag.py:2941} INFO - Sync 1 DAGs
[2025-04-03T12:44:45.457+0000] {logging_mixin.py:151} INFO - [2025-04-03T12:44:45.457+0000] {dag.py:3722} INFO - Setting next_dagrun for extract_exchange_rates to 2025-04-03T00:00:00+00:00, run_after=2025-04-04T00:00:00+00:00
[2025-04-03T12:44:45.465+0000] {processor.py:179} INFO - Processing /opt/airflow/dags/extract_exchange_rates.py took 0.046 seconds
[2025-04-03T12:45:15.660+0000] {processor.py:157} INFO - Started process (PID=1303) to work on /opt/airflow/dags/extract_exchange_rates.py
[2025-04-03T12:45:15.661+0000] {processor.py:829} INFO - Processing file /opt/airflow/dags/extract_exchange_rates.py for tasks to queue
[2025-04-03T12:45:15.662+0000] {logging_mixin.py:151} INFO - [2025-04-03T12:45:15.661+0000] {dagbag.py:536} INFO - Filling up the DagBag from /opt/airflow/dags/extract_exchange_rates.py
[2025-04-03T12:45:15.672+0000] {processor.py:839} INFO - DAG(s) dict_keys(['extract_exchange_rates']) retrieved from /opt/airflow/dags/extract_exchange_rates.py
[2025-04-03T12:45:15.687+0000] {logging_mixin.py:151} INFO - [2025-04-03T12:45:15.687+0000] {dag.py:2941} INFO - Sync 1 DAGs
[2025-04-03T12:45:15.696+0000] {logging_mixin.py:151} INFO - [2025-04-03T12:45:15.696+0000] {dag.py:3722} INFO - Setting next_dagrun for extract_exchange_rates to 2025-04-03T00:00:00+00:00, run_after=2025-04-04T00:00:00+00:00
[2025-04-03T12:45:15.704+0000] {processor.py:179} INFO - Processing /opt/airflow/dags/extract_exchange_rates.py took 0.046 seconds
[2025-04-03T12:45:45.920+0000] {processor.py:157} INFO - Started process (PID=1308) to work on /opt/airflow/dags/extract_exchange_rates.py
[2025-04-03T12:45:45.921+0000] {processor.py:829} INFO - Processing file /opt/airflow/dags/extract_exchange_rates.py for tasks to queue
[2025-04-03T12:45:45.921+0000] {logging_mixin.py:151} INFO - [2025-04-03T12:45:45.921+0000] {dagbag.py:536} INFO - Filling up the DagBag from /opt/airflow/dags/extract_exchange_rates.py
[2025-04-03T12:45:45.928+0000] {processor.py:839} INFO - DAG(s) dict_keys(['extract_exchange_rates']) retrieved from /opt/airflow/dags/extract_exchange_rates.py
[2025-04-03T12:45:45.941+0000] {logging_mixin.py:151} INFO - [2025-04-03T12:45:45.941+0000] {dag.py:2941} INFO - Sync 1 DAGs
[2025-04-03T12:45:45.952+0000] {logging_mixin.py:151} INFO - [2025-04-03T12:45:45.952+0000] {dag.py:3722} INFO - Setting next_dagrun for extract_exchange_rates to 2025-04-03T00:00:00+00:00, run_after=2025-04-04T00:00:00+00:00
[2025-04-03T12:45:45.960+0000] {processor.py:179} INFO - Processing /opt/airflow/dags/extract_exchange_rates.py took 0.040 seconds
[2025-04-03T12:46:16.147+0000] {processor.py:157} INFO - Started process (PID=1313) to work on /opt/airflow/dags/extract_exchange_rates.py
[2025-04-03T12:46:16.147+0000] {processor.py:829} INFO - Processing file /opt/airflow/dags/extract_exchange_rates.py for tasks to queue
[2025-04-03T12:46:16.148+0000] {logging_mixin.py:151} INFO - [2025-04-03T12:46:16.148+0000] {dagbag.py:536} INFO - Filling up the DagBag from /opt/airflow/dags/extract_exchange_rates.py
[2025-04-03T12:46:16.157+0000] {processor.py:839} INFO - DAG(s) dict_keys(['extract_exchange_rates']) retrieved from /opt/airflow/dags/extract_exchange_rates.py
[2025-04-03T12:46:16.171+0000] {logging_mixin.py:151} INFO - [2025-04-03T12:46:16.171+0000] {dag.py:2941} INFO - Sync 1 DAGs
[2025-04-03T12:46:16.183+0000] {logging_mixin.py:151} INFO - [2025-04-03T12:46:16.183+0000] {dag.py:3722} INFO - Setting next_dagrun for extract_exchange_rates to 2025-04-03T00:00:00+00:00, run_after=2025-04-04T00:00:00+00:00
[2025-04-03T12:46:16.191+0000] {processor.py:179} INFO - Processing /opt/airflow/dags/extract_exchange_rates.py took 0.046 seconds
[2025-04-03T12:46:46.395+0000] {processor.py:157} INFO - Started process (PID=1318) to work on /opt/airflow/dags/extract_exchange_rates.py
[2025-04-03T12:46:46.395+0000] {processor.py:829} INFO - Processing file /opt/airflow/dags/extract_exchange_rates.py for tasks to queue
[2025-04-03T12:46:46.396+0000] {logging_mixin.py:151} INFO - [2025-04-03T12:46:46.395+0000] {dagbag.py:536} INFO - Filling up the DagBag from /opt/airflow/dags/extract_exchange_rates.py
[2025-04-03T12:46:46.403+0000] {processor.py:839} INFO - DAG(s) dict_keys(['extract_exchange_rates']) retrieved from /opt/airflow/dags/extract_exchange_rates.py
[2025-04-03T12:46:46.415+0000] {logging_mixin.py:151} INFO - [2025-04-03T12:46:46.415+0000] {dag.py:2941} INFO - Sync 1 DAGs
[2025-04-03T12:46:46.424+0000] {logging_mixin.py:151} INFO - [2025-04-03T12:46:46.424+0000] {dag.py:3722} INFO - Setting next_dagrun for extract_exchange_rates to 2025-04-03T00:00:00+00:00, run_after=2025-04-04T00:00:00+00:00
[2025-04-03T12:46:46.432+0000] {processor.py:179} INFO - Processing /opt/airflow/dags/extract_exchange_rates.py took 0.039 seconds
[2025-04-03T12:47:16.639+0000] {processor.py:157} INFO - Started process (PID=1323) to work on /opt/airflow/dags/extract_exchange_rates.py
[2025-04-03T12:47:16.639+0000] {processor.py:829} INFO - Processing file /opt/airflow/dags/extract_exchange_rates.py for tasks to queue
[2025-04-03T12:47:16.640+0000] {logging_mixin.py:151} INFO - [2025-04-03T12:47:16.640+0000] {dagbag.py:536} INFO - Filling up the DagBag from /opt/airflow/dags/extract_exchange_rates.py
[2025-04-03T12:47:16.651+0000] {processor.py:839} INFO - DAG(s) dict_keys(['extract_exchange_rates']) retrieved from /opt/airflow/dags/extract_exchange_rates.py
[2025-04-03T12:47:16.664+0000] {logging_mixin.py:151} INFO - [2025-04-03T12:47:16.664+0000] {dag.py:2941} INFO - Sync 1 DAGs
[2025-04-03T12:47:16.673+0000] {logging_mixin.py:151} INFO - [2025-04-03T12:47:16.673+0000] {dag.py:3722} INFO - Setting next_dagrun for extract_exchange_rates to 2025-04-03T00:00:00+00:00, run_after=2025-04-04T00:00:00+00:00
[2025-04-03T12:47:16.680+0000] {processor.py:179} INFO - Processing /opt/airflow/dags/extract_exchange_rates.py took 0.044 seconds
[2025-04-03T12:47:46.856+0000] {processor.py:157} INFO - Started process (PID=1328) to work on /opt/airflow/dags/extract_exchange_rates.py
[2025-04-03T12:47:46.857+0000] {processor.py:829} INFO - Processing file /opt/airflow/dags/extract_exchange_rates.py for tasks to queue
[2025-04-03T12:47:46.857+0000] {logging_mixin.py:151} INFO - [2025-04-03T12:47:46.857+0000] {dagbag.py:536} INFO - Filling up the DagBag from /opt/airflow/dags/extract_exchange_rates.py
[2025-04-03T12:47:46.867+0000] {processor.py:839} INFO - DAG(s) dict_keys(['extract_exchange_rates']) retrieved from /opt/airflow/dags/extract_exchange_rates.py
[2025-04-03T12:47:46.881+0000] {logging_mixin.py:151} INFO - [2025-04-03T12:47:46.880+0000] {dag.py:2941} INFO - Sync 1 DAGs
[2025-04-03T12:47:46.890+0000] {logging_mixin.py:151} INFO - [2025-04-03T12:47:46.890+0000] {dag.py:3722} INFO - Setting next_dagrun for extract_exchange_rates to 2025-04-03T00:00:00+00:00, run_after=2025-04-04T00:00:00+00:00
[2025-04-03T12:47:46.897+0000] {processor.py:179} INFO - Processing /opt/airflow/dags/extract_exchange_rates.py took 0.044 seconds
[2025-04-03T12:48:17.095+0000] {processor.py:157} INFO - Started process (PID=1333) to work on /opt/airflow/dags/extract_exchange_rates.py
[2025-04-03T12:48:17.096+0000] {processor.py:829} INFO - Processing file /opt/airflow/dags/extract_exchange_rates.py for tasks to queue
[2025-04-03T12:48:17.097+0000] {logging_mixin.py:151} INFO - [2025-04-03T12:48:17.096+0000] {dagbag.py:536} INFO - Filling up the DagBag from /opt/airflow/dags/extract_exchange_rates.py
[2025-04-03T12:48:17.105+0000] {processor.py:839} INFO - DAG(s) dict_keys(['extract_exchange_rates']) retrieved from /opt/airflow/dags/extract_exchange_rates.py
[2025-04-03T12:48:17.119+0000] {logging_mixin.py:151} INFO - [2025-04-03T12:48:17.119+0000] {dag.py:2941} INFO - Sync 1 DAGs
[2025-04-03T12:48:17.128+0000] {logging_mixin.py:151} INFO - [2025-04-03T12:48:17.128+0000] {dag.py:3722} INFO - Setting next_dagrun for extract_exchange_rates to 2025-04-03T00:00:00+00:00, run_after=2025-04-04T00:00:00+00:00
[2025-04-03T12:48:17.135+0000] {processor.py:179} INFO - Processing /opt/airflow/dags/extract_exchange_rates.py took 0.042 seconds
[2025-04-03T12:48:47.373+0000] {processor.py:157} INFO - Started process (PID=1338) to work on /opt/airflow/dags/extract_exchange_rates.py
[2025-04-03T12:48:47.374+0000] {processor.py:829} INFO - Processing file /opt/airflow/dags/extract_exchange_rates.py for tasks to queue
[2025-04-03T12:48:47.374+0000] {logging_mixin.py:151} INFO - [2025-04-03T12:48:47.374+0000] {dagbag.py:536} INFO - Filling up the DagBag from /opt/airflow/dags/extract_exchange_rates.py
[2025-04-03T12:48:47.382+0000] {processor.py:839} INFO - DAG(s) dict_keys(['extract_exchange_rates']) retrieved from /opt/airflow/dags/extract_exchange_rates.py
[2025-04-03T12:48:47.394+0000] {logging_mixin.py:151} INFO - [2025-04-03T12:48:47.394+0000] {dag.py:2941} INFO - Sync 1 DAGs
[2025-04-03T12:48:47.404+0000] {logging_mixin.py:151} INFO - [2025-04-03T12:48:47.404+0000] {dag.py:3722} INFO - Setting next_dagrun for extract_exchange_rates to 2025-04-03T00:00:00+00:00, run_after=2025-04-04T00:00:00+00:00
[2025-04-03T12:48:47.411+0000] {processor.py:179} INFO - Processing /opt/airflow/dags/extract_exchange_rates.py took 0.040 seconds
[2025-04-03T12:49:17.610+0000] {processor.py:157} INFO - Started process (PID=1343) to work on /opt/airflow/dags/extract_exchange_rates.py
[2025-04-03T12:49:17.611+0000] {processor.py:829} INFO - Processing file /opt/airflow/dags/extract_exchange_rates.py for tasks to queue
[2025-04-03T12:49:17.612+0000] {logging_mixin.py:151} INFO - [2025-04-03T12:49:17.612+0000] {dagbag.py:536} INFO - Filling up the DagBag from /opt/airflow/dags/extract_exchange_rates.py
[2025-04-03T12:49:17.621+0000] {processor.py:839} INFO - DAG(s) dict_keys(['extract_exchange_rates']) retrieved from /opt/airflow/dags/extract_exchange_rates.py
[2025-04-03T12:49:17.635+0000] {logging_mixin.py:151} INFO - [2025-04-03T12:49:17.635+0000] {dag.py:2941} INFO - Sync 1 DAGs
[2025-04-03T12:49:17.646+0000] {logging_mixin.py:151} INFO - [2025-04-03T12:49:17.646+0000] {dag.py:3722} INFO - Setting next_dagrun for extract_exchange_rates to 2025-04-03T00:00:00+00:00, run_after=2025-04-04T00:00:00+00:00
[2025-04-03T12:49:17.653+0000] {processor.py:179} INFO - Processing /opt/airflow/dags/extract_exchange_rates.py took 0.045 seconds
[2025-04-03T12:49:47.861+0000] {processor.py:157} INFO - Started process (PID=1348) to work on /opt/airflow/dags/extract_exchange_rates.py
[2025-04-03T12:49:47.862+0000] {processor.py:829} INFO - Processing file /opt/airflow/dags/extract_exchange_rates.py for tasks to queue
[2025-04-03T12:49:47.863+0000] {logging_mixin.py:151} INFO - [2025-04-03T12:49:47.863+0000] {dagbag.py:536} INFO - Filling up the DagBag from /opt/airflow/dags/extract_exchange_rates.py
[2025-04-03T12:49:47.873+0000] {processor.py:839} INFO - DAG(s) dict_keys(['extract_exchange_rates']) retrieved from /opt/airflow/dags/extract_exchange_rates.py
[2025-04-03T12:49:47.887+0000] {logging_mixin.py:151} INFO - [2025-04-03T12:49:47.887+0000] {dag.py:2941} INFO - Sync 1 DAGs
[2025-04-03T12:49:47.897+0000] {logging_mixin.py:151} INFO - [2025-04-03T12:49:47.897+0000] {dag.py:3722} INFO - Setting next_dagrun for extract_exchange_rates to 2025-04-03T00:00:00+00:00, run_after=2025-04-04T00:00:00+00:00
[2025-04-03T12:49:47.904+0000] {processor.py:179} INFO - Processing /opt/airflow/dags/extract_exchange_rates.py took 0.046 seconds
[2025-04-03T12:50:18.132+0000] {processor.py:157} INFO - Started process (PID=1353) to work on /opt/airflow/dags/extract_exchange_rates.py
[2025-04-03T12:50:18.133+0000] {processor.py:829} INFO - Processing file /opt/airflow/dags/extract_exchange_rates.py for tasks to queue
[2025-04-03T12:50:18.134+0000] {logging_mixin.py:151} INFO - [2025-04-03T12:50:18.134+0000] {dagbag.py:536} INFO - Filling up the DagBag from /opt/airflow/dags/extract_exchange_rates.py
[2025-04-03T12:50:18.149+0000] {processor.py:839} INFO - DAG(s) dict_keys(['extract_exchange_rates']) retrieved from /opt/airflow/dags/extract_exchange_rates.py
[2025-04-03T12:50:18.169+0000] {logging_mixin.py:151} INFO - [2025-04-03T12:50:18.169+0000] {dag.py:2941} INFO - Sync 1 DAGs
[2025-04-03T12:50:18.181+0000] {logging_mixin.py:151} INFO - [2025-04-03T12:50:18.181+0000] {dag.py:3722} INFO - Setting next_dagrun for extract_exchange_rates to 2025-04-03T00:00:00+00:00, run_after=2025-04-04T00:00:00+00:00
[2025-04-03T12:50:18.188+0000] {processor.py:179} INFO - Processing /opt/airflow/dags/extract_exchange_rates.py took 0.060 seconds
[2025-04-03T12:50:48.384+0000] {processor.py:157} INFO - Started process (PID=1358) to work on /opt/airflow/dags/extract_exchange_rates.py
[2025-04-03T12:50:48.384+0000] {processor.py:829} INFO - Processing file /opt/airflow/dags/extract_exchange_rates.py for tasks to queue
[2025-04-03T12:50:48.385+0000] {logging_mixin.py:151} INFO - [2025-04-03T12:50:48.385+0000] {dagbag.py:536} INFO - Filling up the DagBag from /opt/airflow/dags/extract_exchange_rates.py
[2025-04-03T12:50:48.392+0000] {processor.py:839} INFO - DAG(s) dict_keys(['extract_exchange_rates']) retrieved from /opt/airflow/dags/extract_exchange_rates.py
[2025-04-03T12:50:48.404+0000] {logging_mixin.py:151} INFO - [2025-04-03T12:50:48.404+0000] {dag.py:2941} INFO - Sync 1 DAGs
[2025-04-03T12:50:48.414+0000] {logging_mixin.py:151} INFO - [2025-04-03T12:50:48.413+0000] {dag.py:3722} INFO - Setting next_dagrun for extract_exchange_rates to 2025-04-03T00:00:00+00:00, run_after=2025-04-04T00:00:00+00:00
[2025-04-03T12:50:48.421+0000] {processor.py:179} INFO - Processing /opt/airflow/dags/extract_exchange_rates.py took 0.039 seconds
[2025-04-03T12:51:18.635+0000] {processor.py:157} INFO - Started process (PID=1363) to work on /opt/airflow/dags/extract_exchange_rates.py
[2025-04-03T12:51:18.636+0000] {processor.py:829} INFO - Processing file /opt/airflow/dags/extract_exchange_rates.py for tasks to queue
[2025-04-03T12:51:18.637+0000] {logging_mixin.py:151} INFO - [2025-04-03T12:51:18.636+0000] {dagbag.py:536} INFO - Filling up the DagBag from /opt/airflow/dags/extract_exchange_rates.py
[2025-04-03T12:51:18.646+0000] {processor.py:839} INFO - DAG(s) dict_keys(['extract_exchange_rates']) retrieved from /opt/airflow/dags/extract_exchange_rates.py
[2025-04-03T12:51:18.659+0000] {logging_mixin.py:151} INFO - [2025-04-03T12:51:18.659+0000] {dag.py:2941} INFO - Sync 1 DAGs
[2025-04-03T12:51:18.670+0000] {logging_mixin.py:151} INFO - [2025-04-03T12:51:18.670+0000] {dag.py:3722} INFO - Setting next_dagrun for extract_exchange_rates to 2025-04-03T00:00:00+00:00, run_after=2025-04-04T00:00:00+00:00
[2025-04-03T12:51:18.678+0000] {processor.py:179} INFO - Processing /opt/airflow/dags/extract_exchange_rates.py took 0.045 seconds
[2025-04-03T12:51:48.889+0000] {processor.py:157} INFO - Started process (PID=1368) to work on /opt/airflow/dags/extract_exchange_rates.py
[2025-04-03T12:51:48.890+0000] {processor.py:829} INFO - Processing file /opt/airflow/dags/extract_exchange_rates.py for tasks to queue
[2025-04-03T12:51:48.890+0000] {logging_mixin.py:151} INFO - [2025-04-03T12:51:48.890+0000] {dagbag.py:536} INFO - Filling up the DagBag from /opt/airflow/dags/extract_exchange_rates.py
[2025-04-03T12:51:48.899+0000] {processor.py:839} INFO - DAG(s) dict_keys(['extract_exchange_rates']) retrieved from /opt/airflow/dags/extract_exchange_rates.py
[2025-04-03T12:51:48.913+0000] {logging_mixin.py:151} INFO - [2025-04-03T12:51:48.913+0000] {dag.py:2941} INFO - Sync 1 DAGs
[2025-04-03T12:51:48.925+0000] {logging_mixin.py:151} INFO - [2025-04-03T12:51:48.925+0000] {dag.py:3722} INFO - Setting next_dagrun for extract_exchange_rates to 2025-04-03T00:00:00+00:00, run_after=2025-04-04T00:00:00+00:00
[2025-04-03T12:51:48.932+0000] {processor.py:179} INFO - Processing /opt/airflow/dags/extract_exchange_rates.py took 0.045 seconds
[2025-04-03T12:52:19.132+0000] {processor.py:157} INFO - Started process (PID=1373) to work on /opt/airflow/dags/extract_exchange_rates.py
[2025-04-03T12:52:19.133+0000] {processor.py:829} INFO - Processing file /opt/airflow/dags/extract_exchange_rates.py for tasks to queue
[2025-04-03T12:52:19.133+0000] {logging_mixin.py:151} INFO - [2025-04-03T12:52:19.133+0000] {dagbag.py:536} INFO - Filling up the DagBag from /opt/airflow/dags/extract_exchange_rates.py
[2025-04-03T12:52:19.144+0000] {processor.py:839} INFO - DAG(s) dict_keys(['extract_exchange_rates']) retrieved from /opt/airflow/dags/extract_exchange_rates.py
[2025-04-03T12:52:19.157+0000] {logging_mixin.py:151} INFO - [2025-04-03T12:52:19.157+0000] {dag.py:2941} INFO - Sync 1 DAGs
[2025-04-03T12:52:19.168+0000] {logging_mixin.py:151} INFO - [2025-04-03T12:52:19.168+0000] {dag.py:3722} INFO - Setting next_dagrun for extract_exchange_rates to 2025-04-03T00:00:00+00:00, run_after=2025-04-04T00:00:00+00:00
[2025-04-03T12:52:19.175+0000] {processor.py:179} INFO - Processing /opt/airflow/dags/extract_exchange_rates.py took 0.046 seconds
[2025-04-03T12:52:49.363+0000] {processor.py:157} INFO - Started process (PID=1378) to work on /opt/airflow/dags/extract_exchange_rates.py
[2025-04-03T12:52:49.364+0000] {processor.py:829} INFO - Processing file /opt/airflow/dags/extract_exchange_rates.py for tasks to queue
[2025-04-03T12:52:49.364+0000] {logging_mixin.py:151} INFO - [2025-04-03T12:52:49.364+0000] {dagbag.py:536} INFO - Filling up the DagBag from /opt/airflow/dags/extract_exchange_rates.py
[2025-04-03T12:52:49.373+0000] {processor.py:839} INFO - DAG(s) dict_keys(['extract_exchange_rates']) retrieved from /opt/airflow/dags/extract_exchange_rates.py
[2025-04-03T12:52:49.386+0000] {logging_mixin.py:151} INFO - [2025-04-03T12:52:49.386+0000] {dag.py:2941} INFO - Sync 1 DAGs
[2025-04-03T12:52:49.396+0000] {logging_mixin.py:151} INFO - [2025-04-03T12:52:49.396+0000] {dag.py:3722} INFO - Setting next_dagrun for extract_exchange_rates to 2025-04-03T00:00:00+00:00, run_after=2025-04-04T00:00:00+00:00
[2025-04-03T12:52:49.403+0000] {processor.py:179} INFO - Processing /opt/airflow/dags/extract_exchange_rates.py took 0.041 seconds
[2025-04-03T12:53:19.612+0000] {processor.py:157} INFO - Started process (PID=1383) to work on /opt/airflow/dags/extract_exchange_rates.py
[2025-04-03T12:53:19.613+0000] {processor.py:829} INFO - Processing file /opt/airflow/dags/extract_exchange_rates.py for tasks to queue
[2025-04-03T12:53:19.614+0000] {logging_mixin.py:151} INFO - [2025-04-03T12:53:19.614+0000] {dagbag.py:536} INFO - Filling up the DagBag from /opt/airflow/dags/extract_exchange_rates.py
[2025-04-03T12:53:19.623+0000] {processor.py:839} INFO - DAG(s) dict_keys(['extract_exchange_rates']) retrieved from /opt/airflow/dags/extract_exchange_rates.py
[2025-04-03T12:53:19.637+0000] {logging_mixin.py:151} INFO - [2025-04-03T12:53:19.637+0000] {dag.py:2941} INFO - Sync 1 DAGs
[2025-04-03T12:53:19.647+0000] {logging_mixin.py:151} INFO - [2025-04-03T12:53:19.647+0000] {dag.py:3722} INFO - Setting next_dagrun for extract_exchange_rates to 2025-04-03T00:00:00+00:00, run_after=2025-04-04T00:00:00+00:00
[2025-04-03T12:53:19.654+0000] {processor.py:179} INFO - Processing /opt/airflow/dags/extract_exchange_rates.py took 0.043 seconds
[2025-04-03T12:53:49.865+0000] {processor.py:157} INFO - Started process (PID=1388) to work on /opt/airflow/dags/extract_exchange_rates.py
[2025-04-03T12:53:49.865+0000] {processor.py:829} INFO - Processing file /opt/airflow/dags/extract_exchange_rates.py for tasks to queue
[2025-04-03T12:53:49.866+0000] {logging_mixin.py:151} INFO - [2025-04-03T12:53:49.866+0000] {dagbag.py:536} INFO - Filling up the DagBag from /opt/airflow/dags/extract_exchange_rates.py
[2025-04-03T12:53:49.875+0000] {processor.py:839} INFO - DAG(s) dict_keys(['extract_exchange_rates']) retrieved from /opt/airflow/dags/extract_exchange_rates.py
[2025-04-03T12:53:49.889+0000] {logging_mixin.py:151} INFO - [2025-04-03T12:53:49.889+0000] {dag.py:2941} INFO - Sync 1 DAGs
[2025-04-03T12:53:49.900+0000] {logging_mixin.py:151} INFO - [2025-04-03T12:53:49.900+0000] {dag.py:3722} INFO - Setting next_dagrun for extract_exchange_rates to 2025-04-03T00:00:00+00:00, run_after=2025-04-04T00:00:00+00:00
[2025-04-03T12:53:49.907+0000] {processor.py:179} INFO - Processing /opt/airflow/dags/extract_exchange_rates.py took 0.045 seconds
