[2025-04-25T05:49:44.042+0000] {processor.py:157} INFO - Started process (PID=174) to work on /opt/airflow/dags/extract_exchange_rates.py
[2025-04-25T05:49:44.043+0000] {processor.py:829} INFO - Processing file /opt/airflow/dags/extract_exchange_rates.py for tasks to queue
[2025-04-25T05:49:44.043+0000] {logging_mixin.py:151} INFO - [2025-04-25T05:49:44.043+0000] {dagbag.py:536} INFO - Filling up the DagBag from /opt/airflow/dags/extract_exchange_rates.py
[2025-04-25T05:49:44.056+0000] {processor.py:839} INFO - DAG(s) dict_keys(['extract_exchange_rates']) retrieved from /opt/airflow/dags/extract_exchange_rates.py
[2025-04-25T05:49:44.076+0000] {logging_mixin.py:151} INFO - [2025-04-25T05:49:44.076+0000] {dag.py:2941} INFO - Sync 1 DAGs
[2025-04-25T05:49:44.094+0000] {logging_mixin.py:151} INFO - [2025-04-25T05:49:44.093+0000] {dag.py:3722} INFO - Setting next_dagrun for extract_exchange_rates to 2025-04-25T00:00:00+00:00, run_after=2025-04-26T00:00:00+00:00
[2025-04-25T05:49:44.108+0000] {processor.py:179} INFO - Processing /opt/airflow/dags/extract_exchange_rates.py took 0.068 seconds
[2025-04-25T05:50:14.251+0000] {processor.py:157} INFO - Started process (PID=212) to work on /opt/airflow/dags/extract_exchange_rates.py
[2025-04-25T05:50:14.251+0000] {processor.py:829} INFO - Processing file /opt/airflow/dags/extract_exchange_rates.py for tasks to queue
[2025-04-25T05:50:14.252+0000] {logging_mixin.py:151} INFO - [2025-04-25T05:50:14.252+0000] {dagbag.py:536} INFO - Filling up the DagBag from /opt/airflow/dags/extract_exchange_rates.py
[2025-04-25T05:50:14.258+0000] {processor.py:839} INFO - DAG(s) dict_keys(['extract_exchange_rates']) retrieved from /opt/airflow/dags/extract_exchange_rates.py
[2025-04-25T05:50:14.269+0000] {logging_mixin.py:151} INFO - [2025-04-25T05:50:14.269+0000] {dag.py:2941} INFO - Sync 1 DAGs
[2025-04-25T05:50:14.278+0000] {logging_mixin.py:151} INFO - [2025-04-25T05:50:14.278+0000] {dag.py:3722} INFO - Setting next_dagrun for extract_exchange_rates to 2025-04-25T00:00:00+00:00, run_after=2025-04-26T00:00:00+00:00
[2025-04-25T05:50:14.285+0000] {processor.py:179} INFO - Processing /opt/airflow/dags/extract_exchange_rates.py took 0.035 seconds
[2025-04-25T05:50:44.443+0000] {processor.py:157} INFO - Started process (PID=217) to work on /opt/airflow/dags/extract_exchange_rates.py
[2025-04-25T05:50:44.443+0000] {processor.py:829} INFO - Processing file /opt/airflow/dags/extract_exchange_rates.py for tasks to queue
[2025-04-25T05:50:44.444+0000] {logging_mixin.py:151} INFO - [2025-04-25T05:50:44.444+0000] {dagbag.py:536} INFO - Filling up the DagBag from /opt/airflow/dags/extract_exchange_rates.py
[2025-04-25T05:50:44.453+0000] {processor.py:839} INFO - DAG(s) dict_keys(['extract_exchange_rates']) retrieved from /opt/airflow/dags/extract_exchange_rates.py
[2025-04-25T05:50:44.469+0000] {logging_mixin.py:151} INFO - [2025-04-25T05:50:44.468+0000] {dag.py:2941} INFO - Sync 1 DAGs
[2025-04-25T05:50:44.483+0000] {logging_mixin.py:151} INFO - [2025-04-25T05:50:44.483+0000] {dag.py:3722} INFO - Setting next_dagrun for extract_exchange_rates to 2025-04-25T00:00:00+00:00, run_after=2025-04-26T00:00:00+00:00
[2025-04-25T05:50:44.490+0000] {processor.py:179} INFO - Processing /opt/airflow/dags/extract_exchange_rates.py took 0.049 seconds
[2025-04-25T05:51:14.670+0000] {processor.py:157} INFO - Started process (PID=222) to work on /opt/airflow/dags/extract_exchange_rates.py
[2025-04-25T05:51:14.671+0000] {processor.py:829} INFO - Processing file /opt/airflow/dags/extract_exchange_rates.py for tasks to queue
[2025-04-25T05:51:14.672+0000] {logging_mixin.py:151} INFO - [2025-04-25T05:51:14.672+0000] {dagbag.py:536} INFO - Filling up the DagBag from /opt/airflow/dags/extract_exchange_rates.py
[2025-04-25T05:51:14.681+0000] {processor.py:839} INFO - DAG(s) dict_keys(['extract_exchange_rates']) retrieved from /opt/airflow/dags/extract_exchange_rates.py
[2025-04-25T05:51:14.693+0000] {logging_mixin.py:151} INFO - [2025-04-25T05:51:14.693+0000] {dag.py:2941} INFO - Sync 1 DAGs
[2025-04-25T05:51:14.703+0000] {logging_mixin.py:151} INFO - [2025-04-25T05:51:14.703+0000] {dag.py:3722} INFO - Setting next_dagrun for extract_exchange_rates to 2025-04-25T00:00:00+00:00, run_after=2025-04-26T00:00:00+00:00
[2025-04-25T05:51:14.710+0000] {processor.py:179} INFO - Processing /opt/airflow/dags/extract_exchange_rates.py took 0.042 seconds
[2025-04-25T05:51:44.880+0000] {processor.py:157} INFO - Started process (PID=227) to work on /opt/airflow/dags/extract_exchange_rates.py
[2025-04-25T05:51:44.881+0000] {processor.py:829} INFO - Processing file /opt/airflow/dags/extract_exchange_rates.py for tasks to queue
[2025-04-25T05:51:44.881+0000] {logging_mixin.py:151} INFO - [2025-04-25T05:51:44.881+0000] {dagbag.py:536} INFO - Filling up the DagBag from /opt/airflow/dags/extract_exchange_rates.py
[2025-04-25T05:51:44.890+0000] {processor.py:839} INFO - DAG(s) dict_keys(['extract_exchange_rates']) retrieved from /opt/airflow/dags/extract_exchange_rates.py
[2025-04-25T05:51:44.902+0000] {logging_mixin.py:151} INFO - [2025-04-25T05:51:44.902+0000] {dag.py:2941} INFO - Sync 1 DAGs
[2025-04-25T05:51:44.912+0000] {logging_mixin.py:151} INFO - [2025-04-25T05:51:44.911+0000] {dag.py:3722} INFO - Setting next_dagrun for extract_exchange_rates to 2025-04-25T00:00:00+00:00, run_after=2025-04-26T00:00:00+00:00
[2025-04-25T05:51:44.919+0000] {processor.py:179} INFO - Processing /opt/airflow/dags/extract_exchange_rates.py took 0.040 seconds
[2025-04-25T05:52:15.102+0000] {processor.py:157} INFO - Started process (PID=232) to work on /opt/airflow/dags/extract_exchange_rates.py
[2025-04-25T05:52:15.103+0000] {processor.py:829} INFO - Processing file /opt/airflow/dags/extract_exchange_rates.py for tasks to queue
[2025-04-25T05:52:15.103+0000] {logging_mixin.py:151} INFO - [2025-04-25T05:52:15.103+0000] {dagbag.py:536} INFO - Filling up the DagBag from /opt/airflow/dags/extract_exchange_rates.py
[2025-04-25T05:52:15.112+0000] {processor.py:839} INFO - DAG(s) dict_keys(['extract_exchange_rates']) retrieved from /opt/airflow/dags/extract_exchange_rates.py
[2025-04-25T05:52:15.125+0000] {logging_mixin.py:151} INFO - [2025-04-25T05:52:15.125+0000] {dag.py:2941} INFO - Sync 1 DAGs
[2025-04-25T05:52:15.134+0000] {logging_mixin.py:151} INFO - [2025-04-25T05:52:15.134+0000] {dag.py:3722} INFO - Setting next_dagrun for extract_exchange_rates to 2025-04-25T00:00:00+00:00, run_after=2025-04-26T00:00:00+00:00
[2025-04-25T05:52:15.141+0000] {processor.py:179} INFO - Processing /opt/airflow/dags/extract_exchange_rates.py took 0.041 seconds
[2025-04-25T05:52:45.357+0000] {processor.py:157} INFO - Started process (PID=237) to work on /opt/airflow/dags/extract_exchange_rates.py
[2025-04-25T05:52:45.358+0000] {processor.py:829} INFO - Processing file /opt/airflow/dags/extract_exchange_rates.py for tasks to queue
[2025-04-25T05:52:45.359+0000] {logging_mixin.py:151} INFO - [2025-04-25T05:52:45.359+0000] {dagbag.py:536} INFO - Filling up the DagBag from /opt/airflow/dags/extract_exchange_rates.py
[2025-04-25T05:52:45.370+0000] {processor.py:839} INFO - DAG(s) dict_keys(['extract_exchange_rates']) retrieved from /opt/airflow/dags/extract_exchange_rates.py
[2025-04-25T05:52:45.383+0000] {logging_mixin.py:151} INFO - [2025-04-25T05:52:45.383+0000] {dag.py:2941} INFO - Sync 1 DAGs
[2025-04-25T05:52:45.393+0000] {logging_mixin.py:151} INFO - [2025-04-25T05:52:45.393+0000] {dag.py:3722} INFO - Setting next_dagrun for extract_exchange_rates to 2025-04-25T00:00:00+00:00, run_after=2025-04-26T00:00:00+00:00
[2025-04-25T05:52:45.400+0000] {processor.py:179} INFO - Processing /opt/airflow/dags/extract_exchange_rates.py took 0.045 seconds
[2025-04-25T05:53:15.631+0000] {processor.py:157} INFO - Started process (PID=242) to work on /opt/airflow/dags/extract_exchange_rates.py
[2025-04-25T05:53:15.631+0000] {processor.py:829} INFO - Processing file /opt/airflow/dags/extract_exchange_rates.py for tasks to queue
[2025-04-25T05:53:15.632+0000] {logging_mixin.py:151} INFO - [2025-04-25T05:53:15.632+0000] {dagbag.py:536} INFO - Filling up the DagBag from /opt/airflow/dags/extract_exchange_rates.py
[2025-04-25T05:53:15.641+0000] {processor.py:839} INFO - DAG(s) dict_keys(['extract_exchange_rates']) retrieved from /opt/airflow/dags/extract_exchange_rates.py
[2025-04-25T05:53:15.655+0000] {logging_mixin.py:151} INFO - [2025-04-25T05:53:15.655+0000] {dag.py:2941} INFO - Sync 1 DAGs
[2025-04-25T05:53:15.665+0000] {logging_mixin.py:151} INFO - [2025-04-25T05:53:15.665+0000] {dag.py:3722} INFO - Setting next_dagrun for extract_exchange_rates to 2025-04-25T00:00:00+00:00, run_after=2025-04-26T00:00:00+00:00
[2025-04-25T05:53:15.672+0000] {processor.py:179} INFO - Processing /opt/airflow/dags/extract_exchange_rates.py took 0.043 seconds
[2025-04-25T05:53:45.908+0000] {processor.py:157} INFO - Started process (PID=247) to work on /opt/airflow/dags/extract_exchange_rates.py
[2025-04-25T05:53:45.909+0000] {processor.py:829} INFO - Processing file /opt/airflow/dags/extract_exchange_rates.py for tasks to queue
[2025-04-25T05:53:45.910+0000] {logging_mixin.py:151} INFO - [2025-04-25T05:53:45.909+0000] {dagbag.py:536} INFO - Filling up the DagBag from /opt/airflow/dags/extract_exchange_rates.py
[2025-04-25T05:53:45.919+0000] {processor.py:839} INFO - DAG(s) dict_keys(['extract_exchange_rates']) retrieved from /opt/airflow/dags/extract_exchange_rates.py
[2025-04-25T05:53:45.932+0000] {logging_mixin.py:151} INFO - [2025-04-25T05:53:45.932+0000] {dag.py:2941} INFO - Sync 1 DAGs
[2025-04-25T05:53:45.941+0000] {logging_mixin.py:151} INFO - [2025-04-25T05:53:45.941+0000] {dag.py:3722} INFO - Setting next_dagrun for extract_exchange_rates to 2025-04-25T00:00:00+00:00, run_after=2025-04-26T00:00:00+00:00
[2025-04-25T05:53:45.948+0000] {processor.py:179} INFO - Processing /opt/airflow/dags/extract_exchange_rates.py took 0.042 seconds
[2025-04-25T05:54:16.119+0000] {processor.py:157} INFO - Started process (PID=252) to work on /opt/airflow/dags/extract_exchange_rates.py
[2025-04-25T05:54:16.119+0000] {processor.py:829} INFO - Processing file /opt/airflow/dags/extract_exchange_rates.py for tasks to queue
[2025-04-25T05:54:16.120+0000] {logging_mixin.py:151} INFO - [2025-04-25T05:54:16.120+0000] {dagbag.py:536} INFO - Filling up the DagBag from /opt/airflow/dags/extract_exchange_rates.py
[2025-04-25T05:54:16.130+0000] {processor.py:839} INFO - DAG(s) dict_keys(['extract_exchange_rates']) retrieved from /opt/airflow/dags/extract_exchange_rates.py
[2025-04-25T05:54:16.142+0000] {logging_mixin.py:151} INFO - [2025-04-25T05:54:16.142+0000] {dag.py:2941} INFO - Sync 1 DAGs
[2025-04-25T05:54:16.153+0000] {logging_mixin.py:151} INFO - [2025-04-25T05:54:16.153+0000] {dag.py:3722} INFO - Setting next_dagrun for extract_exchange_rates to 2025-04-25T00:00:00+00:00, run_after=2025-04-26T00:00:00+00:00
[2025-04-25T05:54:16.160+0000] {processor.py:179} INFO - Processing /opt/airflow/dags/extract_exchange_rates.py took 0.043 seconds
[2025-04-25T05:54:46.381+0000] {processor.py:157} INFO - Started process (PID=257) to work on /opt/airflow/dags/extract_exchange_rates.py
[2025-04-25T05:54:46.382+0000] {processor.py:829} INFO - Processing file /opt/airflow/dags/extract_exchange_rates.py for tasks to queue
[2025-04-25T05:54:46.382+0000] {logging_mixin.py:151} INFO - [2025-04-25T05:54:46.382+0000] {dagbag.py:536} INFO - Filling up the DagBag from /opt/airflow/dags/extract_exchange_rates.py
[2025-04-25T05:54:46.390+0000] {processor.py:839} INFO - DAG(s) dict_keys(['extract_exchange_rates']) retrieved from /opt/airflow/dags/extract_exchange_rates.py
[2025-04-25T05:54:46.401+0000] {logging_mixin.py:151} INFO - [2025-04-25T05:54:46.401+0000] {dag.py:2941} INFO - Sync 1 DAGs
[2025-04-25T05:54:46.412+0000] {logging_mixin.py:151} INFO - [2025-04-25T05:54:46.412+0000] {dag.py:3722} INFO - Setting next_dagrun for extract_exchange_rates to 2025-04-25T00:00:00+00:00, run_after=2025-04-26T00:00:00+00:00
[2025-04-25T05:54:46.423+0000] {processor.py:179} INFO - Processing /opt/airflow/dags/extract_exchange_rates.py took 0.043 seconds
[2025-04-25T05:55:16.622+0000] {processor.py:157} INFO - Started process (PID=264) to work on /opt/airflow/dags/extract_exchange_rates.py
[2025-04-25T05:55:16.622+0000] {processor.py:829} INFO - Processing file /opt/airflow/dags/extract_exchange_rates.py for tasks to queue
[2025-04-25T05:55:16.623+0000] {logging_mixin.py:151} INFO - [2025-04-25T05:55:16.623+0000] {dagbag.py:536} INFO - Filling up the DagBag from /opt/airflow/dags/extract_exchange_rates.py
[2025-04-25T05:55:16.633+0000] {processor.py:839} INFO - DAG(s) dict_keys(['extract_exchange_rates']) retrieved from /opt/airflow/dags/extract_exchange_rates.py
[2025-04-25T05:55:16.645+0000] {logging_mixin.py:151} INFO - [2025-04-25T05:55:16.645+0000] {dag.py:2941} INFO - Sync 1 DAGs
[2025-04-25T05:55:16.655+0000] {logging_mixin.py:151} INFO - [2025-04-25T05:55:16.655+0000] {dag.py:3722} INFO - Setting next_dagrun for extract_exchange_rates to 2025-04-25T00:00:00+00:00, run_after=2025-04-26T00:00:00+00:00
[2025-04-25T05:55:16.662+0000] {processor.py:179} INFO - Processing /opt/airflow/dags/extract_exchange_rates.py took 0.042 seconds
[2025-04-25T05:55:46.866+0000] {processor.py:157} INFO - Started process (PID=269) to work on /opt/airflow/dags/extract_exchange_rates.py
[2025-04-25T05:55:46.866+0000] {processor.py:829} INFO - Processing file /opt/airflow/dags/extract_exchange_rates.py for tasks to queue
[2025-04-25T05:55:46.867+0000] {logging_mixin.py:151} INFO - [2025-04-25T05:55:46.867+0000] {dagbag.py:536} INFO - Filling up the DagBag from /opt/airflow/dags/extract_exchange_rates.py
[2025-04-25T05:55:46.875+0000] {processor.py:839} INFO - DAG(s) dict_keys(['extract_exchange_rates']) retrieved from /opt/airflow/dags/extract_exchange_rates.py
[2025-04-25T05:55:46.888+0000] {logging_mixin.py:151} INFO - [2025-04-25T05:55:46.887+0000] {dag.py:2941} INFO - Sync 1 DAGs
[2025-04-25T05:55:46.898+0000] {logging_mixin.py:151} INFO - [2025-04-25T05:55:46.898+0000] {dag.py:3722} INFO - Setting next_dagrun for extract_exchange_rates to 2025-04-25T00:00:00+00:00, run_after=2025-04-26T00:00:00+00:00
[2025-04-25T05:55:46.905+0000] {processor.py:179} INFO - Processing /opt/airflow/dags/extract_exchange_rates.py took 0.041 seconds
[2025-04-25T05:56:17.102+0000] {processor.py:157} INFO - Started process (PID=274) to work on /opt/airflow/dags/extract_exchange_rates.py
[2025-04-25T05:56:17.102+0000] {processor.py:829} INFO - Processing file /opt/airflow/dags/extract_exchange_rates.py for tasks to queue
[2025-04-25T05:56:17.103+0000] {logging_mixin.py:151} INFO - [2025-04-25T05:56:17.103+0000] {dagbag.py:536} INFO - Filling up the DagBag from /opt/airflow/dags/extract_exchange_rates.py
[2025-04-25T05:56:17.111+0000] {processor.py:839} INFO - DAG(s) dict_keys(['extract_exchange_rates']) retrieved from /opt/airflow/dags/extract_exchange_rates.py
[2025-04-25T05:56:17.124+0000] {logging_mixin.py:151} INFO - [2025-04-25T05:56:17.123+0000] {dag.py:2941} INFO - Sync 1 DAGs
[2025-04-25T05:56:17.133+0000] {logging_mixin.py:151} INFO - [2025-04-25T05:56:17.133+0000] {dag.py:3722} INFO - Setting next_dagrun for extract_exchange_rates to 2025-04-25T00:00:00+00:00, run_after=2025-04-26T00:00:00+00:00
[2025-04-25T05:56:17.139+0000] {processor.py:179} INFO - Processing /opt/airflow/dags/extract_exchange_rates.py took 0.039 seconds
[2025-04-25T05:56:47.364+0000] {processor.py:157} INFO - Started process (PID=279) to work on /opt/airflow/dags/extract_exchange_rates.py
[2025-04-25T05:56:47.364+0000] {processor.py:829} INFO - Processing file /opt/airflow/dags/extract_exchange_rates.py for tasks to queue
[2025-04-25T05:56:47.365+0000] {logging_mixin.py:151} INFO - [2025-04-25T05:56:47.364+0000] {dagbag.py:536} INFO - Filling up the DagBag from /opt/airflow/dags/extract_exchange_rates.py
[2025-04-25T05:56:47.373+0000] {processor.py:839} INFO - DAG(s) dict_keys(['extract_exchange_rates']) retrieved from /opt/airflow/dags/extract_exchange_rates.py
[2025-04-25T05:56:47.385+0000] {logging_mixin.py:151} INFO - [2025-04-25T05:56:47.385+0000] {dag.py:2941} INFO - Sync 1 DAGs
[2025-04-25T05:56:47.394+0000] {logging_mixin.py:151} INFO - [2025-04-25T05:56:47.394+0000] {dag.py:3722} INFO - Setting next_dagrun for extract_exchange_rates to 2025-04-25T00:00:00+00:00, run_after=2025-04-26T00:00:00+00:00
[2025-04-25T05:56:47.400+0000] {processor.py:179} INFO - Processing /opt/airflow/dags/extract_exchange_rates.py took 0.038 seconds
[2025-04-25T05:57:17.583+0000] {processor.py:157} INFO - Started process (PID=284) to work on /opt/airflow/dags/extract_exchange_rates.py
[2025-04-25T05:57:17.584+0000] {processor.py:829} INFO - Processing file /opt/airflow/dags/extract_exchange_rates.py for tasks to queue
[2025-04-25T05:57:17.585+0000] {logging_mixin.py:151} INFO - [2025-04-25T05:57:17.584+0000] {dagbag.py:536} INFO - Filling up the DagBag from /opt/airflow/dags/extract_exchange_rates.py
[2025-04-25T05:57:17.594+0000] {processor.py:839} INFO - DAG(s) dict_keys(['extract_exchange_rates']) retrieved from /opt/airflow/dags/extract_exchange_rates.py
[2025-04-25T05:57:17.608+0000] {logging_mixin.py:151} INFO - [2025-04-25T05:57:17.608+0000] {dag.py:2941} INFO - Sync 1 DAGs
[2025-04-25T05:57:17.618+0000] {logging_mixin.py:151} INFO - [2025-04-25T05:57:17.618+0000] {dag.py:3722} INFO - Setting next_dagrun for extract_exchange_rates to 2025-04-25T00:00:00+00:00, run_after=2025-04-26T00:00:00+00:00
[2025-04-25T05:57:17.625+0000] {processor.py:179} INFO - Processing /opt/airflow/dags/extract_exchange_rates.py took 0.043 seconds
[2025-04-25T05:57:47.835+0000] {processor.py:157} INFO - Started process (PID=289) to work on /opt/airflow/dags/extract_exchange_rates.py
[2025-04-25T05:57:47.835+0000] {processor.py:829} INFO - Processing file /opt/airflow/dags/extract_exchange_rates.py for tasks to queue
[2025-04-25T05:57:47.836+0000] {logging_mixin.py:151} INFO - [2025-04-25T05:57:47.835+0000] {dagbag.py:536} INFO - Filling up the DagBag from /opt/airflow/dags/extract_exchange_rates.py
[2025-04-25T05:57:47.844+0000] {processor.py:839} INFO - DAG(s) dict_keys(['extract_exchange_rates']) retrieved from /opt/airflow/dags/extract_exchange_rates.py
[2025-04-25T05:57:47.857+0000] {logging_mixin.py:151} INFO - [2025-04-25T05:57:47.857+0000] {dag.py:2941} INFO - Sync 1 DAGs
[2025-04-25T05:57:47.866+0000] {logging_mixin.py:151} INFO - [2025-04-25T05:57:47.866+0000] {dag.py:3722} INFO - Setting next_dagrun for extract_exchange_rates to 2025-04-25T00:00:00+00:00, run_after=2025-04-26T00:00:00+00:00
[2025-04-25T05:57:47.874+0000] {processor.py:179} INFO - Processing /opt/airflow/dags/extract_exchange_rates.py took 0.041 seconds
[2025-04-25T05:58:18.053+0000] {processor.py:157} INFO - Started process (PID=294) to work on /opt/airflow/dags/extract_exchange_rates.py
[2025-04-25T05:58:18.054+0000] {processor.py:829} INFO - Processing file /opt/airflow/dags/extract_exchange_rates.py for tasks to queue
[2025-04-25T05:58:18.054+0000] {logging_mixin.py:151} INFO - [2025-04-25T05:58:18.054+0000] {dagbag.py:536} INFO - Filling up the DagBag from /opt/airflow/dags/extract_exchange_rates.py
[2025-04-25T05:58:18.062+0000] {processor.py:839} INFO - DAG(s) dict_keys(['extract_exchange_rates']) retrieved from /opt/airflow/dags/extract_exchange_rates.py
[2025-04-25T05:58:18.074+0000] {logging_mixin.py:151} INFO - [2025-04-25T05:58:18.074+0000] {dag.py:2941} INFO - Sync 1 DAGs
[2025-04-25T05:58:18.084+0000] {logging_mixin.py:151} INFO - [2025-04-25T05:58:18.084+0000] {dag.py:3722} INFO - Setting next_dagrun for extract_exchange_rates to 2025-04-25T00:00:00+00:00, run_after=2025-04-26T00:00:00+00:00
[2025-04-25T05:58:18.091+0000] {processor.py:179} INFO - Processing /opt/airflow/dags/extract_exchange_rates.py took 0.040 seconds
[2025-04-25T05:58:48.245+0000] {processor.py:157} INFO - Started process (PID=299) to work on /opt/airflow/dags/extract_exchange_rates.py
[2025-04-25T05:58:48.246+0000] {processor.py:829} INFO - Processing file /opt/airflow/dags/extract_exchange_rates.py for tasks to queue
[2025-04-25T05:58:48.246+0000] {logging_mixin.py:151} INFO - [2025-04-25T05:58:48.246+0000] {dagbag.py:536} INFO - Filling up the DagBag from /opt/airflow/dags/extract_exchange_rates.py
[2025-04-25T05:58:48.252+0000] {processor.py:839} INFO - DAG(s) dict_keys(['extract_exchange_rates']) retrieved from /opt/airflow/dags/extract_exchange_rates.py
[2025-04-25T05:58:48.262+0000] {logging_mixin.py:151} INFO - [2025-04-25T05:58:48.262+0000] {dag.py:2941} INFO - Sync 1 DAGs
[2025-04-25T05:58:48.270+0000] {logging_mixin.py:151} INFO - [2025-04-25T05:58:48.270+0000] {dag.py:3722} INFO - Setting next_dagrun for extract_exchange_rates to 2025-04-25T00:00:00+00:00, run_after=2025-04-26T00:00:00+00:00
[2025-04-25T05:58:48.277+0000] {processor.py:179} INFO - Processing /opt/airflow/dags/extract_exchange_rates.py took 0.033 seconds
[2025-04-25T05:59:18.449+0000] {processor.py:157} INFO - Started process (PID=304) to work on /opt/airflow/dags/extract_exchange_rates.py
[2025-04-25T05:59:18.449+0000] {processor.py:829} INFO - Processing file /opt/airflow/dags/extract_exchange_rates.py for tasks to queue
[2025-04-25T05:59:18.450+0000] {logging_mixin.py:151} INFO - [2025-04-25T05:59:18.450+0000] {dagbag.py:536} INFO - Filling up the DagBag from /opt/airflow/dags/extract_exchange_rates.py
[2025-04-25T05:59:18.459+0000] {processor.py:839} INFO - DAG(s) dict_keys(['extract_exchange_rates']) retrieved from /opt/airflow/dags/extract_exchange_rates.py
[2025-04-25T05:59:18.472+0000] {logging_mixin.py:151} INFO - [2025-04-25T05:59:18.472+0000] {dag.py:2941} INFO - Sync 1 DAGs
[2025-04-25T05:59:18.481+0000] {logging_mixin.py:151} INFO - [2025-04-25T05:59:18.481+0000] {dag.py:3722} INFO - Setting next_dagrun for extract_exchange_rates to 2025-04-25T00:00:00+00:00, run_after=2025-04-26T00:00:00+00:00
[2025-04-25T05:59:18.489+0000] {processor.py:179} INFO - Processing /opt/airflow/dags/extract_exchange_rates.py took 0.042 seconds
[2025-04-25T05:59:48.710+0000] {processor.py:157} INFO - Started process (PID=309) to work on /opt/airflow/dags/extract_exchange_rates.py
[2025-04-25T05:59:48.710+0000] {processor.py:829} INFO - Processing file /opt/airflow/dags/extract_exchange_rates.py for tasks to queue
[2025-04-25T05:59:48.711+0000] {logging_mixin.py:151} INFO - [2025-04-25T05:59:48.711+0000] {dagbag.py:536} INFO - Filling up the DagBag from /opt/airflow/dags/extract_exchange_rates.py
[2025-04-25T05:59:48.722+0000] {processor.py:839} INFO - DAG(s) dict_keys(['extract_exchange_rates']) retrieved from /opt/airflow/dags/extract_exchange_rates.py
[2025-04-25T05:59:48.734+0000] {logging_mixin.py:151} INFO - [2025-04-25T05:59:48.734+0000] {dag.py:2941} INFO - Sync 1 DAGs
[2025-04-25T05:59:48.743+0000] {logging_mixin.py:151} INFO - [2025-04-25T05:59:48.743+0000] {dag.py:3722} INFO - Setting next_dagrun for extract_exchange_rates to 2025-04-25T00:00:00+00:00, run_after=2025-04-26T00:00:00+00:00
[2025-04-25T05:59:48.751+0000] {processor.py:179} INFO - Processing /opt/airflow/dags/extract_exchange_rates.py took 0.044 seconds
[2025-04-25T06:00:18.901+0000] {processor.py:157} INFO - Started process (PID=314) to work on /opt/airflow/dags/extract_exchange_rates.py
[2025-04-25T06:00:18.902+0000] {processor.py:829} INFO - Processing file /opt/airflow/dags/extract_exchange_rates.py for tasks to queue
[2025-04-25T06:00:18.902+0000] {logging_mixin.py:151} INFO - [2025-04-25T06:00:18.902+0000] {dagbag.py:536} INFO - Filling up the DagBag from /opt/airflow/dags/extract_exchange_rates.py
[2025-04-25T06:00:18.910+0000] {processor.py:839} INFO - DAG(s) dict_keys(['extract_exchange_rates']) retrieved from /opt/airflow/dags/extract_exchange_rates.py
[2025-04-25T06:00:18.922+0000] {logging_mixin.py:151} INFO - [2025-04-25T06:00:18.922+0000] {dag.py:2941} INFO - Sync 1 DAGs
[2025-04-25T06:00:18.931+0000] {logging_mixin.py:151} INFO - [2025-04-25T06:00:18.931+0000] {dag.py:3722} INFO - Setting next_dagrun for extract_exchange_rates to 2025-04-25T00:00:00+00:00, run_after=2025-04-26T00:00:00+00:00
[2025-04-25T06:00:18.938+0000] {processor.py:179} INFO - Processing /opt/airflow/dags/extract_exchange_rates.py took 0.038 seconds
[2025-04-25T06:00:49.132+0000] {processor.py:157} INFO - Started process (PID=319) to work on /opt/airflow/dags/extract_exchange_rates.py
[2025-04-25T06:00:49.133+0000] {processor.py:829} INFO - Processing file /opt/airflow/dags/extract_exchange_rates.py for tasks to queue
[2025-04-25T06:00:49.133+0000] {logging_mixin.py:151} INFO - [2025-04-25T06:00:49.133+0000] {dagbag.py:536} INFO - Filling up the DagBag from /opt/airflow/dags/extract_exchange_rates.py
[2025-04-25T06:00:49.141+0000] {processor.py:839} INFO - DAG(s) dict_keys(['extract_exchange_rates']) retrieved from /opt/airflow/dags/extract_exchange_rates.py
[2025-04-25T06:00:49.153+0000] {logging_mixin.py:151} INFO - [2025-04-25T06:00:49.153+0000] {dag.py:2941} INFO - Sync 1 DAGs
[2025-04-25T06:00:49.163+0000] {logging_mixin.py:151} INFO - [2025-04-25T06:00:49.163+0000] {dag.py:3722} INFO - Setting next_dagrun for extract_exchange_rates to 2025-04-25T00:00:00+00:00, run_after=2025-04-26T00:00:00+00:00
[2025-04-25T06:00:49.169+0000] {processor.py:179} INFO - Processing /opt/airflow/dags/extract_exchange_rates.py took 0.039 seconds
[2025-04-25T06:01:19.358+0000] {processor.py:157} INFO - Started process (PID=324) to work on /opt/airflow/dags/extract_exchange_rates.py
[2025-04-25T06:01:19.358+0000] {processor.py:829} INFO - Processing file /opt/airflow/dags/extract_exchange_rates.py for tasks to queue
[2025-04-25T06:01:19.359+0000] {logging_mixin.py:151} INFO - [2025-04-25T06:01:19.359+0000] {dagbag.py:536} INFO - Filling up the DagBag from /opt/airflow/dags/extract_exchange_rates.py
[2025-04-25T06:01:19.367+0000] {processor.py:839} INFO - DAG(s) dict_keys(['extract_exchange_rates']) retrieved from /opt/airflow/dags/extract_exchange_rates.py
[2025-04-25T06:01:19.379+0000] {logging_mixin.py:151} INFO - [2025-04-25T06:01:19.379+0000] {dag.py:2941} INFO - Sync 1 DAGs
[2025-04-25T06:01:19.389+0000] {logging_mixin.py:151} INFO - [2025-04-25T06:01:19.389+0000] {dag.py:3722} INFO - Setting next_dagrun for extract_exchange_rates to 2025-04-25T00:00:00+00:00, run_after=2025-04-26T00:00:00+00:00
[2025-04-25T06:01:19.396+0000] {processor.py:179} INFO - Processing /opt/airflow/dags/extract_exchange_rates.py took 0.040 seconds
[2025-04-25T06:01:49.570+0000] {processor.py:157} INFO - Started process (PID=329) to work on /opt/airflow/dags/extract_exchange_rates.py
[2025-04-25T06:01:49.571+0000] {processor.py:829} INFO - Processing file /opt/airflow/dags/extract_exchange_rates.py for tasks to queue
[2025-04-25T06:01:49.571+0000] {logging_mixin.py:151} INFO - [2025-04-25T06:01:49.571+0000] {dagbag.py:536} INFO - Filling up the DagBag from /opt/airflow/dags/extract_exchange_rates.py
[2025-04-25T06:01:49.579+0000] {processor.py:839} INFO - DAG(s) dict_keys(['extract_exchange_rates']) retrieved from /opt/airflow/dags/extract_exchange_rates.py
[2025-04-25T06:01:49.591+0000] {logging_mixin.py:151} INFO - [2025-04-25T06:01:49.591+0000] {dag.py:2941} INFO - Sync 1 DAGs
[2025-04-25T06:01:49.600+0000] {logging_mixin.py:151} INFO - [2025-04-25T06:01:49.600+0000] {dag.py:3722} INFO - Setting next_dagrun for extract_exchange_rates to 2025-04-25T00:00:00+00:00, run_after=2025-04-26T00:00:00+00:00
[2025-04-25T06:01:49.607+0000] {processor.py:179} INFO - Processing /opt/airflow/dags/extract_exchange_rates.py took 0.038 seconds
[2025-04-25T06:02:19.803+0000] {processor.py:157} INFO - Started process (PID=334) to work on /opt/airflow/dags/extract_exchange_rates.py
[2025-04-25T06:02:19.803+0000] {processor.py:829} INFO - Processing file /opt/airflow/dags/extract_exchange_rates.py for tasks to queue
[2025-04-25T06:02:19.804+0000] {logging_mixin.py:151} INFO - [2025-04-25T06:02:19.804+0000] {dagbag.py:536} INFO - Filling up the DagBag from /opt/airflow/dags/extract_exchange_rates.py
[2025-04-25T06:02:19.811+0000] {processor.py:839} INFO - DAG(s) dict_keys(['extract_exchange_rates']) retrieved from /opt/airflow/dags/extract_exchange_rates.py
[2025-04-25T06:02:19.823+0000] {logging_mixin.py:151} INFO - [2025-04-25T06:02:19.823+0000] {dag.py:2941} INFO - Sync 1 DAGs
[2025-04-25T06:02:19.832+0000] {logging_mixin.py:151} INFO - [2025-04-25T06:02:19.832+0000] {dag.py:3722} INFO - Setting next_dagrun for extract_exchange_rates to 2025-04-25T00:00:00+00:00, run_after=2025-04-26T00:00:00+00:00
[2025-04-25T06:02:19.839+0000] {processor.py:179} INFO - Processing /opt/airflow/dags/extract_exchange_rates.py took 0.037 seconds
[2025-04-25T06:02:50.008+0000] {processor.py:157} INFO - Started process (PID=339) to work on /opt/airflow/dags/extract_exchange_rates.py
[2025-04-25T06:02:50.008+0000] {processor.py:829} INFO - Processing file /opt/airflow/dags/extract_exchange_rates.py for tasks to queue
[2025-04-25T06:02:50.008+0000] {logging_mixin.py:151} INFO - [2025-04-25T06:02:50.008+0000] {dagbag.py:536} INFO - Filling up the DagBag from /opt/airflow/dags/extract_exchange_rates.py
[2025-04-25T06:02:50.015+0000] {processor.py:839} INFO - DAG(s) dict_keys(['extract_exchange_rates']) retrieved from /opt/airflow/dags/extract_exchange_rates.py
[2025-04-25T06:02:50.027+0000] {logging_mixin.py:151} INFO - [2025-04-25T06:02:50.027+0000] {dag.py:2941} INFO - Sync 1 DAGs
[2025-04-25T06:02:50.037+0000] {logging_mixin.py:151} INFO - [2025-04-25T06:02:50.037+0000] {dag.py:3722} INFO - Setting next_dagrun for extract_exchange_rates to 2025-04-25T00:00:00+00:00, run_after=2025-04-26T00:00:00+00:00
[2025-04-25T06:02:50.044+0000] {processor.py:179} INFO - Processing /opt/airflow/dags/extract_exchange_rates.py took 0.038 seconds
[2025-04-25T06:03:20.242+0000] {processor.py:157} INFO - Started process (PID=344) to work on /opt/airflow/dags/extract_exchange_rates.py
[2025-04-25T06:03:20.242+0000] {processor.py:829} INFO - Processing file /opt/airflow/dags/extract_exchange_rates.py for tasks to queue
[2025-04-25T06:03:20.243+0000] {logging_mixin.py:151} INFO - [2025-04-25T06:03:20.243+0000] {dagbag.py:536} INFO - Filling up the DagBag from /opt/airflow/dags/extract_exchange_rates.py
[2025-04-25T06:03:20.252+0000] {processor.py:839} INFO - DAG(s) dict_keys(['extract_exchange_rates']) retrieved from /opt/airflow/dags/extract_exchange_rates.py
[2025-04-25T06:03:20.265+0000] {logging_mixin.py:151} INFO - [2025-04-25T06:03:20.264+0000] {dag.py:2941} INFO - Sync 1 DAGs
[2025-04-25T06:03:20.274+0000] {logging_mixin.py:151} INFO - [2025-04-25T06:03:20.274+0000] {dag.py:3722} INFO - Setting next_dagrun for extract_exchange_rates to 2025-04-25T00:00:00+00:00, run_after=2025-04-26T00:00:00+00:00
[2025-04-25T06:03:20.281+0000] {processor.py:179} INFO - Processing /opt/airflow/dags/extract_exchange_rates.py took 0.042 seconds
[2025-04-25T06:03:50.490+0000] {processor.py:157} INFO - Started process (PID=349) to work on /opt/airflow/dags/extract_exchange_rates.py
[2025-04-25T06:03:50.491+0000] {processor.py:829} INFO - Processing file /opt/airflow/dags/extract_exchange_rates.py for tasks to queue
[2025-04-25T06:03:50.492+0000] {logging_mixin.py:151} INFO - [2025-04-25T06:03:50.492+0000] {dagbag.py:536} INFO - Filling up the DagBag from /opt/airflow/dags/extract_exchange_rates.py
[2025-04-25T06:03:50.500+0000] {processor.py:839} INFO - DAG(s) dict_keys(['extract_exchange_rates']) retrieved from /opt/airflow/dags/extract_exchange_rates.py
[2025-04-25T06:03:50.513+0000] {logging_mixin.py:151} INFO - [2025-04-25T06:03:50.513+0000] {dag.py:2941} INFO - Sync 1 DAGs
[2025-04-25T06:03:50.524+0000] {logging_mixin.py:151} INFO - [2025-04-25T06:03:50.523+0000] {dag.py:3722} INFO - Setting next_dagrun for extract_exchange_rates to 2025-04-25T00:00:00+00:00, run_after=2025-04-26T00:00:00+00:00
[2025-04-25T06:03:50.530+0000] {processor.py:179} INFO - Processing /opt/airflow/dags/extract_exchange_rates.py took 0.042 seconds
[2025-04-25T06:04:20.739+0000] {processor.py:157} INFO - Started process (PID=354) to work on /opt/airflow/dags/extract_exchange_rates.py
[2025-04-25T06:04:20.740+0000] {processor.py:829} INFO - Processing file /opt/airflow/dags/extract_exchange_rates.py for tasks to queue
[2025-04-25T06:04:20.740+0000] {logging_mixin.py:151} INFO - [2025-04-25T06:04:20.740+0000] {dagbag.py:536} INFO - Filling up the DagBag from /opt/airflow/dags/extract_exchange_rates.py
[2025-04-25T06:04:20.749+0000] {processor.py:839} INFO - DAG(s) dict_keys(['extract_exchange_rates']) retrieved from /opt/airflow/dags/extract_exchange_rates.py
[2025-04-25T06:04:20.763+0000] {logging_mixin.py:151} INFO - [2025-04-25T06:04:20.762+0000] {dag.py:2941} INFO - Sync 1 DAGs
[2025-04-25T06:04:20.773+0000] {logging_mixin.py:151} INFO - [2025-04-25T06:04:20.773+0000] {dag.py:3722} INFO - Setting next_dagrun for extract_exchange_rates to 2025-04-25T00:00:00+00:00, run_after=2025-04-26T00:00:00+00:00
[2025-04-25T06:04:20.780+0000] {processor.py:179} INFO - Processing /opt/airflow/dags/extract_exchange_rates.py took 0.043 seconds
[2025-04-25T06:04:50.958+0000] {processor.py:157} INFO - Started process (PID=359) to work on /opt/airflow/dags/extract_exchange_rates.py
[2025-04-25T06:04:50.958+0000] {processor.py:829} INFO - Processing file /opt/airflow/dags/extract_exchange_rates.py for tasks to queue
[2025-04-25T06:04:50.959+0000] {logging_mixin.py:151} INFO - [2025-04-25T06:04:50.959+0000] {dagbag.py:536} INFO - Filling up the DagBag from /opt/airflow/dags/extract_exchange_rates.py
[2025-04-25T06:04:50.969+0000] {processor.py:839} INFO - DAG(s) dict_keys(['extract_exchange_rates']) retrieved from /opt/airflow/dags/extract_exchange_rates.py
[2025-04-25T06:04:50.982+0000] {logging_mixin.py:151} INFO - [2025-04-25T06:04:50.982+0000] {dag.py:2941} INFO - Sync 1 DAGs
[2025-04-25T06:04:50.992+0000] {logging_mixin.py:151} INFO - [2025-04-25T06:04:50.992+0000] {dag.py:3722} INFO - Setting next_dagrun for extract_exchange_rates to 2025-04-25T00:00:00+00:00, run_after=2025-04-26T00:00:00+00:00
[2025-04-25T06:04:50.999+0000] {processor.py:179} INFO - Processing /opt/airflow/dags/extract_exchange_rates.py took 0.043 seconds
[2025-04-25T06:05:21.196+0000] {processor.py:157} INFO - Started process (PID=364) to work on /opt/airflow/dags/extract_exchange_rates.py
[2025-04-25T06:05:21.197+0000] {processor.py:829} INFO - Processing file /opt/airflow/dags/extract_exchange_rates.py for tasks to queue
[2025-04-25T06:05:21.197+0000] {logging_mixin.py:151} INFO - [2025-04-25T06:05:21.197+0000] {dagbag.py:536} INFO - Filling up the DagBag from /opt/airflow/dags/extract_exchange_rates.py
[2025-04-25T06:05:21.205+0000] {processor.py:839} INFO - DAG(s) dict_keys(['extract_exchange_rates']) retrieved from /opt/airflow/dags/extract_exchange_rates.py
[2025-04-25T06:05:21.220+0000] {logging_mixin.py:151} INFO - [2025-04-25T06:05:21.220+0000] {dag.py:2941} INFO - Sync 1 DAGs
[2025-04-25T06:05:21.228+0000] {logging_mixin.py:151} INFO - [2025-04-25T06:05:21.228+0000] {dag.py:3722} INFO - Setting next_dagrun for extract_exchange_rates to 2025-04-25T00:00:00+00:00, run_after=2025-04-26T00:00:00+00:00
[2025-04-25T06:05:21.234+0000] {processor.py:179} INFO - Processing /opt/airflow/dags/extract_exchange_rates.py took 0.039 seconds
[2025-04-25T06:05:51.413+0000] {processor.py:157} INFO - Started process (PID=369) to work on /opt/airflow/dags/extract_exchange_rates.py
[2025-04-25T06:05:51.413+0000] {processor.py:829} INFO - Processing file /opt/airflow/dags/extract_exchange_rates.py for tasks to queue
[2025-04-25T06:05:51.414+0000] {logging_mixin.py:151} INFO - [2025-04-25T06:05:51.414+0000] {dagbag.py:536} INFO - Filling up the DagBag from /opt/airflow/dags/extract_exchange_rates.py
[2025-04-25T06:05:51.422+0000] {processor.py:839} INFO - DAG(s) dict_keys(['extract_exchange_rates']) retrieved from /opt/airflow/dags/extract_exchange_rates.py
[2025-04-25T06:05:51.435+0000] {logging_mixin.py:151} INFO - [2025-04-25T06:05:51.435+0000] {dag.py:2941} INFO - Sync 1 DAGs
[2025-04-25T06:05:51.444+0000] {logging_mixin.py:151} INFO - [2025-04-25T06:05:51.444+0000] {dag.py:3722} INFO - Setting next_dagrun for extract_exchange_rates to 2025-04-25T00:00:00+00:00, run_after=2025-04-26T00:00:00+00:00
[2025-04-25T06:05:51.451+0000] {processor.py:179} INFO - Processing /opt/airflow/dags/extract_exchange_rates.py took 0.040 seconds
[2025-04-25T06:06:21.609+0000] {processor.py:157} INFO - Started process (PID=374) to work on /opt/airflow/dags/extract_exchange_rates.py
[2025-04-25T06:06:21.609+0000] {processor.py:829} INFO - Processing file /opt/airflow/dags/extract_exchange_rates.py for tasks to queue
[2025-04-25T06:06:21.609+0000] {logging_mixin.py:151} INFO - [2025-04-25T06:06:21.609+0000] {dagbag.py:536} INFO - Filling up the DagBag from /opt/airflow/dags/extract_exchange_rates.py
[2025-04-25T06:06:21.615+0000] {processor.py:839} INFO - DAG(s) dict_keys(['extract_exchange_rates']) retrieved from /opt/airflow/dags/extract_exchange_rates.py
[2025-04-25T06:06:21.626+0000] {logging_mixin.py:151} INFO - [2025-04-25T06:06:21.626+0000] {dag.py:2941} INFO - Sync 1 DAGs
[2025-04-25T06:06:21.634+0000] {logging_mixin.py:151} INFO - [2025-04-25T06:06:21.634+0000] {dag.py:3722} INFO - Setting next_dagrun for extract_exchange_rates to 2025-04-25T00:00:00+00:00, run_after=2025-04-26T00:00:00+00:00
[2025-04-25T06:06:21.641+0000] {processor.py:179} INFO - Processing /opt/airflow/dags/extract_exchange_rates.py took 0.033 seconds
[2025-04-25T06:06:51.822+0000] {processor.py:157} INFO - Started process (PID=379) to work on /opt/airflow/dags/extract_exchange_rates.py
[2025-04-25T06:06:51.822+0000] {processor.py:829} INFO - Processing file /opt/airflow/dags/extract_exchange_rates.py for tasks to queue
[2025-04-25T06:06:51.822+0000] {logging_mixin.py:151} INFO - [2025-04-25T06:06:51.822+0000] {dagbag.py:536} INFO - Filling up the DagBag from /opt/airflow/dags/extract_exchange_rates.py
[2025-04-25T06:06:51.830+0000] {processor.py:839} INFO - DAG(s) dict_keys(['extract_exchange_rates']) retrieved from /opt/airflow/dags/extract_exchange_rates.py
[2025-04-25T06:06:51.841+0000] {logging_mixin.py:151} INFO - [2025-04-25T06:06:51.841+0000] {dag.py:2941} INFO - Sync 1 DAGs
[2025-04-25T06:06:51.850+0000] {logging_mixin.py:151} INFO - [2025-04-25T06:06:51.850+0000] {dag.py:3722} INFO - Setting next_dagrun for extract_exchange_rates to 2025-04-25T00:00:00+00:00, run_after=2025-04-26T00:00:00+00:00
[2025-04-25T06:06:51.857+0000] {processor.py:179} INFO - Processing /opt/airflow/dags/extract_exchange_rates.py took 0.037 seconds
[2025-04-25T06:07:22.051+0000] {processor.py:157} INFO - Started process (PID=384) to work on /opt/airflow/dags/extract_exchange_rates.py
[2025-04-25T06:07:22.052+0000] {processor.py:829} INFO - Processing file /opt/airflow/dags/extract_exchange_rates.py for tasks to queue
[2025-04-25T06:07:22.052+0000] {logging_mixin.py:151} INFO - [2025-04-25T06:07:22.052+0000] {dagbag.py:536} INFO - Filling up the DagBag from /opt/airflow/dags/extract_exchange_rates.py
[2025-04-25T06:07:22.060+0000] {processor.py:839} INFO - DAG(s) dict_keys(['extract_exchange_rates']) retrieved from /opt/airflow/dags/extract_exchange_rates.py
[2025-04-25T06:07:22.073+0000] {logging_mixin.py:151} INFO - [2025-04-25T06:07:22.072+0000] {dag.py:2941} INFO - Sync 1 DAGs
[2025-04-25T06:07:22.082+0000] {logging_mixin.py:151} INFO - [2025-04-25T06:07:22.082+0000] {dag.py:3722} INFO - Setting next_dagrun for extract_exchange_rates to 2025-04-25T00:00:00+00:00, run_after=2025-04-26T00:00:00+00:00
[2025-04-25T06:07:22.088+0000] {processor.py:179} INFO - Processing /opt/airflow/dags/extract_exchange_rates.py took 0.038 seconds
[2025-04-25T06:07:52.281+0000] {processor.py:157} INFO - Started process (PID=389) to work on /opt/airflow/dags/extract_exchange_rates.py
[2025-04-25T06:07:52.281+0000] {processor.py:829} INFO - Processing file /opt/airflow/dags/extract_exchange_rates.py for tasks to queue
[2025-04-25T06:07:52.282+0000] {logging_mixin.py:151} INFO - [2025-04-25T06:07:52.282+0000] {dagbag.py:536} INFO - Filling up the DagBag from /opt/airflow/dags/extract_exchange_rates.py
[2025-04-25T06:07:52.293+0000] {processor.py:839} INFO - DAG(s) dict_keys(['extract_exchange_rates']) retrieved from /opt/airflow/dags/extract_exchange_rates.py
[2025-04-25T06:07:52.306+0000] {logging_mixin.py:151} INFO - [2025-04-25T06:07:52.306+0000] {dag.py:2941} INFO - Sync 1 DAGs
[2025-04-25T06:07:52.316+0000] {logging_mixin.py:151} INFO - [2025-04-25T06:07:52.316+0000] {dag.py:3722} INFO - Setting next_dagrun for extract_exchange_rates to 2025-04-25T00:00:00+00:00, run_after=2025-04-26T00:00:00+00:00
[2025-04-25T06:07:52.323+0000] {processor.py:179} INFO - Processing /opt/airflow/dags/extract_exchange_rates.py took 0.045 seconds
[2025-04-25T06:08:22.492+0000] {processor.py:157} INFO - Started process (PID=394) to work on /opt/airflow/dags/extract_exchange_rates.py
[2025-04-25T06:08:22.493+0000] {processor.py:829} INFO - Processing file /opt/airflow/dags/extract_exchange_rates.py for tasks to queue
[2025-04-25T06:08:22.494+0000] {logging_mixin.py:151} INFO - [2025-04-25T06:08:22.494+0000] {dagbag.py:536} INFO - Filling up the DagBag from /opt/airflow/dags/extract_exchange_rates.py
[2025-04-25T06:08:22.504+0000] {processor.py:839} INFO - DAG(s) dict_keys(['extract_exchange_rates']) retrieved from /opt/airflow/dags/extract_exchange_rates.py
[2025-04-25T06:08:22.518+0000] {logging_mixin.py:151} INFO - [2025-04-25T06:08:22.518+0000] {dag.py:2941} INFO - Sync 1 DAGs
[2025-04-25T06:08:22.528+0000] {logging_mixin.py:151} INFO - [2025-04-25T06:08:22.527+0000] {dag.py:3722} INFO - Setting next_dagrun for extract_exchange_rates to 2025-04-25T00:00:00+00:00, run_after=2025-04-26T00:00:00+00:00
[2025-04-25T06:08:22.534+0000] {processor.py:179} INFO - Processing /opt/airflow/dags/extract_exchange_rates.py took 0.045 seconds
[2025-04-25T06:08:52.726+0000] {processor.py:157} INFO - Started process (PID=399) to work on /opt/airflow/dags/extract_exchange_rates.py
[2025-04-25T06:08:52.727+0000] {processor.py:829} INFO - Processing file /opt/airflow/dags/extract_exchange_rates.py for tasks to queue
[2025-04-25T06:08:52.728+0000] {logging_mixin.py:151} INFO - [2025-04-25T06:08:52.727+0000] {dagbag.py:536} INFO - Filling up the DagBag from /opt/airflow/dags/extract_exchange_rates.py
[2025-04-25T06:08:52.737+0000] {processor.py:839} INFO - DAG(s) dict_keys(['extract_exchange_rates']) retrieved from /opt/airflow/dags/extract_exchange_rates.py
[2025-04-25T06:08:52.750+0000] {logging_mixin.py:151} INFO - [2025-04-25T06:08:52.750+0000] {dag.py:2941} INFO - Sync 1 DAGs
[2025-04-25T06:08:52.760+0000] {logging_mixin.py:151} INFO - [2025-04-25T06:08:52.760+0000] {dag.py:3722} INFO - Setting next_dagrun for extract_exchange_rates to 2025-04-25T00:00:00+00:00, run_after=2025-04-26T00:00:00+00:00
[2025-04-25T06:08:52.767+0000] {processor.py:179} INFO - Processing /opt/airflow/dags/extract_exchange_rates.py took 0.043 seconds
[2025-04-25T06:09:22.960+0000] {processor.py:157} INFO - Started process (PID=404) to work on /opt/airflow/dags/extract_exchange_rates.py
[2025-04-25T06:09:22.961+0000] {processor.py:829} INFO - Processing file /opt/airflow/dags/extract_exchange_rates.py for tasks to queue
[2025-04-25T06:09:22.962+0000] {logging_mixin.py:151} INFO - [2025-04-25T06:09:22.962+0000] {dagbag.py:536} INFO - Filling up the DagBag from /opt/airflow/dags/extract_exchange_rates.py
[2025-04-25T06:09:22.973+0000] {processor.py:839} INFO - DAG(s) dict_keys(['extract_exchange_rates']) retrieved from /opt/airflow/dags/extract_exchange_rates.py
[2025-04-25T06:09:22.987+0000] {logging_mixin.py:151} INFO - [2025-04-25T06:09:22.987+0000] {dag.py:2941} INFO - Sync 1 DAGs
[2025-04-25T06:09:22.998+0000] {logging_mixin.py:151} INFO - [2025-04-25T06:09:22.998+0000] {dag.py:3722} INFO - Setting next_dagrun for extract_exchange_rates to 2025-04-25T00:00:00+00:00, run_after=2025-04-26T00:00:00+00:00
[2025-04-25T06:09:23.012+0000] {processor.py:179} INFO - Processing /opt/airflow/dags/extract_exchange_rates.py took 0.055 seconds
[2025-04-25T06:09:53.185+0000] {processor.py:157} INFO - Started process (PID=409) to work on /opt/airflow/dags/extract_exchange_rates.py
[2025-04-25T06:09:53.185+0000] {processor.py:829} INFO - Processing file /opt/airflow/dags/extract_exchange_rates.py for tasks to queue
[2025-04-25T06:09:53.186+0000] {logging_mixin.py:151} INFO - [2025-04-25T06:09:53.185+0000] {dagbag.py:536} INFO - Filling up the DagBag from /opt/airflow/dags/extract_exchange_rates.py
[2025-04-25T06:09:53.195+0000] {processor.py:839} INFO - DAG(s) dict_keys(['extract_exchange_rates']) retrieved from /opt/airflow/dags/extract_exchange_rates.py
[2025-04-25T06:09:53.210+0000] {logging_mixin.py:151} INFO - [2025-04-25T06:09:53.210+0000] {dag.py:2941} INFO - Sync 1 DAGs
[2025-04-25T06:09:53.222+0000] {logging_mixin.py:151} INFO - [2025-04-25T06:09:53.222+0000] {dag.py:3722} INFO - Setting next_dagrun for extract_exchange_rates to 2025-04-25T00:00:00+00:00, run_after=2025-04-26T00:00:00+00:00
[2025-04-25T06:09:53.229+0000] {processor.py:179} INFO - Processing /opt/airflow/dags/extract_exchange_rates.py took 0.047 seconds
[2025-04-25T06:10:23.398+0000] {processor.py:157} INFO - Started process (PID=414) to work on /opt/airflow/dags/extract_exchange_rates.py
[2025-04-25T06:10:23.399+0000] {processor.py:829} INFO - Processing file /opt/airflow/dags/extract_exchange_rates.py for tasks to queue
[2025-04-25T06:10:23.400+0000] {logging_mixin.py:151} INFO - [2025-04-25T06:10:23.399+0000] {dagbag.py:536} INFO - Filling up the DagBag from /opt/airflow/dags/extract_exchange_rates.py
[2025-04-25T06:10:23.410+0000] {processor.py:839} INFO - DAG(s) dict_keys(['extract_exchange_rates']) retrieved from /opt/airflow/dags/extract_exchange_rates.py
[2025-04-25T06:10:23.424+0000] {logging_mixin.py:151} INFO - [2025-04-25T06:10:23.423+0000] {dag.py:2941} INFO - Sync 1 DAGs
[2025-04-25T06:10:23.434+0000] {logging_mixin.py:151} INFO - [2025-04-25T06:10:23.434+0000] {dag.py:3722} INFO - Setting next_dagrun for extract_exchange_rates to 2025-04-25T00:00:00+00:00, run_after=2025-04-26T00:00:00+00:00
[2025-04-25T06:10:23.441+0000] {processor.py:179} INFO - Processing /opt/airflow/dags/extract_exchange_rates.py took 0.045 seconds
[2025-04-25T06:10:53.587+0000] {processor.py:157} INFO - Started process (PID=419) to work on /opt/airflow/dags/extract_exchange_rates.py
[2025-04-25T06:10:53.588+0000] {processor.py:829} INFO - Processing file /opt/airflow/dags/extract_exchange_rates.py for tasks to queue
[2025-04-25T06:10:53.589+0000] {logging_mixin.py:151} INFO - [2025-04-25T06:10:53.588+0000] {dagbag.py:536} INFO - Filling up the DagBag from /opt/airflow/dags/extract_exchange_rates.py
[2025-04-25T06:10:53.600+0000] {processor.py:839} INFO - DAG(s) dict_keys(['extract_exchange_rates']) retrieved from /opt/airflow/dags/extract_exchange_rates.py
[2025-04-25T06:10:53.615+0000] {logging_mixin.py:151} INFO - [2025-04-25T06:10:53.615+0000] {dag.py:2941} INFO - Sync 1 DAGs
[2025-04-25T06:10:53.625+0000] {logging_mixin.py:151} INFO - [2025-04-25T06:10:53.624+0000] {dag.py:3722} INFO - Setting next_dagrun for extract_exchange_rates to 2025-04-25T00:00:00+00:00, run_after=2025-04-26T00:00:00+00:00
[2025-04-25T06:10:53.631+0000] {processor.py:179} INFO - Processing /opt/airflow/dags/extract_exchange_rates.py took 0.048 seconds
[2025-04-25T06:11:23.827+0000] {processor.py:157} INFO - Started process (PID=424) to work on /opt/airflow/dags/extract_exchange_rates.py
[2025-04-25T06:11:23.827+0000] {processor.py:829} INFO - Processing file /opt/airflow/dags/extract_exchange_rates.py for tasks to queue
[2025-04-25T06:11:23.828+0000] {logging_mixin.py:151} INFO - [2025-04-25T06:11:23.828+0000] {dagbag.py:536} INFO - Filling up the DagBag from /opt/airflow/dags/extract_exchange_rates.py
[2025-04-25T06:11:23.838+0000] {processor.py:839} INFO - DAG(s) dict_keys(['extract_exchange_rates']) retrieved from /opt/airflow/dags/extract_exchange_rates.py
[2025-04-25T06:11:23.851+0000] {logging_mixin.py:151} INFO - [2025-04-25T06:11:23.851+0000] {dag.py:2941} INFO - Sync 1 DAGs
[2025-04-25T06:11:23.862+0000] {logging_mixin.py:151} INFO - [2025-04-25T06:11:23.862+0000] {dag.py:3722} INFO - Setting next_dagrun for extract_exchange_rates to 2025-04-25T00:00:00+00:00, run_after=2025-04-26T00:00:00+00:00
[2025-04-25T06:11:23.869+0000] {processor.py:179} INFO - Processing /opt/airflow/dags/extract_exchange_rates.py took 0.045 seconds
[2025-04-25T06:11:54.054+0000] {processor.py:157} INFO - Started process (PID=429) to work on /opt/airflow/dags/extract_exchange_rates.py
[2025-04-25T06:11:54.055+0000] {processor.py:829} INFO - Processing file /opt/airflow/dags/extract_exchange_rates.py for tasks to queue
[2025-04-25T06:11:54.055+0000] {logging_mixin.py:151} INFO - [2025-04-25T06:11:54.055+0000] {dagbag.py:536} INFO - Filling up the DagBag from /opt/airflow/dags/extract_exchange_rates.py
[2025-04-25T06:11:54.062+0000] {processor.py:839} INFO - DAG(s) dict_keys(['extract_exchange_rates']) retrieved from /opt/airflow/dags/extract_exchange_rates.py
[2025-04-25T06:11:54.074+0000] {logging_mixin.py:151} INFO - [2025-04-25T06:11:54.073+0000] {dag.py:2941} INFO - Sync 1 DAGs
[2025-04-25T06:11:54.083+0000] {logging_mixin.py:151} INFO - [2025-04-25T06:11:54.083+0000] {dag.py:3722} INFO - Setting next_dagrun for extract_exchange_rates to 2025-04-25T00:00:00+00:00, run_after=2025-04-26T00:00:00+00:00
[2025-04-25T06:11:54.090+0000] {processor.py:179} INFO - Processing /opt/airflow/dags/extract_exchange_rates.py took 0.037 seconds
[2025-04-25T06:12:24.252+0000] {processor.py:157} INFO - Started process (PID=434) to work on /opt/airflow/dags/extract_exchange_rates.py
[2025-04-25T06:12:24.253+0000] {processor.py:829} INFO - Processing file /opt/airflow/dags/extract_exchange_rates.py for tasks to queue
[2025-04-25T06:12:24.253+0000] {logging_mixin.py:151} INFO - [2025-04-25T06:12:24.253+0000] {dagbag.py:536} INFO - Filling up the DagBag from /opt/airflow/dags/extract_exchange_rates.py
[2025-04-25T06:12:24.262+0000] {processor.py:839} INFO - DAG(s) dict_keys(['extract_exchange_rates']) retrieved from /opt/airflow/dags/extract_exchange_rates.py
[2025-04-25T06:12:24.275+0000] {logging_mixin.py:151} INFO - [2025-04-25T06:12:24.275+0000] {dag.py:2941} INFO - Sync 1 DAGs
[2025-04-25T06:12:24.285+0000] {logging_mixin.py:151} INFO - [2025-04-25T06:12:24.284+0000] {dag.py:3722} INFO - Setting next_dagrun for extract_exchange_rates to 2025-04-25T00:00:00+00:00, run_after=2025-04-26T00:00:00+00:00
[2025-04-25T06:12:24.291+0000] {processor.py:179} INFO - Processing /opt/airflow/dags/extract_exchange_rates.py took 0.041 seconds
[2025-04-25T06:12:54.469+0000] {processor.py:157} INFO - Started process (PID=439) to work on /opt/airflow/dags/extract_exchange_rates.py
[2025-04-25T06:12:54.470+0000] {processor.py:829} INFO - Processing file /opt/airflow/dags/extract_exchange_rates.py for tasks to queue
[2025-04-25T06:12:54.470+0000] {logging_mixin.py:151} INFO - [2025-04-25T06:12:54.470+0000] {dagbag.py:536} INFO - Filling up the DagBag from /opt/airflow/dags/extract_exchange_rates.py
[2025-04-25T06:12:54.480+0000] {processor.py:839} INFO - DAG(s) dict_keys(['extract_exchange_rates']) retrieved from /opt/airflow/dags/extract_exchange_rates.py
[2025-04-25T06:12:54.493+0000] {logging_mixin.py:151} INFO - [2025-04-25T06:12:54.493+0000] {dag.py:2941} INFO - Sync 1 DAGs
[2025-04-25T06:12:54.503+0000] {logging_mixin.py:151} INFO - [2025-04-25T06:12:54.503+0000] {dag.py:3722} INFO - Setting next_dagrun for extract_exchange_rates to 2025-04-25T00:00:00+00:00, run_after=2025-04-26T00:00:00+00:00
[2025-04-25T06:12:54.510+0000] {processor.py:179} INFO - Processing /opt/airflow/dags/extract_exchange_rates.py took 0.043 seconds
[2025-04-25T06:13:24.711+0000] {processor.py:157} INFO - Started process (PID=444) to work on /opt/airflow/dags/extract_exchange_rates.py
[2025-04-25T06:13:24.711+0000] {processor.py:829} INFO - Processing file /opt/airflow/dags/extract_exchange_rates.py for tasks to queue
[2025-04-25T06:13:24.712+0000] {logging_mixin.py:151} INFO - [2025-04-25T06:13:24.712+0000] {dagbag.py:536} INFO - Filling up the DagBag from /opt/airflow/dags/extract_exchange_rates.py
[2025-04-25T06:13:24.719+0000] {processor.py:839} INFO - DAG(s) dict_keys(['extract_exchange_rates']) retrieved from /opt/airflow/dags/extract_exchange_rates.py
[2025-04-25T06:13:24.731+0000] {logging_mixin.py:151} INFO - [2025-04-25T06:13:24.731+0000] {dag.py:2941} INFO - Sync 1 DAGs
[2025-04-25T06:13:24.740+0000] {logging_mixin.py:151} INFO - [2025-04-25T06:13:24.740+0000] {dag.py:3722} INFO - Setting next_dagrun for extract_exchange_rates to 2025-04-25T00:00:00+00:00, run_after=2025-04-26T00:00:00+00:00
[2025-04-25T06:13:24.747+0000] {processor.py:179} INFO - Processing /opt/airflow/dags/extract_exchange_rates.py took 0.037 seconds
[2025-04-25T06:13:54.943+0000] {processor.py:157} INFO - Started process (PID=449) to work on /opt/airflow/dags/extract_exchange_rates.py
[2025-04-25T06:13:54.943+0000] {processor.py:829} INFO - Processing file /opt/airflow/dags/extract_exchange_rates.py for tasks to queue
[2025-04-25T06:13:54.944+0000] {logging_mixin.py:151} INFO - [2025-04-25T06:13:54.944+0000] {dagbag.py:536} INFO - Filling up the DagBag from /opt/airflow/dags/extract_exchange_rates.py
[2025-04-25T06:13:54.953+0000] {processor.py:839} INFO - DAG(s) dict_keys(['extract_exchange_rates']) retrieved from /opt/airflow/dags/extract_exchange_rates.py
[2025-04-25T06:13:54.966+0000] {logging_mixin.py:151} INFO - [2025-04-25T06:13:54.966+0000] {dag.py:2941} INFO - Sync 1 DAGs
[2025-04-25T06:13:54.975+0000] {logging_mixin.py:151} INFO - [2025-04-25T06:13:54.975+0000] {dag.py:3722} INFO - Setting next_dagrun for extract_exchange_rates to 2025-04-25T00:00:00+00:00, run_after=2025-04-26T00:00:00+00:00
[2025-04-25T06:13:54.982+0000] {processor.py:179} INFO - Processing /opt/airflow/dags/extract_exchange_rates.py took 0.041 seconds
[2025-04-25T06:14:25.174+0000] {processor.py:157} INFO - Started process (PID=454) to work on /opt/airflow/dags/extract_exchange_rates.py
[2025-04-25T06:14:25.174+0000] {processor.py:829} INFO - Processing file /opt/airflow/dags/extract_exchange_rates.py for tasks to queue
[2025-04-25T06:14:25.175+0000] {logging_mixin.py:151} INFO - [2025-04-25T06:14:25.175+0000] {dagbag.py:536} INFO - Filling up the DagBag from /opt/airflow/dags/extract_exchange_rates.py
[2025-04-25T06:14:25.184+0000] {processor.py:839} INFO - DAG(s) dict_keys(['extract_exchange_rates']) retrieved from /opt/airflow/dags/extract_exchange_rates.py
[2025-04-25T06:14:25.199+0000] {logging_mixin.py:151} INFO - [2025-04-25T06:14:25.198+0000] {dag.py:2941} INFO - Sync 1 DAGs
[2025-04-25T06:14:25.208+0000] {logging_mixin.py:151} INFO - [2025-04-25T06:14:25.208+0000] {dag.py:3722} INFO - Setting next_dagrun for extract_exchange_rates to 2025-04-25T00:00:00+00:00, run_after=2025-04-26T00:00:00+00:00
[2025-04-25T06:14:25.215+0000] {processor.py:179} INFO - Processing /opt/airflow/dags/extract_exchange_rates.py took 0.044 seconds
[2025-04-25T06:14:55.419+0000] {processor.py:157} INFO - Started process (PID=459) to work on /opt/airflow/dags/extract_exchange_rates.py
[2025-04-25T06:14:55.420+0000] {processor.py:829} INFO - Processing file /opt/airflow/dags/extract_exchange_rates.py for tasks to queue
[2025-04-25T06:14:55.421+0000] {logging_mixin.py:151} INFO - [2025-04-25T06:14:55.420+0000] {dagbag.py:536} INFO - Filling up the DagBag from /opt/airflow/dags/extract_exchange_rates.py
[2025-04-25T06:14:55.431+0000] {processor.py:839} INFO - DAG(s) dict_keys(['extract_exchange_rates']) retrieved from /opt/airflow/dags/extract_exchange_rates.py
[2025-04-25T06:14:55.444+0000] {logging_mixin.py:151} INFO - [2025-04-25T06:14:55.444+0000] {dag.py:2941} INFO - Sync 1 DAGs
[2025-04-25T06:14:55.455+0000] {logging_mixin.py:151} INFO - [2025-04-25T06:14:55.454+0000] {dag.py:3722} INFO - Setting next_dagrun for extract_exchange_rates to 2025-04-25T00:00:00+00:00, run_after=2025-04-26T00:00:00+00:00
[2025-04-25T06:14:55.462+0000] {processor.py:179} INFO - Processing /opt/airflow/dags/extract_exchange_rates.py took 0.046 seconds
[2025-04-25T06:15:25.620+0000] {processor.py:157} INFO - Started process (PID=464) to work on /opt/airflow/dags/extract_exchange_rates.py
[2025-04-25T06:15:25.621+0000] {processor.py:829} INFO - Processing file /opt/airflow/dags/extract_exchange_rates.py for tasks to queue
[2025-04-25T06:15:25.622+0000] {logging_mixin.py:151} INFO - [2025-04-25T06:15:25.621+0000] {dagbag.py:536} INFO - Filling up the DagBag from /opt/airflow/dags/extract_exchange_rates.py
[2025-04-25T06:15:25.632+0000] {processor.py:839} INFO - DAG(s) dict_keys(['extract_exchange_rates']) retrieved from /opt/airflow/dags/extract_exchange_rates.py
[2025-04-25T06:15:25.644+0000] {logging_mixin.py:151} INFO - [2025-04-25T06:15:25.644+0000] {dag.py:2941} INFO - Sync 1 DAGs
[2025-04-25T06:15:25.655+0000] {logging_mixin.py:151} INFO - [2025-04-25T06:15:25.655+0000] {dag.py:3722} INFO - Setting next_dagrun for extract_exchange_rates to 2025-04-25T00:00:00+00:00, run_after=2025-04-26T00:00:00+00:00
[2025-04-25T06:15:25.661+0000] {processor.py:179} INFO - Processing /opt/airflow/dags/extract_exchange_rates.py took 0.044 seconds
[2025-04-25T06:15:55.847+0000] {processor.py:157} INFO - Started process (PID=469) to work on /opt/airflow/dags/extract_exchange_rates.py
[2025-04-25T06:15:55.848+0000] {processor.py:829} INFO - Processing file /opt/airflow/dags/extract_exchange_rates.py for tasks to queue
[2025-04-25T06:15:55.849+0000] {logging_mixin.py:151} INFO - [2025-04-25T06:15:55.849+0000] {dagbag.py:536} INFO - Filling up the DagBag from /opt/airflow/dags/extract_exchange_rates.py
[2025-04-25T06:15:55.858+0000] {processor.py:839} INFO - DAG(s) dict_keys(['extract_exchange_rates']) retrieved from /opt/airflow/dags/extract_exchange_rates.py
[2025-04-25T06:15:55.873+0000] {logging_mixin.py:151} INFO - [2025-04-25T06:15:55.873+0000] {dag.py:2941} INFO - Sync 1 DAGs
[2025-04-25T06:15:55.883+0000] {logging_mixin.py:151} INFO - [2025-04-25T06:15:55.883+0000] {dag.py:3722} INFO - Setting next_dagrun for extract_exchange_rates to 2025-04-25T00:00:00+00:00, run_after=2025-04-26T00:00:00+00:00
[2025-04-25T06:15:55.890+0000] {processor.py:179} INFO - Processing /opt/airflow/dags/extract_exchange_rates.py took 0.045 seconds
[2025-04-25T06:16:26.071+0000] {processor.py:157} INFO - Started process (PID=474) to work on /opt/airflow/dags/extract_exchange_rates.py
[2025-04-25T06:16:26.072+0000] {processor.py:829} INFO - Processing file /opt/airflow/dags/extract_exchange_rates.py for tasks to queue
[2025-04-25T06:16:26.073+0000] {logging_mixin.py:151} INFO - [2025-04-25T06:16:26.072+0000] {dagbag.py:536} INFO - Filling up the DagBag from /opt/airflow/dags/extract_exchange_rates.py
[2025-04-25T06:16:26.082+0000] {processor.py:839} INFO - DAG(s) dict_keys(['extract_exchange_rates']) retrieved from /opt/airflow/dags/extract_exchange_rates.py
[2025-04-25T06:16:26.096+0000] {logging_mixin.py:151} INFO - [2025-04-25T06:16:26.096+0000] {dag.py:2941} INFO - Sync 1 DAGs
[2025-04-25T06:16:26.106+0000] {logging_mixin.py:151} INFO - [2025-04-25T06:16:26.106+0000] {dag.py:3722} INFO - Setting next_dagrun for extract_exchange_rates to 2025-04-25T00:00:00+00:00, run_after=2025-04-26T00:00:00+00:00
[2025-04-25T06:16:26.112+0000] {processor.py:179} INFO - Processing /opt/airflow/dags/extract_exchange_rates.py took 0.043 seconds
[2025-04-25T06:16:56.320+0000] {processor.py:157} INFO - Started process (PID=479) to work on /opt/airflow/dags/extract_exchange_rates.py
[2025-04-25T06:16:56.321+0000] {processor.py:829} INFO - Processing file /opt/airflow/dags/extract_exchange_rates.py for tasks to queue
[2025-04-25T06:16:56.321+0000] {logging_mixin.py:151} INFO - [2025-04-25T06:16:56.321+0000] {dagbag.py:536} INFO - Filling up the DagBag from /opt/airflow/dags/extract_exchange_rates.py
[2025-04-25T06:16:56.330+0000] {processor.py:839} INFO - DAG(s) dict_keys(['extract_exchange_rates']) retrieved from /opt/airflow/dags/extract_exchange_rates.py
[2025-04-25T06:16:56.343+0000] {logging_mixin.py:151} INFO - [2025-04-25T06:16:56.343+0000] {dag.py:2941} INFO - Sync 1 DAGs
[2025-04-25T06:16:56.353+0000] {logging_mixin.py:151} INFO - [2025-04-25T06:16:56.353+0000] {dag.py:3722} INFO - Setting next_dagrun for extract_exchange_rates to 2025-04-25T00:00:00+00:00, run_after=2025-04-26T00:00:00+00:00
[2025-04-25T06:16:56.360+0000] {processor.py:179} INFO - Processing /opt/airflow/dags/extract_exchange_rates.py took 0.042 seconds
[2025-04-25T06:17:26.535+0000] {processor.py:157} INFO - Started process (PID=484) to work on /opt/airflow/dags/extract_exchange_rates.py
[2025-04-25T06:17:26.536+0000] {processor.py:829} INFO - Processing file /opt/airflow/dags/extract_exchange_rates.py for tasks to queue
[2025-04-25T06:17:26.536+0000] {logging_mixin.py:151} INFO - [2025-04-25T06:17:26.536+0000] {dagbag.py:536} INFO - Filling up the DagBag from /opt/airflow/dags/extract_exchange_rates.py
[2025-04-25T06:17:26.544+0000] {processor.py:839} INFO - DAG(s) dict_keys(['extract_exchange_rates']) retrieved from /opt/airflow/dags/extract_exchange_rates.py
[2025-04-25T06:17:26.556+0000] {logging_mixin.py:151} INFO - [2025-04-25T06:17:26.556+0000] {dag.py:2941} INFO - Sync 1 DAGs
[2025-04-25T06:17:26.565+0000] {logging_mixin.py:151} INFO - [2025-04-25T06:17:26.565+0000] {dag.py:3722} INFO - Setting next_dagrun for extract_exchange_rates to 2025-04-25T00:00:00+00:00, run_after=2025-04-26T00:00:00+00:00
[2025-04-25T06:17:26.571+0000] {processor.py:179} INFO - Processing /opt/airflow/dags/extract_exchange_rates.py took 0.037 seconds
[2025-04-25T06:17:56.738+0000] {processor.py:157} INFO - Started process (PID=489) to work on /opt/airflow/dags/extract_exchange_rates.py
[2025-04-25T06:17:56.739+0000] {processor.py:829} INFO - Processing file /opt/airflow/dags/extract_exchange_rates.py for tasks to queue
[2025-04-25T06:17:56.739+0000] {logging_mixin.py:151} INFO - [2025-04-25T06:17:56.739+0000] {dagbag.py:536} INFO - Filling up the DagBag from /opt/airflow/dags/extract_exchange_rates.py
[2025-04-25T06:17:56.746+0000] {processor.py:839} INFO - DAG(s) dict_keys(['extract_exchange_rates']) retrieved from /opt/airflow/dags/extract_exchange_rates.py
[2025-04-25T06:17:56.759+0000] {logging_mixin.py:151} INFO - [2025-04-25T06:17:56.759+0000] {dag.py:2941} INFO - Sync 1 DAGs
[2025-04-25T06:17:56.768+0000] {logging_mixin.py:151} INFO - [2025-04-25T06:17:56.768+0000] {dag.py:3722} INFO - Setting next_dagrun for extract_exchange_rates to 2025-04-25T00:00:00+00:00, run_after=2025-04-26T00:00:00+00:00
[2025-04-25T06:17:56.775+0000] {processor.py:179} INFO - Processing /opt/airflow/dags/extract_exchange_rates.py took 0.039 seconds
[2025-04-25T06:18:26.935+0000] {processor.py:157} INFO - Started process (PID=494) to work on /opt/airflow/dags/extract_exchange_rates.py
[2025-04-25T06:18:26.935+0000] {processor.py:829} INFO - Processing file /opt/airflow/dags/extract_exchange_rates.py for tasks to queue
[2025-04-25T06:18:26.936+0000] {logging_mixin.py:151} INFO - [2025-04-25T06:18:26.936+0000] {dagbag.py:536} INFO - Filling up the DagBag from /opt/airflow/dags/extract_exchange_rates.py
[2025-04-25T06:18:26.943+0000] {processor.py:839} INFO - DAG(s) dict_keys(['extract_exchange_rates']) retrieved from /opt/airflow/dags/extract_exchange_rates.py
[2025-04-25T06:18:26.956+0000] {logging_mixin.py:151} INFO - [2025-04-25T06:18:26.956+0000] {dag.py:2941} INFO - Sync 1 DAGs
[2025-04-25T06:18:26.966+0000] {logging_mixin.py:151} INFO - [2025-04-25T06:18:26.966+0000] {dag.py:3722} INFO - Setting next_dagrun for extract_exchange_rates to 2025-04-25T00:00:00+00:00, run_after=2025-04-26T00:00:00+00:00
[2025-04-25T06:18:26.973+0000] {processor.py:179} INFO - Processing /opt/airflow/dags/extract_exchange_rates.py took 0.040 seconds
[2025-04-25T06:18:57.145+0000] {processor.py:157} INFO - Started process (PID=499) to work on /opt/airflow/dags/extract_exchange_rates.py
[2025-04-25T06:18:57.146+0000] {processor.py:829} INFO - Processing file /opt/airflow/dags/extract_exchange_rates.py for tasks to queue
[2025-04-25T06:18:57.147+0000] {logging_mixin.py:151} INFO - [2025-04-25T06:18:57.147+0000] {dagbag.py:536} INFO - Filling up the DagBag from /opt/airflow/dags/extract_exchange_rates.py
[2025-04-25T06:18:57.157+0000] {processor.py:839} INFO - DAG(s) dict_keys(['extract_exchange_rates']) retrieved from /opt/airflow/dags/extract_exchange_rates.py
[2025-04-25T06:18:57.171+0000] {logging_mixin.py:151} INFO - [2025-04-25T06:18:57.171+0000] {dag.py:2941} INFO - Sync 1 DAGs
[2025-04-25T06:18:57.182+0000] {logging_mixin.py:151} INFO - [2025-04-25T06:18:57.182+0000] {dag.py:3722} INFO - Setting next_dagrun for extract_exchange_rates to 2025-04-25T00:00:00+00:00, run_after=2025-04-26T00:00:00+00:00
[2025-04-25T06:18:57.189+0000] {processor.py:179} INFO - Processing /opt/airflow/dags/extract_exchange_rates.py took 0.046 seconds
[2025-04-25T06:19:27.344+0000] {processor.py:157} INFO - Started process (PID=504) to work on /opt/airflow/dags/extract_exchange_rates.py
[2025-04-25T06:19:27.345+0000] {processor.py:829} INFO - Processing file /opt/airflow/dags/extract_exchange_rates.py for tasks to queue
[2025-04-25T06:19:27.346+0000] {logging_mixin.py:151} INFO - [2025-04-25T06:19:27.345+0000] {dagbag.py:536} INFO - Filling up the DagBag from /opt/airflow/dags/extract_exchange_rates.py
[2025-04-25T06:19:27.359+0000] {processor.py:839} INFO - DAG(s) dict_keys(['extract_exchange_rates']) retrieved from /opt/airflow/dags/extract_exchange_rates.py
[2025-04-25T06:19:27.375+0000] {logging_mixin.py:151} INFO - [2025-04-25T06:19:27.375+0000] {dag.py:2941} INFO - Sync 1 DAGs
[2025-04-25T06:19:27.385+0000] {logging_mixin.py:151} INFO - [2025-04-25T06:19:27.385+0000] {dag.py:3722} INFO - Setting next_dagrun for extract_exchange_rates to 2025-04-25T00:00:00+00:00, run_after=2025-04-26T00:00:00+00:00
[2025-04-25T06:19:27.393+0000] {processor.py:179} INFO - Processing /opt/airflow/dags/extract_exchange_rates.py took 0.052 seconds
[2025-04-25T06:19:57.549+0000] {processor.py:157} INFO - Started process (PID=509) to work on /opt/airflow/dags/extract_exchange_rates.py
[2025-04-25T06:19:57.550+0000] {processor.py:829} INFO - Processing file /opt/airflow/dags/extract_exchange_rates.py for tasks to queue
[2025-04-25T06:19:57.551+0000] {logging_mixin.py:151} INFO - [2025-04-25T06:19:57.551+0000] {dagbag.py:536} INFO - Filling up the DagBag from /opt/airflow/dags/extract_exchange_rates.py
[2025-04-25T06:19:57.562+0000] {processor.py:839} INFO - DAG(s) dict_keys(['extract_exchange_rates']) retrieved from /opt/airflow/dags/extract_exchange_rates.py
[2025-04-25T06:19:57.574+0000] {logging_mixin.py:151} INFO - [2025-04-25T06:19:57.574+0000] {dag.py:2941} INFO - Sync 1 DAGs
[2025-04-25T06:19:57.584+0000] {logging_mixin.py:151} INFO - [2025-04-25T06:19:57.584+0000] {dag.py:3722} INFO - Setting next_dagrun for extract_exchange_rates to 2025-04-25T00:00:00+00:00, run_after=2025-04-26T00:00:00+00:00
[2025-04-25T06:19:57.591+0000] {processor.py:179} INFO - Processing /opt/airflow/dags/extract_exchange_rates.py took 0.044 seconds
[2025-04-25T06:20:27.764+0000] {processor.py:157} INFO - Started process (PID=514) to work on /opt/airflow/dags/extract_exchange_rates.py
[2025-04-25T06:20:27.764+0000] {processor.py:829} INFO - Processing file /opt/airflow/dags/extract_exchange_rates.py for tasks to queue
[2025-04-25T06:20:27.765+0000] {logging_mixin.py:151} INFO - [2025-04-25T06:20:27.765+0000] {dagbag.py:536} INFO - Filling up the DagBag from /opt/airflow/dags/extract_exchange_rates.py
[2025-04-25T06:20:27.774+0000] {processor.py:839} INFO - DAG(s) dict_keys(['extract_exchange_rates']) retrieved from /opt/airflow/dags/extract_exchange_rates.py
[2025-04-25T06:20:27.787+0000] {logging_mixin.py:151} INFO - [2025-04-25T06:20:27.786+0000] {dag.py:2941} INFO - Sync 1 DAGs
[2025-04-25T06:20:27.796+0000] {logging_mixin.py:151} INFO - [2025-04-25T06:20:27.796+0000] {dag.py:3722} INFO - Setting next_dagrun for extract_exchange_rates to 2025-04-25T00:00:00+00:00, run_after=2025-04-26T00:00:00+00:00
[2025-04-25T06:20:27.803+0000] {processor.py:179} INFO - Processing /opt/airflow/dags/extract_exchange_rates.py took 0.041 seconds
[2025-04-25T06:20:58.024+0000] {processor.py:157} INFO - Started process (PID=519) to work on /opt/airflow/dags/extract_exchange_rates.py
[2025-04-25T06:20:58.024+0000] {processor.py:829} INFO - Processing file /opt/airflow/dags/extract_exchange_rates.py for tasks to queue
[2025-04-25T06:20:58.025+0000] {logging_mixin.py:151} INFO - [2025-04-25T06:20:58.025+0000] {dagbag.py:536} INFO - Filling up the DagBag from /opt/airflow/dags/extract_exchange_rates.py
[2025-04-25T06:20:58.032+0000] {processor.py:839} INFO - DAG(s) dict_keys(['extract_exchange_rates']) retrieved from /opt/airflow/dags/extract_exchange_rates.py
[2025-04-25T06:20:58.044+0000] {logging_mixin.py:151} INFO - [2025-04-25T06:20:58.044+0000] {dag.py:2941} INFO - Sync 1 DAGs
[2025-04-25T06:20:58.053+0000] {logging_mixin.py:151} INFO - [2025-04-25T06:20:58.053+0000] {dag.py:3722} INFO - Setting next_dagrun for extract_exchange_rates to 2025-04-25T00:00:00+00:00, run_after=2025-04-26T00:00:00+00:00
[2025-04-25T06:20:58.061+0000] {processor.py:179} INFO - Processing /opt/airflow/dags/extract_exchange_rates.py took 0.038 seconds
[2025-04-25T06:21:28.254+0000] {processor.py:157} INFO - Started process (PID=524) to work on /opt/airflow/dags/extract_exchange_rates.py
[2025-04-25T06:21:28.255+0000] {processor.py:829} INFO - Processing file /opt/airflow/dags/extract_exchange_rates.py for tasks to queue
[2025-04-25T06:21:28.256+0000] {logging_mixin.py:151} INFO - [2025-04-25T06:21:28.256+0000] {dagbag.py:536} INFO - Filling up the DagBag from /opt/airflow/dags/extract_exchange_rates.py
[2025-04-25T06:21:28.268+0000] {processor.py:839} INFO - DAG(s) dict_keys(['extract_exchange_rates']) retrieved from /opt/airflow/dags/extract_exchange_rates.py
[2025-04-25T06:21:28.282+0000] {logging_mixin.py:151} INFO - [2025-04-25T06:21:28.282+0000] {dag.py:2941} INFO - Sync 1 DAGs
[2025-04-25T06:21:28.292+0000] {logging_mixin.py:151} INFO - [2025-04-25T06:21:28.292+0000] {dag.py:3722} INFO - Setting next_dagrun for extract_exchange_rates to 2025-04-25T00:00:00+00:00, run_after=2025-04-26T00:00:00+00:00
[2025-04-25T06:21:28.299+0000] {processor.py:179} INFO - Processing /opt/airflow/dags/extract_exchange_rates.py took 0.049 seconds
[2025-04-25T06:21:58.472+0000] {processor.py:157} INFO - Started process (PID=529) to work on /opt/airflow/dags/extract_exchange_rates.py
[2025-04-25T06:21:58.473+0000] {processor.py:829} INFO - Processing file /opt/airflow/dags/extract_exchange_rates.py for tasks to queue
[2025-04-25T06:21:58.473+0000] {logging_mixin.py:151} INFO - [2025-04-25T06:21:58.473+0000] {dagbag.py:536} INFO - Filling up the DagBag from /opt/airflow/dags/extract_exchange_rates.py
[2025-04-25T06:21:58.481+0000] {processor.py:839} INFO - DAG(s) dict_keys(['extract_exchange_rates']) retrieved from /opt/airflow/dags/extract_exchange_rates.py
[2025-04-25T06:21:58.492+0000] {logging_mixin.py:151} INFO - [2025-04-25T06:21:58.492+0000] {dag.py:2941} INFO - Sync 1 DAGs
[2025-04-25T06:21:58.502+0000] {logging_mixin.py:151} INFO - [2025-04-25T06:21:58.502+0000] {dag.py:3722} INFO - Setting next_dagrun for extract_exchange_rates to 2025-04-25T00:00:00+00:00, run_after=2025-04-26T00:00:00+00:00
[2025-04-25T06:21:58.508+0000] {processor.py:179} INFO - Processing /opt/airflow/dags/extract_exchange_rates.py took 0.037 seconds
[2025-04-25T06:22:28.672+0000] {processor.py:157} INFO - Started process (PID=534) to work on /opt/airflow/dags/extract_exchange_rates.py
[2025-04-25T06:22:28.672+0000] {processor.py:829} INFO - Processing file /opt/airflow/dags/extract_exchange_rates.py for tasks to queue
[2025-04-25T06:22:28.673+0000] {logging_mixin.py:151} INFO - [2025-04-25T06:22:28.673+0000] {dagbag.py:536} INFO - Filling up the DagBag from /opt/airflow/dags/extract_exchange_rates.py
[2025-04-25T06:22:28.684+0000] {processor.py:839} INFO - DAG(s) dict_keys(['extract_exchange_rates']) retrieved from /opt/airflow/dags/extract_exchange_rates.py
[2025-04-25T06:22:28.698+0000] {logging_mixin.py:151} INFO - [2025-04-25T06:22:28.698+0000] {dag.py:2941} INFO - Sync 1 DAGs
[2025-04-25T06:22:28.709+0000] {logging_mixin.py:151} INFO - [2025-04-25T06:22:28.709+0000] {dag.py:3722} INFO - Setting next_dagrun for extract_exchange_rates to 2025-04-25T00:00:00+00:00, run_after=2025-04-26T00:00:00+00:00
[2025-04-25T06:22:28.717+0000] {processor.py:179} INFO - Processing /opt/airflow/dags/extract_exchange_rates.py took 0.047 seconds
[2025-04-25T06:22:58.901+0000] {processor.py:157} INFO - Started process (PID=539) to work on /opt/airflow/dags/extract_exchange_rates.py
[2025-04-25T06:22:58.901+0000] {processor.py:829} INFO - Processing file /opt/airflow/dags/extract_exchange_rates.py for tasks to queue
[2025-04-25T06:22:58.902+0000] {logging_mixin.py:151} INFO - [2025-04-25T06:22:58.901+0000] {dagbag.py:536} INFO - Filling up the DagBag from /opt/airflow/dags/extract_exchange_rates.py
[2025-04-25T06:22:58.909+0000] {processor.py:839} INFO - DAG(s) dict_keys(['extract_exchange_rates']) retrieved from /opt/airflow/dags/extract_exchange_rates.py
[2025-04-25T06:22:58.922+0000] {logging_mixin.py:151} INFO - [2025-04-25T06:22:58.922+0000] {dag.py:2941} INFO - Sync 1 DAGs
[2025-04-25T06:22:58.931+0000] {logging_mixin.py:151} INFO - [2025-04-25T06:22:58.931+0000] {dag.py:3722} INFO - Setting next_dagrun for extract_exchange_rates to 2025-04-25T00:00:00+00:00, run_after=2025-04-26T00:00:00+00:00
[2025-04-25T06:22:58.937+0000] {processor.py:179} INFO - Processing /opt/airflow/dags/extract_exchange_rates.py took 0.038 seconds
[2025-04-25T06:23:29.133+0000] {processor.py:157} INFO - Started process (PID=544) to work on /opt/airflow/dags/extract_exchange_rates.py
[2025-04-25T06:23:29.134+0000] {processor.py:829} INFO - Processing file /opt/airflow/dags/extract_exchange_rates.py for tasks to queue
[2025-04-25T06:23:29.134+0000] {logging_mixin.py:151} INFO - [2025-04-25T06:23:29.134+0000] {dagbag.py:536} INFO - Filling up the DagBag from /opt/airflow/dags/extract_exchange_rates.py
[2025-04-25T06:23:29.144+0000] {processor.py:839} INFO - DAG(s) dict_keys(['extract_exchange_rates']) retrieved from /opt/airflow/dags/extract_exchange_rates.py
[2025-04-25T06:23:29.158+0000] {logging_mixin.py:151} INFO - [2025-04-25T06:23:29.158+0000] {dag.py:2941} INFO - Sync 1 DAGs
[2025-04-25T06:23:29.169+0000] {logging_mixin.py:151} INFO - [2025-04-25T06:23:29.168+0000] {dag.py:3722} INFO - Setting next_dagrun for extract_exchange_rates to 2025-04-25T00:00:00+00:00, run_after=2025-04-26T00:00:00+00:00
[2025-04-25T06:23:29.176+0000] {processor.py:179} INFO - Processing /opt/airflow/dags/extract_exchange_rates.py took 0.045 seconds
[2025-04-25T06:23:59.355+0000] {processor.py:157} INFO - Started process (PID=549) to work on /opt/airflow/dags/extract_exchange_rates.py
[2025-04-25T06:23:59.356+0000] {processor.py:829} INFO - Processing file /opt/airflow/dags/extract_exchange_rates.py for tasks to queue
[2025-04-25T06:23:59.356+0000] {logging_mixin.py:151} INFO - [2025-04-25T06:23:59.356+0000] {dagbag.py:536} INFO - Filling up the DagBag from /opt/airflow/dags/extract_exchange_rates.py
[2025-04-25T06:23:59.365+0000] {processor.py:839} INFO - DAG(s) dict_keys(['extract_exchange_rates']) retrieved from /opt/airflow/dags/extract_exchange_rates.py
[2025-04-25T06:23:59.378+0000] {logging_mixin.py:151} INFO - [2025-04-25T06:23:59.378+0000] {dag.py:2941} INFO - Sync 1 DAGs
[2025-04-25T06:23:59.388+0000] {logging_mixin.py:151} INFO - [2025-04-25T06:23:59.388+0000] {dag.py:3722} INFO - Setting next_dagrun for extract_exchange_rates to 2025-04-25T00:00:00+00:00, run_after=2025-04-26T00:00:00+00:00
[2025-04-25T06:23:59.395+0000] {processor.py:179} INFO - Processing /opt/airflow/dags/extract_exchange_rates.py took 0.042 seconds
[2025-04-25T06:24:29.559+0000] {processor.py:157} INFO - Started process (PID=554) to work on /opt/airflow/dags/extract_exchange_rates.py
[2025-04-25T06:24:29.560+0000] {processor.py:829} INFO - Processing file /opt/airflow/dags/extract_exchange_rates.py for tasks to queue
[2025-04-25T06:24:29.560+0000] {logging_mixin.py:151} INFO - [2025-04-25T06:24:29.560+0000] {dagbag.py:536} INFO - Filling up the DagBag from /opt/airflow/dags/extract_exchange_rates.py
[2025-04-25T06:24:29.567+0000] {processor.py:839} INFO - DAG(s) dict_keys(['extract_exchange_rates']) retrieved from /opt/airflow/dags/extract_exchange_rates.py
[2025-04-25T06:24:29.577+0000] {logging_mixin.py:151} INFO - [2025-04-25T06:24:29.577+0000] {dag.py:2941} INFO - Sync 1 DAGs
[2025-04-25T06:24:29.587+0000] {logging_mixin.py:151} INFO - [2025-04-25T06:24:29.587+0000] {dag.py:3722} INFO - Setting next_dagrun for extract_exchange_rates to 2025-04-25T00:00:00+00:00, run_after=2025-04-26T00:00:00+00:00
[2025-04-25T06:24:29.593+0000] {processor.py:179} INFO - Processing /opt/airflow/dags/extract_exchange_rates.py took 0.036 seconds
[2025-04-25T06:24:59.788+0000] {processor.py:157} INFO - Started process (PID=559) to work on /opt/airflow/dags/extract_exchange_rates.py
[2025-04-25T06:24:59.789+0000] {processor.py:829} INFO - Processing file /opt/airflow/dags/extract_exchange_rates.py for tasks to queue
[2025-04-25T06:24:59.789+0000] {logging_mixin.py:151} INFO - [2025-04-25T06:24:59.789+0000] {dagbag.py:536} INFO - Filling up the DagBag from /opt/airflow/dags/extract_exchange_rates.py
[2025-04-25T06:24:59.800+0000] {processor.py:839} INFO - DAG(s) dict_keys(['extract_exchange_rates']) retrieved from /opt/airflow/dags/extract_exchange_rates.py
[2025-04-25T06:24:59.813+0000] {logging_mixin.py:151} INFO - [2025-04-25T06:24:59.813+0000] {dag.py:2941} INFO - Sync 1 DAGs
[2025-04-25T06:24:59.823+0000] {logging_mixin.py:151} INFO - [2025-04-25T06:24:59.823+0000] {dag.py:3722} INFO - Setting next_dagrun for extract_exchange_rates to 2025-04-25T00:00:00+00:00, run_after=2025-04-26T00:00:00+00:00
[2025-04-25T06:24:59.830+0000] {processor.py:179} INFO - Processing /opt/airflow/dags/extract_exchange_rates.py took 0.043 seconds
[2025-04-25T06:25:30.021+0000] {processor.py:157} INFO - Started process (PID=564) to work on /opt/airflow/dags/extract_exchange_rates.py
[2025-04-25T06:25:30.022+0000] {processor.py:829} INFO - Processing file /opt/airflow/dags/extract_exchange_rates.py for tasks to queue
[2025-04-25T06:25:30.023+0000] {logging_mixin.py:151} INFO - [2025-04-25T06:25:30.023+0000] {dagbag.py:536} INFO - Filling up the DagBag from /opt/airflow/dags/extract_exchange_rates.py
[2025-04-25T06:25:30.032+0000] {processor.py:839} INFO - DAG(s) dict_keys(['extract_exchange_rates']) retrieved from /opt/airflow/dags/extract_exchange_rates.py
[2025-04-25T06:25:30.046+0000] {logging_mixin.py:151} INFO - [2025-04-25T06:25:30.046+0000] {dag.py:2941} INFO - Sync 1 DAGs
[2025-04-25T06:25:30.055+0000] {logging_mixin.py:151} INFO - [2025-04-25T06:25:30.055+0000] {dag.py:3722} INFO - Setting next_dagrun for extract_exchange_rates to 2025-04-25T00:00:00+00:00, run_after=2025-04-26T00:00:00+00:00
[2025-04-25T06:25:30.062+0000] {processor.py:179} INFO - Processing /opt/airflow/dags/extract_exchange_rates.py took 0.043 seconds
[2025-04-25T06:26:00.235+0000] {processor.py:157} INFO - Started process (PID=569) to work on /opt/airflow/dags/extract_exchange_rates.py
[2025-04-25T06:26:00.236+0000] {processor.py:829} INFO - Processing file /opt/airflow/dags/extract_exchange_rates.py for tasks to queue
[2025-04-25T06:26:00.237+0000] {logging_mixin.py:151} INFO - [2025-04-25T06:26:00.236+0000] {dagbag.py:536} INFO - Filling up the DagBag from /opt/airflow/dags/extract_exchange_rates.py
[2025-04-25T06:26:00.247+0000] {processor.py:839} INFO - DAG(s) dict_keys(['extract_exchange_rates']) retrieved from /opt/airflow/dags/extract_exchange_rates.py
[2025-04-25T06:26:00.260+0000] {logging_mixin.py:151} INFO - [2025-04-25T06:26:00.260+0000] {dag.py:2941} INFO - Sync 1 DAGs
[2025-04-25T06:26:00.270+0000] {logging_mixin.py:151} INFO - [2025-04-25T06:26:00.270+0000] {dag.py:3722} INFO - Setting next_dagrun for extract_exchange_rates to 2025-04-25T00:00:00+00:00, run_after=2025-04-26T00:00:00+00:00
[2025-04-25T06:26:00.277+0000] {processor.py:179} INFO - Processing /opt/airflow/dags/extract_exchange_rates.py took 0.044 seconds
[2025-04-25T06:26:30.467+0000] {processor.py:157} INFO - Started process (PID=574) to work on /opt/airflow/dags/extract_exchange_rates.py
[2025-04-25T06:26:30.468+0000] {processor.py:829} INFO - Processing file /opt/airflow/dags/extract_exchange_rates.py for tasks to queue
[2025-04-25T06:26:30.468+0000] {logging_mixin.py:151} INFO - [2025-04-25T06:26:30.468+0000] {dagbag.py:536} INFO - Filling up the DagBag from /opt/airflow/dags/extract_exchange_rates.py
[2025-04-25T06:26:30.476+0000] {processor.py:839} INFO - DAG(s) dict_keys(['extract_exchange_rates']) retrieved from /opt/airflow/dags/extract_exchange_rates.py
[2025-04-25T06:26:30.489+0000] {logging_mixin.py:151} INFO - [2025-04-25T06:26:30.489+0000] {dag.py:2941} INFO - Sync 1 DAGs
[2025-04-25T06:26:30.498+0000] {logging_mixin.py:151} INFO - [2025-04-25T06:26:30.498+0000] {dag.py:3722} INFO - Setting next_dagrun for extract_exchange_rates to 2025-04-25T00:00:00+00:00, run_after=2025-04-26T00:00:00+00:00
[2025-04-25T06:26:30.506+0000] {processor.py:179} INFO - Processing /opt/airflow/dags/extract_exchange_rates.py took 0.040 seconds
[2025-04-25T06:27:00.691+0000] {processor.py:157} INFO - Started process (PID=579) to work on /opt/airflow/dags/extract_exchange_rates.py
[2025-04-25T06:27:00.692+0000] {processor.py:829} INFO - Processing file /opt/airflow/dags/extract_exchange_rates.py for tasks to queue
[2025-04-25T06:27:00.692+0000] {logging_mixin.py:151} INFO - [2025-04-25T06:27:00.692+0000] {dagbag.py:536} INFO - Filling up the DagBag from /opt/airflow/dags/extract_exchange_rates.py
[2025-04-25T06:27:00.702+0000] {processor.py:839} INFO - DAG(s) dict_keys(['extract_exchange_rates']) retrieved from /opt/airflow/dags/extract_exchange_rates.py
[2025-04-25T06:27:00.715+0000] {logging_mixin.py:151} INFO - [2025-04-25T06:27:00.715+0000] {dag.py:2941} INFO - Sync 1 DAGs
[2025-04-25T06:27:00.725+0000] {logging_mixin.py:151} INFO - [2025-04-25T06:27:00.725+0000] {dag.py:3722} INFO - Setting next_dagrun for extract_exchange_rates to 2025-04-25T00:00:00+00:00, run_after=2025-04-26T00:00:00+00:00
[2025-04-25T06:27:00.732+0000] {processor.py:179} INFO - Processing /opt/airflow/dags/extract_exchange_rates.py took 0.044 seconds
[2025-04-25T06:27:30.894+0000] {processor.py:157} INFO - Started process (PID=584) to work on /opt/airflow/dags/extract_exchange_rates.py
[2025-04-25T06:27:30.894+0000] {processor.py:829} INFO - Processing file /opt/airflow/dags/extract_exchange_rates.py for tasks to queue
[2025-04-25T06:27:30.895+0000] {logging_mixin.py:151} INFO - [2025-04-25T06:27:30.895+0000] {dagbag.py:536} INFO - Filling up the DagBag from /opt/airflow/dags/extract_exchange_rates.py
[2025-04-25T06:27:30.905+0000] {processor.py:839} INFO - DAG(s) dict_keys(['extract_exchange_rates']) retrieved from /opt/airflow/dags/extract_exchange_rates.py
[2025-04-25T06:27:30.920+0000] {logging_mixin.py:151} INFO - [2025-04-25T06:27:30.920+0000] {dag.py:2941} INFO - Sync 1 DAGs
[2025-04-25T06:27:30.930+0000] {logging_mixin.py:151} INFO - [2025-04-25T06:27:30.930+0000] {dag.py:3722} INFO - Setting next_dagrun for extract_exchange_rates to 2025-04-25T00:00:00+00:00, run_after=2025-04-26T00:00:00+00:00
[2025-04-25T06:27:30.937+0000] {processor.py:179} INFO - Processing /opt/airflow/dags/extract_exchange_rates.py took 0.045 seconds
[2025-04-25T06:28:01.101+0000] {processor.py:157} INFO - Started process (PID=589) to work on /opt/airflow/dags/extract_exchange_rates.py
[2025-04-25T06:28:01.101+0000] {processor.py:829} INFO - Processing file /opt/airflow/dags/extract_exchange_rates.py for tasks to queue
[2025-04-25T06:28:01.102+0000] {logging_mixin.py:151} INFO - [2025-04-25T06:28:01.102+0000] {dagbag.py:536} INFO - Filling up the DagBag from /opt/airflow/dags/extract_exchange_rates.py
[2025-04-25T06:28:01.108+0000] {processor.py:839} INFO - DAG(s) dict_keys(['extract_exchange_rates']) retrieved from /opt/airflow/dags/extract_exchange_rates.py
[2025-04-25T06:28:01.117+0000] {logging_mixin.py:151} INFO - [2025-04-25T06:28:01.117+0000] {dag.py:2941} INFO - Sync 1 DAGs
[2025-04-25T06:28:01.125+0000] {logging_mixin.py:151} INFO - [2025-04-25T06:28:01.125+0000] {dag.py:3722} INFO - Setting next_dagrun for extract_exchange_rates to 2025-04-25T00:00:00+00:00, run_after=2025-04-26T00:00:00+00:00
[2025-04-25T06:28:01.131+0000] {processor.py:179} INFO - Processing /opt/airflow/dags/extract_exchange_rates.py took 0.031 seconds
[2025-04-25T06:28:31.309+0000] {processor.py:157} INFO - Started process (PID=594) to work on /opt/airflow/dags/extract_exchange_rates.py
[2025-04-25T06:28:31.310+0000] {processor.py:829} INFO - Processing file /opt/airflow/dags/extract_exchange_rates.py for tasks to queue
[2025-04-25T06:28:31.311+0000] {logging_mixin.py:151} INFO - [2025-04-25T06:28:31.310+0000] {dagbag.py:536} INFO - Filling up the DagBag from /opt/airflow/dags/extract_exchange_rates.py
[2025-04-25T06:28:31.322+0000] {processor.py:839} INFO - DAG(s) dict_keys(['extract_exchange_rates']) retrieved from /opt/airflow/dags/extract_exchange_rates.py
[2025-04-25T06:28:31.339+0000] {logging_mixin.py:151} INFO - [2025-04-25T06:28:31.338+0000] {dag.py:2941} INFO - Sync 1 DAGs
[2025-04-25T06:28:31.349+0000] {logging_mixin.py:151} INFO - [2025-04-25T06:28:31.348+0000] {dag.py:3722} INFO - Setting next_dagrun for extract_exchange_rates to 2025-04-25T00:00:00+00:00, run_after=2025-04-26T00:00:00+00:00
[2025-04-25T06:28:31.355+0000] {processor.py:179} INFO - Processing /opt/airflow/dags/extract_exchange_rates.py took 0.048 seconds
[2025-04-25T06:29:01.518+0000] {processor.py:157} INFO - Started process (PID=599) to work on /opt/airflow/dags/extract_exchange_rates.py
[2025-04-25T06:29:01.518+0000] {processor.py:829} INFO - Processing file /opt/airflow/dags/extract_exchange_rates.py for tasks to queue
[2025-04-25T06:29:01.519+0000] {logging_mixin.py:151} INFO - [2025-04-25T06:29:01.519+0000] {dagbag.py:536} INFO - Filling up the DagBag from /opt/airflow/dags/extract_exchange_rates.py
[2025-04-25T06:29:01.530+0000] {processor.py:839} INFO - DAG(s) dict_keys(['extract_exchange_rates']) retrieved from /opt/airflow/dags/extract_exchange_rates.py
[2025-04-25T06:29:01.544+0000] {logging_mixin.py:151} INFO - [2025-04-25T06:29:01.544+0000] {dag.py:2941} INFO - Sync 1 DAGs
[2025-04-25T06:29:01.553+0000] {logging_mixin.py:151} INFO - [2025-04-25T06:29:01.553+0000] {dag.py:3722} INFO - Setting next_dagrun for extract_exchange_rates to 2025-04-25T00:00:00+00:00, run_after=2025-04-26T00:00:00+00:00
[2025-04-25T06:29:01.561+0000] {processor.py:179} INFO - Processing /opt/airflow/dags/extract_exchange_rates.py took 0.046 seconds
[2025-04-25T06:29:31.732+0000] {processor.py:157} INFO - Started process (PID=604) to work on /opt/airflow/dags/extract_exchange_rates.py
[2025-04-25T06:29:31.733+0000] {processor.py:829} INFO - Processing file /opt/airflow/dags/extract_exchange_rates.py for tasks to queue
[2025-04-25T06:29:31.733+0000] {logging_mixin.py:151} INFO - [2025-04-25T06:29:31.733+0000] {dagbag.py:536} INFO - Filling up the DagBag from /opt/airflow/dags/extract_exchange_rates.py
[2025-04-25T06:29:31.745+0000] {processor.py:839} INFO - DAG(s) dict_keys(['extract_exchange_rates']) retrieved from /opt/airflow/dags/extract_exchange_rates.py
[2025-04-25T06:29:31.755+0000] {logging_mixin.py:151} INFO - [2025-04-25T06:29:31.755+0000] {dag.py:2941} INFO - Sync 1 DAGs
[2025-04-25T06:29:31.764+0000] {logging_mixin.py:151} INFO - [2025-04-25T06:29:31.764+0000] {dag.py:3722} INFO - Setting next_dagrun for extract_exchange_rates to 2025-04-25T00:00:00+00:00, run_after=2025-04-26T00:00:00+00:00
[2025-04-25T06:29:31.770+0000] {processor.py:179} INFO - Processing /opt/airflow/dags/extract_exchange_rates.py took 0.039 seconds
[2025-04-25T06:30:01.957+0000] {processor.py:157} INFO - Started process (PID=609) to work on /opt/airflow/dags/extract_exchange_rates.py
[2025-04-25T06:30:01.957+0000] {processor.py:829} INFO - Processing file /opt/airflow/dags/extract_exchange_rates.py for tasks to queue
[2025-04-25T06:30:01.958+0000] {logging_mixin.py:151} INFO - [2025-04-25T06:30:01.958+0000] {dagbag.py:536} INFO - Filling up the DagBag from /opt/airflow/dags/extract_exchange_rates.py
[2025-04-25T06:30:01.965+0000] {processor.py:839} INFO - DAG(s) dict_keys(['extract_exchange_rates']) retrieved from /opt/airflow/dags/extract_exchange_rates.py
[2025-04-25T06:30:01.976+0000] {logging_mixin.py:151} INFO - [2025-04-25T06:30:01.976+0000] {dag.py:2941} INFO - Sync 1 DAGs
[2025-04-25T06:30:01.986+0000] {logging_mixin.py:151} INFO - [2025-04-25T06:30:01.985+0000] {dag.py:3722} INFO - Setting next_dagrun for extract_exchange_rates to 2025-04-25T00:00:00+00:00, run_after=2025-04-26T00:00:00+00:00
[2025-04-25T06:30:01.992+0000] {processor.py:179} INFO - Processing /opt/airflow/dags/extract_exchange_rates.py took 0.036 seconds
[2025-04-25T06:30:32.169+0000] {processor.py:157} INFO - Started process (PID=614) to work on /opt/airflow/dags/extract_exchange_rates.py
[2025-04-25T06:30:32.170+0000] {processor.py:829} INFO - Processing file /opt/airflow/dags/extract_exchange_rates.py for tasks to queue
[2025-04-25T06:30:32.171+0000] {logging_mixin.py:151} INFO - [2025-04-25T06:30:32.171+0000] {dagbag.py:536} INFO - Filling up the DagBag from /opt/airflow/dags/extract_exchange_rates.py
[2025-04-25T06:30:32.180+0000] {processor.py:839} INFO - DAG(s) dict_keys(['extract_exchange_rates']) retrieved from /opt/airflow/dags/extract_exchange_rates.py
[2025-04-25T06:30:32.194+0000] {logging_mixin.py:151} INFO - [2025-04-25T06:30:32.194+0000] {dag.py:2941} INFO - Sync 1 DAGs
[2025-04-25T06:30:32.204+0000] {logging_mixin.py:151} INFO - [2025-04-25T06:30:32.204+0000] {dag.py:3722} INFO - Setting next_dagrun for extract_exchange_rates to 2025-04-25T00:00:00+00:00, run_after=2025-04-26T00:00:00+00:00
[2025-04-25T06:30:32.211+0000] {processor.py:179} INFO - Processing /opt/airflow/dags/extract_exchange_rates.py took 0.043 seconds
[2025-04-25T06:31:02.378+0000] {processor.py:157} INFO - Started process (PID=619) to work on /opt/airflow/dags/extract_exchange_rates.py
[2025-04-25T06:31:02.379+0000] {processor.py:829} INFO - Processing file /opt/airflow/dags/extract_exchange_rates.py for tasks to queue
[2025-04-25T06:31:02.379+0000] {logging_mixin.py:151} INFO - [2025-04-25T06:31:02.379+0000] {dagbag.py:536} INFO - Filling up the DagBag from /opt/airflow/dags/extract_exchange_rates.py
[2025-04-25T06:31:02.387+0000] {processor.py:839} INFO - DAG(s) dict_keys(['extract_exchange_rates']) retrieved from /opt/airflow/dags/extract_exchange_rates.py
[2025-04-25T06:31:02.400+0000] {logging_mixin.py:151} INFO - [2025-04-25T06:31:02.400+0000] {dag.py:2941} INFO - Sync 1 DAGs
[2025-04-25T06:31:02.409+0000] {logging_mixin.py:151} INFO - [2025-04-25T06:31:02.409+0000] {dag.py:3722} INFO - Setting next_dagrun for extract_exchange_rates to 2025-04-25T00:00:00+00:00, run_after=2025-04-26T00:00:00+00:00
[2025-04-25T06:31:02.415+0000] {processor.py:179} INFO - Processing /opt/airflow/dags/extract_exchange_rates.py took 0.039 seconds
[2025-04-25T06:31:32.619+0000] {processor.py:157} INFO - Started process (PID=624) to work on /opt/airflow/dags/extract_exchange_rates.py
[2025-04-25T06:31:32.620+0000] {processor.py:829} INFO - Processing file /opt/airflow/dags/extract_exchange_rates.py for tasks to queue
[2025-04-25T06:31:32.620+0000] {logging_mixin.py:151} INFO - [2025-04-25T06:31:32.620+0000] {dagbag.py:536} INFO - Filling up the DagBag from /opt/airflow/dags/extract_exchange_rates.py
[2025-04-25T06:31:32.630+0000] {processor.py:839} INFO - DAG(s) dict_keys(['extract_exchange_rates']) retrieved from /opt/airflow/dags/extract_exchange_rates.py
[2025-04-25T06:31:32.643+0000] {logging_mixin.py:151} INFO - [2025-04-25T06:31:32.643+0000] {dag.py:2941} INFO - Sync 1 DAGs
[2025-04-25T06:31:32.652+0000] {logging_mixin.py:151} INFO - [2025-04-25T06:31:32.652+0000] {dag.py:3722} INFO - Setting next_dagrun for extract_exchange_rates to 2025-04-25T00:00:00+00:00, run_after=2025-04-26T00:00:00+00:00
[2025-04-25T06:31:32.659+0000] {processor.py:179} INFO - Processing /opt/airflow/dags/extract_exchange_rates.py took 0.043 seconds
[2025-04-25T06:32:02.822+0000] {processor.py:157} INFO - Started process (PID=629) to work on /opt/airflow/dags/extract_exchange_rates.py
[2025-04-25T06:32:02.823+0000] {processor.py:829} INFO - Processing file /opt/airflow/dags/extract_exchange_rates.py for tasks to queue
[2025-04-25T06:32:02.823+0000] {logging_mixin.py:151} INFO - [2025-04-25T06:32:02.823+0000] {dagbag.py:536} INFO - Filling up the DagBag from /opt/airflow/dags/extract_exchange_rates.py
[2025-04-25T06:32:02.832+0000] {processor.py:839} INFO - DAG(s) dict_keys(['extract_exchange_rates']) retrieved from /opt/airflow/dags/extract_exchange_rates.py
[2025-04-25T06:32:02.845+0000] {logging_mixin.py:151} INFO - [2025-04-25T06:32:02.845+0000] {dag.py:2941} INFO - Sync 1 DAGs
[2025-04-25T06:32:02.855+0000] {logging_mixin.py:151} INFO - [2025-04-25T06:32:02.855+0000] {dag.py:3722} INFO - Setting next_dagrun for extract_exchange_rates to 2025-04-25T00:00:00+00:00, run_after=2025-04-26T00:00:00+00:00
[2025-04-25T06:32:02.862+0000] {processor.py:179} INFO - Processing /opt/airflow/dags/extract_exchange_rates.py took 0.042 seconds
[2025-04-25T06:32:33.030+0000] {processor.py:157} INFO - Started process (PID=634) to work on /opt/airflow/dags/extract_exchange_rates.py
[2025-04-25T06:32:33.030+0000] {processor.py:829} INFO - Processing file /opt/airflow/dags/extract_exchange_rates.py for tasks to queue
[2025-04-25T06:32:33.031+0000] {logging_mixin.py:151} INFO - [2025-04-25T06:32:33.031+0000] {dagbag.py:536} INFO - Filling up the DagBag from /opt/airflow/dags/extract_exchange_rates.py
[2025-04-25T06:32:33.041+0000] {processor.py:839} INFO - DAG(s) dict_keys(['extract_exchange_rates']) retrieved from /opt/airflow/dags/extract_exchange_rates.py
[2025-04-25T06:32:33.056+0000] {logging_mixin.py:151} INFO - [2025-04-25T06:32:33.056+0000] {dag.py:2941} INFO - Sync 1 DAGs
[2025-04-25T06:32:33.068+0000] {logging_mixin.py:151} INFO - [2025-04-25T06:32:33.068+0000] {dag.py:3722} INFO - Setting next_dagrun for extract_exchange_rates to 2025-04-25T00:00:00+00:00, run_after=2025-04-26T00:00:00+00:00
[2025-04-25T06:32:33.076+0000] {processor.py:179} INFO - Processing /opt/airflow/dags/extract_exchange_rates.py took 0.048 seconds
[2025-04-25T06:33:03.252+0000] {processor.py:157} INFO - Started process (PID=639) to work on /opt/airflow/dags/extract_exchange_rates.py
[2025-04-25T06:33:03.252+0000] {processor.py:829} INFO - Processing file /opt/airflow/dags/extract_exchange_rates.py for tasks to queue
[2025-04-25T06:33:03.253+0000] {logging_mixin.py:151} INFO - [2025-04-25T06:33:03.253+0000] {dagbag.py:536} INFO - Filling up the DagBag from /opt/airflow/dags/extract_exchange_rates.py
[2025-04-25T06:33:03.263+0000] {processor.py:839} INFO - DAG(s) dict_keys(['extract_exchange_rates']) retrieved from /opt/airflow/dags/extract_exchange_rates.py
[2025-04-25T06:33:03.277+0000] {logging_mixin.py:151} INFO - [2025-04-25T06:33:03.277+0000] {dag.py:2941} INFO - Sync 1 DAGs
[2025-04-25T06:33:03.288+0000] {logging_mixin.py:151} INFO - [2025-04-25T06:33:03.288+0000] {dag.py:3722} INFO - Setting next_dagrun for extract_exchange_rates to 2025-04-25T00:00:00+00:00, run_after=2025-04-26T00:00:00+00:00
[2025-04-25T06:33:03.295+0000] {processor.py:179} INFO - Processing /opt/airflow/dags/extract_exchange_rates.py took 0.046 seconds
[2025-04-25T06:33:33.481+0000] {processor.py:157} INFO - Started process (PID=644) to work on /opt/airflow/dags/extract_exchange_rates.py
[2025-04-25T06:33:33.482+0000] {processor.py:829} INFO - Processing file /opt/airflow/dags/extract_exchange_rates.py for tasks to queue
[2025-04-25T06:33:33.482+0000] {logging_mixin.py:151} INFO - [2025-04-25T06:33:33.482+0000] {dagbag.py:536} INFO - Filling up the DagBag from /opt/airflow/dags/extract_exchange_rates.py
[2025-04-25T06:33:33.491+0000] {processor.py:839} INFO - DAG(s) dict_keys(['extract_exchange_rates']) retrieved from /opt/airflow/dags/extract_exchange_rates.py
[2025-04-25T06:33:33.504+0000] {logging_mixin.py:151} INFO - [2025-04-25T06:33:33.504+0000] {dag.py:2941} INFO - Sync 1 DAGs
[2025-04-25T06:33:33.514+0000] {logging_mixin.py:151} INFO - [2025-04-25T06:33:33.514+0000] {dag.py:3722} INFO - Setting next_dagrun for extract_exchange_rates to 2025-04-25T00:00:00+00:00, run_after=2025-04-26T00:00:00+00:00
[2025-04-25T06:33:33.521+0000] {processor.py:179} INFO - Processing /opt/airflow/dags/extract_exchange_rates.py took 0.042 seconds
[2025-04-25T06:34:03.699+0000] {processor.py:157} INFO - Started process (PID=649) to work on /opt/airflow/dags/extract_exchange_rates.py
[2025-04-25T06:34:03.699+0000] {processor.py:829} INFO - Processing file /opt/airflow/dags/extract_exchange_rates.py for tasks to queue
[2025-04-25T06:34:03.700+0000] {logging_mixin.py:151} INFO - [2025-04-25T06:34:03.700+0000] {dagbag.py:536} INFO - Filling up the DagBag from /opt/airflow/dags/extract_exchange_rates.py
[2025-04-25T06:34:03.710+0000] {processor.py:839} INFO - DAG(s) dict_keys(['extract_exchange_rates']) retrieved from /opt/airflow/dags/extract_exchange_rates.py
[2025-04-25T06:34:03.723+0000] {logging_mixin.py:151} INFO - [2025-04-25T06:34:03.723+0000] {dag.py:2941} INFO - Sync 1 DAGs
[2025-04-25T06:34:03.732+0000] {logging_mixin.py:151} INFO - [2025-04-25T06:34:03.732+0000] {dag.py:3722} INFO - Setting next_dagrun for extract_exchange_rates to 2025-04-25T00:00:00+00:00, run_after=2025-04-26T00:00:00+00:00
[2025-04-25T06:34:03.740+0000] {processor.py:179} INFO - Processing /opt/airflow/dags/extract_exchange_rates.py took 0.043 seconds
[2025-04-25T06:34:33.925+0000] {processor.py:157} INFO - Started process (PID=654) to work on /opt/airflow/dags/extract_exchange_rates.py
[2025-04-25T06:34:33.926+0000] {processor.py:829} INFO - Processing file /opt/airflow/dags/extract_exchange_rates.py for tasks to queue
[2025-04-25T06:34:33.927+0000] {logging_mixin.py:151} INFO - [2025-04-25T06:34:33.926+0000] {dagbag.py:536} INFO - Filling up the DagBag from /opt/airflow/dags/extract_exchange_rates.py
[2025-04-25T06:34:33.938+0000] {processor.py:839} INFO - DAG(s) dict_keys(['extract_exchange_rates']) retrieved from /opt/airflow/dags/extract_exchange_rates.py
[2025-04-25T06:34:33.954+0000] {logging_mixin.py:151} INFO - [2025-04-25T06:34:33.954+0000] {dag.py:2941} INFO - Sync 1 DAGs
[2025-04-25T06:34:33.964+0000] {logging_mixin.py:151} INFO - [2025-04-25T06:34:33.964+0000] {dag.py:3722} INFO - Setting next_dagrun for extract_exchange_rates to 2025-04-25T00:00:00+00:00, run_after=2025-04-26T00:00:00+00:00
[2025-04-25T06:34:33.971+0000] {processor.py:179} INFO - Processing /opt/airflow/dags/extract_exchange_rates.py took 0.049 seconds
[2025-04-25T06:35:04.179+0000] {processor.py:157} INFO - Started process (PID=659) to work on /opt/airflow/dags/extract_exchange_rates.py
[2025-04-25T06:35:04.179+0000] {processor.py:829} INFO - Processing file /opt/airflow/dags/extract_exchange_rates.py for tasks to queue
[2025-04-25T06:35:04.180+0000] {logging_mixin.py:151} INFO - [2025-04-25T06:35:04.180+0000] {dagbag.py:536} INFO - Filling up the DagBag from /opt/airflow/dags/extract_exchange_rates.py
[2025-04-25T06:35:04.189+0000] {processor.py:839} INFO - DAG(s) dict_keys(['extract_exchange_rates']) retrieved from /opt/airflow/dags/extract_exchange_rates.py
[2025-04-25T06:35:04.202+0000] {logging_mixin.py:151} INFO - [2025-04-25T06:35:04.202+0000] {dag.py:2941} INFO - Sync 1 DAGs
[2025-04-25T06:35:04.212+0000] {logging_mixin.py:151} INFO - [2025-04-25T06:35:04.212+0000] {dag.py:3722} INFO - Setting next_dagrun for extract_exchange_rates to 2025-04-25T00:00:00+00:00, run_after=2025-04-26T00:00:00+00:00
[2025-04-25T06:35:04.219+0000] {processor.py:179} INFO - Processing /opt/airflow/dags/extract_exchange_rates.py took 0.043 seconds
[2025-04-25T06:35:34.420+0000] {processor.py:157} INFO - Started process (PID=664) to work on /opt/airflow/dags/extract_exchange_rates.py
[2025-04-25T06:35:34.421+0000] {processor.py:829} INFO - Processing file /opt/airflow/dags/extract_exchange_rates.py for tasks to queue
[2025-04-25T06:35:34.421+0000] {logging_mixin.py:151} INFO - [2025-04-25T06:35:34.421+0000] {dagbag.py:536} INFO - Filling up the DagBag from /opt/airflow/dags/extract_exchange_rates.py
[2025-04-25T06:35:34.428+0000] {processor.py:839} INFO - DAG(s) dict_keys(['extract_exchange_rates']) retrieved from /opt/airflow/dags/extract_exchange_rates.py
[2025-04-25T06:35:34.440+0000] {logging_mixin.py:151} INFO - [2025-04-25T06:35:34.440+0000] {dag.py:2941} INFO - Sync 1 DAGs
[2025-04-25T06:35:34.451+0000] {logging_mixin.py:151} INFO - [2025-04-25T06:35:34.451+0000] {dag.py:3722} INFO - Setting next_dagrun for extract_exchange_rates to 2025-04-25T00:00:00+00:00, run_after=2025-04-26T00:00:00+00:00
[2025-04-25T06:35:34.459+0000] {processor.py:179} INFO - Processing /opt/airflow/dags/extract_exchange_rates.py took 0.040 seconds
[2025-04-25T06:36:04.603+0000] {processor.py:157} INFO - Started process (PID=669) to work on /opt/airflow/dags/extract_exchange_rates.py
[2025-04-25T06:36:04.603+0000] {processor.py:829} INFO - Processing file /opt/airflow/dags/extract_exchange_rates.py for tasks to queue
[2025-04-25T06:36:04.604+0000] {logging_mixin.py:151} INFO - [2025-04-25T06:36:04.604+0000] {dagbag.py:536} INFO - Filling up the DagBag from /opt/airflow/dags/extract_exchange_rates.py
[2025-04-25T06:36:04.611+0000] {processor.py:839} INFO - DAG(s) dict_keys(['extract_exchange_rates']) retrieved from /opt/airflow/dags/extract_exchange_rates.py
[2025-04-25T06:36:04.623+0000] {logging_mixin.py:151} INFO - [2025-04-25T06:36:04.623+0000] {dag.py:2941} INFO - Sync 1 DAGs
[2025-04-25T06:36:04.632+0000] {logging_mixin.py:151} INFO - [2025-04-25T06:36:04.632+0000] {dag.py:3722} INFO - Setting next_dagrun for extract_exchange_rates to 2025-04-25T00:00:00+00:00, run_after=2025-04-26T00:00:00+00:00
[2025-04-25T06:36:04.638+0000] {processor.py:179} INFO - Processing /opt/airflow/dags/extract_exchange_rates.py took 0.037 seconds
[2025-04-25T06:36:34.796+0000] {processor.py:157} INFO - Started process (PID=674) to work on /opt/airflow/dags/extract_exchange_rates.py
[2025-04-25T06:36:34.796+0000] {processor.py:829} INFO - Processing file /opt/airflow/dags/extract_exchange_rates.py for tasks to queue
[2025-04-25T06:36:34.797+0000] {logging_mixin.py:151} INFO - [2025-04-25T06:36:34.797+0000] {dagbag.py:536} INFO - Filling up the DagBag from /opt/airflow/dags/extract_exchange_rates.py
[2025-04-25T06:36:34.805+0000] {processor.py:839} INFO - DAG(s) dict_keys(['extract_exchange_rates']) retrieved from /opt/airflow/dags/extract_exchange_rates.py
[2025-04-25T06:36:34.817+0000] {logging_mixin.py:151} INFO - [2025-04-25T06:36:34.817+0000] {dag.py:2941} INFO - Sync 1 DAGs
[2025-04-25T06:36:34.827+0000] {logging_mixin.py:151} INFO - [2025-04-25T06:36:34.827+0000] {dag.py:3722} INFO - Setting next_dagrun for extract_exchange_rates to 2025-04-25T00:00:00+00:00, run_after=2025-04-26T00:00:00+00:00
[2025-04-25T06:36:34.833+0000] {processor.py:179} INFO - Processing /opt/airflow/dags/extract_exchange_rates.py took 0.039 seconds
[2025-04-25T06:37:04.995+0000] {processor.py:157} INFO - Started process (PID=679) to work on /opt/airflow/dags/extract_exchange_rates.py
[2025-04-25T06:37:04.996+0000] {processor.py:829} INFO - Processing file /opt/airflow/dags/extract_exchange_rates.py for tasks to queue
[2025-04-25T06:37:04.996+0000] {logging_mixin.py:151} INFO - [2025-04-25T06:37:04.996+0000] {dagbag.py:536} INFO - Filling up the DagBag from /opt/airflow/dags/extract_exchange_rates.py
[2025-04-25T06:37:05.004+0000] {processor.py:839} INFO - DAG(s) dict_keys(['extract_exchange_rates']) retrieved from /opt/airflow/dags/extract_exchange_rates.py
[2025-04-25T06:37:05.017+0000] {logging_mixin.py:151} INFO - [2025-04-25T06:37:05.017+0000] {dag.py:2941} INFO - Sync 1 DAGs
[2025-04-25T06:37:05.026+0000] {logging_mixin.py:151} INFO - [2025-04-25T06:37:05.026+0000] {dag.py:3722} INFO - Setting next_dagrun for extract_exchange_rates to 2025-04-25T00:00:00+00:00, run_after=2025-04-26T00:00:00+00:00
[2025-04-25T06:37:05.033+0000] {processor.py:179} INFO - Processing /opt/airflow/dags/extract_exchange_rates.py took 0.040 seconds
[2025-04-25T06:37:35.233+0000] {processor.py:157} INFO - Started process (PID=684) to work on /opt/airflow/dags/extract_exchange_rates.py
[2025-04-25T06:37:35.234+0000] {processor.py:829} INFO - Processing file /opt/airflow/dags/extract_exchange_rates.py for tasks to queue
[2025-04-25T06:37:35.235+0000] {logging_mixin.py:151} INFO - [2025-04-25T06:37:35.234+0000] {dagbag.py:536} INFO - Filling up the DagBag from /opt/airflow/dags/extract_exchange_rates.py
[2025-04-25T06:37:35.244+0000] {processor.py:839} INFO - DAG(s) dict_keys(['extract_exchange_rates']) retrieved from /opt/airflow/dags/extract_exchange_rates.py
[2025-04-25T06:37:35.258+0000] {logging_mixin.py:151} INFO - [2025-04-25T06:37:35.258+0000] {dag.py:2941} INFO - Sync 1 DAGs
[2025-04-25T06:37:35.267+0000] {logging_mixin.py:151} INFO - [2025-04-25T06:37:35.267+0000] {dag.py:3722} INFO - Setting next_dagrun for extract_exchange_rates to 2025-04-25T00:00:00+00:00, run_after=2025-04-26T00:00:00+00:00
[2025-04-25T06:37:35.275+0000] {processor.py:179} INFO - Processing /opt/airflow/dags/extract_exchange_rates.py took 0.043 seconds
[2025-04-25T06:38:05.456+0000] {processor.py:157} INFO - Started process (PID=689) to work on /opt/airflow/dags/extract_exchange_rates.py
[2025-04-25T06:38:05.456+0000] {processor.py:829} INFO - Processing file /opt/airflow/dags/extract_exchange_rates.py for tasks to queue
[2025-04-25T06:38:05.457+0000] {logging_mixin.py:151} INFO - [2025-04-25T06:38:05.457+0000] {dagbag.py:536} INFO - Filling up the DagBag from /opt/airflow/dags/extract_exchange_rates.py
[2025-04-25T06:38:05.466+0000] {processor.py:839} INFO - DAG(s) dict_keys(['extract_exchange_rates']) retrieved from /opt/airflow/dags/extract_exchange_rates.py
[2025-04-25T06:38:05.479+0000] {logging_mixin.py:151} INFO - [2025-04-25T06:38:05.479+0000] {dag.py:2941} INFO - Sync 1 DAGs
[2025-04-25T06:38:05.489+0000] {logging_mixin.py:151} INFO - [2025-04-25T06:38:05.489+0000] {dag.py:3722} INFO - Setting next_dagrun for extract_exchange_rates to 2025-04-25T00:00:00+00:00, run_after=2025-04-26T00:00:00+00:00
[2025-04-25T06:38:05.496+0000] {processor.py:179} INFO - Processing /opt/airflow/dags/extract_exchange_rates.py took 0.043 seconds
[2025-04-25T06:38:35.672+0000] {processor.py:157} INFO - Started process (PID=694) to work on /opt/airflow/dags/extract_exchange_rates.py
[2025-04-25T06:38:35.673+0000] {processor.py:829} INFO - Processing file /opt/airflow/dags/extract_exchange_rates.py for tasks to queue
[2025-04-25T06:38:35.674+0000] {logging_mixin.py:151} INFO - [2025-04-25T06:38:35.673+0000] {dagbag.py:536} INFO - Filling up the DagBag from /opt/airflow/dags/extract_exchange_rates.py
[2025-04-25T06:38:35.684+0000] {processor.py:839} INFO - DAG(s) dict_keys(['extract_exchange_rates']) retrieved from /opt/airflow/dags/extract_exchange_rates.py
[2025-04-25T06:38:35.697+0000] {logging_mixin.py:151} INFO - [2025-04-25T06:38:35.697+0000] {dag.py:2941} INFO - Sync 1 DAGs
[2025-04-25T06:38:35.708+0000] {logging_mixin.py:151} INFO - [2025-04-25T06:38:35.707+0000] {dag.py:3722} INFO - Setting next_dagrun for extract_exchange_rates to 2025-04-25T00:00:00+00:00, run_after=2025-04-26T00:00:00+00:00
[2025-04-25T06:38:35.714+0000] {processor.py:179} INFO - Processing /opt/airflow/dags/extract_exchange_rates.py took 0.045 seconds
[2025-04-25T06:39:05.895+0000] {processor.py:157} INFO - Started process (PID=699) to work on /opt/airflow/dags/extract_exchange_rates.py
[2025-04-25T06:39:05.896+0000] {processor.py:829} INFO - Processing file /opt/airflow/dags/extract_exchange_rates.py for tasks to queue
[2025-04-25T06:39:05.896+0000] {logging_mixin.py:151} INFO - [2025-04-25T06:39:05.896+0000] {dagbag.py:536} INFO - Filling up the DagBag from /opt/airflow/dags/extract_exchange_rates.py
[2025-04-25T06:39:05.903+0000] {processor.py:839} INFO - DAG(s) dict_keys(['extract_exchange_rates']) retrieved from /opt/airflow/dags/extract_exchange_rates.py
[2025-04-25T06:39:05.914+0000] {logging_mixin.py:151} INFO - [2025-04-25T06:39:05.914+0000] {dag.py:2941} INFO - Sync 1 DAGs
[2025-04-25T06:39:05.924+0000] {logging_mixin.py:151} INFO - [2025-04-25T06:39:05.924+0000] {dag.py:3722} INFO - Setting next_dagrun for extract_exchange_rates to 2025-04-25T00:00:00+00:00, run_after=2025-04-26T00:00:00+00:00
[2025-04-25T06:39:05.930+0000] {processor.py:179} INFO - Processing /opt/airflow/dags/extract_exchange_rates.py took 0.036 seconds
[2025-04-25T06:39:36.109+0000] {processor.py:157} INFO - Started process (PID=704) to work on /opt/airflow/dags/extract_exchange_rates.py
[2025-04-25T06:39:36.109+0000] {processor.py:829} INFO - Processing file /opt/airflow/dags/extract_exchange_rates.py for tasks to queue
[2025-04-25T06:39:36.110+0000] {logging_mixin.py:151} INFO - [2025-04-25T06:39:36.110+0000] {dagbag.py:536} INFO - Filling up the DagBag from /opt/airflow/dags/extract_exchange_rates.py
[2025-04-25T06:39:36.116+0000] {processor.py:839} INFO - DAG(s) dict_keys(['extract_exchange_rates']) retrieved from /opt/airflow/dags/extract_exchange_rates.py
[2025-04-25T06:39:36.127+0000] {logging_mixin.py:151} INFO - [2025-04-25T06:39:36.127+0000] {dag.py:2941} INFO - Sync 1 DAGs
[2025-04-25T06:39:36.135+0000] {logging_mixin.py:151} INFO - [2025-04-25T06:39:36.135+0000] {dag.py:3722} INFO - Setting next_dagrun for extract_exchange_rates to 2025-04-25T00:00:00+00:00, run_after=2025-04-26T00:00:00+00:00
[2025-04-25T06:39:36.141+0000] {processor.py:179} INFO - Processing /opt/airflow/dags/extract_exchange_rates.py took 0.034 seconds
[2025-04-25T06:40:06.348+0000] {processor.py:157} INFO - Started process (PID=709) to work on /opt/airflow/dags/extract_exchange_rates.py
[2025-04-25T06:40:06.348+0000] {processor.py:829} INFO - Processing file /opt/airflow/dags/extract_exchange_rates.py for tasks to queue
[2025-04-25T06:40:06.349+0000] {logging_mixin.py:151} INFO - [2025-04-25T06:40:06.349+0000] {dagbag.py:536} INFO - Filling up the DagBag from /opt/airflow/dags/extract_exchange_rates.py
[2025-04-25T06:40:06.359+0000] {processor.py:839} INFO - DAG(s) dict_keys(['extract_exchange_rates']) retrieved from /opt/airflow/dags/extract_exchange_rates.py
[2025-04-25T06:40:06.372+0000] {logging_mixin.py:151} INFO - [2025-04-25T06:40:06.372+0000] {dag.py:2941} INFO - Sync 1 DAGs
[2025-04-25T06:40:06.381+0000] {logging_mixin.py:151} INFO - [2025-04-25T06:40:06.381+0000] {dag.py:3722} INFO - Setting next_dagrun for extract_exchange_rates to 2025-04-25T00:00:00+00:00, run_after=2025-04-26T00:00:00+00:00
[2025-04-25T06:40:06.388+0000] {processor.py:179} INFO - Processing /opt/airflow/dags/extract_exchange_rates.py took 0.042 seconds
[2025-04-25T06:43:57.990+0000] {processor.py:157} INFO - Started process (PID=714) to work on /opt/airflow/dags/extract_exchange_rates.py
[2025-04-25T06:43:57.991+0000] {processor.py:829} INFO - Processing file /opt/airflow/dags/extract_exchange_rates.py for tasks to queue
[2025-04-25T06:43:57.992+0000] {logging_mixin.py:151} INFO - [2025-04-25T06:43:57.992+0000] {dagbag.py:536} INFO - Filling up the DagBag from /opt/airflow/dags/extract_exchange_rates.py
[2025-04-25T06:43:58.005+0000] {processor.py:839} INFO - DAG(s) dict_keys(['extract_exchange_rates']) retrieved from /opt/airflow/dags/extract_exchange_rates.py
[2025-04-25T06:43:58.027+0000] {logging_mixin.py:151} INFO - [2025-04-25T06:43:58.027+0000] {dag.py:2941} INFO - Sync 1 DAGs
[2025-04-25T06:43:58.040+0000] {logging_mixin.py:151} INFO - [2025-04-25T06:43:58.040+0000] {dag.py:3722} INFO - Setting next_dagrun for extract_exchange_rates to 2025-04-25T00:00:00+00:00, run_after=2025-04-26T00:00:00+00:00
[2025-04-25T06:43:58.056+0000] {processor.py:179} INFO - Processing /opt/airflow/dags/extract_exchange_rates.py took 0.070 seconds
[2025-04-25T06:44:28.221+0000] {processor.py:157} INFO - Started process (PID=725) to work on /opt/airflow/dags/extract_exchange_rates.py
[2025-04-25T06:44:28.222+0000] {processor.py:829} INFO - Processing file /opt/airflow/dags/extract_exchange_rates.py for tasks to queue
[2025-04-25T06:44:28.222+0000] {logging_mixin.py:151} INFO - [2025-04-25T06:44:28.222+0000] {dagbag.py:536} INFO - Filling up the DagBag from /opt/airflow/dags/extract_exchange_rates.py
[2025-04-25T06:44:28.229+0000] {processor.py:839} INFO - DAG(s) dict_keys(['extract_exchange_rates']) retrieved from /opt/airflow/dags/extract_exchange_rates.py
[2025-04-25T06:44:28.242+0000] {logging_mixin.py:151} INFO - [2025-04-25T06:44:28.242+0000] {dag.py:2941} INFO - Sync 1 DAGs
[2025-04-25T06:44:28.253+0000] {logging_mixin.py:151} INFO - [2025-04-25T06:44:28.252+0000] {dag.py:3722} INFO - Setting next_dagrun for extract_exchange_rates to 2025-04-25T00:00:00+00:00, run_after=2025-04-26T00:00:00+00:00
[2025-04-25T06:44:28.261+0000] {processor.py:179} INFO - Processing /opt/airflow/dags/extract_exchange_rates.py took 0.041 seconds
[2025-04-25T06:44:58.461+0000] {processor.py:157} INFO - Started process (PID=730) to work on /opt/airflow/dags/extract_exchange_rates.py
[2025-04-25T06:44:58.462+0000] {processor.py:829} INFO - Processing file /opt/airflow/dags/extract_exchange_rates.py for tasks to queue
[2025-04-25T06:44:58.463+0000] {logging_mixin.py:151} INFO - [2025-04-25T06:44:58.463+0000] {dagbag.py:536} INFO - Filling up the DagBag from /opt/airflow/dags/extract_exchange_rates.py
[2025-04-25T06:44:58.474+0000] {processor.py:839} INFO - DAG(s) dict_keys(['extract_exchange_rates']) retrieved from /opt/airflow/dags/extract_exchange_rates.py
[2025-04-25T06:44:58.490+0000] {logging_mixin.py:151} INFO - [2025-04-25T06:44:58.490+0000] {dag.py:2941} INFO - Sync 1 DAGs
[2025-04-25T06:44:58.500+0000] {logging_mixin.py:151} INFO - [2025-04-25T06:44:58.499+0000] {dag.py:3722} INFO - Setting next_dagrun for extract_exchange_rates to 2025-04-25T00:00:00+00:00, run_after=2025-04-26T00:00:00+00:00
[2025-04-25T06:44:58.507+0000] {processor.py:179} INFO - Processing /opt/airflow/dags/extract_exchange_rates.py took 0.048 seconds
[2025-04-25T06:45:28.692+0000] {processor.py:157} INFO - Started process (PID=735) to work on /opt/airflow/dags/extract_exchange_rates.py
[2025-04-25T06:45:28.693+0000] {processor.py:829} INFO - Processing file /opt/airflow/dags/extract_exchange_rates.py for tasks to queue
[2025-04-25T06:45:28.694+0000] {logging_mixin.py:151} INFO - [2025-04-25T06:45:28.694+0000] {dagbag.py:536} INFO - Filling up the DagBag from /opt/airflow/dags/extract_exchange_rates.py
[2025-04-25T06:45:28.705+0000] {processor.py:839} INFO - DAG(s) dict_keys(['extract_exchange_rates']) retrieved from /opt/airflow/dags/extract_exchange_rates.py
[2025-04-25T06:45:28.719+0000] {logging_mixin.py:151} INFO - [2025-04-25T06:45:28.719+0000] {dag.py:2941} INFO - Sync 1 DAGs
[2025-04-25T06:45:28.729+0000] {logging_mixin.py:151} INFO - [2025-04-25T06:45:28.729+0000] {dag.py:3722} INFO - Setting next_dagrun for extract_exchange_rates to 2025-04-25T00:00:00+00:00, run_after=2025-04-26T00:00:00+00:00
[2025-04-25T06:45:28.736+0000] {processor.py:179} INFO - Processing /opt/airflow/dags/extract_exchange_rates.py took 0.047 seconds
[2025-04-25T06:45:58.925+0000] {processor.py:157} INFO - Started process (PID=740) to work on /opt/airflow/dags/extract_exchange_rates.py
[2025-04-25T06:45:58.926+0000] {processor.py:829} INFO - Processing file /opt/airflow/dags/extract_exchange_rates.py for tasks to queue
[2025-04-25T06:45:58.926+0000] {logging_mixin.py:151} INFO - [2025-04-25T06:45:58.926+0000] {dagbag.py:536} INFO - Filling up the DagBag from /opt/airflow/dags/extract_exchange_rates.py
[2025-04-25T06:45:58.936+0000] {processor.py:839} INFO - DAG(s) dict_keys(['extract_exchange_rates']) retrieved from /opt/airflow/dags/extract_exchange_rates.py
[2025-04-25T06:45:58.948+0000] {logging_mixin.py:151} INFO - [2025-04-25T06:45:58.947+0000] {dag.py:2941} INFO - Sync 1 DAGs
[2025-04-25T06:45:58.957+0000] {logging_mixin.py:151} INFO - [2025-04-25T06:45:58.957+0000] {dag.py:3722} INFO - Setting next_dagrun for extract_exchange_rates to 2025-04-25T00:00:00+00:00, run_after=2025-04-26T00:00:00+00:00
[2025-04-25T06:45:58.964+0000] {processor.py:179} INFO - Processing /opt/airflow/dags/extract_exchange_rates.py took 0.041 seconds
[2025-04-25T06:46:29.127+0000] {processor.py:157} INFO - Started process (PID=745) to work on /opt/airflow/dags/extract_exchange_rates.py
[2025-04-25T06:46:29.127+0000] {processor.py:829} INFO - Processing file /opt/airflow/dags/extract_exchange_rates.py for tasks to queue
[2025-04-25T06:46:29.128+0000] {logging_mixin.py:151} INFO - [2025-04-25T06:46:29.128+0000] {dagbag.py:536} INFO - Filling up the DagBag from /opt/airflow/dags/extract_exchange_rates.py
[2025-04-25T06:46:29.140+0000] {processor.py:839} INFO - DAG(s) dict_keys(['extract_exchange_rates']) retrieved from /opt/airflow/dags/extract_exchange_rates.py
[2025-04-25T06:46:29.152+0000] {logging_mixin.py:151} INFO - [2025-04-25T06:46:29.152+0000] {dag.py:2941} INFO - Sync 1 DAGs
[2025-04-25T06:46:29.162+0000] {logging_mixin.py:151} INFO - [2025-04-25T06:46:29.162+0000] {dag.py:3722} INFO - Setting next_dagrun for extract_exchange_rates to 2025-04-25T00:00:00+00:00, run_after=2025-04-26T00:00:00+00:00
[2025-04-25T06:46:29.169+0000] {processor.py:179} INFO - Processing /opt/airflow/dags/extract_exchange_rates.py took 0.045 seconds
[2025-04-25T06:46:59.319+0000] {processor.py:157} INFO - Started process (PID=750) to work on /opt/airflow/dags/extract_exchange_rates.py
[2025-04-25T06:46:59.320+0000] {processor.py:829} INFO - Processing file /opt/airflow/dags/extract_exchange_rates.py for tasks to queue
[2025-04-25T06:46:59.320+0000] {logging_mixin.py:151} INFO - [2025-04-25T06:46:59.320+0000] {dagbag.py:536} INFO - Filling up the DagBag from /opt/airflow/dags/extract_exchange_rates.py
[2025-04-25T06:46:59.329+0000] {processor.py:839} INFO - DAG(s) dict_keys(['extract_exchange_rates']) retrieved from /opt/airflow/dags/extract_exchange_rates.py
[2025-04-25T06:46:59.342+0000] {logging_mixin.py:151} INFO - [2025-04-25T06:46:59.341+0000] {dag.py:2941} INFO - Sync 1 DAGs
[2025-04-25T06:46:59.351+0000] {logging_mixin.py:151} INFO - [2025-04-25T06:46:59.351+0000] {dag.py:3722} INFO - Setting next_dagrun for extract_exchange_rates to 2025-04-25T00:00:00+00:00, run_after=2025-04-26T00:00:00+00:00
[2025-04-25T06:46:59.357+0000] {processor.py:179} INFO - Processing /opt/airflow/dags/extract_exchange_rates.py took 0.040 seconds
[2025-04-25T06:47:29.582+0000] {processor.py:157} INFO - Started process (PID=755) to work on /opt/airflow/dags/extract_exchange_rates.py
[2025-04-25T06:47:29.582+0000] {processor.py:829} INFO - Processing file /opt/airflow/dags/extract_exchange_rates.py for tasks to queue
[2025-04-25T06:47:29.583+0000] {logging_mixin.py:151} INFO - [2025-04-25T06:47:29.583+0000] {dagbag.py:536} INFO - Filling up the DagBag from /opt/airflow/dags/extract_exchange_rates.py
[2025-04-25T06:47:29.593+0000] {processor.py:839} INFO - DAG(s) dict_keys(['extract_exchange_rates']) retrieved from /opt/airflow/dags/extract_exchange_rates.py
[2025-04-25T06:47:29.605+0000] {logging_mixin.py:151} INFO - [2025-04-25T06:47:29.605+0000] {dag.py:2941} INFO - Sync 1 DAGs
[2025-04-25T06:47:29.614+0000] {logging_mixin.py:151} INFO - [2025-04-25T06:47:29.614+0000] {dag.py:3722} INFO - Setting next_dagrun for extract_exchange_rates to 2025-04-25T00:00:00+00:00, run_after=2025-04-26T00:00:00+00:00
[2025-04-25T06:47:29.621+0000] {processor.py:179} INFO - Processing /opt/airflow/dags/extract_exchange_rates.py took 0.042 seconds
[2025-04-25T06:47:59.821+0000] {processor.py:157} INFO - Started process (PID=760) to work on /opt/airflow/dags/extract_exchange_rates.py
[2025-04-25T06:47:59.821+0000] {processor.py:829} INFO - Processing file /opt/airflow/dags/extract_exchange_rates.py for tasks to queue
[2025-04-25T06:47:59.822+0000] {logging_mixin.py:151} INFO - [2025-04-25T06:47:59.822+0000] {dagbag.py:536} INFO - Filling up the DagBag from /opt/airflow/dags/extract_exchange_rates.py
[2025-04-25T06:47:59.830+0000] {processor.py:839} INFO - DAG(s) dict_keys(['extract_exchange_rates']) retrieved from /opt/airflow/dags/extract_exchange_rates.py
[2025-04-25T06:47:59.843+0000] {logging_mixin.py:151} INFO - [2025-04-25T06:47:59.843+0000] {dag.py:2941} INFO - Sync 1 DAGs
[2025-04-25T06:47:59.852+0000] {logging_mixin.py:151} INFO - [2025-04-25T06:47:59.852+0000] {dag.py:3722} INFO - Setting next_dagrun for extract_exchange_rates to 2025-04-25T00:00:00+00:00, run_after=2025-04-26T00:00:00+00:00
[2025-04-25T06:47:59.859+0000] {processor.py:179} INFO - Processing /opt/airflow/dags/extract_exchange_rates.py took 0.040 seconds
[2025-04-25T06:48:30.094+0000] {processor.py:157} INFO - Started process (PID=765) to work on /opt/airflow/dags/extract_exchange_rates.py
[2025-04-25T06:48:30.095+0000] {processor.py:829} INFO - Processing file /opt/airflow/dags/extract_exchange_rates.py for tasks to queue
[2025-04-25T06:48:30.096+0000] {logging_mixin.py:151} INFO - [2025-04-25T06:48:30.095+0000] {dagbag.py:536} INFO - Filling up the DagBag from /opt/airflow/dags/extract_exchange_rates.py
[2025-04-25T06:48:30.106+0000] {processor.py:839} INFO - DAG(s) dict_keys(['extract_exchange_rates']) retrieved from /opt/airflow/dags/extract_exchange_rates.py
[2025-04-25T06:48:30.120+0000] {logging_mixin.py:151} INFO - [2025-04-25T06:48:30.120+0000] {dag.py:2941} INFO - Sync 1 DAGs
[2025-04-25T06:48:30.131+0000] {logging_mixin.py:151} INFO - [2025-04-25T06:48:30.131+0000] {dag.py:3722} INFO - Setting next_dagrun for extract_exchange_rates to 2025-04-25T00:00:00+00:00, run_after=2025-04-26T00:00:00+00:00
[2025-04-25T06:48:30.140+0000] {processor.py:179} INFO - Processing /opt/airflow/dags/extract_exchange_rates.py took 0.048 seconds
[2025-04-25T06:49:00.331+0000] {processor.py:157} INFO - Started process (PID=770) to work on /opt/airflow/dags/extract_exchange_rates.py
[2025-04-25T06:49:00.332+0000] {processor.py:829} INFO - Processing file /opt/airflow/dags/extract_exchange_rates.py for tasks to queue
[2025-04-25T06:49:00.332+0000] {logging_mixin.py:151} INFO - [2025-04-25T06:49:00.332+0000] {dagbag.py:536} INFO - Filling up the DagBag from /opt/airflow/dags/extract_exchange_rates.py
[2025-04-25T06:49:00.345+0000] {processor.py:839} INFO - DAG(s) dict_keys(['extract_exchange_rates']) retrieved from /opt/airflow/dags/extract_exchange_rates.py
[2025-04-25T06:49:00.357+0000] {logging_mixin.py:151} INFO - [2025-04-25T06:49:00.357+0000] {dag.py:2941} INFO - Sync 1 DAGs
[2025-04-25T06:49:00.366+0000] {logging_mixin.py:151} INFO - [2025-04-25T06:49:00.366+0000] {dag.py:3722} INFO - Setting next_dagrun for extract_exchange_rates to 2025-04-25T00:00:00+00:00, run_after=2025-04-26T00:00:00+00:00
[2025-04-25T06:49:00.373+0000] {processor.py:179} INFO - Processing /opt/airflow/dags/extract_exchange_rates.py took 0.044 seconds
[2025-04-25T06:49:30.593+0000] {processor.py:157} INFO - Started process (PID=775) to work on /opt/airflow/dags/extract_exchange_rates.py
[2025-04-25T06:49:30.594+0000] {processor.py:829} INFO - Processing file /opt/airflow/dags/extract_exchange_rates.py for tasks to queue
[2025-04-25T06:49:30.595+0000] {logging_mixin.py:151} INFO - [2025-04-25T06:49:30.594+0000] {dagbag.py:536} INFO - Filling up the DagBag from /opt/airflow/dags/extract_exchange_rates.py
[2025-04-25T06:49:30.606+0000] {processor.py:839} INFO - DAG(s) dict_keys(['extract_exchange_rates']) retrieved from /opt/airflow/dags/extract_exchange_rates.py
[2025-04-25T06:49:30.619+0000] {logging_mixin.py:151} INFO - [2025-04-25T06:49:30.619+0000] {dag.py:2941} INFO - Sync 1 DAGs
[2025-04-25T06:49:30.629+0000] {logging_mixin.py:151} INFO - [2025-04-25T06:49:30.628+0000] {dag.py:3722} INFO - Setting next_dagrun for extract_exchange_rates to 2025-04-25T00:00:00+00:00, run_after=2025-04-26T00:00:00+00:00
[2025-04-25T06:49:30.636+0000] {processor.py:179} INFO - Processing /opt/airflow/dags/extract_exchange_rates.py took 0.046 seconds
[2025-04-25T06:50:00.823+0000] {processor.py:157} INFO - Started process (PID=780) to work on /opt/airflow/dags/extract_exchange_rates.py
[2025-04-25T06:50:00.824+0000] {processor.py:829} INFO - Processing file /opt/airflow/dags/extract_exchange_rates.py for tasks to queue
[2025-04-25T06:50:00.824+0000] {logging_mixin.py:151} INFO - [2025-04-25T06:50:00.824+0000] {dagbag.py:536} INFO - Filling up the DagBag from /opt/airflow/dags/extract_exchange_rates.py
[2025-04-25T06:50:00.833+0000] {processor.py:839} INFO - DAG(s) dict_keys(['extract_exchange_rates']) retrieved from /opt/airflow/dags/extract_exchange_rates.py
[2025-04-25T06:50:00.845+0000] {logging_mixin.py:151} INFO - [2025-04-25T06:50:00.845+0000] {dag.py:2941} INFO - Sync 1 DAGs
[2025-04-25T06:50:00.855+0000] {logging_mixin.py:151} INFO - [2025-04-25T06:50:00.854+0000] {dag.py:3722} INFO - Setting next_dagrun for extract_exchange_rates to 2025-04-25T00:00:00+00:00, run_after=2025-04-26T00:00:00+00:00
[2025-04-25T06:50:00.862+0000] {processor.py:179} INFO - Processing /opt/airflow/dags/extract_exchange_rates.py took 0.041 seconds
[2025-04-25T06:50:31.096+0000] {processor.py:157} INFO - Started process (PID=785) to work on /opt/airflow/dags/extract_exchange_rates.py
[2025-04-25T06:50:31.097+0000] {processor.py:829} INFO - Processing file /opt/airflow/dags/extract_exchange_rates.py for tasks to queue
[2025-04-25T06:50:31.097+0000] {logging_mixin.py:151} INFO - [2025-04-25T06:50:31.097+0000] {dagbag.py:536} INFO - Filling up the DagBag from /opt/airflow/dags/extract_exchange_rates.py
[2025-04-25T06:50:31.108+0000] {processor.py:839} INFO - DAG(s) dict_keys(['extract_exchange_rates']) retrieved from /opt/airflow/dags/extract_exchange_rates.py
[2025-04-25T06:50:31.123+0000] {logging_mixin.py:151} INFO - [2025-04-25T06:50:31.122+0000] {dag.py:2941} INFO - Sync 1 DAGs
[2025-04-25T06:50:31.132+0000] {logging_mixin.py:151} INFO - [2025-04-25T06:50:31.132+0000] {dag.py:3722} INFO - Setting next_dagrun for extract_exchange_rates to 2025-04-25T00:00:00+00:00, run_after=2025-04-26T00:00:00+00:00
[2025-04-25T06:50:31.140+0000] {processor.py:179} INFO - Processing /opt/airflow/dags/extract_exchange_rates.py took 0.047 seconds
[2025-04-25T06:51:01.332+0000] {processor.py:157} INFO - Started process (PID=790) to work on /opt/airflow/dags/extract_exchange_rates.py
[2025-04-25T06:51:01.332+0000] {processor.py:829} INFO - Processing file /opt/airflow/dags/extract_exchange_rates.py for tasks to queue
[2025-04-25T06:51:01.333+0000] {logging_mixin.py:151} INFO - [2025-04-25T06:51:01.333+0000] {dagbag.py:536} INFO - Filling up the DagBag from /opt/airflow/dags/extract_exchange_rates.py
[2025-04-25T06:51:01.341+0000] {processor.py:839} INFO - DAG(s) dict_keys(['extract_exchange_rates']) retrieved from /opt/airflow/dags/extract_exchange_rates.py
[2025-04-25T06:51:01.354+0000] {logging_mixin.py:151} INFO - [2025-04-25T06:51:01.354+0000] {dag.py:2941} INFO - Sync 1 DAGs
[2025-04-25T06:51:01.364+0000] {logging_mixin.py:151} INFO - [2025-04-25T06:51:01.364+0000] {dag.py:3722} INFO - Setting next_dagrun for extract_exchange_rates to 2025-04-25T00:00:00+00:00, run_after=2025-04-26T00:00:00+00:00
[2025-04-25T06:51:01.371+0000] {processor.py:179} INFO - Processing /opt/airflow/dags/extract_exchange_rates.py took 0.042 seconds
[2025-04-25T06:51:31.571+0000] {processor.py:157} INFO - Started process (PID=795) to work on /opt/airflow/dags/extract_exchange_rates.py
[2025-04-25T06:51:31.571+0000] {processor.py:829} INFO - Processing file /opt/airflow/dags/extract_exchange_rates.py for tasks to queue
[2025-04-25T06:51:31.572+0000] {logging_mixin.py:151} INFO - [2025-04-25T06:51:31.572+0000] {dagbag.py:536} INFO - Filling up the DagBag from /opt/airflow/dags/extract_exchange_rates.py
[2025-04-25T06:51:31.583+0000] {processor.py:839} INFO - DAG(s) dict_keys(['extract_exchange_rates']) retrieved from /opt/airflow/dags/extract_exchange_rates.py
[2025-04-25T06:51:31.598+0000] {logging_mixin.py:151} INFO - [2025-04-25T06:51:31.597+0000] {dag.py:2941} INFO - Sync 1 DAGs
[2025-04-25T06:51:31.607+0000] {logging_mixin.py:151} INFO - [2025-04-25T06:51:31.607+0000] {dag.py:3722} INFO - Setting next_dagrun for extract_exchange_rates to 2025-04-25T00:00:00+00:00, run_after=2025-04-26T00:00:00+00:00
[2025-04-25T06:51:31.615+0000] {processor.py:179} INFO - Processing /opt/airflow/dags/extract_exchange_rates.py took 0.047 seconds
[2025-04-25T06:52:01.815+0000] {processor.py:157} INFO - Started process (PID=800) to work on /opt/airflow/dags/extract_exchange_rates.py
[2025-04-25T06:52:01.816+0000] {processor.py:829} INFO - Processing file /opt/airflow/dags/extract_exchange_rates.py for tasks to queue
[2025-04-25T06:52:01.816+0000] {logging_mixin.py:151} INFO - [2025-04-25T06:52:01.816+0000] {dagbag.py:536} INFO - Filling up the DagBag from /opt/airflow/dags/extract_exchange_rates.py
[2025-04-25T06:52:01.822+0000] {processor.py:839} INFO - DAG(s) dict_keys(['extract_exchange_rates']) retrieved from /opt/airflow/dags/extract_exchange_rates.py
[2025-04-25T06:52:01.833+0000] {logging_mixin.py:151} INFO - [2025-04-25T06:52:01.833+0000] {dag.py:2941} INFO - Sync 1 DAGs
[2025-04-25T06:52:01.843+0000] {logging_mixin.py:151} INFO - [2025-04-25T06:52:01.843+0000] {dag.py:3722} INFO - Setting next_dagrun for extract_exchange_rates to 2025-04-25T00:00:00+00:00, run_after=2025-04-26T00:00:00+00:00
[2025-04-25T06:52:01.850+0000] {processor.py:179} INFO - Processing /opt/airflow/dags/extract_exchange_rates.py took 0.036 seconds
[2025-04-25T06:52:32.012+0000] {processor.py:157} INFO - Started process (PID=805) to work on /opt/airflow/dags/extract_exchange_rates.py
[2025-04-25T06:52:32.013+0000] {processor.py:829} INFO - Processing file /opt/airflow/dags/extract_exchange_rates.py for tasks to queue
[2025-04-25T06:52:32.013+0000] {logging_mixin.py:151} INFO - [2025-04-25T06:52:32.013+0000] {dagbag.py:536} INFO - Filling up the DagBag from /opt/airflow/dags/extract_exchange_rates.py
[2025-04-25T06:52:32.025+0000] {processor.py:839} INFO - DAG(s) dict_keys(['extract_exchange_rates']) retrieved from /opt/airflow/dags/extract_exchange_rates.py
[2025-04-25T06:52:32.038+0000] {logging_mixin.py:151} INFO - [2025-04-25T06:52:32.038+0000] {dag.py:2941} INFO - Sync 1 DAGs
[2025-04-25T06:52:32.048+0000] {logging_mixin.py:151} INFO - [2025-04-25T06:52:32.048+0000] {dag.py:3722} INFO - Setting next_dagrun for extract_exchange_rates to 2025-04-25T00:00:00+00:00, run_after=2025-04-26T00:00:00+00:00
[2025-04-25T06:52:32.056+0000] {processor.py:179} INFO - Processing /opt/airflow/dags/extract_exchange_rates.py took 0.046 seconds
[2025-04-25T06:53:02.250+0000] {processor.py:157} INFO - Started process (PID=810) to work on /opt/airflow/dags/extract_exchange_rates.py
[2025-04-25T06:53:02.251+0000] {processor.py:829} INFO - Processing file /opt/airflow/dags/extract_exchange_rates.py for tasks to queue
[2025-04-25T06:53:02.251+0000] {logging_mixin.py:151} INFO - [2025-04-25T06:53:02.251+0000] {dagbag.py:536} INFO - Filling up the DagBag from /opt/airflow/dags/extract_exchange_rates.py
[2025-04-25T06:53:02.262+0000] {processor.py:839} INFO - DAG(s) dict_keys(['extract_exchange_rates']) retrieved from /opt/airflow/dags/extract_exchange_rates.py
[2025-04-25T06:53:02.275+0000] {logging_mixin.py:151} INFO - [2025-04-25T06:53:02.275+0000] {dag.py:2941} INFO - Sync 1 DAGs
[2025-04-25T06:53:02.286+0000] {logging_mixin.py:151} INFO - [2025-04-25T06:53:02.285+0000] {dag.py:3722} INFO - Setting next_dagrun for extract_exchange_rates to 2025-04-25T00:00:00+00:00, run_after=2025-04-26T00:00:00+00:00
[2025-04-25T06:53:02.293+0000] {processor.py:179} INFO - Processing /opt/airflow/dags/extract_exchange_rates.py took 0.045 seconds
[2025-04-25T06:53:32.511+0000] {processor.py:157} INFO - Started process (PID=815) to work on /opt/airflow/dags/extract_exchange_rates.py
[2025-04-25T06:53:32.512+0000] {processor.py:829} INFO - Processing file /opt/airflow/dags/extract_exchange_rates.py for tasks to queue
[2025-04-25T06:53:32.512+0000] {logging_mixin.py:151} INFO - [2025-04-25T06:53:32.512+0000] {dagbag.py:536} INFO - Filling up the DagBag from /opt/airflow/dags/extract_exchange_rates.py
[2025-04-25T06:53:32.523+0000] {processor.py:839} INFO - DAG(s) dict_keys(['extract_exchange_rates']) retrieved from /opt/airflow/dags/extract_exchange_rates.py
[2025-04-25T06:53:32.536+0000] {logging_mixin.py:151} INFO - [2025-04-25T06:53:32.536+0000] {dag.py:2941} INFO - Sync 1 DAGs
[2025-04-25T06:53:32.545+0000] {logging_mixin.py:151} INFO - [2025-04-25T06:53:32.545+0000] {dag.py:3722} INFO - Setting next_dagrun for extract_exchange_rates to 2025-04-25T00:00:00+00:00, run_after=2025-04-26T00:00:00+00:00
[2025-04-25T06:53:32.554+0000] {processor.py:179} INFO - Processing /opt/airflow/dags/extract_exchange_rates.py took 0.045 seconds
[2025-04-25T06:54:02.789+0000] {processor.py:157} INFO - Started process (PID=820) to work on /opt/airflow/dags/extract_exchange_rates.py
[2025-04-25T06:54:02.790+0000] {processor.py:829} INFO - Processing file /opt/airflow/dags/extract_exchange_rates.py for tasks to queue
[2025-04-25T06:54:02.791+0000] {logging_mixin.py:151} INFO - [2025-04-25T06:54:02.791+0000] {dagbag.py:536} INFO - Filling up the DagBag from /opt/airflow/dags/extract_exchange_rates.py
[2025-04-25T06:54:02.803+0000] {processor.py:839} INFO - DAG(s) dict_keys(['extract_exchange_rates']) retrieved from /opt/airflow/dags/extract_exchange_rates.py
[2025-04-25T06:54:02.817+0000] {logging_mixin.py:151} INFO - [2025-04-25T06:54:02.817+0000] {dag.py:2941} INFO - Sync 1 DAGs
[2025-04-25T06:54:02.827+0000] {logging_mixin.py:151} INFO - [2025-04-25T06:54:02.827+0000] {dag.py:3722} INFO - Setting next_dagrun for extract_exchange_rates to 2025-04-25T00:00:00+00:00, run_after=2025-04-26T00:00:00+00:00
[2025-04-25T06:54:02.833+0000] {processor.py:179} INFO - Processing /opt/airflow/dags/extract_exchange_rates.py took 0.047 seconds
[2025-04-25T06:54:33.058+0000] {processor.py:157} INFO - Started process (PID=825) to work on /opt/airflow/dags/extract_exchange_rates.py
[2025-04-25T06:54:33.058+0000] {processor.py:829} INFO - Processing file /opt/airflow/dags/extract_exchange_rates.py for tasks to queue
[2025-04-25T06:54:33.059+0000] {logging_mixin.py:151} INFO - [2025-04-25T06:54:33.059+0000] {dagbag.py:536} INFO - Filling up the DagBag from /opt/airflow/dags/extract_exchange_rates.py
[2025-04-25T06:54:33.069+0000] {processor.py:839} INFO - DAG(s) dict_keys(['extract_exchange_rates']) retrieved from /opt/airflow/dags/extract_exchange_rates.py
[2025-04-25T06:54:33.081+0000] {logging_mixin.py:151} INFO - [2025-04-25T06:54:33.081+0000] {dag.py:2941} INFO - Sync 1 DAGs
[2025-04-25T06:54:33.091+0000] {logging_mixin.py:151} INFO - [2025-04-25T06:54:33.091+0000] {dag.py:3722} INFO - Setting next_dagrun for extract_exchange_rates to 2025-04-25T00:00:00+00:00, run_after=2025-04-26T00:00:00+00:00
[2025-04-25T06:54:33.098+0000] {processor.py:179} INFO - Processing /opt/airflow/dags/extract_exchange_rates.py took 0.043 seconds
[2025-04-25T06:55:03.311+0000] {processor.py:157} INFO - Started process (PID=830) to work on /opt/airflow/dags/extract_exchange_rates.py
[2025-04-25T06:55:03.312+0000] {processor.py:829} INFO - Processing file /opt/airflow/dags/extract_exchange_rates.py for tasks to queue
[2025-04-25T06:55:03.313+0000] {logging_mixin.py:151} INFO - [2025-04-25T06:55:03.312+0000] {dagbag.py:536} INFO - Filling up the DagBag from /opt/airflow/dags/extract_exchange_rates.py
[2025-04-25T06:55:03.323+0000] {processor.py:839} INFO - DAG(s) dict_keys(['extract_exchange_rates']) retrieved from /opt/airflow/dags/extract_exchange_rates.py
[2025-04-25T06:55:03.338+0000] {logging_mixin.py:151} INFO - [2025-04-25T06:55:03.338+0000] {dag.py:2941} INFO - Sync 1 DAGs
[2025-04-25T06:55:03.347+0000] {logging_mixin.py:151} INFO - [2025-04-25T06:55:03.347+0000] {dag.py:3722} INFO - Setting next_dagrun for extract_exchange_rates to 2025-04-25T00:00:00+00:00, run_after=2025-04-26T00:00:00+00:00
[2025-04-25T06:55:03.354+0000] {processor.py:179} INFO - Processing /opt/airflow/dags/extract_exchange_rates.py took 0.046 seconds
[2025-04-25T06:55:33.516+0000] {processor.py:157} INFO - Started process (PID=835) to work on /opt/airflow/dags/extract_exchange_rates.py
[2025-04-25T06:55:33.516+0000] {processor.py:829} INFO - Processing file /opt/airflow/dags/extract_exchange_rates.py for tasks to queue
[2025-04-25T06:55:33.517+0000] {logging_mixin.py:151} INFO - [2025-04-25T06:55:33.517+0000] {dagbag.py:536} INFO - Filling up the DagBag from /opt/airflow/dags/extract_exchange_rates.py
[2025-04-25T06:55:33.528+0000] {processor.py:839} INFO - DAG(s) dict_keys(['extract_exchange_rates']) retrieved from /opt/airflow/dags/extract_exchange_rates.py
[2025-04-25T06:55:33.542+0000] {logging_mixin.py:151} INFO - [2025-04-25T06:55:33.541+0000] {dag.py:2941} INFO - Sync 1 DAGs
[2025-04-25T06:55:33.551+0000] {logging_mixin.py:151} INFO - [2025-04-25T06:55:33.551+0000] {dag.py:3722} INFO - Setting next_dagrun for extract_exchange_rates to 2025-04-25T00:00:00+00:00, run_after=2025-04-26T00:00:00+00:00
[2025-04-25T06:55:33.558+0000] {processor.py:179} INFO - Processing /opt/airflow/dags/extract_exchange_rates.py took 0.045 seconds
[2025-04-25T06:56:03.754+0000] {processor.py:157} INFO - Started process (PID=840) to work on /opt/airflow/dags/extract_exchange_rates.py
[2025-04-25T06:56:03.754+0000] {processor.py:829} INFO - Processing file /opt/airflow/dags/extract_exchange_rates.py for tasks to queue
[2025-04-25T06:56:03.755+0000] {logging_mixin.py:151} INFO - [2025-04-25T06:56:03.755+0000] {dagbag.py:536} INFO - Filling up the DagBag from /opt/airflow/dags/extract_exchange_rates.py
[2025-04-25T06:56:03.763+0000] {processor.py:839} INFO - DAG(s) dict_keys(['extract_exchange_rates']) retrieved from /opt/airflow/dags/extract_exchange_rates.py
[2025-04-25T06:56:03.775+0000] {logging_mixin.py:151} INFO - [2025-04-25T06:56:03.775+0000] {dag.py:2941} INFO - Sync 1 DAGs
[2025-04-25T06:56:03.784+0000] {logging_mixin.py:151} INFO - [2025-04-25T06:56:03.783+0000] {dag.py:3722} INFO - Setting next_dagrun for extract_exchange_rates to 2025-04-25T00:00:00+00:00, run_after=2025-04-26T00:00:00+00:00
[2025-04-25T06:56:03.790+0000] {processor.py:179} INFO - Processing /opt/airflow/dags/extract_exchange_rates.py took 0.038 seconds
[2025-04-25T06:56:33.984+0000] {processor.py:157} INFO - Started process (PID=845) to work on /opt/airflow/dags/extract_exchange_rates.py
[2025-04-25T06:56:33.985+0000] {processor.py:829} INFO - Processing file /opt/airflow/dags/extract_exchange_rates.py for tasks to queue
[2025-04-25T06:56:33.985+0000] {logging_mixin.py:151} INFO - [2025-04-25T06:56:33.985+0000] {dagbag.py:536} INFO - Filling up the DagBag from /opt/airflow/dags/extract_exchange_rates.py
[2025-04-25T06:56:33.993+0000] {processor.py:839} INFO - DAG(s) dict_keys(['extract_exchange_rates']) retrieved from /opt/airflow/dags/extract_exchange_rates.py
[2025-04-25T06:56:34.005+0000] {logging_mixin.py:151} INFO - [2025-04-25T06:56:34.005+0000] {dag.py:2941} INFO - Sync 1 DAGs
[2025-04-25T06:56:34.015+0000] {logging_mixin.py:151} INFO - [2025-04-25T06:56:34.015+0000] {dag.py:3722} INFO - Setting next_dagrun for extract_exchange_rates to 2025-04-25T00:00:00+00:00, run_after=2025-04-26T00:00:00+00:00
[2025-04-25T06:56:34.023+0000] {processor.py:179} INFO - Processing /opt/airflow/dags/extract_exchange_rates.py took 0.040 seconds
[2025-04-25T06:57:04.267+0000] {processor.py:157} INFO - Started process (PID=850) to work on /opt/airflow/dags/extract_exchange_rates.py
[2025-04-25T06:57:04.268+0000] {processor.py:829} INFO - Processing file /opt/airflow/dags/extract_exchange_rates.py for tasks to queue
[2025-04-25T06:57:04.268+0000] {logging_mixin.py:151} INFO - [2025-04-25T06:57:04.268+0000] {dagbag.py:536} INFO - Filling up the DagBag from /opt/airflow/dags/extract_exchange_rates.py
[2025-04-25T06:57:04.278+0000] {processor.py:839} INFO - DAG(s) dict_keys(['extract_exchange_rates']) retrieved from /opt/airflow/dags/extract_exchange_rates.py
[2025-04-25T06:57:04.291+0000] {logging_mixin.py:151} INFO - [2025-04-25T06:57:04.291+0000] {dag.py:2941} INFO - Sync 1 DAGs
[2025-04-25T06:57:04.302+0000] {logging_mixin.py:151} INFO - [2025-04-25T06:57:04.302+0000] {dag.py:3722} INFO - Setting next_dagrun for extract_exchange_rates to 2025-04-25T00:00:00+00:00, run_after=2025-04-26T00:00:00+00:00
[2025-04-25T06:57:04.309+0000] {processor.py:179} INFO - Processing /opt/airflow/dags/extract_exchange_rates.py took 0.045 seconds
[2025-04-25T06:57:34.521+0000] {processor.py:157} INFO - Started process (PID=855) to work on /opt/airflow/dags/extract_exchange_rates.py
[2025-04-25T06:57:34.522+0000] {processor.py:829} INFO - Processing file /opt/airflow/dags/extract_exchange_rates.py for tasks to queue
[2025-04-25T06:57:34.522+0000] {logging_mixin.py:151} INFO - [2025-04-25T06:57:34.522+0000] {dagbag.py:536} INFO - Filling up the DagBag from /opt/airflow/dags/extract_exchange_rates.py
[2025-04-25T06:57:34.533+0000] {processor.py:839} INFO - DAG(s) dict_keys(['extract_exchange_rates']) retrieved from /opt/airflow/dags/extract_exchange_rates.py
[2025-04-25T06:57:34.548+0000] {logging_mixin.py:151} INFO - [2025-04-25T06:57:34.547+0000] {dag.py:2941} INFO - Sync 1 DAGs
[2025-04-25T06:57:34.558+0000] {logging_mixin.py:151} INFO - [2025-04-25T06:57:34.558+0000] {dag.py:3722} INFO - Setting next_dagrun for extract_exchange_rates to 2025-04-25T00:00:00+00:00, run_after=2025-04-26T00:00:00+00:00
[2025-04-25T06:57:34.565+0000] {processor.py:179} INFO - Processing /opt/airflow/dags/extract_exchange_rates.py took 0.047 seconds
[2025-04-25T06:58:04.788+0000] {processor.py:157} INFO - Started process (PID=860) to work on /opt/airflow/dags/extract_exchange_rates.py
[2025-04-25T06:58:04.788+0000] {processor.py:829} INFO - Processing file /opt/airflow/dags/extract_exchange_rates.py for tasks to queue
[2025-04-25T06:58:04.789+0000] {logging_mixin.py:151} INFO - [2025-04-25T06:58:04.789+0000] {dagbag.py:536} INFO - Filling up the DagBag from /opt/airflow/dags/extract_exchange_rates.py
[2025-04-25T06:58:04.800+0000] {processor.py:839} INFO - DAG(s) dict_keys(['extract_exchange_rates']) retrieved from /opt/airflow/dags/extract_exchange_rates.py
[2025-04-25T06:58:04.813+0000] {logging_mixin.py:151} INFO - [2025-04-25T06:58:04.813+0000] {dag.py:2941} INFO - Sync 1 DAGs
[2025-04-25T06:58:04.823+0000] {logging_mixin.py:151} INFO - [2025-04-25T06:58:04.823+0000] {dag.py:3722} INFO - Setting next_dagrun for extract_exchange_rates to 2025-04-25T00:00:00+00:00, run_after=2025-04-26T00:00:00+00:00
[2025-04-25T06:58:04.830+0000] {processor.py:179} INFO - Processing /opt/airflow/dags/extract_exchange_rates.py took 0.045 seconds
[2025-04-25T06:58:35.063+0000] {processor.py:157} INFO - Started process (PID=865) to work on /opt/airflow/dags/extract_exchange_rates.py
[2025-04-25T06:58:35.064+0000] {processor.py:829} INFO - Processing file /opt/airflow/dags/extract_exchange_rates.py for tasks to queue
[2025-04-25T06:58:35.064+0000] {logging_mixin.py:151} INFO - [2025-04-25T06:58:35.064+0000] {dagbag.py:536} INFO - Filling up the DagBag from /opt/airflow/dags/extract_exchange_rates.py
[2025-04-25T06:58:35.073+0000] {processor.py:839} INFO - DAG(s) dict_keys(['extract_exchange_rates']) retrieved from /opt/airflow/dags/extract_exchange_rates.py
[2025-04-25T06:58:35.086+0000] {logging_mixin.py:151} INFO - [2025-04-25T06:58:35.086+0000] {dag.py:2941} INFO - Sync 1 DAGs
[2025-04-25T06:58:35.097+0000] {logging_mixin.py:151} INFO - [2025-04-25T06:58:35.096+0000] {dag.py:3722} INFO - Setting next_dagrun for extract_exchange_rates to 2025-04-25T00:00:00+00:00, run_after=2025-04-26T00:00:00+00:00
[2025-04-25T06:58:35.105+0000] {processor.py:179} INFO - Processing /opt/airflow/dags/extract_exchange_rates.py took 0.044 seconds
[2025-04-25T06:59:05.312+0000] {processor.py:157} INFO - Started process (PID=870) to work on /opt/airflow/dags/extract_exchange_rates.py
[2025-04-25T06:59:05.312+0000] {processor.py:829} INFO - Processing file /opt/airflow/dags/extract_exchange_rates.py for tasks to queue
[2025-04-25T06:59:05.313+0000] {logging_mixin.py:151} INFO - [2025-04-25T06:59:05.313+0000] {dagbag.py:536} INFO - Filling up the DagBag from /opt/airflow/dags/extract_exchange_rates.py
[2025-04-25T06:59:05.325+0000] {processor.py:839} INFO - DAG(s) dict_keys(['extract_exchange_rates']) retrieved from /opt/airflow/dags/extract_exchange_rates.py
[2025-04-25T06:59:05.337+0000] {logging_mixin.py:151} INFO - [2025-04-25T06:59:05.337+0000] {dag.py:2941} INFO - Sync 1 DAGs
[2025-04-25T06:59:05.347+0000] {logging_mixin.py:151} INFO - [2025-04-25T06:59:05.347+0000] {dag.py:3722} INFO - Setting next_dagrun for extract_exchange_rates to 2025-04-25T00:00:00+00:00, run_after=2025-04-26T00:00:00+00:00
[2025-04-25T06:59:05.356+0000] {processor.py:179} INFO - Processing /opt/airflow/dags/extract_exchange_rates.py took 0.046 seconds
[2025-04-25T06:59:35.578+0000] {processor.py:157} INFO - Started process (PID=875) to work on /opt/airflow/dags/extract_exchange_rates.py
[2025-04-25T06:59:35.578+0000] {processor.py:829} INFO - Processing file /opt/airflow/dags/extract_exchange_rates.py for tasks to queue
[2025-04-25T06:59:35.578+0000] {logging_mixin.py:151} INFO - [2025-04-25T06:59:35.578+0000] {dagbag.py:536} INFO - Filling up the DagBag from /opt/airflow/dags/extract_exchange_rates.py
[2025-04-25T06:59:35.585+0000] {processor.py:839} INFO - DAG(s) dict_keys(['extract_exchange_rates']) retrieved from /opt/airflow/dags/extract_exchange_rates.py
[2025-04-25T06:59:35.596+0000] {logging_mixin.py:151} INFO - [2025-04-25T06:59:35.596+0000] {dag.py:2941} INFO - Sync 1 DAGs
[2025-04-25T06:59:35.606+0000] {logging_mixin.py:151} INFO - [2025-04-25T06:59:35.606+0000] {dag.py:3722} INFO - Setting next_dagrun for extract_exchange_rates to 2025-04-25T00:00:00+00:00, run_after=2025-04-26T00:00:00+00:00
[2025-04-25T06:59:35.613+0000] {processor.py:179} INFO - Processing /opt/airflow/dags/extract_exchange_rates.py took 0.037 seconds
[2025-04-25T07:00:05.832+0000] {processor.py:157} INFO - Started process (PID=880) to work on /opt/airflow/dags/extract_exchange_rates.py
[2025-04-25T07:00:05.833+0000] {processor.py:829} INFO - Processing file /opt/airflow/dags/extract_exchange_rates.py for tasks to queue
[2025-04-25T07:00:05.833+0000] {logging_mixin.py:151} INFO - [2025-04-25T07:00:05.833+0000] {dagbag.py:536} INFO - Filling up the DagBag from /opt/airflow/dags/extract_exchange_rates.py
[2025-04-25T07:00:05.840+0000] {processor.py:839} INFO - DAG(s) dict_keys(['extract_exchange_rates']) retrieved from /opt/airflow/dags/extract_exchange_rates.py
[2025-04-25T07:00:05.853+0000] {logging_mixin.py:151} INFO - [2025-04-25T07:00:05.853+0000] {dag.py:2941} INFO - Sync 1 DAGs
[2025-04-25T07:00:05.862+0000] {logging_mixin.py:151} INFO - [2025-04-25T07:00:05.862+0000] {dag.py:3722} INFO - Setting next_dagrun for extract_exchange_rates to 2025-04-25T00:00:00+00:00, run_after=2025-04-26T00:00:00+00:00
[2025-04-25T07:00:05.869+0000] {processor.py:179} INFO - Processing /opt/airflow/dags/extract_exchange_rates.py took 0.038 seconds
[2025-04-25T07:00:36.102+0000] {processor.py:157} INFO - Started process (PID=885) to work on /opt/airflow/dags/extract_exchange_rates.py
[2025-04-25T07:00:36.103+0000] {processor.py:829} INFO - Processing file /opt/airflow/dags/extract_exchange_rates.py for tasks to queue
[2025-04-25T07:00:36.103+0000] {logging_mixin.py:151} INFO - [2025-04-25T07:00:36.103+0000] {dagbag.py:536} INFO - Filling up the DagBag from /opt/airflow/dags/extract_exchange_rates.py
[2025-04-25T07:00:36.114+0000] {processor.py:839} INFO - DAG(s) dict_keys(['extract_exchange_rates']) retrieved from /opt/airflow/dags/extract_exchange_rates.py
[2025-04-25T07:00:36.129+0000] {logging_mixin.py:151} INFO - [2025-04-25T07:00:36.129+0000] {dag.py:2941} INFO - Sync 1 DAGs
[2025-04-25T07:00:36.138+0000] {logging_mixin.py:151} INFO - [2025-04-25T07:00:36.138+0000] {dag.py:3722} INFO - Setting next_dagrun for extract_exchange_rates to 2025-04-25T00:00:00+00:00, run_after=2025-04-26T00:00:00+00:00
[2025-04-25T07:00:36.145+0000] {processor.py:179} INFO - Processing /opt/airflow/dags/extract_exchange_rates.py took 0.046 seconds
[2025-04-25T07:01:06.380+0000] {processor.py:157} INFO - Started process (PID=890) to work on /opt/airflow/dags/extract_exchange_rates.py
[2025-04-25T07:01:06.381+0000] {processor.py:829} INFO - Processing file /opt/airflow/dags/extract_exchange_rates.py for tasks to queue
[2025-04-25T07:01:06.381+0000] {logging_mixin.py:151} INFO - [2025-04-25T07:01:06.381+0000] {dagbag.py:536} INFO - Filling up the DagBag from /opt/airflow/dags/extract_exchange_rates.py
[2025-04-25T07:01:06.392+0000] {processor.py:839} INFO - DAG(s) dict_keys(['extract_exchange_rates']) retrieved from /opt/airflow/dags/extract_exchange_rates.py
[2025-04-25T07:01:06.408+0000] {logging_mixin.py:151} INFO - [2025-04-25T07:01:06.408+0000] {dag.py:2941} INFO - Sync 1 DAGs
[2025-04-25T07:01:06.418+0000] {logging_mixin.py:151} INFO - [2025-04-25T07:01:06.418+0000] {dag.py:3722} INFO - Setting next_dagrun for extract_exchange_rates to 2025-04-25T00:00:00+00:00, run_after=2025-04-26T00:00:00+00:00
[2025-04-25T07:01:06.425+0000] {processor.py:179} INFO - Processing /opt/airflow/dags/extract_exchange_rates.py took 0.048 seconds
[2025-04-25T07:01:36.614+0000] {processor.py:157} INFO - Started process (PID=895) to work on /opt/airflow/dags/extract_exchange_rates.py
[2025-04-25T07:01:36.615+0000] {processor.py:829} INFO - Processing file /opt/airflow/dags/extract_exchange_rates.py for tasks to queue
[2025-04-25T07:01:36.615+0000] {logging_mixin.py:151} INFO - [2025-04-25T07:01:36.615+0000] {dagbag.py:536} INFO - Filling up the DagBag from /opt/airflow/dags/extract_exchange_rates.py
[2025-04-25T07:01:36.626+0000] {processor.py:839} INFO - DAG(s) dict_keys(['extract_exchange_rates']) retrieved from /opt/airflow/dags/extract_exchange_rates.py
[2025-04-25T07:01:36.639+0000] {logging_mixin.py:151} INFO - [2025-04-25T07:01:36.639+0000] {dag.py:2941} INFO - Sync 1 DAGs
[2025-04-25T07:01:36.648+0000] {logging_mixin.py:151} INFO - [2025-04-25T07:01:36.648+0000] {dag.py:3722} INFO - Setting next_dagrun for extract_exchange_rates to 2025-04-25T00:00:00+00:00, run_after=2025-04-26T00:00:00+00:00
[2025-04-25T07:01:36.655+0000] {processor.py:179} INFO - Processing /opt/airflow/dags/extract_exchange_rates.py took 0.043 seconds
[2025-04-25T07:02:06.862+0000] {processor.py:157} INFO - Started process (PID=900) to work on /opt/airflow/dags/extract_exchange_rates.py
[2025-04-25T07:02:06.862+0000] {processor.py:829} INFO - Processing file /opt/airflow/dags/extract_exchange_rates.py for tasks to queue
[2025-04-25T07:02:06.863+0000] {logging_mixin.py:151} INFO - [2025-04-25T07:02:06.862+0000] {dagbag.py:536} INFO - Filling up the DagBag from /opt/airflow/dags/extract_exchange_rates.py
[2025-04-25T07:02:06.870+0000] {processor.py:839} INFO - DAG(s) dict_keys(['extract_exchange_rates']) retrieved from /opt/airflow/dags/extract_exchange_rates.py
[2025-04-25T07:02:06.885+0000] {logging_mixin.py:151} INFO - [2025-04-25T07:02:06.885+0000] {dag.py:2941} INFO - Sync 1 DAGs
[2025-04-25T07:02:06.894+0000] {logging_mixin.py:151} INFO - [2025-04-25T07:02:06.894+0000] {dag.py:3722} INFO - Setting next_dagrun for extract_exchange_rates to 2025-04-25T00:00:00+00:00, run_after=2025-04-26T00:00:00+00:00
[2025-04-25T07:02:06.901+0000] {processor.py:179} INFO - Processing /opt/airflow/dags/extract_exchange_rates.py took 0.041 seconds
[2025-04-25T07:02:37.134+0000] {processor.py:157} INFO - Started process (PID=905) to work on /opt/airflow/dags/extract_exchange_rates.py
[2025-04-25T07:02:37.135+0000] {processor.py:829} INFO - Processing file /opt/airflow/dags/extract_exchange_rates.py for tasks to queue
[2025-04-25T07:02:37.135+0000] {logging_mixin.py:151} INFO - [2025-04-25T07:02:37.135+0000] {dagbag.py:536} INFO - Filling up the DagBag from /opt/airflow/dags/extract_exchange_rates.py
[2025-04-25T07:02:37.146+0000] {processor.py:839} INFO - DAG(s) dict_keys(['extract_exchange_rates']) retrieved from /opt/airflow/dags/extract_exchange_rates.py
[2025-04-25T07:02:37.159+0000] {logging_mixin.py:151} INFO - [2025-04-25T07:02:37.159+0000] {dag.py:2941} INFO - Sync 1 DAGs
[2025-04-25T07:02:37.171+0000] {logging_mixin.py:151} INFO - [2025-04-25T07:02:37.170+0000] {dag.py:3722} INFO - Setting next_dagrun for extract_exchange_rates to 2025-04-25T00:00:00+00:00, run_after=2025-04-26T00:00:00+00:00
[2025-04-25T07:02:37.177+0000] {processor.py:179} INFO - Processing /opt/airflow/dags/extract_exchange_rates.py took 0.046 seconds
[2025-04-25T07:03:07.384+0000] {processor.py:157} INFO - Started process (PID=910) to work on /opt/airflow/dags/extract_exchange_rates.py
[2025-04-25T07:03:07.385+0000] {processor.py:829} INFO - Processing file /opt/airflow/dags/extract_exchange_rates.py for tasks to queue
[2025-04-25T07:03:07.385+0000] {logging_mixin.py:151} INFO - [2025-04-25T07:03:07.385+0000] {dagbag.py:536} INFO - Filling up the DagBag from /opt/airflow/dags/extract_exchange_rates.py
[2025-04-25T07:03:07.397+0000] {processor.py:839} INFO - DAG(s) dict_keys(['extract_exchange_rates']) retrieved from /opt/airflow/dags/extract_exchange_rates.py
[2025-04-25T07:03:07.411+0000] {logging_mixin.py:151} INFO - [2025-04-25T07:03:07.411+0000] {dag.py:2941} INFO - Sync 1 DAGs
[2025-04-25T07:03:07.422+0000] {logging_mixin.py:151} INFO - [2025-04-25T07:03:07.422+0000] {dag.py:3722} INFO - Setting next_dagrun for extract_exchange_rates to 2025-04-25T00:00:00+00:00, run_after=2025-04-26T00:00:00+00:00
[2025-04-25T07:03:07.429+0000] {processor.py:179} INFO - Processing /opt/airflow/dags/extract_exchange_rates.py took 0.048 seconds
[2025-04-25T07:03:37.588+0000] {processor.py:157} INFO - Started process (PID=915) to work on /opt/airflow/dags/extract_exchange_rates.py
[2025-04-25T07:03:37.588+0000] {processor.py:829} INFO - Processing file /opt/airflow/dags/extract_exchange_rates.py for tasks to queue
[2025-04-25T07:03:37.589+0000] {logging_mixin.py:151} INFO - [2025-04-25T07:03:37.588+0000] {dagbag.py:536} INFO - Filling up the DagBag from /opt/airflow/dags/extract_exchange_rates.py
[2025-04-25T07:03:37.595+0000] {processor.py:839} INFO - DAG(s) dict_keys(['extract_exchange_rates']) retrieved from /opt/airflow/dags/extract_exchange_rates.py
[2025-04-25T07:03:37.606+0000] {logging_mixin.py:151} INFO - [2025-04-25T07:03:37.606+0000] {dag.py:2941} INFO - Sync 1 DAGs
[2025-04-25T07:03:37.615+0000] {logging_mixin.py:151} INFO - [2025-04-25T07:03:37.615+0000] {dag.py:3722} INFO - Setting next_dagrun for extract_exchange_rates to 2025-04-25T00:00:00+00:00, run_after=2025-04-26T00:00:00+00:00
[2025-04-25T07:03:37.621+0000] {processor.py:179} INFO - Processing /opt/airflow/dags/extract_exchange_rates.py took 0.034 seconds
[2025-04-25T07:04:07.834+0000] {processor.py:157} INFO - Started process (PID=920) to work on /opt/airflow/dags/extract_exchange_rates.py
[2025-04-25T07:04:07.835+0000] {processor.py:829} INFO - Processing file /opt/airflow/dags/extract_exchange_rates.py for tasks to queue
[2025-04-25T07:04:07.836+0000] {logging_mixin.py:151} INFO - [2025-04-25T07:04:07.835+0000] {dagbag.py:536} INFO - Filling up the DagBag from /opt/airflow/dags/extract_exchange_rates.py
[2025-04-25T07:04:07.845+0000] {processor.py:839} INFO - DAG(s) dict_keys(['extract_exchange_rates']) retrieved from /opt/airflow/dags/extract_exchange_rates.py
[2025-04-25T07:04:07.857+0000] {logging_mixin.py:151} INFO - [2025-04-25T07:04:07.857+0000] {dag.py:2941} INFO - Sync 1 DAGs
[2025-04-25T07:04:07.867+0000] {logging_mixin.py:151} INFO - [2025-04-25T07:04:07.867+0000] {dag.py:3722} INFO - Setting next_dagrun for extract_exchange_rates to 2025-04-25T00:00:00+00:00, run_after=2025-04-26T00:00:00+00:00
[2025-04-25T07:04:07.874+0000] {processor.py:179} INFO - Processing /opt/airflow/dags/extract_exchange_rates.py took 0.042 seconds
[2025-04-25T07:04:38.078+0000] {processor.py:157} INFO - Started process (PID=925) to work on /opt/airflow/dags/extract_exchange_rates.py
[2025-04-25T07:04:38.079+0000] {processor.py:829} INFO - Processing file /opt/airflow/dags/extract_exchange_rates.py for tasks to queue
[2025-04-25T07:04:38.079+0000] {logging_mixin.py:151} INFO - [2025-04-25T07:04:38.079+0000] {dagbag.py:536} INFO - Filling up the DagBag from /opt/airflow/dags/extract_exchange_rates.py
[2025-04-25T07:04:38.088+0000] {processor.py:839} INFO - DAG(s) dict_keys(['extract_exchange_rates']) retrieved from /opt/airflow/dags/extract_exchange_rates.py
[2025-04-25T07:04:38.104+0000] {logging_mixin.py:151} INFO - [2025-04-25T07:04:38.104+0000] {dag.py:2941} INFO - Sync 1 DAGs
[2025-04-25T07:04:38.115+0000] {logging_mixin.py:151} INFO - [2025-04-25T07:04:38.115+0000] {dag.py:3722} INFO - Setting next_dagrun for extract_exchange_rates to 2025-04-25T00:00:00+00:00, run_after=2025-04-26T00:00:00+00:00
[2025-04-25T07:04:38.122+0000] {processor.py:179} INFO - Processing /opt/airflow/dags/extract_exchange_rates.py took 0.046 seconds
[2025-04-25T07:05:08.325+0000] {processor.py:157} INFO - Started process (PID=930) to work on /opt/airflow/dags/extract_exchange_rates.py
[2025-04-25T07:05:08.325+0000] {processor.py:829} INFO - Processing file /opt/airflow/dags/extract_exchange_rates.py for tasks to queue
[2025-04-25T07:05:08.326+0000] {logging_mixin.py:151} INFO - [2025-04-25T07:05:08.326+0000] {dagbag.py:536} INFO - Filling up the DagBag from /opt/airflow/dags/extract_exchange_rates.py
[2025-04-25T07:05:08.334+0000] {processor.py:839} INFO - DAG(s) dict_keys(['extract_exchange_rates']) retrieved from /opt/airflow/dags/extract_exchange_rates.py
[2025-04-25T07:05:08.347+0000] {logging_mixin.py:151} INFO - [2025-04-25T07:05:08.347+0000] {dag.py:2941} INFO - Sync 1 DAGs
[2025-04-25T07:05:08.357+0000] {logging_mixin.py:151} INFO - [2025-04-25T07:05:08.357+0000] {dag.py:3722} INFO - Setting next_dagrun for extract_exchange_rates to 2025-04-25T00:00:00+00:00, run_after=2025-04-26T00:00:00+00:00
[2025-04-25T07:05:08.364+0000] {processor.py:179} INFO - Processing /opt/airflow/dags/extract_exchange_rates.py took 0.041 seconds
[2025-04-25T07:05:38.574+0000] {processor.py:157} INFO - Started process (PID=935) to work on /opt/airflow/dags/extract_exchange_rates.py
[2025-04-25T07:05:38.575+0000] {processor.py:829} INFO - Processing file /opt/airflow/dags/extract_exchange_rates.py for tasks to queue
[2025-04-25T07:05:38.576+0000] {logging_mixin.py:151} INFO - [2025-04-25T07:05:38.575+0000] {dagbag.py:536} INFO - Filling up the DagBag from /opt/airflow/dags/extract_exchange_rates.py
[2025-04-25T07:05:38.585+0000] {processor.py:839} INFO - DAG(s) dict_keys(['extract_exchange_rates']) retrieved from /opt/airflow/dags/extract_exchange_rates.py
[2025-04-25T07:05:38.597+0000] {logging_mixin.py:151} INFO - [2025-04-25T07:05:38.597+0000] {dag.py:2941} INFO - Sync 1 DAGs
[2025-04-25T07:05:38.607+0000] {logging_mixin.py:151} INFO - [2025-04-25T07:05:38.607+0000] {dag.py:3722} INFO - Setting next_dagrun for extract_exchange_rates to 2025-04-25T00:00:00+00:00, run_after=2025-04-26T00:00:00+00:00
[2025-04-25T07:05:38.614+0000] {processor.py:179} INFO - Processing /opt/airflow/dags/extract_exchange_rates.py took 0.042 seconds
[2025-04-25T07:06:08.792+0000] {processor.py:157} INFO - Started process (PID=940) to work on /opt/airflow/dags/extract_exchange_rates.py
[2025-04-25T07:06:08.793+0000] {processor.py:829} INFO - Processing file /opt/airflow/dags/extract_exchange_rates.py for tasks to queue
[2025-04-25T07:06:08.793+0000] {logging_mixin.py:151} INFO - [2025-04-25T07:06:08.793+0000] {dagbag.py:536} INFO - Filling up the DagBag from /opt/airflow/dags/extract_exchange_rates.py
[2025-04-25T07:06:08.803+0000] {processor.py:839} INFO - DAG(s) dict_keys(['extract_exchange_rates']) retrieved from /opt/airflow/dags/extract_exchange_rates.py
[2025-04-25T07:06:08.815+0000] {logging_mixin.py:151} INFO - [2025-04-25T07:06:08.815+0000] {dag.py:2941} INFO - Sync 1 DAGs
[2025-04-25T07:06:08.825+0000] {logging_mixin.py:151} INFO - [2025-04-25T07:06:08.825+0000] {dag.py:3722} INFO - Setting next_dagrun for extract_exchange_rates to 2025-04-25T00:00:00+00:00, run_after=2025-04-26T00:00:00+00:00
[2025-04-25T07:06:08.831+0000] {processor.py:179} INFO - Processing /opt/airflow/dags/extract_exchange_rates.py took 0.041 seconds
[2025-04-25T07:06:39.009+0000] {processor.py:157} INFO - Started process (PID=945) to work on /opt/airflow/dags/extract_exchange_rates.py
[2025-04-25T07:06:39.010+0000] {processor.py:829} INFO - Processing file /opt/airflow/dags/extract_exchange_rates.py for tasks to queue
[2025-04-25T07:06:39.011+0000] {logging_mixin.py:151} INFO - [2025-04-25T07:06:39.010+0000] {dagbag.py:536} INFO - Filling up the DagBag from /opt/airflow/dags/extract_exchange_rates.py
[2025-04-25T07:06:39.021+0000] {processor.py:839} INFO - DAG(s) dict_keys(['extract_exchange_rates']) retrieved from /opt/airflow/dags/extract_exchange_rates.py
[2025-04-25T07:06:39.034+0000] {logging_mixin.py:151} INFO - [2025-04-25T07:06:39.034+0000] {dag.py:2941} INFO - Sync 1 DAGs
[2025-04-25T07:06:39.044+0000] {logging_mixin.py:151} INFO - [2025-04-25T07:06:39.044+0000] {dag.py:3722} INFO - Setting next_dagrun for extract_exchange_rates to 2025-04-25T00:00:00+00:00, run_after=2025-04-26T00:00:00+00:00
[2025-04-25T07:06:39.051+0000] {processor.py:179} INFO - Processing /opt/airflow/dags/extract_exchange_rates.py took 0.045 seconds
[2025-04-25T07:07:09.251+0000] {processor.py:157} INFO - Started process (PID=950) to work on /opt/airflow/dags/extract_exchange_rates.py
[2025-04-25T07:07:09.252+0000] {processor.py:829} INFO - Processing file /opt/airflow/dags/extract_exchange_rates.py for tasks to queue
[2025-04-25T07:07:09.252+0000] {logging_mixin.py:151} INFO - [2025-04-25T07:07:09.252+0000] {dagbag.py:536} INFO - Filling up the DagBag from /opt/airflow/dags/extract_exchange_rates.py
[2025-04-25T07:07:09.261+0000] {processor.py:839} INFO - DAG(s) dict_keys(['extract_exchange_rates']) retrieved from /opt/airflow/dags/extract_exchange_rates.py
[2025-04-25T07:07:09.273+0000] {logging_mixin.py:151} INFO - [2025-04-25T07:07:09.273+0000] {dag.py:2941} INFO - Sync 1 DAGs
[2025-04-25T07:07:09.283+0000] {logging_mixin.py:151} INFO - [2025-04-25T07:07:09.283+0000] {dag.py:3722} INFO - Setting next_dagrun for extract_exchange_rates to 2025-04-25T00:00:00+00:00, run_after=2025-04-26T00:00:00+00:00
[2025-04-25T07:07:09.290+0000] {processor.py:179} INFO - Processing /opt/airflow/dags/extract_exchange_rates.py took 0.040 seconds
[2025-04-25T07:07:39.495+0000] {processor.py:157} INFO - Started process (PID=955) to work on /opt/airflow/dags/extract_exchange_rates.py
[2025-04-25T07:07:39.496+0000] {processor.py:829} INFO - Processing file /opt/airflow/dags/extract_exchange_rates.py for tasks to queue
[2025-04-25T07:07:39.496+0000] {logging_mixin.py:151} INFO - [2025-04-25T07:07:39.496+0000] {dagbag.py:536} INFO - Filling up the DagBag from /opt/airflow/dags/extract_exchange_rates.py
[2025-04-25T07:07:39.506+0000] {processor.py:839} INFO - DAG(s) dict_keys(['extract_exchange_rates']) retrieved from /opt/airflow/dags/extract_exchange_rates.py
[2025-04-25T07:07:39.519+0000] {logging_mixin.py:151} INFO - [2025-04-25T07:07:39.519+0000] {dag.py:2941} INFO - Sync 1 DAGs
[2025-04-25T07:07:39.529+0000] {logging_mixin.py:151} INFO - [2025-04-25T07:07:39.529+0000] {dag.py:3722} INFO - Setting next_dagrun for extract_exchange_rates to 2025-04-25T00:00:00+00:00, run_after=2025-04-26T00:00:00+00:00
[2025-04-25T07:07:39.536+0000] {processor.py:179} INFO - Processing /opt/airflow/dags/extract_exchange_rates.py took 0.043 seconds
[2025-04-25T07:08:09.736+0000] {processor.py:157} INFO - Started process (PID=960) to work on /opt/airflow/dags/extract_exchange_rates.py
[2025-04-25T07:08:09.737+0000] {processor.py:829} INFO - Processing file /opt/airflow/dags/extract_exchange_rates.py for tasks to queue
[2025-04-25T07:08:09.738+0000] {logging_mixin.py:151} INFO - [2025-04-25T07:08:09.738+0000] {dagbag.py:536} INFO - Filling up the DagBag from /opt/airflow/dags/extract_exchange_rates.py
[2025-04-25T07:08:09.747+0000] {processor.py:839} INFO - DAG(s) dict_keys(['extract_exchange_rates']) retrieved from /opt/airflow/dags/extract_exchange_rates.py
[2025-04-25T07:08:09.760+0000] {logging_mixin.py:151} INFO - [2025-04-25T07:08:09.760+0000] {dag.py:2941} INFO - Sync 1 DAGs
[2025-04-25T07:08:09.770+0000] {logging_mixin.py:151} INFO - [2025-04-25T07:08:09.770+0000] {dag.py:3722} INFO - Setting next_dagrun for extract_exchange_rates to 2025-04-25T00:00:00+00:00, run_after=2025-04-26T00:00:00+00:00
[2025-04-25T07:08:09.777+0000] {processor.py:179} INFO - Processing /opt/airflow/dags/extract_exchange_rates.py took 0.043 seconds
[2025-04-25T07:08:39.985+0000] {processor.py:157} INFO - Started process (PID=965) to work on /opt/airflow/dags/extract_exchange_rates.py
[2025-04-25T07:08:39.986+0000] {processor.py:829} INFO - Processing file /opt/airflow/dags/extract_exchange_rates.py for tasks to queue
[2025-04-25T07:08:39.987+0000] {logging_mixin.py:151} INFO - [2025-04-25T07:08:39.986+0000] {dagbag.py:536} INFO - Filling up the DagBag from /opt/airflow/dags/extract_exchange_rates.py
[2025-04-25T07:08:39.996+0000] {processor.py:839} INFO - DAG(s) dict_keys(['extract_exchange_rates']) retrieved from /opt/airflow/dags/extract_exchange_rates.py
[2025-04-25T07:08:40.010+0000] {logging_mixin.py:151} INFO - [2025-04-25T07:08:40.010+0000] {dag.py:2941} INFO - Sync 1 DAGs
[2025-04-25T07:08:40.020+0000] {logging_mixin.py:151} INFO - [2025-04-25T07:08:40.020+0000] {dag.py:3722} INFO - Setting next_dagrun for extract_exchange_rates to 2025-04-25T00:00:00+00:00, run_after=2025-04-26T00:00:00+00:00
[2025-04-25T07:08:40.027+0000] {processor.py:179} INFO - Processing /opt/airflow/dags/extract_exchange_rates.py took 0.044 seconds
[2025-04-25T07:09:10.217+0000] {processor.py:157} INFO - Started process (PID=970) to work on /opt/airflow/dags/extract_exchange_rates.py
[2025-04-25T07:09:10.218+0000] {processor.py:829} INFO - Processing file /opt/airflow/dags/extract_exchange_rates.py for tasks to queue
[2025-04-25T07:09:10.218+0000] {logging_mixin.py:151} INFO - [2025-04-25T07:09:10.218+0000] {dagbag.py:536} INFO - Filling up the DagBag from /opt/airflow/dags/extract_exchange_rates.py
[2025-04-25T07:09:10.227+0000] {processor.py:839} INFO - DAG(s) dict_keys(['extract_exchange_rates']) retrieved from /opt/airflow/dags/extract_exchange_rates.py
[2025-04-25T07:09:10.238+0000] {logging_mixin.py:151} INFO - [2025-04-25T07:09:10.238+0000] {dag.py:2941} INFO - Sync 1 DAGs
[2025-04-25T07:09:10.248+0000] {logging_mixin.py:151} INFO - [2025-04-25T07:09:10.247+0000] {dag.py:3722} INFO - Setting next_dagrun for extract_exchange_rates to 2025-04-25T00:00:00+00:00, run_after=2025-04-26T00:00:00+00:00
[2025-04-25T07:09:10.254+0000] {processor.py:179} INFO - Processing /opt/airflow/dags/extract_exchange_rates.py took 0.038 seconds
[2025-04-25T07:09:40.419+0000] {processor.py:157} INFO - Started process (PID=975) to work on /opt/airflow/dags/extract_exchange_rates.py
[2025-04-25T07:09:40.420+0000] {processor.py:829} INFO - Processing file /opt/airflow/dags/extract_exchange_rates.py for tasks to queue
[2025-04-25T07:09:40.420+0000] {logging_mixin.py:151} INFO - [2025-04-25T07:09:40.420+0000] {dagbag.py:536} INFO - Filling up the DagBag from /opt/airflow/dags/extract_exchange_rates.py
[2025-04-25T07:09:40.428+0000] {processor.py:839} INFO - DAG(s) dict_keys(['extract_exchange_rates']) retrieved from /opt/airflow/dags/extract_exchange_rates.py
[2025-04-25T07:09:40.442+0000] {logging_mixin.py:151} INFO - [2025-04-25T07:09:40.442+0000] {dag.py:2941} INFO - Sync 1 DAGs
[2025-04-25T07:09:40.451+0000] {logging_mixin.py:151} INFO - [2025-04-25T07:09:40.451+0000] {dag.py:3722} INFO - Setting next_dagrun for extract_exchange_rates to 2025-04-25T00:00:00+00:00, run_after=2025-04-26T00:00:00+00:00
[2025-04-25T07:09:40.458+0000] {processor.py:179} INFO - Processing /opt/airflow/dags/extract_exchange_rates.py took 0.041 seconds
[2025-04-25T07:10:10.661+0000] {processor.py:157} INFO - Started process (PID=980) to work on /opt/airflow/dags/extract_exchange_rates.py
[2025-04-25T07:10:10.661+0000] {processor.py:829} INFO - Processing file /opt/airflow/dags/extract_exchange_rates.py for tasks to queue
[2025-04-25T07:10:10.662+0000] {logging_mixin.py:151} INFO - [2025-04-25T07:10:10.662+0000] {dagbag.py:536} INFO - Filling up the DagBag from /opt/airflow/dags/extract_exchange_rates.py
[2025-04-25T07:10:10.672+0000] {processor.py:839} INFO - DAG(s) dict_keys(['extract_exchange_rates']) retrieved from /opt/airflow/dags/extract_exchange_rates.py
[2025-04-25T07:10:10.686+0000] {logging_mixin.py:151} INFO - [2025-04-25T07:10:10.686+0000] {dag.py:2941} INFO - Sync 1 DAGs
[2025-04-25T07:10:10.696+0000] {logging_mixin.py:151} INFO - [2025-04-25T07:10:10.696+0000] {dag.py:3722} INFO - Setting next_dagrun for extract_exchange_rates to 2025-04-25T00:00:00+00:00, run_after=2025-04-26T00:00:00+00:00
[2025-04-25T07:10:10.702+0000] {processor.py:179} INFO - Processing /opt/airflow/dags/extract_exchange_rates.py took 0.044 seconds
[2025-04-25T07:10:40.891+0000] {processor.py:157} INFO - Started process (PID=985) to work on /opt/airflow/dags/extract_exchange_rates.py
[2025-04-25T07:10:40.891+0000] {processor.py:829} INFO - Processing file /opt/airflow/dags/extract_exchange_rates.py for tasks to queue
[2025-04-25T07:10:40.892+0000] {logging_mixin.py:151} INFO - [2025-04-25T07:10:40.892+0000] {dagbag.py:536} INFO - Filling up the DagBag from /opt/airflow/dags/extract_exchange_rates.py
[2025-04-25T07:10:40.899+0000] {processor.py:839} INFO - DAG(s) dict_keys(['extract_exchange_rates']) retrieved from /opt/airflow/dags/extract_exchange_rates.py
[2025-04-25T07:10:40.911+0000] {logging_mixin.py:151} INFO - [2025-04-25T07:10:40.911+0000] {dag.py:2941} INFO - Sync 1 DAGs
[2025-04-25T07:10:40.922+0000] {logging_mixin.py:151} INFO - [2025-04-25T07:10:40.921+0000] {dag.py:3722} INFO - Setting next_dagrun for extract_exchange_rates to 2025-04-25T00:00:00+00:00, run_after=2025-04-26T00:00:00+00:00
[2025-04-25T07:10:40.930+0000] {processor.py:179} INFO - Processing /opt/airflow/dags/extract_exchange_rates.py took 0.040 seconds
[2025-04-25T07:11:11.156+0000] {processor.py:157} INFO - Started process (PID=990) to work on /opt/airflow/dags/extract_exchange_rates.py
[2025-04-25T07:11:11.157+0000] {processor.py:829} INFO - Processing file /opt/airflow/dags/extract_exchange_rates.py for tasks to queue
[2025-04-25T07:11:11.158+0000] {logging_mixin.py:151} INFO - [2025-04-25T07:11:11.158+0000] {dagbag.py:536} INFO - Filling up the DagBag from /opt/airflow/dags/extract_exchange_rates.py
[2025-04-25T07:11:11.168+0000] {processor.py:839} INFO - DAG(s) dict_keys(['extract_exchange_rates']) retrieved from /opt/airflow/dags/extract_exchange_rates.py
[2025-04-25T07:11:11.182+0000] {logging_mixin.py:151} INFO - [2025-04-25T07:11:11.182+0000] {dag.py:2941} INFO - Sync 1 DAGs
[2025-04-25T07:11:11.192+0000] {logging_mixin.py:151} INFO - [2025-04-25T07:11:11.192+0000] {dag.py:3722} INFO - Setting next_dagrun for extract_exchange_rates to 2025-04-25T00:00:00+00:00, run_after=2025-04-26T00:00:00+00:00
[2025-04-25T07:11:11.200+0000] {processor.py:179} INFO - Processing /opt/airflow/dags/extract_exchange_rates.py took 0.046 seconds
[2025-04-25T07:11:41.371+0000] {processor.py:157} INFO - Started process (PID=995) to work on /opt/airflow/dags/extract_exchange_rates.py
[2025-04-25T07:11:41.372+0000] {processor.py:829} INFO - Processing file /opt/airflow/dags/extract_exchange_rates.py for tasks to queue
[2025-04-25T07:11:41.372+0000] {logging_mixin.py:151} INFO - [2025-04-25T07:11:41.372+0000] {dagbag.py:536} INFO - Filling up the DagBag from /opt/airflow/dags/extract_exchange_rates.py
[2025-04-25T07:11:41.383+0000] {processor.py:839} INFO - DAG(s) dict_keys(['extract_exchange_rates']) retrieved from /opt/airflow/dags/extract_exchange_rates.py
[2025-04-25T07:11:41.396+0000] {logging_mixin.py:151} INFO - [2025-04-25T07:11:41.396+0000] {dag.py:2941} INFO - Sync 1 DAGs
[2025-04-25T07:11:41.406+0000] {logging_mixin.py:151} INFO - [2025-04-25T07:11:41.405+0000] {dag.py:3722} INFO - Setting next_dagrun for extract_exchange_rates to 2025-04-25T00:00:00+00:00, run_after=2025-04-26T00:00:00+00:00
[2025-04-25T07:11:41.413+0000] {processor.py:179} INFO - Processing /opt/airflow/dags/extract_exchange_rates.py took 0.044 seconds
[2025-04-25T07:12:11.604+0000] {processor.py:157} INFO - Started process (PID=1000) to work on /opt/airflow/dags/extract_exchange_rates.py
[2025-04-25T07:12:11.605+0000] {processor.py:829} INFO - Processing file /opt/airflow/dags/extract_exchange_rates.py for tasks to queue
[2025-04-25T07:12:11.605+0000] {logging_mixin.py:151} INFO - [2025-04-25T07:12:11.605+0000] {dagbag.py:536} INFO - Filling up the DagBag from /opt/airflow/dags/extract_exchange_rates.py
[2025-04-25T07:12:11.614+0000] {processor.py:839} INFO - DAG(s) dict_keys(['extract_exchange_rates']) retrieved from /opt/airflow/dags/extract_exchange_rates.py
[2025-04-25T07:12:11.627+0000] {logging_mixin.py:151} INFO - [2025-04-25T07:12:11.626+0000] {dag.py:2941} INFO - Sync 1 DAGs
[2025-04-25T07:12:11.636+0000] {logging_mixin.py:151} INFO - [2025-04-25T07:12:11.636+0000] {dag.py:3722} INFO - Setting next_dagrun for extract_exchange_rates to 2025-04-25T00:00:00+00:00, run_after=2025-04-26T00:00:00+00:00
[2025-04-25T07:12:11.643+0000] {processor.py:179} INFO - Processing /opt/airflow/dags/extract_exchange_rates.py took 0.041 seconds
[2025-04-25T07:12:41.815+0000] {processor.py:157} INFO - Started process (PID=1005) to work on /opt/airflow/dags/extract_exchange_rates.py
[2025-04-25T07:12:41.816+0000] {processor.py:829} INFO - Processing file /opt/airflow/dags/extract_exchange_rates.py for tasks to queue
[2025-04-25T07:12:41.816+0000] {logging_mixin.py:151} INFO - [2025-04-25T07:12:41.816+0000] {dagbag.py:536} INFO - Filling up the DagBag from /opt/airflow/dags/extract_exchange_rates.py
[2025-04-25T07:12:41.824+0000] {processor.py:839} INFO - DAG(s) dict_keys(['extract_exchange_rates']) retrieved from /opt/airflow/dags/extract_exchange_rates.py
[2025-04-25T07:12:41.836+0000] {logging_mixin.py:151} INFO - [2025-04-25T07:12:41.836+0000] {dag.py:2941} INFO - Sync 1 DAGs
[2025-04-25T07:12:41.845+0000] {logging_mixin.py:151} INFO - [2025-04-25T07:12:41.845+0000] {dag.py:3722} INFO - Setting next_dagrun for extract_exchange_rates to 2025-04-25T00:00:00+00:00, run_after=2025-04-26T00:00:00+00:00
[2025-04-25T07:12:41.851+0000] {processor.py:179} INFO - Processing /opt/airflow/dags/extract_exchange_rates.py took 0.038 seconds
[2025-04-25T07:13:12.053+0000] {processor.py:157} INFO - Started process (PID=1010) to work on /opt/airflow/dags/extract_exchange_rates.py
[2025-04-25T07:13:12.054+0000] {processor.py:829} INFO - Processing file /opt/airflow/dags/extract_exchange_rates.py for tasks to queue
[2025-04-25T07:13:12.055+0000] {logging_mixin.py:151} INFO - [2025-04-25T07:13:12.054+0000] {dagbag.py:536} INFO - Filling up the DagBag from /opt/airflow/dags/extract_exchange_rates.py
[2025-04-25T07:13:12.062+0000] {processor.py:839} INFO - DAG(s) dict_keys(['extract_exchange_rates']) retrieved from /opt/airflow/dags/extract_exchange_rates.py
[2025-04-25T07:13:12.075+0000] {logging_mixin.py:151} INFO - [2025-04-25T07:13:12.075+0000] {dag.py:2941} INFO - Sync 1 DAGs
[2025-04-25T07:13:12.085+0000] {logging_mixin.py:151} INFO - [2025-04-25T07:13:12.085+0000] {dag.py:3722} INFO - Setting next_dagrun for extract_exchange_rates to 2025-04-25T00:00:00+00:00, run_after=2025-04-26T00:00:00+00:00
[2025-04-25T07:13:12.092+0000] {processor.py:179} INFO - Processing /opt/airflow/dags/extract_exchange_rates.py took 0.040 seconds
[2025-04-25T07:13:42.270+0000] {processor.py:157} INFO - Started process (PID=1015) to work on /opt/airflow/dags/extract_exchange_rates.py
[2025-04-25T07:13:42.271+0000] {processor.py:829} INFO - Processing file /opt/airflow/dags/extract_exchange_rates.py for tasks to queue
[2025-04-25T07:13:42.271+0000] {logging_mixin.py:151} INFO - [2025-04-25T07:13:42.271+0000] {dagbag.py:536} INFO - Filling up the DagBag from /opt/airflow/dags/extract_exchange_rates.py
[2025-04-25T07:13:42.280+0000] {processor.py:839} INFO - DAG(s) dict_keys(['extract_exchange_rates']) retrieved from /opt/airflow/dags/extract_exchange_rates.py
[2025-04-25T07:13:42.293+0000] {logging_mixin.py:151} INFO - [2025-04-25T07:13:42.293+0000] {dag.py:2941} INFO - Sync 1 DAGs
[2025-04-25T07:13:42.302+0000] {logging_mixin.py:151} INFO - [2025-04-25T07:13:42.302+0000] {dag.py:3722} INFO - Setting next_dagrun for extract_exchange_rates to 2025-04-25T00:00:00+00:00, run_after=2025-04-26T00:00:00+00:00
[2025-04-25T07:13:42.310+0000] {processor.py:179} INFO - Processing /opt/airflow/dags/extract_exchange_rates.py took 0.042 seconds
[2025-04-25T07:14:12.496+0000] {processor.py:157} INFO - Started process (PID=1020) to work on /opt/airflow/dags/extract_exchange_rates.py
[2025-04-25T07:14:12.496+0000] {processor.py:829} INFO - Processing file /opt/airflow/dags/extract_exchange_rates.py for tasks to queue
[2025-04-25T07:14:12.497+0000] {logging_mixin.py:151} INFO - [2025-04-25T07:14:12.497+0000] {dagbag.py:536} INFO - Filling up the DagBag from /opt/airflow/dags/extract_exchange_rates.py
[2025-04-25T07:14:12.507+0000] {processor.py:839} INFO - DAG(s) dict_keys(['extract_exchange_rates']) retrieved from /opt/airflow/dags/extract_exchange_rates.py
[2025-04-25T07:14:12.519+0000] {logging_mixin.py:151} INFO - [2025-04-25T07:14:12.519+0000] {dag.py:2941} INFO - Sync 1 DAGs
[2025-04-25T07:14:12.529+0000] {logging_mixin.py:151} INFO - [2025-04-25T07:14:12.529+0000] {dag.py:3722} INFO - Setting next_dagrun for extract_exchange_rates to 2025-04-25T00:00:00+00:00, run_after=2025-04-26T00:00:00+00:00
[2025-04-25T07:14:12.535+0000] {processor.py:179} INFO - Processing /opt/airflow/dags/extract_exchange_rates.py took 0.041 seconds
[2025-04-25T07:14:42.710+0000] {processor.py:157} INFO - Started process (PID=1025) to work on /opt/airflow/dags/extract_exchange_rates.py
[2025-04-25T07:14:42.711+0000] {processor.py:829} INFO - Processing file /opt/airflow/dags/extract_exchange_rates.py for tasks to queue
[2025-04-25T07:14:42.711+0000] {logging_mixin.py:151} INFO - [2025-04-25T07:14:42.711+0000] {dagbag.py:536} INFO - Filling up the DagBag from /opt/airflow/dags/extract_exchange_rates.py
[2025-04-25T07:14:42.720+0000] {processor.py:839} INFO - DAG(s) dict_keys(['extract_exchange_rates']) retrieved from /opt/airflow/dags/extract_exchange_rates.py
[2025-04-25T07:14:42.732+0000] {logging_mixin.py:151} INFO - [2025-04-25T07:14:42.732+0000] {dag.py:2941} INFO - Sync 1 DAGs
[2025-04-25T07:14:42.742+0000] {logging_mixin.py:151} INFO - [2025-04-25T07:14:42.742+0000] {dag.py:3722} INFO - Setting next_dagrun for extract_exchange_rates to 2025-04-25T00:00:00+00:00, run_after=2025-04-26T00:00:00+00:00
[2025-04-25T07:14:42.749+0000] {processor.py:179} INFO - Processing /opt/airflow/dags/extract_exchange_rates.py took 0.040 seconds
[2025-04-25T07:15:12.974+0000] {processor.py:157} INFO - Started process (PID=1030) to work on /opt/airflow/dags/extract_exchange_rates.py
[2025-04-25T07:15:12.974+0000] {processor.py:829} INFO - Processing file /opt/airflow/dags/extract_exchange_rates.py for tasks to queue
[2025-04-25T07:15:12.975+0000] {logging_mixin.py:151} INFO - [2025-04-25T07:15:12.974+0000] {dagbag.py:536} INFO - Filling up the DagBag from /opt/airflow/dags/extract_exchange_rates.py
[2025-04-25T07:15:12.983+0000] {processor.py:839} INFO - DAG(s) dict_keys(['extract_exchange_rates']) retrieved from /opt/airflow/dags/extract_exchange_rates.py
[2025-04-25T07:15:12.996+0000] {logging_mixin.py:151} INFO - [2025-04-25T07:15:12.996+0000] {dag.py:2941} INFO - Sync 1 DAGs
[2025-04-25T07:15:13.005+0000] {logging_mixin.py:151} INFO - [2025-04-25T07:15:13.005+0000] {dag.py:3722} INFO - Setting next_dagrun for extract_exchange_rates to 2025-04-25T00:00:00+00:00, run_after=2025-04-26T00:00:00+00:00
[2025-04-25T07:15:13.012+0000] {processor.py:179} INFO - Processing /opt/airflow/dags/extract_exchange_rates.py took 0.040 seconds
[2025-04-25T07:15:43.189+0000] {processor.py:157} INFO - Started process (PID=1035) to work on /opt/airflow/dags/extract_exchange_rates.py
[2025-04-25T07:15:43.189+0000] {processor.py:829} INFO - Processing file /opt/airflow/dags/extract_exchange_rates.py for tasks to queue
[2025-04-25T07:15:43.190+0000] {logging_mixin.py:151} INFO - [2025-04-25T07:15:43.190+0000] {dagbag.py:536} INFO - Filling up the DagBag from /opt/airflow/dags/extract_exchange_rates.py
[2025-04-25T07:15:43.198+0000] {processor.py:839} INFO - DAG(s) dict_keys(['extract_exchange_rates']) retrieved from /opt/airflow/dags/extract_exchange_rates.py
[2025-04-25T07:15:43.211+0000] {logging_mixin.py:151} INFO - [2025-04-25T07:15:43.211+0000] {dag.py:2941} INFO - Sync 1 DAGs
[2025-04-25T07:15:43.220+0000] {logging_mixin.py:151} INFO - [2025-04-25T07:15:43.220+0000] {dag.py:3722} INFO - Setting next_dagrun for extract_exchange_rates to 2025-04-25T00:00:00+00:00, run_after=2025-04-26T00:00:00+00:00
[2025-04-25T07:15:43.228+0000] {processor.py:179} INFO - Processing /opt/airflow/dags/extract_exchange_rates.py took 0.041 seconds
[2025-04-25T07:16:13.428+0000] {processor.py:157} INFO - Started process (PID=1040) to work on /opt/airflow/dags/extract_exchange_rates.py
[2025-04-25T07:16:13.429+0000] {processor.py:829} INFO - Processing file /opt/airflow/dags/extract_exchange_rates.py for tasks to queue
[2025-04-25T07:16:13.430+0000] {logging_mixin.py:151} INFO - [2025-04-25T07:16:13.430+0000] {dagbag.py:536} INFO - Filling up the DagBag from /opt/airflow/dags/extract_exchange_rates.py
[2025-04-25T07:16:13.440+0000] {processor.py:839} INFO - DAG(s) dict_keys(['extract_exchange_rates']) retrieved from /opt/airflow/dags/extract_exchange_rates.py
[2025-04-25T07:16:13.452+0000] {logging_mixin.py:151} INFO - [2025-04-25T07:16:13.452+0000] {dag.py:2941} INFO - Sync 1 DAGs
[2025-04-25T07:16:13.461+0000] {logging_mixin.py:151} INFO - [2025-04-25T07:16:13.461+0000] {dag.py:3722} INFO - Setting next_dagrun for extract_exchange_rates to 2025-04-25T00:00:00+00:00, run_after=2025-04-26T00:00:00+00:00
[2025-04-25T07:16:13.468+0000] {processor.py:179} INFO - Processing /opt/airflow/dags/extract_exchange_rates.py took 0.042 seconds
[2025-04-25T07:16:43.676+0000] {processor.py:157} INFO - Started process (PID=1045) to work on /opt/airflow/dags/extract_exchange_rates.py
[2025-04-25T07:16:43.677+0000] {processor.py:829} INFO - Processing file /opt/airflow/dags/extract_exchange_rates.py for tasks to queue
[2025-04-25T07:16:43.678+0000] {logging_mixin.py:151} INFO - [2025-04-25T07:16:43.677+0000] {dagbag.py:536} INFO - Filling up the DagBag from /opt/airflow/dags/extract_exchange_rates.py
[2025-04-25T07:16:43.689+0000] {processor.py:839} INFO - DAG(s) dict_keys(['extract_exchange_rates']) retrieved from /opt/airflow/dags/extract_exchange_rates.py
[2025-04-25T07:16:43.702+0000] {logging_mixin.py:151} INFO - [2025-04-25T07:16:43.702+0000] {dag.py:2941} INFO - Sync 1 DAGs
[2025-04-25T07:16:43.712+0000] {logging_mixin.py:151} INFO - [2025-04-25T07:16:43.712+0000] {dag.py:3722} INFO - Setting next_dagrun for extract_exchange_rates to 2025-04-25T00:00:00+00:00, run_after=2025-04-26T00:00:00+00:00
[2025-04-25T07:16:43.720+0000] {processor.py:179} INFO - Processing /opt/airflow/dags/extract_exchange_rates.py took 0.046 seconds
[2025-04-25T07:17:13.871+0000] {processor.py:157} INFO - Started process (PID=1050) to work on /opt/airflow/dags/extract_exchange_rates.py
[2025-04-25T07:17:13.872+0000] {processor.py:829} INFO - Processing file /opt/airflow/dags/extract_exchange_rates.py for tasks to queue
[2025-04-25T07:17:13.873+0000] {logging_mixin.py:151} INFO - [2025-04-25T07:17:13.872+0000] {dagbag.py:536} INFO - Filling up the DagBag from /opt/airflow/dags/extract_exchange_rates.py
[2025-04-25T07:17:13.883+0000] {processor.py:839} INFO - DAG(s) dict_keys(['extract_exchange_rates']) retrieved from /opt/airflow/dags/extract_exchange_rates.py
[2025-04-25T07:17:13.896+0000] {logging_mixin.py:151} INFO - [2025-04-25T07:17:13.896+0000] {dag.py:2941} INFO - Sync 1 DAGs
[2025-04-25T07:17:13.906+0000] {logging_mixin.py:151} INFO - [2025-04-25T07:17:13.906+0000] {dag.py:3722} INFO - Setting next_dagrun for extract_exchange_rates to 2025-04-25T00:00:00+00:00, run_after=2025-04-26T00:00:00+00:00
[2025-04-25T07:17:13.913+0000] {processor.py:179} INFO - Processing /opt/airflow/dags/extract_exchange_rates.py took 0.044 seconds
[2025-04-25T07:17:44.048+0000] {processor.py:157} INFO - Started process (PID=1055) to work on /opt/airflow/dags/extract_exchange_rates.py
[2025-04-25T07:17:44.048+0000] {processor.py:829} INFO - Processing file /opt/airflow/dags/extract_exchange_rates.py for tasks to queue
[2025-04-25T07:17:44.049+0000] {logging_mixin.py:151} INFO - [2025-04-25T07:17:44.049+0000] {dagbag.py:536} INFO - Filling up the DagBag from /opt/airflow/dags/extract_exchange_rates.py
[2025-04-25T07:17:44.057+0000] {processor.py:839} INFO - DAG(s) dict_keys(['extract_exchange_rates']) retrieved from /opt/airflow/dags/extract_exchange_rates.py
[2025-04-25T07:17:44.069+0000] {logging_mixin.py:151} INFO - [2025-04-25T07:17:44.069+0000] {dag.py:2941} INFO - Sync 1 DAGs
[2025-04-25T07:17:44.079+0000] {logging_mixin.py:151} INFO - [2025-04-25T07:17:44.079+0000] {dag.py:3722} INFO - Setting next_dagrun for extract_exchange_rates to 2025-04-25T00:00:00+00:00, run_after=2025-04-26T00:00:00+00:00
[2025-04-25T07:17:44.086+0000] {processor.py:179} INFO - Processing /opt/airflow/dags/extract_exchange_rates.py took 0.040 seconds
[2025-04-25T07:18:14.236+0000] {processor.py:157} INFO - Started process (PID=1060) to work on /opt/airflow/dags/extract_exchange_rates.py
[2025-04-25T07:18:14.236+0000] {processor.py:829} INFO - Processing file /opt/airflow/dags/extract_exchange_rates.py for tasks to queue
[2025-04-25T07:18:14.237+0000] {logging_mixin.py:151} INFO - [2025-04-25T07:18:14.237+0000] {dagbag.py:536} INFO - Filling up the DagBag from /opt/airflow/dags/extract_exchange_rates.py
[2025-04-25T07:18:14.243+0000] {processor.py:839} INFO - DAG(s) dict_keys(['extract_exchange_rates']) retrieved from /opt/airflow/dags/extract_exchange_rates.py
[2025-04-25T07:18:14.254+0000] {logging_mixin.py:151} INFO - [2025-04-25T07:18:14.254+0000] {dag.py:2941} INFO - Sync 1 DAGs
[2025-04-25T07:18:14.261+0000] {logging_mixin.py:151} INFO - [2025-04-25T07:18:14.261+0000] {dag.py:3722} INFO - Setting next_dagrun for extract_exchange_rates to 2025-04-25T00:00:00+00:00, run_after=2025-04-26T00:00:00+00:00
[2025-04-25T07:18:14.268+0000] {processor.py:179} INFO - Processing /opt/airflow/dags/extract_exchange_rates.py took 0.033 seconds
[2025-04-25T07:18:44.452+0000] {processor.py:157} INFO - Started process (PID=1065) to work on /opt/airflow/dags/extract_exchange_rates.py
[2025-04-25T07:18:44.453+0000] {processor.py:829} INFO - Processing file /opt/airflow/dags/extract_exchange_rates.py for tasks to queue
[2025-04-25T07:18:44.453+0000] {logging_mixin.py:151} INFO - [2025-04-25T07:18:44.453+0000] {dagbag.py:536} INFO - Filling up the DagBag from /opt/airflow/dags/extract_exchange_rates.py
[2025-04-25T07:18:44.463+0000] {processor.py:839} INFO - DAG(s) dict_keys(['extract_exchange_rates']) retrieved from /opt/airflow/dags/extract_exchange_rates.py
[2025-04-25T07:18:44.476+0000] {logging_mixin.py:151} INFO - [2025-04-25T07:18:44.476+0000] {dag.py:2941} INFO - Sync 1 DAGs
[2025-04-25T07:18:44.486+0000] {logging_mixin.py:151} INFO - [2025-04-25T07:18:44.486+0000] {dag.py:3722} INFO - Setting next_dagrun for extract_exchange_rates to 2025-04-25T00:00:00+00:00, run_after=2025-04-26T00:00:00+00:00
[2025-04-25T07:18:44.493+0000] {processor.py:179} INFO - Processing /opt/airflow/dags/extract_exchange_rates.py took 0.044 seconds
[2025-04-25T07:19:14.685+0000] {processor.py:157} INFO - Started process (PID=1070) to work on /opt/airflow/dags/extract_exchange_rates.py
[2025-04-25T07:19:14.685+0000] {processor.py:829} INFO - Processing file /opt/airflow/dags/extract_exchange_rates.py for tasks to queue
[2025-04-25T07:19:14.686+0000] {logging_mixin.py:151} INFO - [2025-04-25T07:19:14.686+0000] {dagbag.py:536} INFO - Filling up the DagBag from /opt/airflow/dags/extract_exchange_rates.py
[2025-04-25T07:19:14.696+0000] {processor.py:839} INFO - DAG(s) dict_keys(['extract_exchange_rates']) retrieved from /opt/airflow/dags/extract_exchange_rates.py
[2025-04-25T07:19:14.710+0000] {logging_mixin.py:151} INFO - [2025-04-25T07:19:14.710+0000] {dag.py:2941} INFO - Sync 1 DAGs
[2025-04-25T07:19:14.720+0000] {logging_mixin.py:151} INFO - [2025-04-25T07:19:14.720+0000] {dag.py:3722} INFO - Setting next_dagrun for extract_exchange_rates to 2025-04-25T00:00:00+00:00, run_after=2025-04-26T00:00:00+00:00
[2025-04-25T07:19:14.727+0000] {processor.py:179} INFO - Processing /opt/airflow/dags/extract_exchange_rates.py took 0.045 seconds
[2025-04-25T07:19:44.939+0000] {processor.py:157} INFO - Started process (PID=1075) to work on /opt/airflow/dags/extract_exchange_rates.py
[2025-04-25T07:19:44.940+0000] {processor.py:829} INFO - Processing file /opt/airflow/dags/extract_exchange_rates.py for tasks to queue
[2025-04-25T07:19:44.940+0000] {logging_mixin.py:151} INFO - [2025-04-25T07:19:44.940+0000] {dagbag.py:536} INFO - Filling up the DagBag from /opt/airflow/dags/extract_exchange_rates.py
[2025-04-25T07:19:44.950+0000] {processor.py:839} INFO - DAG(s) dict_keys(['extract_exchange_rates']) retrieved from /opt/airflow/dags/extract_exchange_rates.py
[2025-04-25T07:19:44.963+0000] {logging_mixin.py:151} INFO - [2025-04-25T07:19:44.963+0000] {dag.py:2941} INFO - Sync 1 DAGs
[2025-04-25T07:19:44.972+0000] {logging_mixin.py:151} INFO - [2025-04-25T07:19:44.972+0000] {dag.py:3722} INFO - Setting next_dagrun for extract_exchange_rates to 2025-04-25T00:00:00+00:00, run_after=2025-04-26T00:00:00+00:00
[2025-04-25T07:19:44.979+0000] {processor.py:179} INFO - Processing /opt/airflow/dags/extract_exchange_rates.py took 0.042 seconds
[2025-04-25T07:20:15.172+0000] {processor.py:157} INFO - Started process (PID=1080) to work on /opt/airflow/dags/extract_exchange_rates.py
[2025-04-25T07:20:15.172+0000] {processor.py:829} INFO - Processing file /opt/airflow/dags/extract_exchange_rates.py for tasks to queue
[2025-04-25T07:20:15.173+0000] {logging_mixin.py:151} INFO - [2025-04-25T07:20:15.172+0000] {dagbag.py:536} INFO - Filling up the DagBag from /opt/airflow/dags/extract_exchange_rates.py
[2025-04-25T07:20:15.181+0000] {processor.py:839} INFO - DAG(s) dict_keys(['extract_exchange_rates']) retrieved from /opt/airflow/dags/extract_exchange_rates.py
[2025-04-25T07:20:15.194+0000] {logging_mixin.py:151} INFO - [2025-04-25T07:20:15.193+0000] {dag.py:2941} INFO - Sync 1 DAGs
[2025-04-25T07:20:15.204+0000] {logging_mixin.py:151} INFO - [2025-04-25T07:20:15.204+0000] {dag.py:3722} INFO - Setting next_dagrun for extract_exchange_rates to 2025-04-25T00:00:00+00:00, run_after=2025-04-26T00:00:00+00:00
[2025-04-25T07:20:15.211+0000] {processor.py:179} INFO - Processing /opt/airflow/dags/extract_exchange_rates.py took 0.041 seconds
[2025-04-25T07:20:45.404+0000] {processor.py:157} INFO - Started process (PID=1085) to work on /opt/airflow/dags/extract_exchange_rates.py
[2025-04-25T07:20:45.405+0000] {processor.py:829} INFO - Processing file /opt/airflow/dags/extract_exchange_rates.py for tasks to queue
[2025-04-25T07:20:45.405+0000] {logging_mixin.py:151} INFO - [2025-04-25T07:20:45.405+0000] {dagbag.py:536} INFO - Filling up the DagBag from /opt/airflow/dags/extract_exchange_rates.py
[2025-04-25T07:20:45.414+0000] {processor.py:839} INFO - DAG(s) dict_keys(['extract_exchange_rates']) retrieved from /opt/airflow/dags/extract_exchange_rates.py
[2025-04-25T07:20:45.428+0000] {logging_mixin.py:151} INFO - [2025-04-25T07:20:45.428+0000] {dag.py:2941} INFO - Sync 1 DAGs
[2025-04-25T07:20:45.438+0000] {logging_mixin.py:151} INFO - [2025-04-25T07:20:45.438+0000] {dag.py:3722} INFO - Setting next_dagrun for extract_exchange_rates to 2025-04-25T00:00:00+00:00, run_after=2025-04-26T00:00:00+00:00
[2025-04-25T07:20:45.445+0000] {processor.py:179} INFO - Processing /opt/airflow/dags/extract_exchange_rates.py took 0.043 seconds
[2025-04-25T07:21:15.650+0000] {processor.py:157} INFO - Started process (PID=1090) to work on /opt/airflow/dags/extract_exchange_rates.py
[2025-04-25T07:21:15.650+0000] {processor.py:829} INFO - Processing file /opt/airflow/dags/extract_exchange_rates.py for tasks to queue
[2025-04-25T07:21:15.651+0000] {logging_mixin.py:151} INFO - [2025-04-25T07:21:15.651+0000] {dagbag.py:536} INFO - Filling up the DagBag from /opt/airflow/dags/extract_exchange_rates.py
[2025-04-25T07:21:15.660+0000] {processor.py:839} INFO - DAG(s) dict_keys(['extract_exchange_rates']) retrieved from /opt/airflow/dags/extract_exchange_rates.py
[2025-04-25T07:21:15.673+0000] {logging_mixin.py:151} INFO - [2025-04-25T07:21:15.673+0000] {dag.py:2941} INFO - Sync 1 DAGs
[2025-04-25T07:21:15.683+0000] {logging_mixin.py:151} INFO - [2025-04-25T07:21:15.683+0000] {dag.py:3722} INFO - Setting next_dagrun for extract_exchange_rates to 2025-04-25T00:00:00+00:00, run_after=2025-04-26T00:00:00+00:00
[2025-04-25T07:21:15.690+0000] {processor.py:179} INFO - Processing /opt/airflow/dags/extract_exchange_rates.py took 0.042 seconds
[2025-04-25T07:21:45.874+0000] {processor.py:157} INFO - Started process (PID=1095) to work on /opt/airflow/dags/extract_exchange_rates.py
[2025-04-25T07:21:45.875+0000] {processor.py:829} INFO - Processing file /opt/airflow/dags/extract_exchange_rates.py for tasks to queue
[2025-04-25T07:21:45.875+0000] {logging_mixin.py:151} INFO - [2025-04-25T07:21:45.875+0000] {dagbag.py:536} INFO - Filling up the DagBag from /opt/airflow/dags/extract_exchange_rates.py
[2025-04-25T07:21:45.882+0000] {processor.py:839} INFO - DAG(s) dict_keys(['extract_exchange_rates']) retrieved from /opt/airflow/dags/extract_exchange_rates.py
[2025-04-25T07:21:45.894+0000] {logging_mixin.py:151} INFO - [2025-04-25T07:21:45.894+0000] {dag.py:2941} INFO - Sync 1 DAGs
[2025-04-25T07:21:45.904+0000] {logging_mixin.py:151} INFO - [2025-04-25T07:21:45.904+0000] {dag.py:3722} INFO - Setting next_dagrun for extract_exchange_rates to 2025-04-25T00:00:00+00:00, run_after=2025-04-26T00:00:00+00:00
[2025-04-25T07:21:45.913+0000] {processor.py:179} INFO - Processing /opt/airflow/dags/extract_exchange_rates.py took 0.040 seconds
[2025-04-25T07:22:16.062+0000] {processor.py:157} INFO - Started process (PID=1100) to work on /opt/airflow/dags/extract_exchange_rates.py
[2025-04-25T07:22:16.063+0000] {processor.py:829} INFO - Processing file /opt/airflow/dags/extract_exchange_rates.py for tasks to queue
[2025-04-25T07:22:16.063+0000] {logging_mixin.py:151} INFO - [2025-04-25T07:22:16.063+0000] {dagbag.py:536} INFO - Filling up the DagBag from /opt/airflow/dags/extract_exchange_rates.py
[2025-04-25T07:22:16.070+0000] {processor.py:839} INFO - DAG(s) dict_keys(['extract_exchange_rates']) retrieved from /opt/airflow/dags/extract_exchange_rates.py
[2025-04-25T07:22:16.081+0000] {logging_mixin.py:151} INFO - [2025-04-25T07:22:16.081+0000] {dag.py:2941} INFO - Sync 1 DAGs
[2025-04-25T07:22:16.090+0000] {logging_mixin.py:151} INFO - [2025-04-25T07:22:16.090+0000] {dag.py:3722} INFO - Setting next_dagrun for extract_exchange_rates to 2025-04-25T00:00:00+00:00, run_after=2025-04-26T00:00:00+00:00
[2025-04-25T07:22:16.097+0000] {processor.py:179} INFO - Processing /opt/airflow/dags/extract_exchange_rates.py took 0.036 seconds
[2025-04-25T07:22:46.235+0000] {processor.py:157} INFO - Started process (PID=1105) to work on /opt/airflow/dags/extract_exchange_rates.py
[2025-04-25T07:22:46.235+0000] {processor.py:829} INFO - Processing file /opt/airflow/dags/extract_exchange_rates.py for tasks to queue
[2025-04-25T07:22:46.236+0000] {logging_mixin.py:151} INFO - [2025-04-25T07:22:46.236+0000] {dagbag.py:536} INFO - Filling up the DagBag from /opt/airflow/dags/extract_exchange_rates.py
[2025-04-25T07:22:46.245+0000] {processor.py:839} INFO - DAG(s) dict_keys(['extract_exchange_rates']) retrieved from /opt/airflow/dags/extract_exchange_rates.py
[2025-04-25T07:22:46.258+0000] {logging_mixin.py:151} INFO - [2025-04-25T07:22:46.258+0000] {dag.py:2941} INFO - Sync 1 DAGs
[2025-04-25T07:22:46.268+0000] {logging_mixin.py:151} INFO - [2025-04-25T07:22:46.268+0000] {dag.py:3722} INFO - Setting next_dagrun for extract_exchange_rates to 2025-04-25T00:00:00+00:00, run_after=2025-04-26T00:00:00+00:00
[2025-04-25T07:22:46.275+0000] {processor.py:179} INFO - Processing /opt/airflow/dags/extract_exchange_rates.py took 0.043 seconds
[2025-04-25T07:23:16.415+0000] {processor.py:157} INFO - Started process (PID=1110) to work on /opt/airflow/dags/extract_exchange_rates.py
[2025-04-25T07:23:16.415+0000] {processor.py:829} INFO - Processing file /opt/airflow/dags/extract_exchange_rates.py for tasks to queue
[2025-04-25T07:23:16.416+0000] {logging_mixin.py:151} INFO - [2025-04-25T07:23:16.415+0000] {dagbag.py:536} INFO - Filling up the DagBag from /opt/airflow/dags/extract_exchange_rates.py
[2025-04-25T07:23:16.423+0000] {processor.py:839} INFO - DAG(s) dict_keys(['extract_exchange_rates']) retrieved from /opt/airflow/dags/extract_exchange_rates.py
[2025-04-25T07:23:16.435+0000] {logging_mixin.py:151} INFO - [2025-04-25T07:23:16.435+0000] {dag.py:2941} INFO - Sync 1 DAGs
[2025-04-25T07:23:16.445+0000] {logging_mixin.py:151} INFO - [2025-04-25T07:23:16.445+0000] {dag.py:3722} INFO - Setting next_dagrun for extract_exchange_rates to 2025-04-25T00:00:00+00:00, run_after=2025-04-26T00:00:00+00:00
[2025-04-25T07:23:16.452+0000] {processor.py:179} INFO - Processing /opt/airflow/dags/extract_exchange_rates.py took 0.039 seconds
[2025-04-25T07:23:46.646+0000] {processor.py:157} INFO - Started process (PID=1115) to work on /opt/airflow/dags/extract_exchange_rates.py
[2025-04-25T07:23:46.646+0000] {processor.py:829} INFO - Processing file /opt/airflow/dags/extract_exchange_rates.py for tasks to queue
[2025-04-25T07:23:46.647+0000] {logging_mixin.py:151} INFO - [2025-04-25T07:23:46.647+0000] {dagbag.py:536} INFO - Filling up the DagBag from /opt/airflow/dags/extract_exchange_rates.py
[2025-04-25T07:23:46.656+0000] {processor.py:839} INFO - DAG(s) dict_keys(['extract_exchange_rates']) retrieved from /opt/airflow/dags/extract_exchange_rates.py
[2025-04-25T07:23:46.670+0000] {logging_mixin.py:151} INFO - [2025-04-25T07:23:46.670+0000] {dag.py:2941} INFO - Sync 1 DAGs
[2025-04-25T07:23:46.680+0000] {logging_mixin.py:151} INFO - [2025-04-25T07:23:46.680+0000] {dag.py:3722} INFO - Setting next_dagrun for extract_exchange_rates to 2025-04-25T00:00:00+00:00, run_after=2025-04-26T00:00:00+00:00
[2025-04-25T07:23:46.687+0000] {processor.py:179} INFO - Processing /opt/airflow/dags/extract_exchange_rates.py took 0.044 seconds
[2025-04-25T07:24:16.873+0000] {processor.py:157} INFO - Started process (PID=1120) to work on /opt/airflow/dags/extract_exchange_rates.py
[2025-04-25T07:24:16.873+0000] {processor.py:829} INFO - Processing file /opt/airflow/dags/extract_exchange_rates.py for tasks to queue
[2025-04-25T07:24:16.874+0000] {logging_mixin.py:151} INFO - [2025-04-25T07:24:16.874+0000] {dagbag.py:536} INFO - Filling up the DagBag from /opt/airflow/dags/extract_exchange_rates.py
[2025-04-25T07:24:16.883+0000] {processor.py:839} INFO - DAG(s) dict_keys(['extract_exchange_rates']) retrieved from /opt/airflow/dags/extract_exchange_rates.py
[2025-04-25T07:24:16.896+0000] {logging_mixin.py:151} INFO - [2025-04-25T07:24:16.896+0000] {dag.py:2941} INFO - Sync 1 DAGs
[2025-04-25T07:24:16.905+0000] {logging_mixin.py:151} INFO - [2025-04-25T07:24:16.905+0000] {dag.py:3722} INFO - Setting next_dagrun for extract_exchange_rates to 2025-04-25T00:00:00+00:00, run_after=2025-04-26T00:00:00+00:00
[2025-04-25T07:24:16.912+0000] {processor.py:179} INFO - Processing /opt/airflow/dags/extract_exchange_rates.py took 0.041 seconds
[2025-04-25T07:24:47.072+0000] {processor.py:157} INFO - Started process (PID=1125) to work on /opt/airflow/dags/extract_exchange_rates.py
[2025-04-25T07:24:47.072+0000] {processor.py:829} INFO - Processing file /opt/airflow/dags/extract_exchange_rates.py for tasks to queue
[2025-04-25T07:24:47.073+0000] {logging_mixin.py:151} INFO - [2025-04-25T07:24:47.073+0000] {dagbag.py:536} INFO - Filling up the DagBag from /opt/airflow/dags/extract_exchange_rates.py
[2025-04-25T07:24:47.082+0000] {processor.py:839} INFO - DAG(s) dict_keys(['extract_exchange_rates']) retrieved from /opt/airflow/dags/extract_exchange_rates.py
[2025-04-25T07:24:47.096+0000] {logging_mixin.py:151} INFO - [2025-04-25T07:24:47.096+0000] {dag.py:2941} INFO - Sync 1 DAGs
[2025-04-25T07:24:47.105+0000] {logging_mixin.py:151} INFO - [2025-04-25T07:24:47.105+0000] {dag.py:3722} INFO - Setting next_dagrun for extract_exchange_rates to 2025-04-25T00:00:00+00:00, run_after=2025-04-26T00:00:00+00:00
[2025-04-25T07:24:47.112+0000] {processor.py:179} INFO - Processing /opt/airflow/dags/extract_exchange_rates.py took 0.043 seconds
[2025-04-25T07:25:17.313+0000] {processor.py:157} INFO - Started process (PID=1130) to work on /opt/airflow/dags/extract_exchange_rates.py
[2025-04-25T07:25:17.314+0000] {processor.py:829} INFO - Processing file /opt/airflow/dags/extract_exchange_rates.py for tasks to queue
[2025-04-25T07:25:17.314+0000] {logging_mixin.py:151} INFO - [2025-04-25T07:25:17.314+0000] {dagbag.py:536} INFO - Filling up the DagBag from /opt/airflow/dags/extract_exchange_rates.py
[2025-04-25T07:25:17.323+0000] {processor.py:839} INFO - DAG(s) dict_keys(['extract_exchange_rates']) retrieved from /opt/airflow/dags/extract_exchange_rates.py
[2025-04-25T07:25:17.335+0000] {logging_mixin.py:151} INFO - [2025-04-25T07:25:17.335+0000] {dag.py:2941} INFO - Sync 1 DAGs
[2025-04-25T07:25:17.345+0000] {logging_mixin.py:151} INFO - [2025-04-25T07:25:17.345+0000] {dag.py:3722} INFO - Setting next_dagrun for extract_exchange_rates to 2025-04-25T00:00:00+00:00, run_after=2025-04-26T00:00:00+00:00
[2025-04-25T07:25:17.353+0000] {processor.py:179} INFO - Processing /opt/airflow/dags/extract_exchange_rates.py took 0.043 seconds
[2025-04-25T07:25:47.510+0000] {processor.py:157} INFO - Started process (PID=1135) to work on /opt/airflow/dags/extract_exchange_rates.py
[2025-04-25T07:25:47.510+0000] {processor.py:829} INFO - Processing file /opt/airflow/dags/extract_exchange_rates.py for tasks to queue
[2025-04-25T07:25:47.511+0000] {logging_mixin.py:151} INFO - [2025-04-25T07:25:47.511+0000] {dagbag.py:536} INFO - Filling up the DagBag from /opt/airflow/dags/extract_exchange_rates.py
[2025-04-25T07:25:47.519+0000] {processor.py:839} INFO - DAG(s) dict_keys(['extract_exchange_rates']) retrieved from /opt/airflow/dags/extract_exchange_rates.py
[2025-04-25T07:25:47.529+0000] {logging_mixin.py:151} INFO - [2025-04-25T07:25:47.529+0000] {dag.py:2941} INFO - Sync 1 DAGs
[2025-04-25T07:25:47.537+0000] {logging_mixin.py:151} INFO - [2025-04-25T07:25:47.537+0000] {dag.py:3722} INFO - Setting next_dagrun for extract_exchange_rates to 2025-04-25T00:00:00+00:00, run_after=2025-04-26T00:00:00+00:00
[2025-04-25T07:25:47.543+0000] {processor.py:179} INFO - Processing /opt/airflow/dags/extract_exchange_rates.py took 0.034 seconds
[2025-04-25T07:26:17.742+0000] {processor.py:157} INFO - Started process (PID=1140) to work on /opt/airflow/dags/extract_exchange_rates.py
[2025-04-25T07:26:17.742+0000] {processor.py:829} INFO - Processing file /opt/airflow/dags/extract_exchange_rates.py for tasks to queue
[2025-04-25T07:26:17.743+0000] {logging_mixin.py:151} INFO - [2025-04-25T07:26:17.743+0000] {dagbag.py:536} INFO - Filling up the DagBag from /opt/airflow/dags/extract_exchange_rates.py
[2025-04-25T07:26:17.752+0000] {processor.py:839} INFO - DAG(s) dict_keys(['extract_exchange_rates']) retrieved from /opt/airflow/dags/extract_exchange_rates.py
[2025-04-25T07:26:17.765+0000] {logging_mixin.py:151} INFO - [2025-04-25T07:26:17.765+0000] {dag.py:2941} INFO - Sync 1 DAGs
[2025-04-25T07:26:17.776+0000] {logging_mixin.py:151} INFO - [2025-04-25T07:26:17.776+0000] {dag.py:3722} INFO - Setting next_dagrun for extract_exchange_rates to 2025-04-25T00:00:00+00:00, run_after=2025-04-26T00:00:00+00:00
[2025-04-25T07:26:17.783+0000] {processor.py:179} INFO - Processing /opt/airflow/dags/extract_exchange_rates.py took 0.043 seconds
[2025-04-25T07:26:47.932+0000] {processor.py:157} INFO - Started process (PID=1145) to work on /opt/airflow/dags/extract_exchange_rates.py
[2025-04-25T07:26:47.933+0000] {processor.py:829} INFO - Processing file /opt/airflow/dags/extract_exchange_rates.py for tasks to queue
[2025-04-25T07:26:47.933+0000] {logging_mixin.py:151} INFO - [2025-04-25T07:26:47.933+0000] {dagbag.py:536} INFO - Filling up the DagBag from /opt/airflow/dags/extract_exchange_rates.py
[2025-04-25T07:26:47.943+0000] {processor.py:839} INFO - DAG(s) dict_keys(['extract_exchange_rates']) retrieved from /opt/airflow/dags/extract_exchange_rates.py
[2025-04-25T07:26:47.956+0000] {logging_mixin.py:151} INFO - [2025-04-25T07:26:47.956+0000] {dag.py:2941} INFO - Sync 1 DAGs
[2025-04-25T07:26:47.966+0000] {logging_mixin.py:151} INFO - [2025-04-25T07:26:47.966+0000] {dag.py:3722} INFO - Setting next_dagrun for extract_exchange_rates to 2025-04-25T00:00:00+00:00, run_after=2025-04-26T00:00:00+00:00
[2025-04-25T07:26:47.973+0000] {processor.py:179} INFO - Processing /opt/airflow/dags/extract_exchange_rates.py took 0.043 seconds
[2025-04-25T07:27:18.131+0000] {processor.py:157} INFO - Started process (PID=1150) to work on /opt/airflow/dags/extract_exchange_rates.py
[2025-04-25T07:27:18.131+0000] {processor.py:829} INFO - Processing file /opt/airflow/dags/extract_exchange_rates.py for tasks to queue
[2025-04-25T07:27:18.132+0000] {logging_mixin.py:151} INFO - [2025-04-25T07:27:18.132+0000] {dagbag.py:536} INFO - Filling up the DagBag from /opt/airflow/dags/extract_exchange_rates.py
[2025-04-25T07:27:18.140+0000] {processor.py:839} INFO - DAG(s) dict_keys(['extract_exchange_rates']) retrieved from /opt/airflow/dags/extract_exchange_rates.py
[2025-04-25T07:27:18.153+0000] {logging_mixin.py:151} INFO - [2025-04-25T07:27:18.152+0000] {dag.py:2941} INFO - Sync 1 DAGs
[2025-04-25T07:27:18.162+0000] {logging_mixin.py:151} INFO - [2025-04-25T07:27:18.162+0000] {dag.py:3722} INFO - Setting next_dagrun for extract_exchange_rates to 2025-04-25T00:00:00+00:00, run_after=2025-04-26T00:00:00+00:00
[2025-04-25T07:27:18.168+0000] {processor.py:179} INFO - Processing /opt/airflow/dags/extract_exchange_rates.py took 0.039 seconds
[2025-04-25T07:27:48.332+0000] {processor.py:157} INFO - Started process (PID=1155) to work on /opt/airflow/dags/extract_exchange_rates.py
[2025-04-25T07:27:48.333+0000] {processor.py:829} INFO - Processing file /opt/airflow/dags/extract_exchange_rates.py for tasks to queue
[2025-04-25T07:27:48.333+0000] {logging_mixin.py:151} INFO - [2025-04-25T07:27:48.333+0000] {dagbag.py:536} INFO - Filling up the DagBag from /opt/airflow/dags/extract_exchange_rates.py
[2025-04-25T07:27:48.340+0000] {processor.py:839} INFO - DAG(s) dict_keys(['extract_exchange_rates']) retrieved from /opt/airflow/dags/extract_exchange_rates.py
[2025-04-25T07:27:48.352+0000] {logging_mixin.py:151} INFO - [2025-04-25T07:27:48.352+0000] {dag.py:2941} INFO - Sync 1 DAGs
[2025-04-25T07:27:48.361+0000] {logging_mixin.py:151} INFO - [2025-04-25T07:27:48.360+0000] {dag.py:3722} INFO - Setting next_dagrun for extract_exchange_rates to 2025-04-25T00:00:00+00:00, run_after=2025-04-26T00:00:00+00:00
[2025-04-25T07:27:48.367+0000] {processor.py:179} INFO - Processing /opt/airflow/dags/extract_exchange_rates.py took 0.036 seconds
[2025-04-25T07:28:18.517+0000] {processor.py:157} INFO - Started process (PID=1160) to work on /opt/airflow/dags/extract_exchange_rates.py
[2025-04-25T07:28:18.517+0000] {processor.py:829} INFO - Processing file /opt/airflow/dags/extract_exchange_rates.py for tasks to queue
[2025-04-25T07:28:18.518+0000] {logging_mixin.py:151} INFO - [2025-04-25T07:28:18.518+0000] {dagbag.py:536} INFO - Filling up the DagBag from /opt/airflow/dags/extract_exchange_rates.py
[2025-04-25T07:28:18.525+0000] {processor.py:839} INFO - DAG(s) dict_keys(['extract_exchange_rates']) retrieved from /opt/airflow/dags/extract_exchange_rates.py
[2025-04-25T07:28:18.537+0000] {logging_mixin.py:151} INFO - [2025-04-25T07:28:18.537+0000] {dag.py:2941} INFO - Sync 1 DAGs
[2025-04-25T07:28:18.546+0000] {logging_mixin.py:151} INFO - [2025-04-25T07:28:18.546+0000] {dag.py:3722} INFO - Setting next_dagrun for extract_exchange_rates to 2025-04-25T00:00:00+00:00, run_after=2025-04-26T00:00:00+00:00
[2025-04-25T07:28:18.553+0000] {processor.py:179} INFO - Processing /opt/airflow/dags/extract_exchange_rates.py took 0.038 seconds
[2025-04-25T07:28:48.712+0000] {processor.py:157} INFO - Started process (PID=1165) to work on /opt/airflow/dags/extract_exchange_rates.py
[2025-04-25T07:28:48.713+0000] {processor.py:829} INFO - Processing file /opt/airflow/dags/extract_exchange_rates.py for tasks to queue
[2025-04-25T07:28:48.713+0000] {logging_mixin.py:151} INFO - [2025-04-25T07:28:48.713+0000] {dagbag.py:536} INFO - Filling up the DagBag from /opt/airflow/dags/extract_exchange_rates.py
[2025-04-25T07:28:48.720+0000] {processor.py:839} INFO - DAG(s) dict_keys(['extract_exchange_rates']) retrieved from /opt/airflow/dags/extract_exchange_rates.py
[2025-04-25T07:28:48.731+0000] {logging_mixin.py:151} INFO - [2025-04-25T07:28:48.731+0000] {dag.py:2941} INFO - Sync 1 DAGs
[2025-04-25T07:28:48.740+0000] {logging_mixin.py:151} INFO - [2025-04-25T07:28:48.740+0000] {dag.py:3722} INFO - Setting next_dagrun for extract_exchange_rates to 2025-04-25T00:00:00+00:00, run_after=2025-04-26T00:00:00+00:00
[2025-04-25T07:28:48.748+0000] {processor.py:179} INFO - Processing /opt/airflow/dags/extract_exchange_rates.py took 0.037 seconds
[2025-04-25T07:29:18.900+0000] {processor.py:157} INFO - Started process (PID=1170) to work on /opt/airflow/dags/extract_exchange_rates.py
[2025-04-25T07:29:18.901+0000] {processor.py:829} INFO - Processing file /opt/airflow/dags/extract_exchange_rates.py for tasks to queue
[2025-04-25T07:29:18.901+0000] {logging_mixin.py:151} INFO - [2025-04-25T07:29:18.901+0000] {dagbag.py:536} INFO - Filling up the DagBag from /opt/airflow/dags/extract_exchange_rates.py
[2025-04-25T07:29:18.910+0000] {processor.py:839} INFO - DAG(s) dict_keys(['extract_exchange_rates']) retrieved from /opt/airflow/dags/extract_exchange_rates.py
[2025-04-25T07:29:18.920+0000] {logging_mixin.py:151} INFO - [2025-04-25T07:29:18.920+0000] {dag.py:2941} INFO - Sync 1 DAGs
[2025-04-25T07:29:18.929+0000] {logging_mixin.py:151} INFO - [2025-04-25T07:29:18.928+0000] {dag.py:3722} INFO - Setting next_dagrun for extract_exchange_rates to 2025-04-25T00:00:00+00:00, run_after=2025-04-26T00:00:00+00:00
[2025-04-25T07:29:18.935+0000] {processor.py:179} INFO - Processing /opt/airflow/dags/extract_exchange_rates.py took 0.036 seconds
[2025-04-25T07:29:49.067+0000] {processor.py:157} INFO - Started process (PID=1175) to work on /opt/airflow/dags/extract_exchange_rates.py
[2025-04-25T07:29:49.067+0000] {processor.py:829} INFO - Processing file /opt/airflow/dags/extract_exchange_rates.py for tasks to queue
[2025-04-25T07:29:49.068+0000] {logging_mixin.py:151} INFO - [2025-04-25T07:29:49.068+0000] {dagbag.py:536} INFO - Filling up the DagBag from /opt/airflow/dags/extract_exchange_rates.py
[2025-04-25T07:29:49.075+0000] {processor.py:839} INFO - DAG(s) dict_keys(['extract_exchange_rates']) retrieved from /opt/airflow/dags/extract_exchange_rates.py
[2025-04-25T07:29:49.089+0000] {logging_mixin.py:151} INFO - [2025-04-25T07:29:49.089+0000] {dag.py:2941} INFO - Sync 1 DAGs
[2025-04-25T07:29:49.100+0000] {logging_mixin.py:151} INFO - [2025-04-25T07:29:49.100+0000] {dag.py:3722} INFO - Setting next_dagrun for extract_exchange_rates to 2025-04-25T00:00:00+00:00, run_after=2025-04-26T00:00:00+00:00
[2025-04-25T07:29:49.107+0000] {processor.py:179} INFO - Processing /opt/airflow/dags/extract_exchange_rates.py took 0.042 seconds
[2025-04-25T07:30:19.248+0000] {processor.py:157} INFO - Started process (PID=1180) to work on /opt/airflow/dags/extract_exchange_rates.py
[2025-04-25T07:30:19.249+0000] {processor.py:829} INFO - Processing file /opt/airflow/dags/extract_exchange_rates.py for tasks to queue
[2025-04-25T07:30:19.250+0000] {logging_mixin.py:151} INFO - [2025-04-25T07:30:19.250+0000] {dagbag.py:536} INFO - Filling up the DagBag from /opt/airflow/dags/extract_exchange_rates.py
[2025-04-25T07:30:19.261+0000] {processor.py:839} INFO - DAG(s) dict_keys(['extract_exchange_rates']) retrieved from /opt/airflow/dags/extract_exchange_rates.py
[2025-04-25T07:30:19.275+0000] {logging_mixin.py:151} INFO - [2025-04-25T07:30:19.275+0000] {dag.py:2941} INFO - Sync 1 DAGs
[2025-04-25T07:30:19.286+0000] {logging_mixin.py:151} INFO - [2025-04-25T07:30:19.286+0000] {dag.py:3722} INFO - Setting next_dagrun for extract_exchange_rates to 2025-04-25T00:00:00+00:00, run_after=2025-04-26T00:00:00+00:00
[2025-04-25T07:30:19.294+0000] {processor.py:179} INFO - Processing /opt/airflow/dags/extract_exchange_rates.py took 0.048 seconds
[2025-04-25T07:30:49.477+0000] {processor.py:157} INFO - Started process (PID=1185) to work on /opt/airflow/dags/extract_exchange_rates.py
[2025-04-25T07:30:49.477+0000] {processor.py:829} INFO - Processing file /opt/airflow/dags/extract_exchange_rates.py for tasks to queue
[2025-04-25T07:30:49.478+0000] {logging_mixin.py:151} INFO - [2025-04-25T07:30:49.478+0000] {dagbag.py:536} INFO - Filling up the DagBag from /opt/airflow/dags/extract_exchange_rates.py
[2025-04-25T07:30:49.490+0000] {processor.py:839} INFO - DAG(s) dict_keys(['extract_exchange_rates']) retrieved from /opt/airflow/dags/extract_exchange_rates.py
[2025-04-25T07:30:49.505+0000] {logging_mixin.py:151} INFO - [2025-04-25T07:30:49.505+0000] {dag.py:2941} INFO - Sync 1 DAGs
[2025-04-25T07:30:49.517+0000] {logging_mixin.py:151} INFO - [2025-04-25T07:30:49.517+0000] {dag.py:3722} INFO - Setting next_dagrun for extract_exchange_rates to 2025-04-25T00:00:00+00:00, run_after=2025-04-26T00:00:00+00:00
[2025-04-25T07:30:49.524+0000] {processor.py:179} INFO - Processing /opt/airflow/dags/extract_exchange_rates.py took 0.049 seconds
[2025-04-25T07:31:19.724+0000] {processor.py:157} INFO - Started process (PID=1190) to work on /opt/airflow/dags/extract_exchange_rates.py
[2025-04-25T07:31:19.724+0000] {processor.py:829} INFO - Processing file /opt/airflow/dags/extract_exchange_rates.py for tasks to queue
[2025-04-25T07:31:19.725+0000] {logging_mixin.py:151} INFO - [2025-04-25T07:31:19.725+0000] {dagbag.py:536} INFO - Filling up the DagBag from /opt/airflow/dags/extract_exchange_rates.py
[2025-04-25T07:31:19.738+0000] {processor.py:839} INFO - DAG(s) dict_keys(['extract_exchange_rates']) retrieved from /opt/airflow/dags/extract_exchange_rates.py
[2025-04-25T07:31:19.755+0000] {logging_mixin.py:151} INFO - [2025-04-25T07:31:19.755+0000] {dag.py:2941} INFO - Sync 1 DAGs
[2025-04-25T07:31:19.767+0000] {logging_mixin.py:151} INFO - [2025-04-25T07:31:19.767+0000] {dag.py:3722} INFO - Setting next_dagrun for extract_exchange_rates to 2025-04-25T00:00:00+00:00, run_after=2025-04-26T00:00:00+00:00
[2025-04-25T07:31:19.776+0000] {processor.py:179} INFO - Processing /opt/airflow/dags/extract_exchange_rates.py took 0.055 seconds
[2025-04-25T07:31:49.931+0000] {processor.py:157} INFO - Started process (PID=1195) to work on /opt/airflow/dags/extract_exchange_rates.py
[2025-04-25T07:31:49.932+0000] {processor.py:829} INFO - Processing file /opt/airflow/dags/extract_exchange_rates.py for tasks to queue
[2025-04-25T07:31:49.933+0000] {logging_mixin.py:151} INFO - [2025-04-25T07:31:49.932+0000] {dagbag.py:536} INFO - Filling up the DagBag from /opt/airflow/dags/extract_exchange_rates.py
[2025-04-25T07:31:49.945+0000] {processor.py:839} INFO - DAG(s) dict_keys(['extract_exchange_rates']) retrieved from /opt/airflow/dags/extract_exchange_rates.py
[2025-04-25T07:31:49.961+0000] {logging_mixin.py:151} INFO - [2025-04-25T07:31:49.961+0000] {dag.py:2941} INFO - Sync 1 DAGs
[2025-04-25T07:31:49.972+0000] {logging_mixin.py:151} INFO - [2025-04-25T07:31:49.972+0000] {dag.py:3722} INFO - Setting next_dagrun for extract_exchange_rates to 2025-04-25T00:00:00+00:00, run_after=2025-04-26T00:00:00+00:00
[2025-04-25T07:31:49.979+0000] {processor.py:179} INFO - Processing /opt/airflow/dags/extract_exchange_rates.py took 0.052 seconds
[2025-04-25T07:32:20.162+0000] {processor.py:157} INFO - Started process (PID=1200) to work on /opt/airflow/dags/extract_exchange_rates.py
[2025-04-25T07:32:20.162+0000] {processor.py:829} INFO - Processing file /opt/airflow/dags/extract_exchange_rates.py for tasks to queue
[2025-04-25T07:32:20.163+0000] {logging_mixin.py:151} INFO - [2025-04-25T07:32:20.163+0000] {dagbag.py:536} INFO - Filling up the DagBag from /opt/airflow/dags/extract_exchange_rates.py
[2025-04-25T07:32:20.174+0000] {processor.py:839} INFO - DAG(s) dict_keys(['extract_exchange_rates']) retrieved from /opt/airflow/dags/extract_exchange_rates.py
[2025-04-25T07:32:20.189+0000] {logging_mixin.py:151} INFO - [2025-04-25T07:32:20.189+0000] {dag.py:2941} INFO - Sync 1 DAGs
[2025-04-25T07:32:20.201+0000] {logging_mixin.py:151} INFO - [2025-04-25T07:32:20.200+0000] {dag.py:3722} INFO - Setting next_dagrun for extract_exchange_rates to 2025-04-25T00:00:00+00:00, run_after=2025-04-26T00:00:00+00:00
[2025-04-25T07:32:20.208+0000] {processor.py:179} INFO - Processing /opt/airflow/dags/extract_exchange_rates.py took 0.049 seconds
[2025-04-25T07:32:50.422+0000] {processor.py:157} INFO - Started process (PID=1205) to work on /opt/airflow/dags/extract_exchange_rates.py
[2025-04-25T07:32:50.423+0000] {processor.py:829} INFO - Processing file /opt/airflow/dags/extract_exchange_rates.py for tasks to queue
[2025-04-25T07:32:50.424+0000] {logging_mixin.py:151} INFO - [2025-04-25T07:32:50.424+0000] {dagbag.py:536} INFO - Filling up the DagBag from /opt/airflow/dags/extract_exchange_rates.py
[2025-04-25T07:32:50.435+0000] {processor.py:839} INFO - DAG(s) dict_keys(['extract_exchange_rates']) retrieved from /opt/airflow/dags/extract_exchange_rates.py
[2025-04-25T07:32:50.447+0000] {logging_mixin.py:151} INFO - [2025-04-25T07:32:50.447+0000] {dag.py:2941} INFO - Sync 1 DAGs
[2025-04-25T07:32:50.457+0000] {logging_mixin.py:151} INFO - [2025-04-25T07:32:50.457+0000] {dag.py:3722} INFO - Setting next_dagrun for extract_exchange_rates to 2025-04-25T00:00:00+00:00, run_after=2025-04-26T00:00:00+00:00
[2025-04-25T07:32:50.464+0000] {processor.py:179} INFO - Processing /opt/airflow/dags/extract_exchange_rates.py took 0.046 seconds
[2025-04-25T07:38:24.480+0000] {processor.py:157} INFO - Started process (PID=1212) to work on /opt/airflow/dags/extract_exchange_rates.py
[2025-04-25T07:38:24.480+0000] {processor.py:829} INFO - Processing file /opt/airflow/dags/extract_exchange_rates.py for tasks to queue
[2025-04-25T07:38:24.480+0000] {logging_mixin.py:151} INFO - [2025-04-25T07:38:24.480+0000] {dagbag.py:536} INFO - Filling up the DagBag from /opt/airflow/dags/extract_exchange_rates.py
[2025-04-25T07:38:24.486+0000] {processor.py:839} INFO - DAG(s) dict_keys(['extract_exchange_rates']) retrieved from /opt/airflow/dags/extract_exchange_rates.py
[2025-04-25T07:38:24.497+0000] {logging_mixin.py:151} INFO - [2025-04-25T07:38:24.497+0000] {dag.py:2941} INFO - Sync 1 DAGs
[2025-04-25T07:38:24.506+0000] {logging_mixin.py:151} INFO - [2025-04-25T07:38:24.506+0000] {dag.py:3722} INFO - Setting next_dagrun for extract_exchange_rates to 2025-04-25T00:00:00+00:00, run_after=2025-04-26T00:00:00+00:00
[2025-04-25T07:38:24.512+0000] {processor.py:179} INFO - Processing /opt/airflow/dags/extract_exchange_rates.py took 0.034 seconds
[2025-04-25T08:20:25.805+0000] {processor.py:157} INFO - Started process (PID=1221) to work on /opt/airflow/dags/extract_exchange_rates.py
[2025-04-25T08:20:25.806+0000] {processor.py:829} INFO - Processing file /opt/airflow/dags/extract_exchange_rates.py for tasks to queue
[2025-04-25T08:20:25.807+0000] {logging_mixin.py:151} INFO - [2025-04-25T08:20:25.807+0000] {dagbag.py:536} INFO - Filling up the DagBag from /opt/airflow/dags/extract_exchange_rates.py
[2025-04-25T08:20:25.817+0000] {processor.py:839} INFO - DAG(s) dict_keys(['extract_exchange_rates']) retrieved from /opt/airflow/dags/extract_exchange_rates.py
[2025-04-25T08:20:25.829+0000] {logging_mixin.py:151} INFO - [2025-04-25T08:20:25.829+0000] {dag.py:2941} INFO - Sync 1 DAGs
[2025-04-25T08:20:25.838+0000] {logging_mixin.py:151} INFO - [2025-04-25T08:20:25.838+0000] {dag.py:3722} INFO - Setting next_dagrun for extract_exchange_rates to 2025-04-25T00:00:00+00:00, run_after=2025-04-26T00:00:00+00:00
[2025-04-25T08:20:25.845+0000] {processor.py:179} INFO - Processing /opt/airflow/dags/extract_exchange_rates.py took 0.042 seconds
[2025-04-25T08:54:02.341+0000] {processor.py:157} INFO - Started process (PID=1231) to work on /opt/airflow/dags/extract_exchange_rates.py
[2025-04-25T08:54:02.341+0000] {processor.py:829} INFO - Processing file /opt/airflow/dags/extract_exchange_rates.py for tasks to queue
[2025-04-25T08:54:02.342+0000] {logging_mixin.py:151} INFO - [2025-04-25T08:54:02.342+0000] {dagbag.py:536} INFO - Filling up the DagBag from /opt/airflow/dags/extract_exchange_rates.py
[2025-04-25T08:54:02.350+0000] {processor.py:839} INFO - DAG(s) dict_keys(['extract_exchange_rates']) retrieved from /opt/airflow/dags/extract_exchange_rates.py
[2025-04-25T08:54:02.363+0000] {logging_mixin.py:151} INFO - [2025-04-25T08:54:02.362+0000] {dag.py:2941} INFO - Sync 1 DAGs
[2025-04-25T08:54:02.371+0000] {logging_mixin.py:151} INFO - [2025-04-25T08:54:02.371+0000] {dag.py:3722} INFO - Setting next_dagrun for extract_exchange_rates to 2025-04-25T00:00:00+00:00, run_after=2025-04-26T00:00:00+00:00
[2025-04-25T08:54:02.379+0000] {processor.py:179} INFO - Processing /opt/airflow/dags/extract_exchange_rates.py took 0.040 seconds
[2025-04-25T10:05:01.169+0000] {processor.py:157} INFO - Started process (PID=1240) to work on /opt/airflow/dags/extract_exchange_rates.py
[2025-04-25T10:05:01.170+0000] {processor.py:829} INFO - Processing file /opt/airflow/dags/extract_exchange_rates.py for tasks to queue
[2025-04-25T10:05:01.170+0000] {logging_mixin.py:151} INFO - [2025-04-25T10:05:01.170+0000] {dagbag.py:536} INFO - Filling up the DagBag from /opt/airflow/dags/extract_exchange_rates.py
[2025-04-25T10:05:01.181+0000] {processor.py:839} INFO - DAG(s) dict_keys(['extract_exchange_rates']) retrieved from /opt/airflow/dags/extract_exchange_rates.py
[2025-04-25T10:05:01.192+0000] {logging_mixin.py:151} INFO - [2025-04-25T10:05:01.192+0000] {dag.py:2941} INFO - Sync 1 DAGs
[2025-04-25T10:05:01.201+0000] {logging_mixin.py:151} INFO - [2025-04-25T10:05:01.201+0000] {dag.py:3722} INFO - Setting next_dagrun for extract_exchange_rates to 2025-04-25T00:00:00+00:00, run_after=2025-04-26T00:00:00+00:00
[2025-04-25T10:05:01.207+0000] {processor.py:179} INFO - Processing /opt/airflow/dags/extract_exchange_rates.py took 0.040 seconds
[2025-04-25T11:20:24.673+0000] {processor.py:157} INFO - Started process (PID=1251) to work on /opt/airflow/dags/extract_exchange_rates.py
[2025-04-25T11:20:24.674+0000] {processor.py:829} INFO - Processing file /opt/airflow/dags/extract_exchange_rates.py for tasks to queue
[2025-04-25T11:20:24.674+0000] {logging_mixin.py:151} INFO - [2025-04-25T11:20:24.674+0000] {dagbag.py:536} INFO - Filling up the DagBag from /opt/airflow/dags/extract_exchange_rates.py
[2025-04-25T11:20:24.682+0000] {processor.py:839} INFO - DAG(s) dict_keys(['extract_exchange_rates']) retrieved from /opt/airflow/dags/extract_exchange_rates.py
[2025-04-25T11:20:24.694+0000] {logging_mixin.py:151} INFO - [2025-04-25T11:20:24.694+0000] {dag.py:2941} INFO - Sync 1 DAGs
[2025-04-25T11:20:24.703+0000] {logging_mixin.py:151} INFO - [2025-04-25T11:20:24.703+0000] {dag.py:3722} INFO - Setting next_dagrun for extract_exchange_rates to 2025-04-25T00:00:00+00:00, run_after=2025-04-26T00:00:00+00:00
[2025-04-25T11:20:24.710+0000] {processor.py:179} INFO - Processing /opt/airflow/dags/extract_exchange_rates.py took 0.039 seconds
[2025-04-25T12:06:57.448+0000] {processor.py:157} INFO - Started process (PID=1260) to work on /opt/airflow/dags/extract_exchange_rates.py
[2025-04-25T12:06:57.449+0000] {processor.py:829} INFO - Processing file /opt/airflow/dags/extract_exchange_rates.py for tasks to queue
[2025-04-25T12:06:57.449+0000] {logging_mixin.py:151} INFO - [2025-04-25T12:06:57.449+0000] {dagbag.py:536} INFO - Filling up the DagBag from /opt/airflow/dags/extract_exchange_rates.py
[2025-04-25T12:06:57.456+0000] {processor.py:839} INFO - DAG(s) dict_keys(['extract_exchange_rates']) retrieved from /opt/airflow/dags/extract_exchange_rates.py
[2025-04-25T12:06:57.467+0000] {logging_mixin.py:151} INFO - [2025-04-25T12:06:57.467+0000] {dag.py:2941} INFO - Sync 1 DAGs
[2025-04-25T12:06:57.476+0000] {logging_mixin.py:151} INFO - [2025-04-25T12:06:57.475+0000] {dag.py:3722} INFO - Setting next_dagrun for extract_exchange_rates to 2025-04-25T00:00:00+00:00, run_after=2025-04-26T00:00:00+00:00
[2025-04-25T12:06:57.483+0000] {processor.py:179} INFO - Processing /opt/airflow/dags/extract_exchange_rates.py took 0.036 seconds
[2025-04-25T13:08:00.380+0000] {processor.py:157} INFO - Started process (PID=1269) to work on /opt/airflow/dags/extract_exchange_rates.py
[2025-04-25T13:08:00.381+0000] {processor.py:829} INFO - Processing file /opt/airflow/dags/extract_exchange_rates.py for tasks to queue
[2025-04-25T13:08:00.382+0000] {logging_mixin.py:151} INFO - [2025-04-25T13:08:00.381+0000] {dagbag.py:536} INFO - Filling up the DagBag from /opt/airflow/dags/extract_exchange_rates.py
[2025-04-25T13:08:00.389+0000] {processor.py:839} INFO - DAG(s) dict_keys(['extract_exchange_rates']) retrieved from /opt/airflow/dags/extract_exchange_rates.py
[2025-04-25T13:08:00.401+0000] {logging_mixin.py:151} INFO - [2025-04-25T13:08:00.401+0000] {dag.py:2941} INFO - Sync 1 DAGs
[2025-04-25T13:08:00.410+0000] {logging_mixin.py:151} INFO - [2025-04-25T13:08:00.410+0000] {dag.py:3722} INFO - Setting next_dagrun for extract_exchange_rates to 2025-04-25T00:00:00+00:00, run_after=2025-04-26T00:00:00+00:00
[2025-04-25T13:08:00.417+0000] {processor.py:179} INFO - Processing /opt/airflow/dags/extract_exchange_rates.py took 0.038 seconds
[2025-04-25T13:59:56.975+0000] {processor.py:157} INFO - Started process (PID=1278) to work on /opt/airflow/dags/extract_exchange_rates.py
[2025-04-25T13:59:56.976+0000] {processor.py:829} INFO - Processing file /opt/airflow/dags/extract_exchange_rates.py for tasks to queue
[2025-04-25T13:59:56.976+0000] {logging_mixin.py:151} INFO - [2025-04-25T13:59:56.976+0000] {dagbag.py:536} INFO - Filling up the DagBag from /opt/airflow/dags/extract_exchange_rates.py
[2025-04-25T13:59:56.984+0000] {processor.py:839} INFO - DAG(s) dict_keys(['extract_exchange_rates']) retrieved from /opt/airflow/dags/extract_exchange_rates.py
[2025-04-25T13:59:56.996+0000] {logging_mixin.py:151} INFO - [2025-04-25T13:59:56.995+0000] {dag.py:2941} INFO - Sync 1 DAGs
[2025-04-25T13:59:57.006+0000] {logging_mixin.py:151} INFO - [2025-04-25T13:59:57.006+0000] {dag.py:3722} INFO - Setting next_dagrun for extract_exchange_rates to 2025-04-25T00:00:00+00:00, run_after=2025-04-26T00:00:00+00:00
[2025-04-25T13:59:57.015+0000] {processor.py:179} INFO - Processing /opt/airflow/dags/extract_exchange_rates.py took 0.041 seconds
[2025-04-25T14:00:27.315+0000] {processor.py:157} INFO - Started process (PID=1287) to work on /opt/airflow/dags/extract_exchange_rates.py
[2025-04-25T14:00:27.316+0000] {processor.py:829} INFO - Processing file /opt/airflow/dags/extract_exchange_rates.py for tasks to queue
[2025-04-25T14:00:27.316+0000] {logging_mixin.py:151} INFO - [2025-04-25T14:00:27.316+0000] {dagbag.py:536} INFO - Filling up the DagBag from /opt/airflow/dags/extract_exchange_rates.py
[2025-04-25T14:00:27.327+0000] {processor.py:839} INFO - DAG(s) dict_keys(['extract_exchange_rates']) retrieved from /opt/airflow/dags/extract_exchange_rates.py
[2025-04-25T14:00:27.340+0000] {logging_mixin.py:151} INFO - [2025-04-25T14:00:27.340+0000] {dag.py:2941} INFO - Sync 1 DAGs
[2025-04-25T14:00:27.351+0000] {logging_mixin.py:151} INFO - [2025-04-25T14:00:27.350+0000] {dag.py:3722} INFO - Setting next_dagrun for extract_exchange_rates to 2025-04-25T00:00:00+00:00, run_after=2025-04-26T00:00:00+00:00
[2025-04-25T14:00:27.358+0000] {processor.py:179} INFO - Processing /opt/airflow/dags/extract_exchange_rates.py took 0.045 seconds
[2025-04-25T14:00:57.642+0000] {processor.py:157} INFO - Started process (PID=1292) to work on /opt/airflow/dags/extract_exchange_rates.py
[2025-04-25T14:00:57.643+0000] {processor.py:829} INFO - Processing file /opt/airflow/dags/extract_exchange_rates.py for tasks to queue
[2025-04-25T14:00:57.643+0000] {logging_mixin.py:151} INFO - [2025-04-25T14:00:57.643+0000] {dagbag.py:536} INFO - Filling up the DagBag from /opt/airflow/dags/extract_exchange_rates.py
[2025-04-25T14:00:57.653+0000] {processor.py:839} INFO - DAG(s) dict_keys(['extract_exchange_rates']) retrieved from /opt/airflow/dags/extract_exchange_rates.py
[2025-04-25T14:00:57.669+0000] {logging_mixin.py:151} INFO - [2025-04-25T14:00:57.668+0000] {dag.py:2941} INFO - Sync 1 DAGs
[2025-04-25T14:00:57.680+0000] {logging_mixin.py:151} INFO - [2025-04-25T14:00:57.680+0000] {dag.py:3722} INFO - Setting next_dagrun for extract_exchange_rates to 2025-04-25T00:00:00+00:00, run_after=2025-04-26T00:00:00+00:00
[2025-04-25T14:00:57.688+0000] {processor.py:179} INFO - Processing /opt/airflow/dags/extract_exchange_rates.py took 0.048 seconds
[2025-04-25T14:01:27.970+0000] {processor.py:157} INFO - Started process (PID=1297) to work on /opt/airflow/dags/extract_exchange_rates.py
[2025-04-25T14:01:27.971+0000] {processor.py:829} INFO - Processing file /opt/airflow/dags/extract_exchange_rates.py for tasks to queue
[2025-04-25T14:01:27.971+0000] {logging_mixin.py:151} INFO - [2025-04-25T14:01:27.971+0000] {dagbag.py:536} INFO - Filling up the DagBag from /opt/airflow/dags/extract_exchange_rates.py
[2025-04-25T14:01:27.979+0000] {processor.py:839} INFO - DAG(s) dict_keys(['extract_exchange_rates']) retrieved from /opt/airflow/dags/extract_exchange_rates.py
[2025-04-25T14:01:27.992+0000] {logging_mixin.py:151} INFO - [2025-04-25T14:01:27.992+0000] {dag.py:2941} INFO - Sync 1 DAGs
[2025-04-25T14:01:28.002+0000] {logging_mixin.py:151} INFO - [2025-04-25T14:01:28.002+0000] {dag.py:3722} INFO - Setting next_dagrun for extract_exchange_rates to 2025-04-25T00:00:00+00:00, run_after=2025-04-26T00:00:00+00:00
[2025-04-25T14:01:28.010+0000] {processor.py:179} INFO - Processing /opt/airflow/dags/extract_exchange_rates.py took 0.041 seconds
[2025-04-25T14:01:58.315+0000] {processor.py:157} INFO - Started process (PID=1302) to work on /opt/airflow/dags/extract_exchange_rates.py
[2025-04-25T14:01:58.316+0000] {processor.py:829} INFO - Processing file /opt/airflow/dags/extract_exchange_rates.py for tasks to queue
[2025-04-25T14:01:58.316+0000] {logging_mixin.py:151} INFO - [2025-04-25T14:01:58.316+0000] {dagbag.py:536} INFO - Filling up the DagBag from /opt/airflow/dags/extract_exchange_rates.py
[2025-04-25T14:01:58.327+0000] {processor.py:839} INFO - DAG(s) dict_keys(['extract_exchange_rates']) retrieved from /opt/airflow/dags/extract_exchange_rates.py
[2025-04-25T14:01:58.341+0000] {logging_mixin.py:151} INFO - [2025-04-25T14:01:58.341+0000] {dag.py:2941} INFO - Sync 1 DAGs
[2025-04-25T14:01:58.353+0000] {logging_mixin.py:151} INFO - [2025-04-25T14:01:58.353+0000] {dag.py:3722} INFO - Setting next_dagrun for extract_exchange_rates to 2025-04-25T00:00:00+00:00, run_after=2025-04-26T00:00:00+00:00
[2025-04-25T14:01:58.361+0000] {processor.py:179} INFO - Processing /opt/airflow/dags/extract_exchange_rates.py took 0.049 seconds
[2025-04-25T14:02:28.652+0000] {processor.py:157} INFO - Started process (PID=1307) to work on /opt/airflow/dags/extract_exchange_rates.py
[2025-04-25T14:02:28.652+0000] {processor.py:829} INFO - Processing file /opt/airflow/dags/extract_exchange_rates.py for tasks to queue
[2025-04-25T14:02:28.653+0000] {logging_mixin.py:151} INFO - [2025-04-25T14:02:28.653+0000] {dagbag.py:536} INFO - Filling up the DagBag from /opt/airflow/dags/extract_exchange_rates.py
[2025-04-25T14:02:28.663+0000] {processor.py:839} INFO - DAG(s) dict_keys(['extract_exchange_rates']) retrieved from /opt/airflow/dags/extract_exchange_rates.py
[2025-04-25T14:02:28.679+0000] {logging_mixin.py:151} INFO - [2025-04-25T14:02:28.679+0000] {dag.py:2941} INFO - Sync 1 DAGs
[2025-04-25T14:02:28.691+0000] {logging_mixin.py:151} INFO - [2025-04-25T14:02:28.691+0000] {dag.py:3722} INFO - Setting next_dagrun for extract_exchange_rates to 2025-04-25T00:00:00+00:00, run_after=2025-04-26T00:00:00+00:00
[2025-04-25T14:02:28.699+0000] {processor.py:179} INFO - Processing /opt/airflow/dags/extract_exchange_rates.py took 0.050 seconds
[2025-04-25T14:02:58.994+0000] {processor.py:157} INFO - Started process (PID=1312) to work on /opt/airflow/dags/extract_exchange_rates.py
[2025-04-25T14:02:58.994+0000] {processor.py:829} INFO - Processing file /opt/airflow/dags/extract_exchange_rates.py for tasks to queue
[2025-04-25T14:02:58.995+0000] {logging_mixin.py:151} INFO - [2025-04-25T14:02:58.995+0000] {dagbag.py:536} INFO - Filling up the DagBag from /opt/airflow/dags/extract_exchange_rates.py
[2025-04-25T14:02:59.008+0000] {processor.py:839} INFO - DAG(s) dict_keys(['extract_exchange_rates']) retrieved from /opt/airflow/dags/extract_exchange_rates.py
[2025-04-25T14:02:59.021+0000] {logging_mixin.py:151} INFO - [2025-04-25T14:02:59.021+0000] {dag.py:2941} INFO - Sync 1 DAGs
[2025-04-25T14:02:59.030+0000] {logging_mixin.py:151} INFO - [2025-04-25T14:02:59.030+0000] {dag.py:3722} INFO - Setting next_dagrun for extract_exchange_rates to 2025-04-25T00:00:00+00:00, run_after=2025-04-26T00:00:00+00:00
[2025-04-25T14:02:59.038+0000] {processor.py:179} INFO - Processing /opt/airflow/dags/extract_exchange_rates.py took 0.046 seconds
[2025-04-25T14:03:29.297+0000] {processor.py:157} INFO - Started process (PID=1317) to work on /opt/airflow/dags/extract_exchange_rates.py
[2025-04-25T14:03:29.298+0000] {processor.py:829} INFO - Processing file /opt/airflow/dags/extract_exchange_rates.py for tasks to queue
[2025-04-25T14:03:29.298+0000] {logging_mixin.py:151} INFO - [2025-04-25T14:03:29.298+0000] {dagbag.py:536} INFO - Filling up the DagBag from /opt/airflow/dags/extract_exchange_rates.py
[2025-04-25T14:03:29.307+0000] {processor.py:839} INFO - DAG(s) dict_keys(['extract_exchange_rates']) retrieved from /opt/airflow/dags/extract_exchange_rates.py
[2025-04-25T14:03:29.321+0000] {logging_mixin.py:151} INFO - [2025-04-25T14:03:29.321+0000] {dag.py:2941} INFO - Sync 1 DAGs
[2025-04-25T14:03:29.331+0000] {logging_mixin.py:151} INFO - [2025-04-25T14:03:29.331+0000] {dag.py:3722} INFO - Setting next_dagrun for extract_exchange_rates to 2025-04-25T00:00:00+00:00, run_after=2025-04-26T00:00:00+00:00
[2025-04-25T14:03:29.338+0000] {processor.py:179} INFO - Processing /opt/airflow/dags/extract_exchange_rates.py took 0.043 seconds
[2025-04-25T14:03:59.566+0000] {processor.py:157} INFO - Started process (PID=1322) to work on /opt/airflow/dags/extract_exchange_rates.py
[2025-04-25T14:03:59.566+0000] {processor.py:829} INFO - Processing file /opt/airflow/dags/extract_exchange_rates.py for tasks to queue
[2025-04-25T14:03:59.567+0000] {logging_mixin.py:151} INFO - [2025-04-25T14:03:59.567+0000] {dagbag.py:536} INFO - Filling up the DagBag from /opt/airflow/dags/extract_exchange_rates.py
[2025-04-25T14:03:59.577+0000] {processor.py:839} INFO - DAG(s) dict_keys(['extract_exchange_rates']) retrieved from /opt/airflow/dags/extract_exchange_rates.py
[2025-04-25T14:03:59.590+0000] {logging_mixin.py:151} INFO - [2025-04-25T14:03:59.590+0000] {dag.py:2941} INFO - Sync 1 DAGs
[2025-04-25T14:03:59.601+0000] {logging_mixin.py:151} INFO - [2025-04-25T14:03:59.601+0000] {dag.py:3722} INFO - Setting next_dagrun for extract_exchange_rates to 2025-04-25T00:00:00+00:00, run_after=2025-04-26T00:00:00+00:00
[2025-04-25T14:03:59.609+0000] {processor.py:179} INFO - Processing /opt/airflow/dags/extract_exchange_rates.py took 0.045 seconds
[2025-04-25T14:04:29.859+0000] {processor.py:157} INFO - Started process (PID=1327) to work on /opt/airflow/dags/extract_exchange_rates.py
[2025-04-25T14:04:29.859+0000] {processor.py:829} INFO - Processing file /opt/airflow/dags/extract_exchange_rates.py for tasks to queue
[2025-04-25T14:04:29.860+0000] {logging_mixin.py:151} INFO - [2025-04-25T14:04:29.860+0000] {dagbag.py:536} INFO - Filling up the DagBag from /opt/airflow/dags/extract_exchange_rates.py
[2025-04-25T14:04:29.870+0000] {processor.py:839} INFO - DAG(s) dict_keys(['extract_exchange_rates']) retrieved from /opt/airflow/dags/extract_exchange_rates.py
[2025-04-25T14:04:29.884+0000] {logging_mixin.py:151} INFO - [2025-04-25T14:04:29.884+0000] {dag.py:2941} INFO - Sync 1 DAGs
[2025-04-25T14:04:29.893+0000] {logging_mixin.py:151} INFO - [2025-04-25T14:04:29.893+0000] {dag.py:3722} INFO - Setting next_dagrun for extract_exchange_rates to 2025-04-25T00:00:00+00:00, run_after=2025-04-26T00:00:00+00:00
[2025-04-25T14:04:29.901+0000] {processor.py:179} INFO - Processing /opt/airflow/dags/extract_exchange_rates.py took 0.045 seconds
[2025-04-25T14:05:00.173+0000] {processor.py:157} INFO - Started process (PID=1332) to work on /opt/airflow/dags/extract_exchange_rates.py
[2025-04-25T14:05:00.174+0000] {processor.py:829} INFO - Processing file /opt/airflow/dags/extract_exchange_rates.py for tasks to queue
[2025-04-25T14:05:00.175+0000] {logging_mixin.py:151} INFO - [2025-04-25T14:05:00.174+0000] {dagbag.py:536} INFO - Filling up the DagBag from /opt/airflow/dags/extract_exchange_rates.py
[2025-04-25T14:05:00.186+0000] {processor.py:839} INFO - DAG(s) dict_keys(['extract_exchange_rates']) retrieved from /opt/airflow/dags/extract_exchange_rates.py
[2025-04-25T14:05:00.200+0000] {logging_mixin.py:151} INFO - [2025-04-25T14:05:00.200+0000] {dag.py:2941} INFO - Sync 1 DAGs
[2025-04-25T14:05:00.210+0000] {logging_mixin.py:151} INFO - [2025-04-25T14:05:00.210+0000] {dag.py:3722} INFO - Setting next_dagrun for extract_exchange_rates to 2025-04-25T00:00:00+00:00, run_after=2025-04-26T00:00:00+00:00
[2025-04-25T14:05:00.217+0000] {processor.py:179} INFO - Processing /opt/airflow/dags/extract_exchange_rates.py took 0.047 seconds
[2025-04-25T14:05:30.501+0000] {processor.py:157} INFO - Started process (PID=1337) to work on /opt/airflow/dags/extract_exchange_rates.py
[2025-04-25T14:05:30.502+0000] {processor.py:829} INFO - Processing file /opt/airflow/dags/extract_exchange_rates.py for tasks to queue
[2025-04-25T14:05:30.503+0000] {logging_mixin.py:151} INFO - [2025-04-25T14:05:30.502+0000] {dagbag.py:536} INFO - Filling up the DagBag from /opt/airflow/dags/extract_exchange_rates.py
[2025-04-25T14:05:30.512+0000] {processor.py:839} INFO - DAG(s) dict_keys(['extract_exchange_rates']) retrieved from /opt/airflow/dags/extract_exchange_rates.py
[2025-04-25T14:05:30.527+0000] {logging_mixin.py:151} INFO - [2025-04-25T14:05:30.527+0000] {dag.py:2941} INFO - Sync 1 DAGs
[2025-04-25T14:05:30.538+0000] {logging_mixin.py:151} INFO - [2025-04-25T14:05:30.538+0000] {dag.py:3722} INFO - Setting next_dagrun for extract_exchange_rates to 2025-04-25T00:00:00+00:00, run_after=2025-04-26T00:00:00+00:00
[2025-04-25T14:05:30.545+0000] {processor.py:179} INFO - Processing /opt/airflow/dags/extract_exchange_rates.py took 0.047 seconds
[2025-04-25T14:06:00.819+0000] {processor.py:157} INFO - Started process (PID=1342) to work on /opt/airflow/dags/extract_exchange_rates.py
[2025-04-25T14:06:00.820+0000] {processor.py:829} INFO - Processing file /opt/airflow/dags/extract_exchange_rates.py for tasks to queue
[2025-04-25T14:06:00.821+0000] {logging_mixin.py:151} INFO - [2025-04-25T14:06:00.821+0000] {dagbag.py:536} INFO - Filling up the DagBag from /opt/airflow/dags/extract_exchange_rates.py
[2025-04-25T14:06:00.832+0000] {processor.py:839} INFO - DAG(s) dict_keys(['extract_exchange_rates']) retrieved from /opt/airflow/dags/extract_exchange_rates.py
[2025-04-25T14:06:00.846+0000] {logging_mixin.py:151} INFO - [2025-04-25T14:06:00.846+0000] {dag.py:2941} INFO - Sync 1 DAGs
[2025-04-25T14:06:00.857+0000] {logging_mixin.py:151} INFO - [2025-04-25T14:06:00.857+0000] {dag.py:3722} INFO - Setting next_dagrun for extract_exchange_rates to 2025-04-25T00:00:00+00:00, run_after=2025-04-26T00:00:00+00:00
[2025-04-25T14:06:00.864+0000] {processor.py:179} INFO - Processing /opt/airflow/dags/extract_exchange_rates.py took 0.048 seconds
[2025-04-25T14:06:31.108+0000] {processor.py:157} INFO - Started process (PID=1347) to work on /opt/airflow/dags/extract_exchange_rates.py
[2025-04-25T14:06:31.109+0000] {processor.py:829} INFO - Processing file /opt/airflow/dags/extract_exchange_rates.py for tasks to queue
[2025-04-25T14:06:31.109+0000] {logging_mixin.py:151} INFO - [2025-04-25T14:06:31.109+0000] {dagbag.py:536} INFO - Filling up the DagBag from /opt/airflow/dags/extract_exchange_rates.py
[2025-04-25T14:06:31.119+0000] {processor.py:839} INFO - DAG(s) dict_keys(['extract_exchange_rates']) retrieved from /opt/airflow/dags/extract_exchange_rates.py
[2025-04-25T14:06:31.134+0000] {logging_mixin.py:151} INFO - [2025-04-25T14:06:31.134+0000] {dag.py:2941} INFO - Sync 1 DAGs
[2025-04-25T14:06:31.146+0000] {logging_mixin.py:151} INFO - [2025-04-25T14:06:31.146+0000] {dag.py:3722} INFO - Setting next_dagrun for extract_exchange_rates to 2025-04-25T00:00:00+00:00, run_after=2025-04-26T00:00:00+00:00
[2025-04-25T14:06:31.154+0000] {processor.py:179} INFO - Processing /opt/airflow/dags/extract_exchange_rates.py took 0.049 seconds
[2025-04-25T14:07:01.486+0000] {processor.py:157} INFO - Started process (PID=1352) to work on /opt/airflow/dags/extract_exchange_rates.py
[2025-04-25T14:07:01.487+0000] {processor.py:829} INFO - Processing file /opt/airflow/dags/extract_exchange_rates.py for tasks to queue
[2025-04-25T14:07:01.488+0000] {logging_mixin.py:151} INFO - [2025-04-25T14:07:01.488+0000] {dagbag.py:536} INFO - Filling up the DagBag from /opt/airflow/dags/extract_exchange_rates.py
[2025-04-25T14:07:01.499+0000] {processor.py:839} INFO - DAG(s) dict_keys(['extract_exchange_rates']) retrieved from /opt/airflow/dags/extract_exchange_rates.py
[2025-04-25T14:07:01.515+0000] {logging_mixin.py:151} INFO - [2025-04-25T14:07:01.515+0000] {dag.py:2941} INFO - Sync 1 DAGs
[2025-04-25T14:07:01.525+0000] {logging_mixin.py:151} INFO - [2025-04-25T14:07:01.525+0000] {dag.py:3722} INFO - Setting next_dagrun for extract_exchange_rates to 2025-04-25T00:00:00+00:00, run_after=2025-04-26T00:00:00+00:00
[2025-04-25T14:07:01.532+0000] {processor.py:179} INFO - Processing /opt/airflow/dags/extract_exchange_rates.py took 0.048 seconds
[2025-04-25T14:07:31.849+0000] {processor.py:157} INFO - Started process (PID=1357) to work on /opt/airflow/dags/extract_exchange_rates.py
[2025-04-25T14:07:31.850+0000] {processor.py:829} INFO - Processing file /opt/airflow/dags/extract_exchange_rates.py for tasks to queue
[2025-04-25T14:07:31.851+0000] {logging_mixin.py:151} INFO - [2025-04-25T14:07:31.850+0000] {dagbag.py:536} INFO - Filling up the DagBag from /opt/airflow/dags/extract_exchange_rates.py
[2025-04-25T14:07:31.862+0000] {processor.py:839} INFO - DAG(s) dict_keys(['extract_exchange_rates']) retrieved from /opt/airflow/dags/extract_exchange_rates.py
[2025-04-25T14:07:31.876+0000] {logging_mixin.py:151} INFO - [2025-04-25T14:07:31.876+0000] {dag.py:2941} INFO - Sync 1 DAGs
[2025-04-25T14:07:31.886+0000] {logging_mixin.py:151} INFO - [2025-04-25T14:07:31.886+0000] {dag.py:3722} INFO - Setting next_dagrun for extract_exchange_rates to 2025-04-25T00:00:00+00:00, run_after=2025-04-26T00:00:00+00:00
[2025-04-25T14:07:31.893+0000] {processor.py:179} INFO - Processing /opt/airflow/dags/extract_exchange_rates.py took 0.047 seconds
[2025-04-25T14:08:02.209+0000] {processor.py:157} INFO - Started process (PID=1362) to work on /opt/airflow/dags/extract_exchange_rates.py
[2025-04-25T14:08:02.210+0000] {processor.py:829} INFO - Processing file /opt/airflow/dags/extract_exchange_rates.py for tasks to queue
[2025-04-25T14:08:02.210+0000] {logging_mixin.py:151} INFO - [2025-04-25T14:08:02.210+0000] {dagbag.py:536} INFO - Filling up the DagBag from /opt/airflow/dags/extract_exchange_rates.py
[2025-04-25T14:08:02.222+0000] {processor.py:839} INFO - DAG(s) dict_keys(['extract_exchange_rates']) retrieved from /opt/airflow/dags/extract_exchange_rates.py
[2025-04-25T14:08:02.236+0000] {logging_mixin.py:151} INFO - [2025-04-25T14:08:02.236+0000] {dag.py:2941} INFO - Sync 1 DAGs
[2025-04-25T14:08:02.246+0000] {logging_mixin.py:151} INFO - [2025-04-25T14:08:02.246+0000] {dag.py:3722} INFO - Setting next_dagrun for extract_exchange_rates to 2025-04-25T00:00:00+00:00, run_after=2025-04-26T00:00:00+00:00
[2025-04-25T14:08:02.253+0000] {processor.py:179} INFO - Processing /opt/airflow/dags/extract_exchange_rates.py took 0.047 seconds
[2025-04-25T14:08:32.554+0000] {processor.py:157} INFO - Started process (PID=1367) to work on /opt/airflow/dags/extract_exchange_rates.py
[2025-04-25T14:08:32.555+0000] {processor.py:829} INFO - Processing file /opt/airflow/dags/extract_exchange_rates.py for tasks to queue
[2025-04-25T14:08:32.555+0000] {logging_mixin.py:151} INFO - [2025-04-25T14:08:32.555+0000] {dagbag.py:536} INFO - Filling up the DagBag from /opt/airflow/dags/extract_exchange_rates.py
[2025-04-25T14:08:32.567+0000] {processor.py:839} INFO - DAG(s) dict_keys(['extract_exchange_rates']) retrieved from /opt/airflow/dags/extract_exchange_rates.py
[2025-04-25T14:08:32.582+0000] {logging_mixin.py:151} INFO - [2025-04-25T14:08:32.582+0000] {dag.py:2941} INFO - Sync 1 DAGs
[2025-04-25T14:08:32.592+0000] {logging_mixin.py:151} INFO - [2025-04-25T14:08:32.591+0000] {dag.py:3722} INFO - Setting next_dagrun for extract_exchange_rates to 2025-04-25T00:00:00+00:00, run_after=2025-04-26T00:00:00+00:00
[2025-04-25T14:08:32.599+0000] {processor.py:179} INFO - Processing /opt/airflow/dags/extract_exchange_rates.py took 0.048 seconds
[2025-04-25T14:09:02.898+0000] {processor.py:157} INFO - Started process (PID=1372) to work on /opt/airflow/dags/extract_exchange_rates.py
[2025-04-25T14:09:02.898+0000] {processor.py:829} INFO - Processing file /opt/airflow/dags/extract_exchange_rates.py for tasks to queue
[2025-04-25T14:09:02.899+0000] {logging_mixin.py:151} INFO - [2025-04-25T14:09:02.899+0000] {dagbag.py:536} INFO - Filling up the DagBag from /opt/airflow/dags/extract_exchange_rates.py
[2025-04-25T14:09:02.910+0000] {processor.py:839} INFO - DAG(s) dict_keys(['extract_exchange_rates']) retrieved from /opt/airflow/dags/extract_exchange_rates.py
[2025-04-25T14:09:02.925+0000] {logging_mixin.py:151} INFO - [2025-04-25T14:09:02.925+0000] {dag.py:2941} INFO - Sync 1 DAGs
[2025-04-25T14:09:02.935+0000] {logging_mixin.py:151} INFO - [2025-04-25T14:09:02.935+0000] {dag.py:3722} INFO - Setting next_dagrun for extract_exchange_rates to 2025-04-25T00:00:00+00:00, run_after=2025-04-26T00:00:00+00:00
[2025-04-25T14:09:02.943+0000] {processor.py:179} INFO - Processing /opt/airflow/dags/extract_exchange_rates.py took 0.048 seconds
[2025-04-25T14:09:33.271+0000] {processor.py:157} INFO - Started process (PID=1377) to work on /opt/airflow/dags/extract_exchange_rates.py
[2025-04-25T14:09:33.271+0000] {processor.py:829} INFO - Processing file /opt/airflow/dags/extract_exchange_rates.py for tasks to queue
[2025-04-25T14:09:33.272+0000] {logging_mixin.py:151} INFO - [2025-04-25T14:09:33.272+0000] {dagbag.py:536} INFO - Filling up the DagBag from /opt/airflow/dags/extract_exchange_rates.py
[2025-04-25T14:09:33.283+0000] {processor.py:839} INFO - DAG(s) dict_keys(['extract_exchange_rates']) retrieved from /opt/airflow/dags/extract_exchange_rates.py
[2025-04-25T14:09:33.297+0000] {logging_mixin.py:151} INFO - [2025-04-25T14:09:33.297+0000] {dag.py:2941} INFO - Sync 1 DAGs
[2025-04-25T14:09:33.307+0000] {logging_mixin.py:151} INFO - [2025-04-25T14:09:33.307+0000] {dag.py:3722} INFO - Setting next_dagrun for extract_exchange_rates to 2025-04-25T00:00:00+00:00, run_after=2025-04-26T00:00:00+00:00
[2025-04-25T14:09:33.315+0000] {processor.py:179} INFO - Processing /opt/airflow/dags/extract_exchange_rates.py took 0.047 seconds
[2025-04-25T14:10:03.638+0000] {processor.py:157} INFO - Started process (PID=1382) to work on /opt/airflow/dags/extract_exchange_rates.py
[2025-04-25T14:10:03.639+0000] {processor.py:829} INFO - Processing file /opt/airflow/dags/extract_exchange_rates.py for tasks to queue
[2025-04-25T14:10:03.640+0000] {logging_mixin.py:151} INFO - [2025-04-25T14:10:03.640+0000] {dagbag.py:536} INFO - Filling up the DagBag from /opt/airflow/dags/extract_exchange_rates.py
[2025-04-25T14:10:03.651+0000] {processor.py:839} INFO - DAG(s) dict_keys(['extract_exchange_rates']) retrieved from /opt/airflow/dags/extract_exchange_rates.py
[2025-04-25T14:10:03.665+0000] {logging_mixin.py:151} INFO - [2025-04-25T14:10:03.665+0000] {dag.py:2941} INFO - Sync 1 DAGs
[2025-04-25T14:10:03.674+0000] {logging_mixin.py:151} INFO - [2025-04-25T14:10:03.674+0000] {dag.py:3722} INFO - Setting next_dagrun for extract_exchange_rates to 2025-04-25T00:00:00+00:00, run_after=2025-04-26T00:00:00+00:00
[2025-04-25T14:10:03.682+0000] {processor.py:179} INFO - Processing /opt/airflow/dags/extract_exchange_rates.py took 0.046 seconds
[2025-04-25T14:10:33.917+0000] {processor.py:157} INFO - Started process (PID=1387) to work on /opt/airflow/dags/extract_exchange_rates.py
[2025-04-25T14:10:33.918+0000] {processor.py:829} INFO - Processing file /opt/airflow/dags/extract_exchange_rates.py for tasks to queue
[2025-04-25T14:10:33.918+0000] {logging_mixin.py:151} INFO - [2025-04-25T14:10:33.918+0000] {dagbag.py:536} INFO - Filling up the DagBag from /opt/airflow/dags/extract_exchange_rates.py
[2025-04-25T14:10:33.928+0000] {processor.py:839} INFO - DAG(s) dict_keys(['extract_exchange_rates']) retrieved from /opt/airflow/dags/extract_exchange_rates.py
[2025-04-25T14:10:33.942+0000] {logging_mixin.py:151} INFO - [2025-04-25T14:10:33.942+0000] {dag.py:2941} INFO - Sync 1 DAGs
[2025-04-25T14:10:33.953+0000] {logging_mixin.py:151} INFO - [2025-04-25T14:10:33.953+0000] {dag.py:3722} INFO - Setting next_dagrun for extract_exchange_rates to 2025-04-25T00:00:00+00:00, run_after=2025-04-26T00:00:00+00:00
[2025-04-25T14:10:33.961+0000] {processor.py:179} INFO - Processing /opt/airflow/dags/extract_exchange_rates.py took 0.046 seconds
[2025-04-25T14:11:04.203+0000] {processor.py:157} INFO - Started process (PID=1392) to work on /opt/airflow/dags/extract_exchange_rates.py
[2025-04-25T14:11:04.204+0000] {processor.py:829} INFO - Processing file /opt/airflow/dags/extract_exchange_rates.py for tasks to queue
[2025-04-25T14:11:04.204+0000] {logging_mixin.py:151} INFO - [2025-04-25T14:11:04.204+0000] {dagbag.py:536} INFO - Filling up the DagBag from /opt/airflow/dags/extract_exchange_rates.py
[2025-04-25T14:11:04.215+0000] {processor.py:839} INFO - DAG(s) dict_keys(['extract_exchange_rates']) retrieved from /opt/airflow/dags/extract_exchange_rates.py
[2025-04-25T14:11:04.230+0000] {logging_mixin.py:151} INFO - [2025-04-25T14:11:04.229+0000] {dag.py:2941} INFO - Sync 1 DAGs
[2025-04-25T14:11:04.239+0000] {logging_mixin.py:151} INFO - [2025-04-25T14:11:04.239+0000] {dag.py:3722} INFO - Setting next_dagrun for extract_exchange_rates to 2025-04-25T00:00:00+00:00, run_after=2025-04-26T00:00:00+00:00
[2025-04-25T14:11:04.247+0000] {processor.py:179} INFO - Processing /opt/airflow/dags/extract_exchange_rates.py took 0.046 seconds
[2025-04-25T14:11:34.484+0000] {processor.py:157} INFO - Started process (PID=1397) to work on /opt/airflow/dags/extract_exchange_rates.py
[2025-04-25T14:11:34.484+0000] {processor.py:829} INFO - Processing file /opt/airflow/dags/extract_exchange_rates.py for tasks to queue
[2025-04-25T14:11:34.485+0000] {logging_mixin.py:151} INFO - [2025-04-25T14:11:34.485+0000] {dagbag.py:536} INFO - Filling up the DagBag from /opt/airflow/dags/extract_exchange_rates.py
[2025-04-25T14:11:34.496+0000] {processor.py:839} INFO - DAG(s) dict_keys(['extract_exchange_rates']) retrieved from /opt/airflow/dags/extract_exchange_rates.py
[2025-04-25T14:11:34.509+0000] {logging_mixin.py:151} INFO - [2025-04-25T14:11:34.509+0000] {dag.py:2941} INFO - Sync 1 DAGs
[2025-04-25T14:11:34.519+0000] {logging_mixin.py:151} INFO - [2025-04-25T14:11:34.519+0000] {dag.py:3722} INFO - Setting next_dagrun for extract_exchange_rates to 2025-04-25T00:00:00+00:00, run_after=2025-04-26T00:00:00+00:00
[2025-04-25T14:11:34.526+0000] {processor.py:179} INFO - Processing /opt/airflow/dags/extract_exchange_rates.py took 0.046 seconds
[2025-04-25T14:12:04.791+0000] {processor.py:157} INFO - Started process (PID=1402) to work on /opt/airflow/dags/extract_exchange_rates.py
[2025-04-25T14:12:04.792+0000] {processor.py:829} INFO - Processing file /opt/airflow/dags/extract_exchange_rates.py for tasks to queue
[2025-04-25T14:12:04.793+0000] {logging_mixin.py:151} INFO - [2025-04-25T14:12:04.792+0000] {dagbag.py:536} INFO - Filling up the DagBag from /opt/airflow/dags/extract_exchange_rates.py
[2025-04-25T14:12:04.804+0000] {processor.py:839} INFO - DAG(s) dict_keys(['extract_exchange_rates']) retrieved from /opt/airflow/dags/extract_exchange_rates.py
[2025-04-25T14:12:04.819+0000] {logging_mixin.py:151} INFO - [2025-04-25T14:12:04.819+0000] {dag.py:2941} INFO - Sync 1 DAGs
[2025-04-25T14:12:04.829+0000] {logging_mixin.py:151} INFO - [2025-04-25T14:12:04.829+0000] {dag.py:3722} INFO - Setting next_dagrun for extract_exchange_rates to 2025-04-25T00:00:00+00:00, run_after=2025-04-26T00:00:00+00:00
[2025-04-25T14:12:04.837+0000] {processor.py:179} INFO - Processing /opt/airflow/dags/extract_exchange_rates.py took 0.049 seconds
[2025-04-25T14:12:35.133+0000] {processor.py:157} INFO - Started process (PID=1407) to work on /opt/airflow/dags/extract_exchange_rates.py
[2025-04-25T14:12:35.134+0000] {processor.py:829} INFO - Processing file /opt/airflow/dags/extract_exchange_rates.py for tasks to queue
[2025-04-25T14:12:35.134+0000] {logging_mixin.py:151} INFO - [2025-04-25T14:12:35.134+0000] {dagbag.py:536} INFO - Filling up the DagBag from /opt/airflow/dags/extract_exchange_rates.py
[2025-04-25T14:12:35.145+0000] {processor.py:839} INFO - DAG(s) dict_keys(['extract_exchange_rates']) retrieved from /opt/airflow/dags/extract_exchange_rates.py
[2025-04-25T14:12:35.159+0000] {logging_mixin.py:151} INFO - [2025-04-25T14:12:35.159+0000] {dag.py:2941} INFO - Sync 1 DAGs
[2025-04-25T14:12:35.169+0000] {logging_mixin.py:151} INFO - [2025-04-25T14:12:35.169+0000] {dag.py:3722} INFO - Setting next_dagrun for extract_exchange_rates to 2025-04-25T00:00:00+00:00, run_after=2025-04-26T00:00:00+00:00
[2025-04-25T14:12:35.176+0000] {processor.py:179} INFO - Processing /opt/airflow/dags/extract_exchange_rates.py took 0.046 seconds
[2025-04-25T14:13:05.487+0000] {processor.py:157} INFO - Started process (PID=1412) to work on /opt/airflow/dags/extract_exchange_rates.py
[2025-04-25T14:13:05.488+0000] {processor.py:829} INFO - Processing file /opt/airflow/dags/extract_exchange_rates.py for tasks to queue
[2025-04-25T14:13:05.489+0000] {logging_mixin.py:151} INFO - [2025-04-25T14:13:05.489+0000] {dagbag.py:536} INFO - Filling up the DagBag from /opt/airflow/dags/extract_exchange_rates.py
[2025-04-25T14:13:05.499+0000] {processor.py:839} INFO - DAG(s) dict_keys(['extract_exchange_rates']) retrieved from /opt/airflow/dags/extract_exchange_rates.py
[2025-04-25T14:13:05.511+0000] {logging_mixin.py:151} INFO - [2025-04-25T14:13:05.511+0000] {dag.py:2941} INFO - Sync 1 DAGs
[2025-04-25T14:13:05.520+0000] {logging_mixin.py:151} INFO - [2025-04-25T14:13:05.520+0000] {dag.py:3722} INFO - Setting next_dagrun for extract_exchange_rates to 2025-04-25T00:00:00+00:00, run_after=2025-04-26T00:00:00+00:00
[2025-04-25T14:13:05.527+0000] {processor.py:179} INFO - Processing /opt/airflow/dags/extract_exchange_rates.py took 0.042 seconds
[2025-04-25T14:13:35.846+0000] {processor.py:157} INFO - Started process (PID=1417) to work on /opt/airflow/dags/extract_exchange_rates.py
[2025-04-25T14:13:35.847+0000] {processor.py:829} INFO - Processing file /opt/airflow/dags/extract_exchange_rates.py for tasks to queue
[2025-04-25T14:13:35.847+0000] {logging_mixin.py:151} INFO - [2025-04-25T14:13:35.847+0000] {dagbag.py:536} INFO - Filling up the DagBag from /opt/airflow/dags/extract_exchange_rates.py
[2025-04-25T14:13:35.858+0000] {processor.py:839} INFO - DAG(s) dict_keys(['extract_exchange_rates']) retrieved from /opt/airflow/dags/extract_exchange_rates.py
[2025-04-25T14:13:35.871+0000] {logging_mixin.py:151} INFO - [2025-04-25T14:13:35.871+0000] {dag.py:2941} INFO - Sync 1 DAGs
[2025-04-25T14:13:35.881+0000] {logging_mixin.py:151} INFO - [2025-04-25T14:13:35.881+0000] {dag.py:3722} INFO - Setting next_dagrun for extract_exchange_rates to 2025-04-25T00:00:00+00:00, run_after=2025-04-26T00:00:00+00:00
[2025-04-25T14:13:35.888+0000] {processor.py:179} INFO - Processing /opt/airflow/dags/extract_exchange_rates.py took 0.045 seconds
[2025-04-25T14:14:06.195+0000] {processor.py:157} INFO - Started process (PID=1422) to work on /opt/airflow/dags/extract_exchange_rates.py
[2025-04-25T14:14:06.196+0000] {processor.py:829} INFO - Processing file /opt/airflow/dags/extract_exchange_rates.py for tasks to queue
[2025-04-25T14:14:06.196+0000] {logging_mixin.py:151} INFO - [2025-04-25T14:14:06.196+0000] {dagbag.py:536} INFO - Filling up the DagBag from /opt/airflow/dags/extract_exchange_rates.py
[2025-04-25T14:14:06.207+0000] {processor.py:839} INFO - DAG(s) dict_keys(['extract_exchange_rates']) retrieved from /opt/airflow/dags/extract_exchange_rates.py
[2025-04-25T14:14:06.221+0000] {logging_mixin.py:151} INFO - [2025-04-25T14:14:06.221+0000] {dag.py:2941} INFO - Sync 1 DAGs
[2025-04-25T14:14:06.230+0000] {logging_mixin.py:151} INFO - [2025-04-25T14:14:06.230+0000] {dag.py:3722} INFO - Setting next_dagrun for extract_exchange_rates to 2025-04-25T00:00:00+00:00, run_after=2025-04-26T00:00:00+00:00
[2025-04-25T14:14:06.238+0000] {processor.py:179} INFO - Processing /opt/airflow/dags/extract_exchange_rates.py took 0.045 seconds
[2025-04-25T14:14:36.545+0000] {processor.py:157} INFO - Started process (PID=1427) to work on /opt/airflow/dags/extract_exchange_rates.py
[2025-04-25T14:14:36.546+0000] {processor.py:829} INFO - Processing file /opt/airflow/dags/extract_exchange_rates.py for tasks to queue
[2025-04-25T14:14:36.547+0000] {logging_mixin.py:151} INFO - [2025-04-25T14:14:36.547+0000] {dagbag.py:536} INFO - Filling up the DagBag from /opt/airflow/dags/extract_exchange_rates.py
[2025-04-25T14:14:36.558+0000] {processor.py:839} INFO - DAG(s) dict_keys(['extract_exchange_rates']) retrieved from /opt/airflow/dags/extract_exchange_rates.py
[2025-04-25T14:14:36.572+0000] {logging_mixin.py:151} INFO - [2025-04-25T14:14:36.572+0000] {dag.py:2941} INFO - Sync 1 DAGs
[2025-04-25T14:14:36.582+0000] {logging_mixin.py:151} INFO - [2025-04-25T14:14:36.582+0000] {dag.py:3722} INFO - Setting next_dagrun for extract_exchange_rates to 2025-04-25T00:00:00+00:00, run_after=2025-04-26T00:00:00+00:00
[2025-04-25T14:14:36.590+0000] {processor.py:179} INFO - Processing /opt/airflow/dags/extract_exchange_rates.py took 0.047 seconds
[2025-04-25T14:15:06.899+0000] {processor.py:157} INFO - Started process (PID=1432) to work on /opt/airflow/dags/extract_exchange_rates.py
[2025-04-25T14:15:06.900+0000] {processor.py:829} INFO - Processing file /opt/airflow/dags/extract_exchange_rates.py for tasks to queue
[2025-04-25T14:15:06.900+0000] {logging_mixin.py:151} INFO - [2025-04-25T14:15:06.900+0000] {dagbag.py:536} INFO - Filling up the DagBag from /opt/airflow/dags/extract_exchange_rates.py
[2025-04-25T14:15:06.911+0000] {processor.py:839} INFO - DAG(s) dict_keys(['extract_exchange_rates']) retrieved from /opt/airflow/dags/extract_exchange_rates.py
[2025-04-25T14:15:06.924+0000] {logging_mixin.py:151} INFO - [2025-04-25T14:15:06.924+0000] {dag.py:2941} INFO - Sync 1 DAGs
[2025-04-25T14:15:06.934+0000] {logging_mixin.py:151} INFO - [2025-04-25T14:15:06.934+0000] {dag.py:3722} INFO - Setting next_dagrun for extract_exchange_rates to 2025-04-25T00:00:00+00:00, run_after=2025-04-26T00:00:00+00:00
[2025-04-25T14:15:06.942+0000] {processor.py:179} INFO - Processing /opt/airflow/dags/extract_exchange_rates.py took 0.046 seconds
[2025-04-25T14:15:37.222+0000] {processor.py:157} INFO - Started process (PID=1437) to work on /opt/airflow/dags/extract_exchange_rates.py
[2025-04-25T14:15:37.223+0000] {processor.py:829} INFO - Processing file /opt/airflow/dags/extract_exchange_rates.py for tasks to queue
[2025-04-25T14:15:37.224+0000] {logging_mixin.py:151} INFO - [2025-04-25T14:15:37.224+0000] {dagbag.py:536} INFO - Filling up the DagBag from /opt/airflow/dags/extract_exchange_rates.py
[2025-04-25T14:15:37.235+0000] {processor.py:839} INFO - DAG(s) dict_keys(['extract_exchange_rates']) retrieved from /opt/airflow/dags/extract_exchange_rates.py
[2025-04-25T14:15:37.250+0000] {logging_mixin.py:151} INFO - [2025-04-25T14:15:37.250+0000] {dag.py:2941} INFO - Sync 1 DAGs
[2025-04-25T14:15:37.260+0000] {logging_mixin.py:151} INFO - [2025-04-25T14:15:37.260+0000] {dag.py:3722} INFO - Setting next_dagrun for extract_exchange_rates to 2025-04-25T00:00:00+00:00, run_after=2025-04-26T00:00:00+00:00
[2025-04-25T14:15:37.267+0000] {processor.py:179} INFO - Processing /opt/airflow/dags/extract_exchange_rates.py took 0.047 seconds
[2025-04-25T14:16:07.589+0000] {processor.py:157} INFO - Started process (PID=1442) to work on /opt/airflow/dags/extract_exchange_rates.py
[2025-04-25T14:16:07.590+0000] {processor.py:829} INFO - Processing file /opt/airflow/dags/extract_exchange_rates.py for tasks to queue
[2025-04-25T14:16:07.590+0000] {logging_mixin.py:151} INFO - [2025-04-25T14:16:07.590+0000] {dagbag.py:536} INFO - Filling up the DagBag from /opt/airflow/dags/extract_exchange_rates.py
[2025-04-25T14:16:07.601+0000] {processor.py:839} INFO - DAG(s) dict_keys(['extract_exchange_rates']) retrieved from /opt/airflow/dags/extract_exchange_rates.py
[2025-04-25T14:16:07.614+0000] {logging_mixin.py:151} INFO - [2025-04-25T14:16:07.614+0000] {dag.py:2941} INFO - Sync 1 DAGs
[2025-04-25T14:16:07.624+0000] {logging_mixin.py:151} INFO - [2025-04-25T14:16:07.624+0000] {dag.py:3722} INFO - Setting next_dagrun for extract_exchange_rates to 2025-04-25T00:00:00+00:00, run_after=2025-04-26T00:00:00+00:00
[2025-04-25T14:16:07.632+0000] {processor.py:179} INFO - Processing /opt/airflow/dags/extract_exchange_rates.py took 0.046 seconds
[2025-04-25T14:16:37.920+0000] {processor.py:157} INFO - Started process (PID=1447) to work on /opt/airflow/dags/extract_exchange_rates.py
[2025-04-25T14:16:37.921+0000] {processor.py:829} INFO - Processing file /opt/airflow/dags/extract_exchange_rates.py for tasks to queue
[2025-04-25T14:16:37.921+0000] {logging_mixin.py:151} INFO - [2025-04-25T14:16:37.921+0000] {dagbag.py:536} INFO - Filling up the DagBag from /opt/airflow/dags/extract_exchange_rates.py
[2025-04-25T14:16:37.934+0000] {processor.py:839} INFO - DAG(s) dict_keys(['extract_exchange_rates']) retrieved from /opt/airflow/dags/extract_exchange_rates.py
[2025-04-25T14:16:37.951+0000] {logging_mixin.py:151} INFO - [2025-04-25T14:16:37.951+0000] {dag.py:2941} INFO - Sync 1 DAGs
[2025-04-25T14:16:37.961+0000] {logging_mixin.py:151} INFO - [2025-04-25T14:16:37.961+0000] {dag.py:3722} INFO - Setting next_dagrun for extract_exchange_rates to 2025-04-25T00:00:00+00:00, run_after=2025-04-26T00:00:00+00:00
[2025-04-25T14:16:37.969+0000] {processor.py:179} INFO - Processing /opt/airflow/dags/extract_exchange_rates.py took 0.052 seconds
[2025-04-25T14:17:08.255+0000] {processor.py:157} INFO - Started process (PID=1452) to work on /opt/airflow/dags/extract_exchange_rates.py
[2025-04-25T14:17:08.256+0000] {processor.py:829} INFO - Processing file /opt/airflow/dags/extract_exchange_rates.py for tasks to queue
[2025-04-25T14:17:08.256+0000] {logging_mixin.py:151} INFO - [2025-04-25T14:17:08.256+0000] {dagbag.py:536} INFO - Filling up the DagBag from /opt/airflow/dags/extract_exchange_rates.py
[2025-04-25T14:17:08.267+0000] {processor.py:839} INFO - DAG(s) dict_keys(['extract_exchange_rates']) retrieved from /opt/airflow/dags/extract_exchange_rates.py
[2025-04-25T14:17:08.281+0000] {logging_mixin.py:151} INFO - [2025-04-25T14:17:08.281+0000] {dag.py:2941} INFO - Sync 1 DAGs
[2025-04-25T14:17:08.291+0000] {logging_mixin.py:151} INFO - [2025-04-25T14:17:08.291+0000] {dag.py:3722} INFO - Setting next_dagrun for extract_exchange_rates to 2025-04-25T00:00:00+00:00, run_after=2025-04-26T00:00:00+00:00
[2025-04-25T14:17:08.299+0000] {processor.py:179} INFO - Processing /opt/airflow/dags/extract_exchange_rates.py took 0.047 seconds
[2025-04-25T14:17:38.550+0000] {processor.py:157} INFO - Started process (PID=1457) to work on /opt/airflow/dags/extract_exchange_rates.py
[2025-04-25T14:17:38.551+0000] {processor.py:829} INFO - Processing file /opt/airflow/dags/extract_exchange_rates.py for tasks to queue
[2025-04-25T14:17:38.552+0000] {logging_mixin.py:151} INFO - [2025-04-25T14:17:38.551+0000] {dagbag.py:536} INFO - Filling up the DagBag from /opt/airflow/dags/extract_exchange_rates.py
[2025-04-25T14:17:38.562+0000] {processor.py:839} INFO - DAG(s) dict_keys(['extract_exchange_rates']) retrieved from /opt/airflow/dags/extract_exchange_rates.py
[2025-04-25T14:17:38.576+0000] {logging_mixin.py:151} INFO - [2025-04-25T14:17:38.576+0000] {dag.py:2941} INFO - Sync 1 DAGs
[2025-04-25T14:17:38.586+0000] {logging_mixin.py:151} INFO - [2025-04-25T14:17:38.586+0000] {dag.py:3722} INFO - Setting next_dagrun for extract_exchange_rates to 2025-04-25T00:00:00+00:00, run_after=2025-04-26T00:00:00+00:00
[2025-04-25T14:17:38.594+0000] {processor.py:179} INFO - Processing /opt/airflow/dags/extract_exchange_rates.py took 0.046 seconds
[2025-04-25T14:18:08.829+0000] {processor.py:157} INFO - Started process (PID=1462) to work on /opt/airflow/dags/extract_exchange_rates.py
[2025-04-25T14:18:08.830+0000] {processor.py:829} INFO - Processing file /opt/airflow/dags/extract_exchange_rates.py for tasks to queue
[2025-04-25T14:18:08.830+0000] {logging_mixin.py:151} INFO - [2025-04-25T14:18:08.830+0000] {dagbag.py:536} INFO - Filling up the DagBag from /opt/airflow/dags/extract_exchange_rates.py
[2025-04-25T14:18:08.841+0000] {processor.py:839} INFO - DAG(s) dict_keys(['extract_exchange_rates']) retrieved from /opt/airflow/dags/extract_exchange_rates.py
[2025-04-25T14:18:08.854+0000] {logging_mixin.py:151} INFO - [2025-04-25T14:18:08.853+0000] {dag.py:2941} INFO - Sync 1 DAGs
[2025-04-25T14:18:08.864+0000] {logging_mixin.py:151} INFO - [2025-04-25T14:18:08.864+0000] {dag.py:3722} INFO - Setting next_dagrun for extract_exchange_rates to 2025-04-25T00:00:00+00:00, run_after=2025-04-26T00:00:00+00:00
[2025-04-25T14:18:08.871+0000] {processor.py:179} INFO - Processing /opt/airflow/dags/extract_exchange_rates.py took 0.045 seconds
[2025-04-25T14:18:39.143+0000] {processor.py:157} INFO - Started process (PID=1467) to work on /opt/airflow/dags/extract_exchange_rates.py
[2025-04-25T14:18:39.144+0000] {processor.py:829} INFO - Processing file /opt/airflow/dags/extract_exchange_rates.py for tasks to queue
[2025-04-25T14:18:39.145+0000] {logging_mixin.py:151} INFO - [2025-04-25T14:18:39.145+0000] {dagbag.py:536} INFO - Filling up the DagBag from /opt/airflow/dags/extract_exchange_rates.py
[2025-04-25T14:18:39.156+0000] {processor.py:839} INFO - DAG(s) dict_keys(['extract_exchange_rates']) retrieved from /opt/airflow/dags/extract_exchange_rates.py
[2025-04-25T14:18:39.172+0000] {logging_mixin.py:151} INFO - [2025-04-25T14:18:39.172+0000] {dag.py:2941} INFO - Sync 1 DAGs
[2025-04-25T14:18:39.183+0000] {logging_mixin.py:151} INFO - [2025-04-25T14:18:39.183+0000] {dag.py:3722} INFO - Setting next_dagrun for extract_exchange_rates to 2025-04-25T00:00:00+00:00, run_after=2025-04-26T00:00:00+00:00
[2025-04-25T14:18:39.191+0000] {processor.py:179} INFO - Processing /opt/airflow/dags/extract_exchange_rates.py took 0.050 seconds
[2025-04-25T14:19:09.464+0000] {processor.py:157} INFO - Started process (PID=1472) to work on /opt/airflow/dags/extract_exchange_rates.py
[2025-04-25T14:19:09.465+0000] {processor.py:829} INFO - Processing file /opt/airflow/dags/extract_exchange_rates.py for tasks to queue
[2025-04-25T14:19:09.465+0000] {logging_mixin.py:151} INFO - [2025-04-25T14:19:09.465+0000] {dagbag.py:536} INFO - Filling up the DagBag from /opt/airflow/dags/extract_exchange_rates.py
[2025-04-25T14:19:09.477+0000] {processor.py:839} INFO - DAG(s) dict_keys(['extract_exchange_rates']) retrieved from /opt/airflow/dags/extract_exchange_rates.py
[2025-04-25T14:19:09.492+0000] {logging_mixin.py:151} INFO - [2025-04-25T14:19:09.492+0000] {dag.py:2941} INFO - Sync 1 DAGs
[2025-04-25T14:19:09.503+0000] {logging_mixin.py:151} INFO - [2025-04-25T14:19:09.503+0000] {dag.py:3722} INFO - Setting next_dagrun for extract_exchange_rates to 2025-04-25T00:00:00+00:00, run_after=2025-04-26T00:00:00+00:00
[2025-04-25T14:19:09.510+0000] {processor.py:179} INFO - Processing /opt/airflow/dags/extract_exchange_rates.py took 0.049 seconds
[2025-04-25T14:19:39.818+0000] {processor.py:157} INFO - Started process (PID=1477) to work on /opt/airflow/dags/extract_exchange_rates.py
[2025-04-25T14:19:39.819+0000] {processor.py:829} INFO - Processing file /opt/airflow/dags/extract_exchange_rates.py for tasks to queue
[2025-04-25T14:19:39.819+0000] {logging_mixin.py:151} INFO - [2025-04-25T14:19:39.819+0000] {dagbag.py:536} INFO - Filling up the DagBag from /opt/airflow/dags/extract_exchange_rates.py
[2025-04-25T14:19:39.830+0000] {processor.py:839} INFO - DAG(s) dict_keys(['extract_exchange_rates']) retrieved from /opt/airflow/dags/extract_exchange_rates.py
[2025-04-25T14:19:39.843+0000] {logging_mixin.py:151} INFO - [2025-04-25T14:19:39.843+0000] {dag.py:2941} INFO - Sync 1 DAGs
[2025-04-25T14:19:39.853+0000] {logging_mixin.py:151} INFO - [2025-04-25T14:19:39.853+0000] {dag.py:3722} INFO - Setting next_dagrun for extract_exchange_rates to 2025-04-25T00:00:00+00:00, run_after=2025-04-26T00:00:00+00:00
[2025-04-25T14:19:39.861+0000] {processor.py:179} INFO - Processing /opt/airflow/dags/extract_exchange_rates.py took 0.046 seconds
[2025-04-25T14:20:10.186+0000] {processor.py:157} INFO - Started process (PID=1482) to work on /opt/airflow/dags/extract_exchange_rates.py
[2025-04-25T14:20:10.187+0000] {processor.py:829} INFO - Processing file /opt/airflow/dags/extract_exchange_rates.py for tasks to queue
[2025-04-25T14:20:10.188+0000] {logging_mixin.py:151} INFO - [2025-04-25T14:20:10.188+0000] {dagbag.py:536} INFO - Filling up the DagBag from /opt/airflow/dags/extract_exchange_rates.py
[2025-04-25T14:20:10.198+0000] {processor.py:839} INFO - DAG(s) dict_keys(['extract_exchange_rates']) retrieved from /opt/airflow/dags/extract_exchange_rates.py
[2025-04-25T14:20:10.212+0000] {logging_mixin.py:151} INFO - [2025-04-25T14:20:10.212+0000] {dag.py:2941} INFO - Sync 1 DAGs
[2025-04-25T14:20:10.221+0000] {logging_mixin.py:151} INFO - [2025-04-25T14:20:10.221+0000] {dag.py:3722} INFO - Setting next_dagrun for extract_exchange_rates to 2025-04-25T00:00:00+00:00, run_after=2025-04-26T00:00:00+00:00
[2025-04-25T14:20:10.229+0000] {processor.py:179} INFO - Processing /opt/airflow/dags/extract_exchange_rates.py took 0.045 seconds
[2025-04-25T14:20:40.600+0000] {processor.py:157} INFO - Started process (PID=1487) to work on /opt/airflow/dags/extract_exchange_rates.py
[2025-04-25T14:20:40.601+0000] {processor.py:829} INFO - Processing file /opt/airflow/dags/extract_exchange_rates.py for tasks to queue
[2025-04-25T14:20:40.601+0000] {logging_mixin.py:151} INFO - [2025-04-25T14:20:40.601+0000] {dagbag.py:536} INFO - Filling up the DagBag from /opt/airflow/dags/extract_exchange_rates.py
[2025-04-25T14:20:40.613+0000] {processor.py:839} INFO - DAG(s) dict_keys(['extract_exchange_rates']) retrieved from /opt/airflow/dags/extract_exchange_rates.py
[2025-04-25T14:20:40.629+0000] {logging_mixin.py:151} INFO - [2025-04-25T14:20:40.628+0000] {dag.py:2941} INFO - Sync 1 DAGs
[2025-04-25T14:20:40.639+0000] {logging_mixin.py:151} INFO - [2025-04-25T14:20:40.639+0000] {dag.py:3722} INFO - Setting next_dagrun for extract_exchange_rates to 2025-04-25T00:00:00+00:00, run_after=2025-04-26T00:00:00+00:00
[2025-04-25T14:20:40.646+0000] {processor.py:179} INFO - Processing /opt/airflow/dags/extract_exchange_rates.py took 0.049 seconds
[2025-04-25T14:21:10.947+0000] {processor.py:157} INFO - Started process (PID=1492) to work on /opt/airflow/dags/extract_exchange_rates.py
[2025-04-25T14:21:10.948+0000] {processor.py:829} INFO - Processing file /opt/airflow/dags/extract_exchange_rates.py for tasks to queue
[2025-04-25T14:21:10.948+0000] {logging_mixin.py:151} INFO - [2025-04-25T14:21:10.948+0000] {dagbag.py:536} INFO - Filling up the DagBag from /opt/airflow/dags/extract_exchange_rates.py
[2025-04-25T14:21:10.959+0000] {processor.py:839} INFO - DAG(s) dict_keys(['extract_exchange_rates']) retrieved from /opt/airflow/dags/extract_exchange_rates.py
[2025-04-25T14:21:10.972+0000] {logging_mixin.py:151} INFO - [2025-04-25T14:21:10.972+0000] {dag.py:2941} INFO - Sync 1 DAGs
[2025-04-25T14:21:10.982+0000] {logging_mixin.py:151} INFO - [2025-04-25T14:21:10.982+0000] {dag.py:3722} INFO - Setting next_dagrun for extract_exchange_rates to 2025-04-25T00:00:00+00:00, run_after=2025-04-26T00:00:00+00:00
[2025-04-25T14:21:10.989+0000] {processor.py:179} INFO - Processing /opt/airflow/dags/extract_exchange_rates.py took 0.045 seconds
[2025-04-25T14:21:41.295+0000] {processor.py:157} INFO - Started process (PID=1497) to work on /opt/airflow/dags/extract_exchange_rates.py
[2025-04-25T14:21:41.296+0000] {processor.py:829} INFO - Processing file /opt/airflow/dags/extract_exchange_rates.py for tasks to queue
[2025-04-25T14:21:41.296+0000] {logging_mixin.py:151} INFO - [2025-04-25T14:21:41.296+0000] {dagbag.py:536} INFO - Filling up the DagBag from /opt/airflow/dags/extract_exchange_rates.py
[2025-04-25T14:21:41.307+0000] {processor.py:839} INFO - DAG(s) dict_keys(['extract_exchange_rates']) retrieved from /opt/airflow/dags/extract_exchange_rates.py
[2025-04-25T14:21:41.321+0000] {logging_mixin.py:151} INFO - [2025-04-25T14:21:41.321+0000] {dag.py:2941} INFO - Sync 1 DAGs
[2025-04-25T14:21:41.331+0000] {logging_mixin.py:151} INFO - [2025-04-25T14:21:41.331+0000] {dag.py:3722} INFO - Setting next_dagrun for extract_exchange_rates to 2025-04-25T00:00:00+00:00, run_after=2025-04-26T00:00:00+00:00
[2025-04-25T14:21:41.339+0000] {processor.py:179} INFO - Processing /opt/airflow/dags/extract_exchange_rates.py took 0.046 seconds
[2025-04-25T14:22:11.639+0000] {processor.py:157} INFO - Started process (PID=1502) to work on /opt/airflow/dags/extract_exchange_rates.py
[2025-04-25T14:22:11.640+0000] {processor.py:829} INFO - Processing file /opt/airflow/dags/extract_exchange_rates.py for tasks to queue
[2025-04-25T14:22:11.640+0000] {logging_mixin.py:151} INFO - [2025-04-25T14:22:11.640+0000] {dagbag.py:536} INFO - Filling up the DagBag from /opt/airflow/dags/extract_exchange_rates.py
[2025-04-25T14:22:11.651+0000] {processor.py:839} INFO - DAG(s) dict_keys(['extract_exchange_rates']) retrieved from /opt/airflow/dags/extract_exchange_rates.py
[2025-04-25T14:22:11.666+0000] {logging_mixin.py:151} INFO - [2025-04-25T14:22:11.665+0000] {dag.py:2941} INFO - Sync 1 DAGs
[2025-04-25T14:22:11.675+0000] {logging_mixin.py:151} INFO - [2025-04-25T14:22:11.675+0000] {dag.py:3722} INFO - Setting next_dagrun for extract_exchange_rates to 2025-04-25T00:00:00+00:00, run_after=2025-04-26T00:00:00+00:00
[2025-04-25T14:22:11.683+0000] {processor.py:179} INFO - Processing /opt/airflow/dags/extract_exchange_rates.py took 0.047 seconds
[2025-04-25T14:22:41.994+0000] {processor.py:157} INFO - Started process (PID=1507) to work on /opt/airflow/dags/extract_exchange_rates.py
[2025-04-25T14:22:41.995+0000] {processor.py:829} INFO - Processing file /opt/airflow/dags/extract_exchange_rates.py for tasks to queue
[2025-04-25T14:22:41.996+0000] {logging_mixin.py:151} INFO - [2025-04-25T14:22:41.996+0000] {dagbag.py:536} INFO - Filling up the DagBag from /opt/airflow/dags/extract_exchange_rates.py
[2025-04-25T14:22:42.007+0000] {processor.py:839} INFO - DAG(s) dict_keys(['extract_exchange_rates']) retrieved from /opt/airflow/dags/extract_exchange_rates.py
[2025-04-25T14:22:42.021+0000] {logging_mixin.py:151} INFO - [2025-04-25T14:22:42.021+0000] {dag.py:2941} INFO - Sync 1 DAGs
[2025-04-25T14:22:42.031+0000] {logging_mixin.py:151} INFO - [2025-04-25T14:22:42.031+0000] {dag.py:3722} INFO - Setting next_dagrun for extract_exchange_rates to 2025-04-25T00:00:00+00:00, run_after=2025-04-26T00:00:00+00:00
[2025-04-25T14:22:42.038+0000] {processor.py:179} INFO - Processing /opt/airflow/dags/extract_exchange_rates.py took 0.046 seconds
[2025-04-25T14:23:12.319+0000] {processor.py:157} INFO - Started process (PID=1512) to work on /opt/airflow/dags/extract_exchange_rates.py
[2025-04-25T14:23:12.319+0000] {processor.py:829} INFO - Processing file /opt/airflow/dags/extract_exchange_rates.py for tasks to queue
[2025-04-25T14:23:12.320+0000] {logging_mixin.py:151} INFO - [2025-04-25T14:23:12.320+0000] {dagbag.py:536} INFO - Filling up the DagBag from /opt/airflow/dags/extract_exchange_rates.py
[2025-04-25T14:23:12.329+0000] {processor.py:839} INFO - DAG(s) dict_keys(['extract_exchange_rates']) retrieved from /opt/airflow/dags/extract_exchange_rates.py
[2025-04-25T14:23:12.342+0000] {logging_mixin.py:151} INFO - [2025-04-25T14:23:12.342+0000] {dag.py:2941} INFO - Sync 1 DAGs
[2025-04-25T14:23:12.351+0000] {logging_mixin.py:151} INFO - [2025-04-25T14:23:12.351+0000] {dag.py:3722} INFO - Setting next_dagrun for extract_exchange_rates to 2025-04-25T00:00:00+00:00, run_after=2025-04-26T00:00:00+00:00
[2025-04-25T14:23:12.359+0000] {processor.py:179} INFO - Processing /opt/airflow/dags/extract_exchange_rates.py took 0.042 seconds
[2025-04-25T14:23:42.588+0000] {processor.py:157} INFO - Started process (PID=1517) to work on /opt/airflow/dags/extract_exchange_rates.py
[2025-04-25T14:23:42.588+0000] {processor.py:829} INFO - Processing file /opt/airflow/dags/extract_exchange_rates.py for tasks to queue
[2025-04-25T14:23:42.589+0000] {logging_mixin.py:151} INFO - [2025-04-25T14:23:42.589+0000] {dagbag.py:536} INFO - Filling up the DagBag from /opt/airflow/dags/extract_exchange_rates.py
[2025-04-25T14:23:42.597+0000] {processor.py:839} INFO - DAG(s) dict_keys(['extract_exchange_rates']) retrieved from /opt/airflow/dags/extract_exchange_rates.py
[2025-04-25T14:23:42.610+0000] {logging_mixin.py:151} INFO - [2025-04-25T14:23:42.610+0000] {dag.py:2941} INFO - Sync 1 DAGs
[2025-04-25T14:23:42.620+0000] {logging_mixin.py:151} INFO - [2025-04-25T14:23:42.620+0000] {dag.py:3722} INFO - Setting next_dagrun for extract_exchange_rates to 2025-04-25T00:00:00+00:00, run_after=2025-04-26T00:00:00+00:00
[2025-04-25T14:23:42.627+0000] {processor.py:179} INFO - Processing /opt/airflow/dags/extract_exchange_rates.py took 0.041 seconds
[2025-04-25T14:24:12.857+0000] {processor.py:157} INFO - Started process (PID=1522) to work on /opt/airflow/dags/extract_exchange_rates.py
[2025-04-25T14:24:12.858+0000] {processor.py:829} INFO - Processing file /opt/airflow/dags/extract_exchange_rates.py for tasks to queue
[2025-04-25T14:24:12.858+0000] {logging_mixin.py:151} INFO - [2025-04-25T14:24:12.858+0000] {dagbag.py:536} INFO - Filling up the DagBag from /opt/airflow/dags/extract_exchange_rates.py
[2025-04-25T14:24:12.867+0000] {processor.py:839} INFO - DAG(s) dict_keys(['extract_exchange_rates']) retrieved from /opt/airflow/dags/extract_exchange_rates.py
[2025-04-25T14:24:12.880+0000] {logging_mixin.py:151} INFO - [2025-04-25T14:24:12.880+0000] {dag.py:2941} INFO - Sync 1 DAGs
[2025-04-25T14:24:12.890+0000] {logging_mixin.py:151} INFO - [2025-04-25T14:24:12.890+0000] {dag.py:3722} INFO - Setting next_dagrun for extract_exchange_rates to 2025-04-25T00:00:00+00:00, run_after=2025-04-26T00:00:00+00:00
[2025-04-25T14:24:12.897+0000] {processor.py:179} INFO - Processing /opt/airflow/dags/extract_exchange_rates.py took 0.041 seconds
[2025-04-25T14:24:43.129+0000] {processor.py:157} INFO - Started process (PID=1527) to work on /opt/airflow/dags/extract_exchange_rates.py
[2025-04-25T14:24:43.130+0000] {processor.py:829} INFO - Processing file /opt/airflow/dags/extract_exchange_rates.py for tasks to queue
[2025-04-25T14:24:43.130+0000] {logging_mixin.py:151} INFO - [2025-04-25T14:24:43.130+0000] {dagbag.py:536} INFO - Filling up the DagBag from /opt/airflow/dags/extract_exchange_rates.py
[2025-04-25T14:24:43.139+0000] {processor.py:839} INFO - DAG(s) dict_keys(['extract_exchange_rates']) retrieved from /opt/airflow/dags/extract_exchange_rates.py
[2025-04-25T14:24:43.151+0000] {logging_mixin.py:151} INFO - [2025-04-25T14:24:43.151+0000] {dag.py:2941} INFO - Sync 1 DAGs
[2025-04-25T14:24:43.161+0000] {logging_mixin.py:151} INFO - [2025-04-25T14:24:43.161+0000] {dag.py:3722} INFO - Setting next_dagrun for extract_exchange_rates to 2025-04-25T00:00:00+00:00, run_after=2025-04-26T00:00:00+00:00
[2025-04-25T14:24:43.167+0000] {processor.py:179} INFO - Processing /opt/airflow/dags/extract_exchange_rates.py took 0.040 seconds
[2025-04-25T14:25:13.400+0000] {processor.py:157} INFO - Started process (PID=1532) to work on /opt/airflow/dags/extract_exchange_rates.py
[2025-04-25T14:25:13.401+0000] {processor.py:829} INFO - Processing file /opt/airflow/dags/extract_exchange_rates.py for tasks to queue
[2025-04-25T14:25:13.401+0000] {logging_mixin.py:151} INFO - [2025-04-25T14:25:13.401+0000] {dagbag.py:536} INFO - Filling up the DagBag from /opt/airflow/dags/extract_exchange_rates.py
[2025-04-25T14:25:13.409+0000] {processor.py:839} INFO - DAG(s) dict_keys(['extract_exchange_rates']) retrieved from /opt/airflow/dags/extract_exchange_rates.py
[2025-04-25T14:25:13.422+0000] {logging_mixin.py:151} INFO - [2025-04-25T14:25:13.421+0000] {dag.py:2941} INFO - Sync 1 DAGs
[2025-04-25T14:25:13.431+0000] {logging_mixin.py:151} INFO - [2025-04-25T14:25:13.431+0000] {dag.py:3722} INFO - Setting next_dagrun for extract_exchange_rates to 2025-04-25T00:00:00+00:00, run_after=2025-04-26T00:00:00+00:00
[2025-04-25T14:25:13.439+0000] {processor.py:179} INFO - Processing /opt/airflow/dags/extract_exchange_rates.py took 0.040 seconds
[2025-04-25T14:25:43.663+0000] {processor.py:157} INFO - Started process (PID=1537) to work on /opt/airflow/dags/extract_exchange_rates.py
[2025-04-25T14:25:43.664+0000] {processor.py:829} INFO - Processing file /opt/airflow/dags/extract_exchange_rates.py for tasks to queue
[2025-04-25T14:25:43.665+0000] {logging_mixin.py:151} INFO - [2025-04-25T14:25:43.665+0000] {dagbag.py:536} INFO - Filling up the DagBag from /opt/airflow/dags/extract_exchange_rates.py
[2025-04-25T14:25:43.675+0000] {processor.py:839} INFO - DAG(s) dict_keys(['extract_exchange_rates']) retrieved from /opt/airflow/dags/extract_exchange_rates.py
[2025-04-25T14:25:43.688+0000] {logging_mixin.py:151} INFO - [2025-04-25T14:25:43.688+0000] {dag.py:2941} INFO - Sync 1 DAGs
[2025-04-25T14:25:43.698+0000] {logging_mixin.py:151} INFO - [2025-04-25T14:25:43.697+0000] {dag.py:3722} INFO - Setting next_dagrun for extract_exchange_rates to 2025-04-25T00:00:00+00:00, run_after=2025-04-26T00:00:00+00:00
[2025-04-25T14:25:43.705+0000] {processor.py:179} INFO - Processing /opt/airflow/dags/extract_exchange_rates.py took 0.044 seconds
[2025-04-25T14:26:13.930+0000] {processor.py:157} INFO - Started process (PID=1542) to work on /opt/airflow/dags/extract_exchange_rates.py
[2025-04-25T14:26:13.930+0000] {processor.py:829} INFO - Processing file /opt/airflow/dags/extract_exchange_rates.py for tasks to queue
[2025-04-25T14:26:13.931+0000] {logging_mixin.py:151} INFO - [2025-04-25T14:26:13.931+0000] {dagbag.py:536} INFO - Filling up the DagBag from /opt/airflow/dags/extract_exchange_rates.py
[2025-04-25T14:26:13.942+0000] {processor.py:839} INFO - DAG(s) dict_keys(['extract_exchange_rates']) retrieved from /opt/airflow/dags/extract_exchange_rates.py
[2025-04-25T14:26:13.956+0000] {logging_mixin.py:151} INFO - [2025-04-25T14:26:13.956+0000] {dag.py:2941} INFO - Sync 1 DAGs
[2025-04-25T14:26:13.965+0000] {logging_mixin.py:151} INFO - [2025-04-25T14:26:13.965+0000] {dag.py:3722} INFO - Setting next_dagrun for extract_exchange_rates to 2025-04-25T00:00:00+00:00, run_after=2025-04-26T00:00:00+00:00
[2025-04-25T14:26:13.973+0000] {processor.py:179} INFO - Processing /opt/airflow/dags/extract_exchange_rates.py took 0.046 seconds
[2025-04-25T14:26:44.171+0000] {processor.py:157} INFO - Started process (PID=1547) to work on /opt/airflow/dags/extract_exchange_rates.py
[2025-04-25T14:26:44.172+0000] {processor.py:829} INFO - Processing file /opt/airflow/dags/extract_exchange_rates.py for tasks to queue
[2025-04-25T14:26:44.172+0000] {logging_mixin.py:151} INFO - [2025-04-25T14:26:44.172+0000] {dagbag.py:536} INFO - Filling up the DagBag from /opt/airflow/dags/extract_exchange_rates.py
[2025-04-25T14:26:44.183+0000] {processor.py:839} INFO - DAG(s) dict_keys(['extract_exchange_rates']) retrieved from /opt/airflow/dags/extract_exchange_rates.py
[2025-04-25T14:26:44.196+0000] {logging_mixin.py:151} INFO - [2025-04-25T14:26:44.196+0000] {dag.py:2941} INFO - Sync 1 DAGs
[2025-04-25T14:26:44.206+0000] {logging_mixin.py:151} INFO - [2025-04-25T14:26:44.206+0000] {dag.py:3722} INFO - Setting next_dagrun for extract_exchange_rates to 2025-04-25T00:00:00+00:00, run_after=2025-04-26T00:00:00+00:00
[2025-04-25T14:26:44.213+0000] {processor.py:179} INFO - Processing /opt/airflow/dags/extract_exchange_rates.py took 0.045 seconds
[2025-04-25T14:27:14.434+0000] {processor.py:157} INFO - Started process (PID=1552) to work on /opt/airflow/dags/extract_exchange_rates.py
[2025-04-25T14:27:14.435+0000] {processor.py:829} INFO - Processing file /opt/airflow/dags/extract_exchange_rates.py for tasks to queue
[2025-04-25T14:27:14.436+0000] {logging_mixin.py:151} INFO - [2025-04-25T14:27:14.436+0000] {dagbag.py:536} INFO - Filling up the DagBag from /opt/airflow/dags/extract_exchange_rates.py
[2025-04-25T14:27:14.447+0000] {processor.py:839} INFO - DAG(s) dict_keys(['extract_exchange_rates']) retrieved from /opt/airflow/dags/extract_exchange_rates.py
[2025-04-25T14:27:14.460+0000] {logging_mixin.py:151} INFO - [2025-04-25T14:27:14.460+0000] {dag.py:2941} INFO - Sync 1 DAGs
[2025-04-25T14:27:14.470+0000] {logging_mixin.py:151} INFO - [2025-04-25T14:27:14.470+0000] {dag.py:3722} INFO - Setting next_dagrun for extract_exchange_rates to 2025-04-25T00:00:00+00:00, run_after=2025-04-26T00:00:00+00:00
[2025-04-25T14:27:14.478+0000] {processor.py:179} INFO - Processing /opt/airflow/dags/extract_exchange_rates.py took 0.046 seconds
[2025-04-25T14:27:44.694+0000] {processor.py:157} INFO - Started process (PID=1557) to work on /opt/airflow/dags/extract_exchange_rates.py
[2025-04-25T14:27:44.695+0000] {processor.py:829} INFO - Processing file /opt/airflow/dags/extract_exchange_rates.py for tasks to queue
[2025-04-25T14:27:44.695+0000] {logging_mixin.py:151} INFO - [2025-04-25T14:27:44.695+0000] {dagbag.py:536} INFO - Filling up the DagBag from /opt/airflow/dags/extract_exchange_rates.py
[2025-04-25T14:27:44.706+0000] {processor.py:839} INFO - DAG(s) dict_keys(['extract_exchange_rates']) retrieved from /opt/airflow/dags/extract_exchange_rates.py
[2025-04-25T14:27:44.719+0000] {logging_mixin.py:151} INFO - [2025-04-25T14:27:44.719+0000] {dag.py:2941} INFO - Sync 1 DAGs
[2025-04-25T14:27:44.729+0000] {logging_mixin.py:151} INFO - [2025-04-25T14:27:44.729+0000] {dag.py:3722} INFO - Setting next_dagrun for extract_exchange_rates to 2025-04-25T00:00:00+00:00, run_after=2025-04-26T00:00:00+00:00
[2025-04-25T14:27:44.736+0000] {processor.py:179} INFO - Processing /opt/airflow/dags/extract_exchange_rates.py took 0.045 seconds
[2025-04-25T14:28:14.949+0000] {processor.py:157} INFO - Started process (PID=1562) to work on /opt/airflow/dags/extract_exchange_rates.py
[2025-04-25T14:28:14.950+0000] {processor.py:829} INFO - Processing file /opt/airflow/dags/extract_exchange_rates.py for tasks to queue
[2025-04-25T14:28:14.950+0000] {logging_mixin.py:151} INFO - [2025-04-25T14:28:14.950+0000] {dagbag.py:536} INFO - Filling up the DagBag from /opt/airflow/dags/extract_exchange_rates.py
[2025-04-25T14:28:14.961+0000] {processor.py:839} INFO - DAG(s) dict_keys(['extract_exchange_rates']) retrieved from /opt/airflow/dags/extract_exchange_rates.py
[2025-04-25T14:28:14.974+0000] {logging_mixin.py:151} INFO - [2025-04-25T14:28:14.974+0000] {dag.py:2941} INFO - Sync 1 DAGs
[2025-04-25T14:28:14.984+0000] {logging_mixin.py:151} INFO - [2025-04-25T14:28:14.983+0000] {dag.py:3722} INFO - Setting next_dagrun for extract_exchange_rates to 2025-04-25T00:00:00+00:00, run_after=2025-04-26T00:00:00+00:00
[2025-04-25T14:28:14.991+0000] {processor.py:179} INFO - Processing /opt/airflow/dags/extract_exchange_rates.py took 0.044 seconds
[2025-04-25T14:28:45.195+0000] {processor.py:157} INFO - Started process (PID=1567) to work on /opt/airflow/dags/extract_exchange_rates.py
[2025-04-25T14:28:45.196+0000] {processor.py:829} INFO - Processing file /opt/airflow/dags/extract_exchange_rates.py for tasks to queue
[2025-04-25T14:28:45.197+0000] {logging_mixin.py:151} INFO - [2025-04-25T14:28:45.197+0000] {dagbag.py:536} INFO - Filling up the DagBag from /opt/airflow/dags/extract_exchange_rates.py
[2025-04-25T14:28:45.207+0000] {processor.py:839} INFO - DAG(s) dict_keys(['extract_exchange_rates']) retrieved from /opt/airflow/dags/extract_exchange_rates.py
[2025-04-25T14:28:45.220+0000] {logging_mixin.py:151} INFO - [2025-04-25T14:28:45.219+0000] {dag.py:2941} INFO - Sync 1 DAGs
[2025-04-25T14:28:45.229+0000] {logging_mixin.py:151} INFO - [2025-04-25T14:28:45.229+0000] {dag.py:3722} INFO - Setting next_dagrun for extract_exchange_rates to 2025-04-25T00:00:00+00:00, run_after=2025-04-26T00:00:00+00:00
[2025-04-25T14:28:45.237+0000] {processor.py:179} INFO - Processing /opt/airflow/dags/extract_exchange_rates.py took 0.045 seconds
[2025-04-25T14:29:15.445+0000] {processor.py:157} INFO - Started process (PID=1572) to work on /opt/airflow/dags/extract_exchange_rates.py
[2025-04-25T14:29:15.445+0000] {processor.py:829} INFO - Processing file /opt/airflow/dags/extract_exchange_rates.py for tasks to queue
[2025-04-25T14:29:15.446+0000] {logging_mixin.py:151} INFO - [2025-04-25T14:29:15.446+0000] {dagbag.py:536} INFO - Filling up the DagBag from /opt/airflow/dags/extract_exchange_rates.py
[2025-04-25T14:29:15.455+0000] {processor.py:839} INFO - DAG(s) dict_keys(['extract_exchange_rates']) retrieved from /opt/airflow/dags/extract_exchange_rates.py
[2025-04-25T14:29:15.468+0000] {logging_mixin.py:151} INFO - [2025-04-25T14:29:15.468+0000] {dag.py:2941} INFO - Sync 1 DAGs
[2025-04-25T14:29:15.478+0000] {logging_mixin.py:151} INFO - [2025-04-25T14:29:15.478+0000] {dag.py:3722} INFO - Setting next_dagrun for extract_exchange_rates to 2025-04-25T00:00:00+00:00, run_after=2025-04-26T00:00:00+00:00
[2025-04-25T14:29:15.485+0000] {processor.py:179} INFO - Processing /opt/airflow/dags/extract_exchange_rates.py took 0.043 seconds
[2025-04-25T14:29:45.696+0000] {processor.py:157} INFO - Started process (PID=1577) to work on /opt/airflow/dags/extract_exchange_rates.py
[2025-04-25T14:29:45.697+0000] {processor.py:829} INFO - Processing file /opt/airflow/dags/extract_exchange_rates.py for tasks to queue
[2025-04-25T14:29:45.697+0000] {logging_mixin.py:151} INFO - [2025-04-25T14:29:45.697+0000] {dagbag.py:536} INFO - Filling up the DagBag from /opt/airflow/dags/extract_exchange_rates.py
[2025-04-25T14:29:45.707+0000] {processor.py:839} INFO - DAG(s) dict_keys(['extract_exchange_rates']) retrieved from /opt/airflow/dags/extract_exchange_rates.py
[2025-04-25T14:29:45.720+0000] {logging_mixin.py:151} INFO - [2025-04-25T14:29:45.720+0000] {dag.py:2941} INFO - Sync 1 DAGs
[2025-04-25T14:29:45.730+0000] {logging_mixin.py:151} INFO - [2025-04-25T14:29:45.729+0000] {dag.py:3722} INFO - Setting next_dagrun for extract_exchange_rates to 2025-04-25T00:00:00+00:00, run_after=2025-04-26T00:00:00+00:00
[2025-04-25T14:29:45.737+0000] {processor.py:179} INFO - Processing /opt/airflow/dags/extract_exchange_rates.py took 0.044 seconds
[2025-04-25T14:30:16.004+0000] {processor.py:157} INFO - Started process (PID=1582) to work on /opt/airflow/dags/extract_exchange_rates.py
[2025-04-25T14:30:16.005+0000] {processor.py:829} INFO - Processing file /opt/airflow/dags/extract_exchange_rates.py for tasks to queue
[2025-04-25T14:30:16.006+0000] {logging_mixin.py:151} INFO - [2025-04-25T14:30:16.006+0000] {dagbag.py:536} INFO - Filling up the DagBag from /opt/airflow/dags/extract_exchange_rates.py
[2025-04-25T14:30:16.016+0000] {processor.py:839} INFO - DAG(s) dict_keys(['extract_exchange_rates']) retrieved from /opt/airflow/dags/extract_exchange_rates.py
[2025-04-25T14:30:16.033+0000] {logging_mixin.py:151} INFO - [2025-04-25T14:30:16.032+0000] {dag.py:2941} INFO - Sync 1 DAGs
[2025-04-25T14:30:16.042+0000] {logging_mixin.py:151} INFO - [2025-04-25T14:30:16.042+0000] {dag.py:3722} INFO - Setting next_dagrun for extract_exchange_rates to 2025-04-25T00:00:00+00:00, run_after=2025-04-26T00:00:00+00:00
[2025-04-25T14:30:16.049+0000] {processor.py:179} INFO - Processing /opt/airflow/dags/extract_exchange_rates.py took 0.048 seconds
[2025-04-25T14:30:46.302+0000] {processor.py:157} INFO - Started process (PID=1587) to work on /opt/airflow/dags/extract_exchange_rates.py
[2025-04-25T14:30:46.302+0000] {processor.py:829} INFO - Processing file /opt/airflow/dags/extract_exchange_rates.py for tasks to queue
[2025-04-25T14:30:46.303+0000] {logging_mixin.py:151} INFO - [2025-04-25T14:30:46.303+0000] {dagbag.py:536} INFO - Filling up the DagBag from /opt/airflow/dags/extract_exchange_rates.py
[2025-04-25T14:30:46.316+0000] {processor.py:839} INFO - DAG(s) dict_keys(['extract_exchange_rates']) retrieved from /opt/airflow/dags/extract_exchange_rates.py
[2025-04-25T14:30:46.332+0000] {logging_mixin.py:151} INFO - [2025-04-25T14:30:46.332+0000] {dag.py:2941} INFO - Sync 1 DAGs
[2025-04-25T14:30:46.343+0000] {logging_mixin.py:151} INFO - [2025-04-25T14:30:46.342+0000] {dag.py:3722} INFO - Setting next_dagrun for extract_exchange_rates to 2025-04-25T00:00:00+00:00, run_after=2025-04-26T00:00:00+00:00
[2025-04-25T14:30:46.350+0000] {processor.py:179} INFO - Processing /opt/airflow/dags/extract_exchange_rates.py took 0.051 seconds
[2025-04-25T14:31:16.648+0000] {processor.py:157} INFO - Started process (PID=1592) to work on /opt/airflow/dags/extract_exchange_rates.py
[2025-04-25T14:31:16.649+0000] {processor.py:829} INFO - Processing file /opt/airflow/dags/extract_exchange_rates.py for tasks to queue
[2025-04-25T14:31:16.650+0000] {logging_mixin.py:151} INFO - [2025-04-25T14:31:16.650+0000] {dagbag.py:536} INFO - Filling up the DagBag from /opt/airflow/dags/extract_exchange_rates.py
[2025-04-25T14:31:16.661+0000] {processor.py:839} INFO - DAG(s) dict_keys(['extract_exchange_rates']) retrieved from /opt/airflow/dags/extract_exchange_rates.py
[2025-04-25T14:31:16.676+0000] {logging_mixin.py:151} INFO - [2025-04-25T14:31:16.676+0000] {dag.py:2941} INFO - Sync 1 DAGs
[2025-04-25T14:31:16.686+0000] {logging_mixin.py:151} INFO - [2025-04-25T14:31:16.686+0000] {dag.py:3722} INFO - Setting next_dagrun for extract_exchange_rates to 2025-04-25T00:00:00+00:00, run_after=2025-04-26T00:00:00+00:00
[2025-04-25T14:31:16.693+0000] {processor.py:179} INFO - Processing /opt/airflow/dags/extract_exchange_rates.py took 0.048 seconds
[2025-04-25T14:31:46.992+0000] {processor.py:157} INFO - Started process (PID=1597) to work on /opt/airflow/dags/extract_exchange_rates.py
[2025-04-25T14:31:46.993+0000] {processor.py:829} INFO - Processing file /opt/airflow/dags/extract_exchange_rates.py for tasks to queue
[2025-04-25T14:31:46.994+0000] {logging_mixin.py:151} INFO - [2025-04-25T14:31:46.994+0000] {dagbag.py:536} INFO - Filling up the DagBag from /opt/airflow/dags/extract_exchange_rates.py
[2025-04-25T14:31:47.006+0000] {processor.py:839} INFO - DAG(s) dict_keys(['extract_exchange_rates']) retrieved from /opt/airflow/dags/extract_exchange_rates.py
[2025-04-25T14:31:47.021+0000] {logging_mixin.py:151} INFO - [2025-04-25T14:31:47.021+0000] {dag.py:2941} INFO - Sync 1 DAGs
[2025-04-25T14:31:47.030+0000] {logging_mixin.py:151} INFO - [2025-04-25T14:31:47.030+0000] {dag.py:3722} INFO - Setting next_dagrun for extract_exchange_rates to 2025-04-25T00:00:00+00:00, run_after=2025-04-26T00:00:00+00:00
[2025-04-25T14:31:47.038+0000] {processor.py:179} INFO - Processing /opt/airflow/dags/extract_exchange_rates.py took 0.048 seconds
[2025-04-25T14:32:17.369+0000] {processor.py:157} INFO - Started process (PID=1602) to work on /opt/airflow/dags/extract_exchange_rates.py
[2025-04-25T14:32:17.369+0000] {processor.py:829} INFO - Processing file /opt/airflow/dags/extract_exchange_rates.py for tasks to queue
[2025-04-25T14:32:17.370+0000] {logging_mixin.py:151} INFO - [2025-04-25T14:32:17.370+0000] {dagbag.py:536} INFO - Filling up the DagBag from /opt/airflow/dags/extract_exchange_rates.py
[2025-04-25T14:32:17.382+0000] {processor.py:839} INFO - DAG(s) dict_keys(['extract_exchange_rates']) retrieved from /opt/airflow/dags/extract_exchange_rates.py
[2025-04-25T14:32:17.399+0000] {logging_mixin.py:151} INFO - [2025-04-25T14:32:17.399+0000] {dag.py:2941} INFO - Sync 1 DAGs
[2025-04-25T14:32:17.410+0000] {logging_mixin.py:151} INFO - [2025-04-25T14:32:17.410+0000] {dag.py:3722} INFO - Setting next_dagrun for extract_exchange_rates to 2025-04-25T00:00:00+00:00, run_after=2025-04-26T00:00:00+00:00
[2025-04-25T14:32:17.417+0000] {processor.py:179} INFO - Processing /opt/airflow/dags/extract_exchange_rates.py took 0.051 seconds
[2025-04-25T14:32:47.700+0000] {processor.py:157} INFO - Started process (PID=1607) to work on /opt/airflow/dags/extract_exchange_rates.py
[2025-04-25T14:32:47.701+0000] {processor.py:829} INFO - Processing file /opt/airflow/dags/extract_exchange_rates.py for tasks to queue
[2025-04-25T14:32:47.702+0000] {logging_mixin.py:151} INFO - [2025-04-25T14:32:47.702+0000] {dagbag.py:536} INFO - Filling up the DagBag from /opt/airflow/dags/extract_exchange_rates.py
[2025-04-25T14:32:47.713+0000] {processor.py:839} INFO - DAG(s) dict_keys(['extract_exchange_rates']) retrieved from /opt/airflow/dags/extract_exchange_rates.py
[2025-04-25T14:32:47.728+0000] {logging_mixin.py:151} INFO - [2025-04-25T14:32:47.728+0000] {dag.py:2941} INFO - Sync 1 DAGs
[2025-04-25T14:32:47.738+0000] {logging_mixin.py:151} INFO - [2025-04-25T14:32:47.738+0000] {dag.py:3722} INFO - Setting next_dagrun for extract_exchange_rates to 2025-04-25T00:00:00+00:00, run_after=2025-04-26T00:00:00+00:00
[2025-04-25T14:32:47.745+0000] {processor.py:179} INFO - Processing /opt/airflow/dags/extract_exchange_rates.py took 0.047 seconds
[2025-04-25T14:33:18.041+0000] {processor.py:157} INFO - Started process (PID=1612) to work on /opt/airflow/dags/extract_exchange_rates.py
[2025-04-25T14:33:18.042+0000] {processor.py:829} INFO - Processing file /opt/airflow/dags/extract_exchange_rates.py for tasks to queue
[2025-04-25T14:33:18.043+0000] {logging_mixin.py:151} INFO - [2025-04-25T14:33:18.042+0000] {dagbag.py:536} INFO - Filling up the DagBag from /opt/airflow/dags/extract_exchange_rates.py
[2025-04-25T14:33:18.055+0000] {processor.py:839} INFO - DAG(s) dict_keys(['extract_exchange_rates']) retrieved from /opt/airflow/dags/extract_exchange_rates.py
[2025-04-25T14:33:18.071+0000] {logging_mixin.py:151} INFO - [2025-04-25T14:33:18.071+0000] {dag.py:2941} INFO - Sync 1 DAGs
[2025-04-25T14:33:18.081+0000] {logging_mixin.py:151} INFO - [2025-04-25T14:33:18.081+0000] {dag.py:3722} INFO - Setting next_dagrun for extract_exchange_rates to 2025-04-25T00:00:00+00:00, run_after=2025-04-26T00:00:00+00:00
[2025-04-25T14:33:18.087+0000] {processor.py:179} INFO - Processing /opt/airflow/dags/extract_exchange_rates.py took 0.049 seconds
[2025-04-25T14:33:48.402+0000] {processor.py:157} INFO - Started process (PID=1617) to work on /opt/airflow/dags/extract_exchange_rates.py
[2025-04-25T14:33:48.403+0000] {processor.py:829} INFO - Processing file /opt/airflow/dags/extract_exchange_rates.py for tasks to queue
[2025-04-25T14:33:48.404+0000] {logging_mixin.py:151} INFO - [2025-04-25T14:33:48.403+0000] {dagbag.py:536} INFO - Filling up the DagBag from /opt/airflow/dags/extract_exchange_rates.py
[2025-04-25T14:33:48.414+0000] {processor.py:839} INFO - DAG(s) dict_keys(['extract_exchange_rates']) retrieved from /opt/airflow/dags/extract_exchange_rates.py
[2025-04-25T14:33:48.428+0000] {logging_mixin.py:151} INFO - [2025-04-25T14:33:48.427+0000] {dag.py:2941} INFO - Sync 1 DAGs
[2025-04-25T14:33:48.438+0000] {logging_mixin.py:151} INFO - [2025-04-25T14:33:48.437+0000] {dag.py:3722} INFO - Setting next_dagrun for extract_exchange_rates to 2025-04-25T00:00:00+00:00, run_after=2025-04-26T00:00:00+00:00
[2025-04-25T14:33:48.446+0000] {processor.py:179} INFO - Processing /opt/airflow/dags/extract_exchange_rates.py took 0.046 seconds
[2025-04-25T14:34:18.743+0000] {processor.py:157} INFO - Started process (PID=1622) to work on /opt/airflow/dags/extract_exchange_rates.py
[2025-04-25T14:34:18.744+0000] {processor.py:829} INFO - Processing file /opt/airflow/dags/extract_exchange_rates.py for tasks to queue
[2025-04-25T14:34:18.745+0000] {logging_mixin.py:151} INFO - [2025-04-25T14:34:18.744+0000] {dagbag.py:536} INFO - Filling up the DagBag from /opt/airflow/dags/extract_exchange_rates.py
[2025-04-25T14:34:18.755+0000] {processor.py:839} INFO - DAG(s) dict_keys(['extract_exchange_rates']) retrieved from /opt/airflow/dags/extract_exchange_rates.py
[2025-04-25T14:34:18.770+0000] {logging_mixin.py:151} INFO - [2025-04-25T14:34:18.770+0000] {dag.py:2941} INFO - Sync 1 DAGs
[2025-04-25T14:34:18.780+0000] {logging_mixin.py:151} INFO - [2025-04-25T14:34:18.780+0000] {dag.py:3722} INFO - Setting next_dagrun for extract_exchange_rates to 2025-04-25T00:00:00+00:00, run_after=2025-04-26T00:00:00+00:00
[2025-04-25T14:34:18.787+0000] {processor.py:179} INFO - Processing /opt/airflow/dags/extract_exchange_rates.py took 0.046 seconds
[2025-04-25T14:34:49.094+0000] {processor.py:157} INFO - Started process (PID=1627) to work on /opt/airflow/dags/extract_exchange_rates.py
[2025-04-25T14:34:49.095+0000] {processor.py:829} INFO - Processing file /opt/airflow/dags/extract_exchange_rates.py for tasks to queue
[2025-04-25T14:34:49.096+0000] {logging_mixin.py:151} INFO - [2025-04-25T14:34:49.095+0000] {dagbag.py:536} INFO - Filling up the DagBag from /opt/airflow/dags/extract_exchange_rates.py
[2025-04-25T14:34:49.106+0000] {processor.py:839} INFO - DAG(s) dict_keys(['extract_exchange_rates']) retrieved from /opt/airflow/dags/extract_exchange_rates.py
[2025-04-25T14:34:49.119+0000] {logging_mixin.py:151} INFO - [2025-04-25T14:34:49.119+0000] {dag.py:2941} INFO - Sync 1 DAGs
[2025-04-25T14:34:49.129+0000] {logging_mixin.py:151} INFO - [2025-04-25T14:34:49.129+0000] {dag.py:3722} INFO - Setting next_dagrun for extract_exchange_rates to 2025-04-25T00:00:00+00:00, run_after=2025-04-26T00:00:00+00:00
[2025-04-25T14:34:49.137+0000] {processor.py:179} INFO - Processing /opt/airflow/dags/extract_exchange_rates.py took 0.045 seconds
[2025-04-25T14:35:19.459+0000] {processor.py:157} INFO - Started process (PID=1632) to work on /opt/airflow/dags/extract_exchange_rates.py
[2025-04-25T14:35:19.460+0000] {processor.py:829} INFO - Processing file /opt/airflow/dags/extract_exchange_rates.py for tasks to queue
[2025-04-25T14:35:19.461+0000] {logging_mixin.py:151} INFO - [2025-04-25T14:35:19.461+0000] {dagbag.py:536} INFO - Filling up the DagBag from /opt/airflow/dags/extract_exchange_rates.py
[2025-04-25T14:35:19.473+0000] {processor.py:839} INFO - DAG(s) dict_keys(['extract_exchange_rates']) retrieved from /opt/airflow/dags/extract_exchange_rates.py
[2025-04-25T14:35:19.488+0000] {logging_mixin.py:151} INFO - [2025-04-25T14:35:19.488+0000] {dag.py:2941} INFO - Sync 1 DAGs
[2025-04-25T14:35:19.498+0000] {logging_mixin.py:151} INFO - [2025-04-25T14:35:19.498+0000] {dag.py:3722} INFO - Setting next_dagrun for extract_exchange_rates to 2025-04-25T00:00:00+00:00, run_after=2025-04-26T00:00:00+00:00
[2025-04-25T14:35:19.505+0000] {processor.py:179} INFO - Processing /opt/airflow/dags/extract_exchange_rates.py took 0.048 seconds
[2025-04-25T14:35:49.790+0000] {processor.py:157} INFO - Started process (PID=1637) to work on /opt/airflow/dags/extract_exchange_rates.py
[2025-04-25T14:35:49.791+0000] {processor.py:829} INFO - Processing file /opt/airflow/dags/extract_exchange_rates.py for tasks to queue
[2025-04-25T14:35:49.792+0000] {logging_mixin.py:151} INFO - [2025-04-25T14:35:49.791+0000] {dagbag.py:536} INFO - Filling up the DagBag from /opt/airflow/dags/extract_exchange_rates.py
[2025-04-25T14:35:49.803+0000] {processor.py:839} INFO - DAG(s) dict_keys(['extract_exchange_rates']) retrieved from /opt/airflow/dags/extract_exchange_rates.py
[2025-04-25T14:35:49.816+0000] {logging_mixin.py:151} INFO - [2025-04-25T14:35:49.816+0000] {dag.py:2941} INFO - Sync 1 DAGs
[2025-04-25T14:35:49.826+0000] {logging_mixin.py:151} INFO - [2025-04-25T14:35:49.826+0000] {dag.py:3722} INFO - Setting next_dagrun for extract_exchange_rates to 2025-04-25T00:00:00+00:00, run_after=2025-04-26T00:00:00+00:00
[2025-04-25T14:35:49.833+0000] {processor.py:179} INFO - Processing /opt/airflow/dags/extract_exchange_rates.py took 0.046 seconds
[2025-04-25T14:36:20.056+0000] {processor.py:157} INFO - Started process (PID=1642) to work on /opt/airflow/dags/extract_exchange_rates.py
[2025-04-25T14:36:20.057+0000] {processor.py:829} INFO - Processing file /opt/airflow/dags/extract_exchange_rates.py for tasks to queue
[2025-04-25T14:36:20.057+0000] {logging_mixin.py:151} INFO - [2025-04-25T14:36:20.057+0000] {dagbag.py:536} INFO - Filling up the DagBag from /opt/airflow/dags/extract_exchange_rates.py
[2025-04-25T14:36:20.066+0000] {processor.py:839} INFO - DAG(s) dict_keys(['extract_exchange_rates']) retrieved from /opt/airflow/dags/extract_exchange_rates.py
[2025-04-25T14:36:20.079+0000] {logging_mixin.py:151} INFO - [2025-04-25T14:36:20.079+0000] {dag.py:2941} INFO - Sync 1 DAGs
[2025-04-25T14:36:20.089+0000] {logging_mixin.py:151} INFO - [2025-04-25T14:36:20.089+0000] {dag.py:3722} INFO - Setting next_dagrun for extract_exchange_rates to 2025-04-25T00:00:00+00:00, run_after=2025-04-26T00:00:00+00:00
[2025-04-25T14:36:20.096+0000] {processor.py:179} INFO - Processing /opt/airflow/dags/extract_exchange_rates.py took 0.042 seconds
[2025-04-25T14:36:50.325+0000] {processor.py:157} INFO - Started process (PID=1647) to work on /opt/airflow/dags/extract_exchange_rates.py
[2025-04-25T14:36:50.326+0000] {processor.py:829} INFO - Processing file /opt/airflow/dags/extract_exchange_rates.py for tasks to queue
[2025-04-25T14:36:50.327+0000] {logging_mixin.py:151} INFO - [2025-04-25T14:36:50.327+0000] {dagbag.py:536} INFO - Filling up the DagBag from /opt/airflow/dags/extract_exchange_rates.py
[2025-04-25T14:36:50.338+0000] {processor.py:839} INFO - DAG(s) dict_keys(['extract_exchange_rates']) retrieved from /opt/airflow/dags/extract_exchange_rates.py
[2025-04-25T14:36:50.354+0000] {logging_mixin.py:151} INFO - [2025-04-25T14:36:50.354+0000] {dag.py:2941} INFO - Sync 1 DAGs
[2025-04-25T14:36:50.364+0000] {logging_mixin.py:151} INFO - [2025-04-25T14:36:50.364+0000] {dag.py:3722} INFO - Setting next_dagrun for extract_exchange_rates to 2025-04-25T00:00:00+00:00, run_after=2025-04-26T00:00:00+00:00
[2025-04-25T14:36:50.372+0000] {processor.py:179} INFO - Processing /opt/airflow/dags/extract_exchange_rates.py took 0.049 seconds
[2025-04-25T14:37:20.607+0000] {processor.py:157} INFO - Started process (PID=1652) to work on /opt/airflow/dags/extract_exchange_rates.py
[2025-04-25T14:37:20.608+0000] {processor.py:829} INFO - Processing file /opt/airflow/dags/extract_exchange_rates.py for tasks to queue
[2025-04-25T14:37:20.609+0000] {logging_mixin.py:151} INFO - [2025-04-25T14:37:20.608+0000] {dagbag.py:536} INFO - Filling up the DagBag from /opt/airflow/dags/extract_exchange_rates.py
[2025-04-25T14:37:20.619+0000] {processor.py:839} INFO - DAG(s) dict_keys(['extract_exchange_rates']) retrieved from /opt/airflow/dags/extract_exchange_rates.py
[2025-04-25T14:37:20.633+0000] {logging_mixin.py:151} INFO - [2025-04-25T14:37:20.633+0000] {dag.py:2941} INFO - Sync 1 DAGs
[2025-04-25T14:37:20.643+0000] {logging_mixin.py:151} INFO - [2025-04-25T14:37:20.643+0000] {dag.py:3722} INFO - Setting next_dagrun for extract_exchange_rates to 2025-04-25T00:00:00+00:00, run_after=2025-04-26T00:00:00+00:00
[2025-04-25T14:37:20.651+0000] {processor.py:179} INFO - Processing /opt/airflow/dags/extract_exchange_rates.py took 0.046 seconds
[2025-04-25T14:37:50.890+0000] {processor.py:157} INFO - Started process (PID=1657) to work on /opt/airflow/dags/extract_exchange_rates.py
[2025-04-25T14:37:50.891+0000] {processor.py:829} INFO - Processing file /opt/airflow/dags/extract_exchange_rates.py for tasks to queue
[2025-04-25T14:37:50.892+0000] {logging_mixin.py:151} INFO - [2025-04-25T14:37:50.892+0000] {dagbag.py:536} INFO - Filling up the DagBag from /opt/airflow/dags/extract_exchange_rates.py
[2025-04-25T14:37:50.906+0000] {processor.py:839} INFO - DAG(s) dict_keys(['extract_exchange_rates']) retrieved from /opt/airflow/dags/extract_exchange_rates.py
[2025-04-25T14:37:50.921+0000] {logging_mixin.py:151} INFO - [2025-04-25T14:37:50.921+0000] {dag.py:2941} INFO - Sync 1 DAGs
[2025-04-25T14:37:50.931+0000] {logging_mixin.py:151} INFO - [2025-04-25T14:37:50.931+0000] {dag.py:3722} INFO - Setting next_dagrun for extract_exchange_rates to 2025-04-25T00:00:00+00:00, run_after=2025-04-26T00:00:00+00:00
[2025-04-25T14:37:50.939+0000] {processor.py:179} INFO - Processing /opt/airflow/dags/extract_exchange_rates.py took 0.053 seconds
[2025-04-25T14:38:21.235+0000] {processor.py:157} INFO - Started process (PID=1662) to work on /opt/airflow/dags/extract_exchange_rates.py
[2025-04-25T14:38:21.236+0000] {processor.py:829} INFO - Processing file /opt/airflow/dags/extract_exchange_rates.py for tasks to queue
[2025-04-25T14:38:21.237+0000] {logging_mixin.py:151} INFO - [2025-04-25T14:38:21.237+0000] {dagbag.py:536} INFO - Filling up the DagBag from /opt/airflow/dags/extract_exchange_rates.py
[2025-04-25T14:38:21.247+0000] {processor.py:839} INFO - DAG(s) dict_keys(['extract_exchange_rates']) retrieved from /opt/airflow/dags/extract_exchange_rates.py
[2025-04-25T14:38:21.261+0000] {logging_mixin.py:151} INFO - [2025-04-25T14:38:21.261+0000] {dag.py:2941} INFO - Sync 1 DAGs
[2025-04-25T14:38:21.271+0000] {logging_mixin.py:151} INFO - [2025-04-25T14:38:21.271+0000] {dag.py:3722} INFO - Setting next_dagrun for extract_exchange_rates to 2025-04-25T00:00:00+00:00, run_after=2025-04-26T00:00:00+00:00
[2025-04-25T14:38:21.279+0000] {processor.py:179} INFO - Processing /opt/airflow/dags/extract_exchange_rates.py took 0.046 seconds
[2025-04-25T14:38:51.590+0000] {processor.py:157} INFO - Started process (PID=1667) to work on /opt/airflow/dags/extract_exchange_rates.py
[2025-04-25T14:38:51.590+0000] {processor.py:829} INFO - Processing file /opt/airflow/dags/extract_exchange_rates.py for tasks to queue
[2025-04-25T14:38:51.591+0000] {logging_mixin.py:151} INFO - [2025-04-25T14:38:51.591+0000] {dagbag.py:536} INFO - Filling up the DagBag from /opt/airflow/dags/extract_exchange_rates.py
[2025-04-25T14:38:51.603+0000] {processor.py:839} INFO - DAG(s) dict_keys(['extract_exchange_rates']) retrieved from /opt/airflow/dags/extract_exchange_rates.py
[2025-04-25T14:38:51.619+0000] {logging_mixin.py:151} INFO - [2025-04-25T14:38:51.619+0000] {dag.py:2941} INFO - Sync 1 DAGs
[2025-04-25T14:38:51.629+0000] {logging_mixin.py:151} INFO - [2025-04-25T14:38:51.629+0000] {dag.py:3722} INFO - Setting next_dagrun for extract_exchange_rates to 2025-04-25T00:00:00+00:00, run_after=2025-04-26T00:00:00+00:00
[2025-04-25T14:38:51.637+0000] {processor.py:179} INFO - Processing /opt/airflow/dags/extract_exchange_rates.py took 0.050 seconds
[2025-04-25T14:39:21.926+0000] {processor.py:157} INFO - Started process (PID=1672) to work on /opt/airflow/dags/extract_exchange_rates.py
[2025-04-25T14:39:21.926+0000] {processor.py:829} INFO - Processing file /opt/airflow/dags/extract_exchange_rates.py for tasks to queue
[2025-04-25T14:39:21.927+0000] {logging_mixin.py:151} INFO - [2025-04-25T14:39:21.927+0000] {dagbag.py:536} INFO - Filling up the DagBag from /opt/airflow/dags/extract_exchange_rates.py
[2025-04-25T14:39:21.938+0000] {processor.py:839} INFO - DAG(s) dict_keys(['extract_exchange_rates']) retrieved from /opt/airflow/dags/extract_exchange_rates.py
[2025-04-25T14:39:21.952+0000] {logging_mixin.py:151} INFO - [2025-04-25T14:39:21.952+0000] {dag.py:2941} INFO - Sync 1 DAGs
[2025-04-25T14:39:21.962+0000] {logging_mixin.py:151} INFO - [2025-04-25T14:39:21.962+0000] {dag.py:3722} INFO - Setting next_dagrun for extract_exchange_rates to 2025-04-25T00:00:00+00:00, run_after=2025-04-26T00:00:00+00:00
[2025-04-25T14:39:21.969+0000] {processor.py:179} INFO - Processing /opt/airflow/dags/extract_exchange_rates.py took 0.046 seconds
[2025-04-25T14:39:52.287+0000] {processor.py:157} INFO - Started process (PID=1677) to work on /opt/airflow/dags/extract_exchange_rates.py
[2025-04-25T14:39:52.288+0000] {processor.py:829} INFO - Processing file /opt/airflow/dags/extract_exchange_rates.py for tasks to queue
[2025-04-25T14:39:52.289+0000] {logging_mixin.py:151} INFO - [2025-04-25T14:39:52.289+0000] {dagbag.py:536} INFO - Filling up the DagBag from /opt/airflow/dags/extract_exchange_rates.py
[2025-04-25T14:39:52.299+0000] {processor.py:839} INFO - DAG(s) dict_keys(['extract_exchange_rates']) retrieved from /opt/airflow/dags/extract_exchange_rates.py
[2025-04-25T14:39:52.313+0000] {logging_mixin.py:151} INFO - [2025-04-25T14:39:52.313+0000] {dag.py:2941} INFO - Sync 1 DAGs
[2025-04-25T14:39:52.323+0000] {logging_mixin.py:151} INFO - [2025-04-25T14:39:52.323+0000] {dag.py:3722} INFO - Setting next_dagrun for extract_exchange_rates to 2025-04-25T00:00:00+00:00, run_after=2025-04-26T00:00:00+00:00
[2025-04-25T14:39:52.331+0000] {processor.py:179} INFO - Processing /opt/airflow/dags/extract_exchange_rates.py took 0.046 seconds
[2025-04-25T14:40:22.651+0000] {processor.py:157} INFO - Started process (PID=1682) to work on /opt/airflow/dags/extract_exchange_rates.py
[2025-04-25T14:40:22.652+0000] {processor.py:829} INFO - Processing file /opt/airflow/dags/extract_exchange_rates.py for tasks to queue
[2025-04-25T14:40:22.652+0000] {logging_mixin.py:151} INFO - [2025-04-25T14:40:22.652+0000] {dagbag.py:536} INFO - Filling up the DagBag from /opt/airflow/dags/extract_exchange_rates.py
[2025-04-25T14:40:22.661+0000] {processor.py:839} INFO - DAG(s) dict_keys(['extract_exchange_rates']) retrieved from /opt/airflow/dags/extract_exchange_rates.py
[2025-04-25T14:40:22.675+0000] {logging_mixin.py:151} INFO - [2025-04-25T14:40:22.674+0000] {dag.py:2941} INFO - Sync 1 DAGs
[2025-04-25T14:40:22.685+0000] {logging_mixin.py:151} INFO - [2025-04-25T14:40:22.685+0000] {dag.py:3722} INFO - Setting next_dagrun for extract_exchange_rates to 2025-04-25T00:00:00+00:00, run_after=2025-04-26T00:00:00+00:00
[2025-04-25T14:40:22.692+0000] {processor.py:179} INFO - Processing /opt/airflow/dags/extract_exchange_rates.py took 0.042 seconds
[2025-04-25T14:40:52.996+0000] {processor.py:157} INFO - Started process (PID=1687) to work on /opt/airflow/dags/extract_exchange_rates.py
[2025-04-25T14:40:52.996+0000] {processor.py:829} INFO - Processing file /opt/airflow/dags/extract_exchange_rates.py for tasks to queue
[2025-04-25T14:40:52.997+0000] {logging_mixin.py:151} INFO - [2025-04-25T14:40:52.997+0000] {dagbag.py:536} INFO - Filling up the DagBag from /opt/airflow/dags/extract_exchange_rates.py
[2025-04-25T14:40:53.006+0000] {processor.py:839} INFO - DAG(s) dict_keys(['extract_exchange_rates']) retrieved from /opt/airflow/dags/extract_exchange_rates.py
[2025-04-25T14:40:53.021+0000] {logging_mixin.py:151} INFO - [2025-04-25T14:40:53.021+0000] {dag.py:2941} INFO - Sync 1 DAGs
[2025-04-25T14:40:53.032+0000] {logging_mixin.py:151} INFO - [2025-04-25T14:40:53.032+0000] {dag.py:3722} INFO - Setting next_dagrun for extract_exchange_rates to 2025-04-25T00:00:00+00:00, run_after=2025-04-26T00:00:00+00:00
[2025-04-25T14:40:53.040+0000] {processor.py:179} INFO - Processing /opt/airflow/dags/extract_exchange_rates.py took 0.046 seconds
[2025-04-25T14:41:23.337+0000] {processor.py:157} INFO - Started process (PID=1692) to work on /opt/airflow/dags/extract_exchange_rates.py
[2025-04-25T14:41:23.338+0000] {processor.py:829} INFO - Processing file /opt/airflow/dags/extract_exchange_rates.py for tasks to queue
[2025-04-25T14:41:23.339+0000] {logging_mixin.py:151} INFO - [2025-04-25T14:41:23.339+0000] {dagbag.py:536} INFO - Filling up the DagBag from /opt/airflow/dags/extract_exchange_rates.py
[2025-04-25T14:41:23.350+0000] {processor.py:839} INFO - DAG(s) dict_keys(['extract_exchange_rates']) retrieved from /opt/airflow/dags/extract_exchange_rates.py
[2025-04-25T14:41:23.365+0000] {logging_mixin.py:151} INFO - [2025-04-25T14:41:23.365+0000] {dag.py:2941} INFO - Sync 1 DAGs
[2025-04-25T14:41:23.375+0000] {logging_mixin.py:151} INFO - [2025-04-25T14:41:23.375+0000] {dag.py:3722} INFO - Setting next_dagrun for extract_exchange_rates to 2025-04-25T00:00:00+00:00, run_after=2025-04-26T00:00:00+00:00
[2025-04-25T14:41:23.382+0000] {processor.py:179} INFO - Processing /opt/airflow/dags/extract_exchange_rates.py took 0.048 seconds
[2025-04-25T14:41:53.703+0000] {processor.py:157} INFO - Started process (PID=1697) to work on /opt/airflow/dags/extract_exchange_rates.py
[2025-04-25T14:41:53.704+0000] {processor.py:829} INFO - Processing file /opt/airflow/dags/extract_exchange_rates.py for tasks to queue
[2025-04-25T14:41:53.705+0000] {logging_mixin.py:151} INFO - [2025-04-25T14:41:53.705+0000] {dagbag.py:536} INFO - Filling up the DagBag from /opt/airflow/dags/extract_exchange_rates.py
[2025-04-25T14:41:53.716+0000] {processor.py:839} INFO - DAG(s) dict_keys(['extract_exchange_rates']) retrieved from /opt/airflow/dags/extract_exchange_rates.py
[2025-04-25T14:41:53.731+0000] {logging_mixin.py:151} INFO - [2025-04-25T14:41:53.731+0000] {dag.py:2941} INFO - Sync 1 DAGs
[2025-04-25T14:41:53.741+0000] {logging_mixin.py:151} INFO - [2025-04-25T14:41:53.741+0000] {dag.py:3722} INFO - Setting next_dagrun for extract_exchange_rates to 2025-04-25T00:00:00+00:00, run_after=2025-04-26T00:00:00+00:00
[2025-04-25T14:41:53.748+0000] {processor.py:179} INFO - Processing /opt/airflow/dags/extract_exchange_rates.py took 0.047 seconds
[2025-04-25T14:42:24.050+0000] {processor.py:157} INFO - Started process (PID=1702) to work on /opt/airflow/dags/extract_exchange_rates.py
[2025-04-25T14:42:24.050+0000] {processor.py:829} INFO - Processing file /opt/airflow/dags/extract_exchange_rates.py for tasks to queue
[2025-04-25T14:42:24.051+0000] {logging_mixin.py:151} INFO - [2025-04-25T14:42:24.051+0000] {dagbag.py:536} INFO - Filling up the DagBag from /opt/airflow/dags/extract_exchange_rates.py
[2025-04-25T14:42:24.061+0000] {processor.py:839} INFO - DAG(s) dict_keys(['extract_exchange_rates']) retrieved from /opt/airflow/dags/extract_exchange_rates.py
[2025-04-25T14:42:24.075+0000] {logging_mixin.py:151} INFO - [2025-04-25T14:42:24.074+0000] {dag.py:2941} INFO - Sync 1 DAGs
[2025-04-25T14:42:24.085+0000] {logging_mixin.py:151} INFO - [2025-04-25T14:42:24.084+0000] {dag.py:3722} INFO - Setting next_dagrun for extract_exchange_rates to 2025-04-25T00:00:00+00:00, run_after=2025-04-26T00:00:00+00:00
[2025-04-25T14:42:24.092+0000] {processor.py:179} INFO - Processing /opt/airflow/dags/extract_exchange_rates.py took 0.045 seconds
[2025-04-25T14:42:54.387+0000] {processor.py:157} INFO - Started process (PID=1707) to work on /opt/airflow/dags/extract_exchange_rates.py
[2025-04-25T14:42:54.388+0000] {processor.py:829} INFO - Processing file /opt/airflow/dags/extract_exchange_rates.py for tasks to queue
[2025-04-25T14:42:54.389+0000] {logging_mixin.py:151} INFO - [2025-04-25T14:42:54.389+0000] {dagbag.py:536} INFO - Filling up the DagBag from /opt/airflow/dags/extract_exchange_rates.py
[2025-04-25T14:42:54.400+0000] {processor.py:839} INFO - DAG(s) dict_keys(['extract_exchange_rates']) retrieved from /opt/airflow/dags/extract_exchange_rates.py
[2025-04-25T14:42:54.414+0000] {logging_mixin.py:151} INFO - [2025-04-25T14:42:54.414+0000] {dag.py:2941} INFO - Sync 1 DAGs
[2025-04-25T14:42:54.424+0000] {logging_mixin.py:151} INFO - [2025-04-25T14:42:54.424+0000] {dag.py:3722} INFO - Setting next_dagrun for extract_exchange_rates to 2025-04-25T00:00:00+00:00, run_after=2025-04-26T00:00:00+00:00
[2025-04-25T14:42:54.431+0000] {processor.py:179} INFO - Processing /opt/airflow/dags/extract_exchange_rates.py took 0.046 seconds
[2025-04-25T14:43:24.661+0000] {processor.py:157} INFO - Started process (PID=1712) to work on /opt/airflow/dags/extract_exchange_rates.py
[2025-04-25T14:43:24.662+0000] {processor.py:829} INFO - Processing file /opt/airflow/dags/extract_exchange_rates.py for tasks to queue
[2025-04-25T14:43:24.663+0000] {logging_mixin.py:151} INFO - [2025-04-25T14:43:24.662+0000] {dagbag.py:536} INFO - Filling up the DagBag from /opt/airflow/dags/extract_exchange_rates.py
[2025-04-25T14:43:24.670+0000] {processor.py:839} INFO - DAG(s) dict_keys(['extract_exchange_rates']) retrieved from /opt/airflow/dags/extract_exchange_rates.py
[2025-04-25T14:43:24.683+0000] {logging_mixin.py:151} INFO - [2025-04-25T14:43:24.683+0000] {dag.py:2941} INFO - Sync 1 DAGs
[2025-04-25T14:43:24.693+0000] {logging_mixin.py:151} INFO - [2025-04-25T14:43:24.693+0000] {dag.py:3722} INFO - Setting next_dagrun for extract_exchange_rates to 2025-04-25T00:00:00+00:00, run_after=2025-04-26T00:00:00+00:00
[2025-04-25T14:43:24.703+0000] {processor.py:179} INFO - Processing /opt/airflow/dags/extract_exchange_rates.py took 0.043 seconds
[2025-04-25T14:43:54.924+0000] {processor.py:157} INFO - Started process (PID=1717) to work on /opt/airflow/dags/extract_exchange_rates.py
[2025-04-25T14:43:54.925+0000] {processor.py:829} INFO - Processing file /opt/airflow/dags/extract_exchange_rates.py for tasks to queue
[2025-04-25T14:43:54.926+0000] {logging_mixin.py:151} INFO - [2025-04-25T14:43:54.925+0000] {dagbag.py:536} INFO - Filling up the DagBag from /opt/airflow/dags/extract_exchange_rates.py
[2025-04-25T14:43:54.938+0000] {processor.py:839} INFO - DAG(s) dict_keys(['extract_exchange_rates']) retrieved from /opt/airflow/dags/extract_exchange_rates.py
[2025-04-25T14:43:54.956+0000] {logging_mixin.py:151} INFO - [2025-04-25T14:43:54.956+0000] {dag.py:2941} INFO - Sync 1 DAGs
[2025-04-25T14:43:54.968+0000] {logging_mixin.py:151} INFO - [2025-04-25T14:43:54.968+0000] {dag.py:3722} INFO - Setting next_dagrun for extract_exchange_rates to 2025-04-25T00:00:00+00:00, run_after=2025-04-26T00:00:00+00:00
[2025-04-25T14:43:54.976+0000] {processor.py:179} INFO - Processing /opt/airflow/dags/extract_exchange_rates.py took 0.055 seconds
[2025-04-25T14:44:25.213+0000] {processor.py:157} INFO - Started process (PID=1722) to work on /opt/airflow/dags/extract_exchange_rates.py
[2025-04-25T14:44:25.214+0000] {processor.py:829} INFO - Processing file /opt/airflow/dags/extract_exchange_rates.py for tasks to queue
[2025-04-25T14:44:25.215+0000] {logging_mixin.py:151} INFO - [2025-04-25T14:44:25.214+0000] {dagbag.py:536} INFO - Filling up the DagBag from /opt/airflow/dags/extract_exchange_rates.py
[2025-04-25T14:44:25.225+0000] {processor.py:839} INFO - DAG(s) dict_keys(['extract_exchange_rates']) retrieved from /opt/airflow/dags/extract_exchange_rates.py
[2025-04-25T14:44:25.239+0000] {logging_mixin.py:151} INFO - [2025-04-25T14:44:25.239+0000] {dag.py:2941} INFO - Sync 1 DAGs
[2025-04-25T14:44:25.249+0000] {logging_mixin.py:151} INFO - [2025-04-25T14:44:25.249+0000] {dag.py:3722} INFO - Setting next_dagrun for extract_exchange_rates to 2025-04-25T00:00:00+00:00, run_after=2025-04-26T00:00:00+00:00
[2025-04-25T14:44:25.257+0000] {processor.py:179} INFO - Processing /opt/airflow/dags/extract_exchange_rates.py took 0.047 seconds
[2025-04-25T14:44:55.552+0000] {processor.py:157} INFO - Started process (PID=1727) to work on /opt/airflow/dags/extract_exchange_rates.py
[2025-04-25T14:44:55.553+0000] {processor.py:829} INFO - Processing file /opt/airflow/dags/extract_exchange_rates.py for tasks to queue
[2025-04-25T14:44:55.553+0000] {logging_mixin.py:151} INFO - [2025-04-25T14:44:55.553+0000] {dagbag.py:536} INFO - Filling up the DagBag from /opt/airflow/dags/extract_exchange_rates.py
[2025-04-25T14:44:55.566+0000] {processor.py:839} INFO - DAG(s) dict_keys(['extract_exchange_rates']) retrieved from /opt/airflow/dags/extract_exchange_rates.py
[2025-04-25T14:44:55.583+0000] {logging_mixin.py:151} INFO - [2025-04-25T14:44:55.583+0000] {dag.py:2941} INFO - Sync 1 DAGs
[2025-04-25T14:44:55.593+0000] {logging_mixin.py:151} INFO - [2025-04-25T14:44:55.593+0000] {dag.py:3722} INFO - Setting next_dagrun for extract_exchange_rates to 2025-04-25T00:00:00+00:00, run_after=2025-04-26T00:00:00+00:00
[2025-04-25T14:44:55.600+0000] {processor.py:179} INFO - Processing /opt/airflow/dags/extract_exchange_rates.py took 0.051 seconds
[2025-04-25T14:45:25.924+0000] {processor.py:157} INFO - Started process (PID=1732) to work on /opt/airflow/dags/extract_exchange_rates.py
[2025-04-25T14:45:25.925+0000] {processor.py:829} INFO - Processing file /opt/airflow/dags/extract_exchange_rates.py for tasks to queue
[2025-04-25T14:45:25.925+0000] {logging_mixin.py:151} INFO - [2025-04-25T14:45:25.925+0000] {dagbag.py:536} INFO - Filling up the DagBag from /opt/airflow/dags/extract_exchange_rates.py
[2025-04-25T14:45:25.936+0000] {processor.py:839} INFO - DAG(s) dict_keys(['extract_exchange_rates']) retrieved from /opt/airflow/dags/extract_exchange_rates.py
[2025-04-25T14:45:25.949+0000] {logging_mixin.py:151} INFO - [2025-04-25T14:45:25.949+0000] {dag.py:2941} INFO - Sync 1 DAGs
[2025-04-25T14:45:25.959+0000] {logging_mixin.py:151} INFO - [2025-04-25T14:45:25.958+0000] {dag.py:3722} INFO - Setting next_dagrun for extract_exchange_rates to 2025-04-25T00:00:00+00:00, run_after=2025-04-26T00:00:00+00:00
[2025-04-25T14:45:25.966+0000] {processor.py:179} INFO - Processing /opt/airflow/dags/extract_exchange_rates.py took 0.045 seconds
[2025-04-25T14:45:56.260+0000] {processor.py:157} INFO - Started process (PID=1737) to work on /opt/airflow/dags/extract_exchange_rates.py
[2025-04-25T14:45:56.261+0000] {processor.py:829} INFO - Processing file /opt/airflow/dags/extract_exchange_rates.py for tasks to queue
[2025-04-25T14:45:56.262+0000] {logging_mixin.py:151} INFO - [2025-04-25T14:45:56.262+0000] {dagbag.py:536} INFO - Filling up the DagBag from /opt/airflow/dags/extract_exchange_rates.py
[2025-04-25T14:45:56.273+0000] {processor.py:839} INFO - DAG(s) dict_keys(['extract_exchange_rates']) retrieved from /opt/airflow/dags/extract_exchange_rates.py
[2025-04-25T14:45:56.285+0000] {logging_mixin.py:151} INFO - [2025-04-25T14:45:56.285+0000] {dag.py:2941} INFO - Sync 1 DAGs
[2025-04-25T14:45:56.295+0000] {logging_mixin.py:151} INFO - [2025-04-25T14:45:56.295+0000] {dag.py:3722} INFO - Setting next_dagrun for extract_exchange_rates to 2025-04-25T00:00:00+00:00, run_after=2025-04-26T00:00:00+00:00
[2025-04-25T14:45:56.303+0000] {processor.py:179} INFO - Processing /opt/airflow/dags/extract_exchange_rates.py took 0.045 seconds
[2025-04-25T14:46:26.567+0000] {processor.py:157} INFO - Started process (PID=1742) to work on /opt/airflow/dags/extract_exchange_rates.py
[2025-04-25T14:46:26.567+0000] {processor.py:829} INFO - Processing file /opt/airflow/dags/extract_exchange_rates.py for tasks to queue
[2025-04-25T14:46:26.568+0000] {logging_mixin.py:151} INFO - [2025-04-25T14:46:26.568+0000] {dagbag.py:536} INFO - Filling up the DagBag from /opt/airflow/dags/extract_exchange_rates.py
[2025-04-25T14:46:26.578+0000] {processor.py:839} INFO - DAG(s) dict_keys(['extract_exchange_rates']) retrieved from /opt/airflow/dags/extract_exchange_rates.py
[2025-04-25T14:46:26.591+0000] {logging_mixin.py:151} INFO - [2025-04-25T14:46:26.591+0000] {dag.py:2941} INFO - Sync 1 DAGs
[2025-04-25T14:46:26.601+0000] {logging_mixin.py:151} INFO - [2025-04-25T14:46:26.601+0000] {dag.py:3722} INFO - Setting next_dagrun for extract_exchange_rates to 2025-04-25T00:00:00+00:00, run_after=2025-04-26T00:00:00+00:00
[2025-04-25T14:46:26.609+0000] {processor.py:179} INFO - Processing /opt/airflow/dags/extract_exchange_rates.py took 0.045 seconds
[2025-04-25T14:46:56.859+0000] {processor.py:157} INFO - Started process (PID=1747) to work on /opt/airflow/dags/extract_exchange_rates.py
[2025-04-25T14:46:56.860+0000] {processor.py:829} INFO - Processing file /opt/airflow/dags/extract_exchange_rates.py for tasks to queue
[2025-04-25T14:46:56.861+0000] {logging_mixin.py:151} INFO - [2025-04-25T14:46:56.860+0000] {dagbag.py:536} INFO - Filling up the DagBag from /opt/airflow/dags/extract_exchange_rates.py
[2025-04-25T14:46:56.870+0000] {processor.py:839} INFO - DAG(s) dict_keys(['extract_exchange_rates']) retrieved from /opt/airflow/dags/extract_exchange_rates.py
[2025-04-25T14:46:56.882+0000] {logging_mixin.py:151} INFO - [2025-04-25T14:46:56.882+0000] {dag.py:2941} INFO - Sync 1 DAGs
[2025-04-25T14:46:56.891+0000] {logging_mixin.py:151} INFO - [2025-04-25T14:46:56.891+0000] {dag.py:3722} INFO - Setting next_dagrun for extract_exchange_rates to 2025-04-25T00:00:00+00:00, run_after=2025-04-26T00:00:00+00:00
[2025-04-25T14:46:56.897+0000] {processor.py:179} INFO - Processing /opt/airflow/dags/extract_exchange_rates.py took 0.040 seconds
[2025-04-25T14:47:27.157+0000] {processor.py:157} INFO - Started process (PID=1752) to work on /opt/airflow/dags/extract_exchange_rates.py
[2025-04-25T14:47:27.158+0000] {processor.py:829} INFO - Processing file /opt/airflow/dags/extract_exchange_rates.py for tasks to queue
[2025-04-25T14:47:27.158+0000] {logging_mixin.py:151} INFO - [2025-04-25T14:47:27.158+0000] {dagbag.py:536} INFO - Filling up the DagBag from /opt/airflow/dags/extract_exchange_rates.py
[2025-04-25T14:47:27.169+0000] {processor.py:839} INFO - DAG(s) dict_keys(['extract_exchange_rates']) retrieved from /opt/airflow/dags/extract_exchange_rates.py
[2025-04-25T14:47:27.181+0000] {logging_mixin.py:151} INFO - [2025-04-25T14:47:27.181+0000] {dag.py:2941} INFO - Sync 1 DAGs
[2025-04-25T14:47:27.191+0000] {logging_mixin.py:151} INFO - [2025-04-25T14:47:27.191+0000] {dag.py:3722} INFO - Setting next_dagrun for extract_exchange_rates to 2025-04-25T00:00:00+00:00, run_after=2025-04-26T00:00:00+00:00
[2025-04-25T14:47:27.198+0000] {processor.py:179} INFO - Processing /opt/airflow/dags/extract_exchange_rates.py took 0.044 seconds
[2025-04-25T14:47:57.535+0000] {processor.py:157} INFO - Started process (PID=1757) to work on /opt/airflow/dags/extract_exchange_rates.py
[2025-04-25T14:47:57.536+0000] {processor.py:829} INFO - Processing file /opt/airflow/dags/extract_exchange_rates.py for tasks to queue
[2025-04-25T14:47:57.536+0000] {logging_mixin.py:151} INFO - [2025-04-25T14:47:57.536+0000] {dagbag.py:536} INFO - Filling up the DagBag from /opt/airflow/dags/extract_exchange_rates.py
[2025-04-25T14:47:57.548+0000] {processor.py:839} INFO - DAG(s) dict_keys(['extract_exchange_rates']) retrieved from /opt/airflow/dags/extract_exchange_rates.py
[2025-04-25T14:47:57.563+0000] {logging_mixin.py:151} INFO - [2025-04-25T14:47:57.563+0000] {dag.py:2941} INFO - Sync 1 DAGs
[2025-04-25T14:47:57.573+0000] {logging_mixin.py:151} INFO - [2025-04-25T14:47:57.573+0000] {dag.py:3722} INFO - Setting next_dagrun for extract_exchange_rates to 2025-04-25T00:00:00+00:00, run_after=2025-04-26T00:00:00+00:00
[2025-04-25T14:47:57.580+0000] {processor.py:179} INFO - Processing /opt/airflow/dags/extract_exchange_rates.py took 0.048 seconds
[2025-04-25T14:48:27.881+0000] {processor.py:157} INFO - Started process (PID=1762) to work on /opt/airflow/dags/extract_exchange_rates.py
[2025-04-25T14:48:27.882+0000] {processor.py:829} INFO - Processing file /opt/airflow/dags/extract_exchange_rates.py for tasks to queue
[2025-04-25T14:48:27.882+0000] {logging_mixin.py:151} INFO - [2025-04-25T14:48:27.882+0000] {dagbag.py:536} INFO - Filling up the DagBag from /opt/airflow/dags/extract_exchange_rates.py
[2025-04-25T14:48:27.894+0000] {processor.py:839} INFO - DAG(s) dict_keys(['extract_exchange_rates']) retrieved from /opt/airflow/dags/extract_exchange_rates.py
[2025-04-25T14:48:27.907+0000] {logging_mixin.py:151} INFO - [2025-04-25T14:48:27.907+0000] {dag.py:2941} INFO - Sync 1 DAGs
[2025-04-25T14:48:27.917+0000] {logging_mixin.py:151} INFO - [2025-04-25T14:48:27.917+0000] {dag.py:3722} INFO - Setting next_dagrun for extract_exchange_rates to 2025-04-25T00:00:00+00:00, run_after=2025-04-26T00:00:00+00:00
[2025-04-25T14:48:27.925+0000] {processor.py:179} INFO - Processing /opt/airflow/dags/extract_exchange_rates.py took 0.047 seconds
[2025-04-25T14:48:58.198+0000] {processor.py:157} INFO - Started process (PID=1767) to work on /opt/airflow/dags/extract_exchange_rates.py
[2025-04-25T14:48:58.199+0000] {processor.py:829} INFO - Processing file /opt/airflow/dags/extract_exchange_rates.py for tasks to queue
[2025-04-25T14:48:58.200+0000] {logging_mixin.py:151} INFO - [2025-04-25T14:48:58.200+0000] {dagbag.py:536} INFO - Filling up the DagBag from /opt/airflow/dags/extract_exchange_rates.py
[2025-04-25T14:48:58.211+0000] {processor.py:839} INFO - DAG(s) dict_keys(['extract_exchange_rates']) retrieved from /opt/airflow/dags/extract_exchange_rates.py
[2025-04-25T14:48:58.226+0000] {logging_mixin.py:151} INFO - [2025-04-25T14:48:58.225+0000] {dag.py:2941} INFO - Sync 1 DAGs
[2025-04-25T14:48:58.235+0000] {logging_mixin.py:151} INFO - [2025-04-25T14:48:58.235+0000] {dag.py:3722} INFO - Setting next_dagrun for extract_exchange_rates to 2025-04-25T00:00:00+00:00, run_after=2025-04-26T00:00:00+00:00
[2025-04-25T14:48:58.242+0000] {processor.py:179} INFO - Processing /opt/airflow/dags/extract_exchange_rates.py took 0.046 seconds
[2025-04-25T14:49:28.536+0000] {processor.py:157} INFO - Started process (PID=1772) to work on /opt/airflow/dags/extract_exchange_rates.py
[2025-04-25T14:49:28.536+0000] {processor.py:829} INFO - Processing file /opt/airflow/dags/extract_exchange_rates.py for tasks to queue
[2025-04-25T14:49:28.537+0000] {logging_mixin.py:151} INFO - [2025-04-25T14:49:28.537+0000] {dagbag.py:536} INFO - Filling up the DagBag from /opt/airflow/dags/extract_exchange_rates.py
[2025-04-25T14:49:28.548+0000] {processor.py:839} INFO - DAG(s) dict_keys(['extract_exchange_rates']) retrieved from /opt/airflow/dags/extract_exchange_rates.py
[2025-04-25T14:49:28.561+0000] {logging_mixin.py:151} INFO - [2025-04-25T14:49:28.561+0000] {dag.py:2941} INFO - Sync 1 DAGs
[2025-04-25T14:49:28.571+0000] {logging_mixin.py:151} INFO - [2025-04-25T14:49:28.571+0000] {dag.py:3722} INFO - Setting next_dagrun for extract_exchange_rates to 2025-04-25T00:00:00+00:00, run_after=2025-04-26T00:00:00+00:00
[2025-04-25T14:49:28.579+0000] {processor.py:179} INFO - Processing /opt/airflow/dags/extract_exchange_rates.py took 0.046 seconds
[2025-04-25T14:49:58.891+0000] {processor.py:157} INFO - Started process (PID=1777) to work on /opt/airflow/dags/extract_exchange_rates.py
[2025-04-25T14:49:58.892+0000] {processor.py:829} INFO - Processing file /opt/airflow/dags/extract_exchange_rates.py for tasks to queue
[2025-04-25T14:49:58.893+0000] {logging_mixin.py:151} INFO - [2025-04-25T14:49:58.893+0000] {dagbag.py:536} INFO - Filling up the DagBag from /opt/airflow/dags/extract_exchange_rates.py
[2025-04-25T14:49:58.904+0000] {processor.py:839} INFO - DAG(s) dict_keys(['extract_exchange_rates']) retrieved from /opt/airflow/dags/extract_exchange_rates.py
[2025-04-25T14:49:58.919+0000] {logging_mixin.py:151} INFO - [2025-04-25T14:49:58.919+0000] {dag.py:2941} INFO - Sync 1 DAGs
[2025-04-25T14:49:58.929+0000] {logging_mixin.py:151} INFO - [2025-04-25T14:49:58.929+0000] {dag.py:3722} INFO - Setting next_dagrun for extract_exchange_rates to 2025-04-25T00:00:00+00:00, run_after=2025-04-26T00:00:00+00:00
[2025-04-25T14:49:58.937+0000] {processor.py:179} INFO - Processing /opt/airflow/dags/extract_exchange_rates.py took 0.049 seconds
[2025-04-25T14:50:29.217+0000] {processor.py:157} INFO - Started process (PID=1782) to work on /opt/airflow/dags/extract_exchange_rates.py
[2025-04-25T14:50:29.218+0000] {processor.py:829} INFO - Processing file /opt/airflow/dags/extract_exchange_rates.py for tasks to queue
[2025-04-25T14:50:29.219+0000] {logging_mixin.py:151} INFO - [2025-04-25T14:50:29.218+0000] {dagbag.py:536} INFO - Filling up the DagBag from /opt/airflow/dags/extract_exchange_rates.py
[2025-04-25T14:50:29.230+0000] {processor.py:839} INFO - DAG(s) dict_keys(['extract_exchange_rates']) retrieved from /opt/airflow/dags/extract_exchange_rates.py
[2025-04-25T14:50:29.246+0000] {logging_mixin.py:151} INFO - [2025-04-25T14:50:29.246+0000] {dag.py:2941} INFO - Sync 1 DAGs
[2025-04-25T14:50:29.256+0000] {logging_mixin.py:151} INFO - [2025-04-25T14:50:29.256+0000] {dag.py:3722} INFO - Setting next_dagrun for extract_exchange_rates to 2025-04-25T00:00:00+00:00, run_after=2025-04-26T00:00:00+00:00
[2025-04-25T14:50:29.263+0000] {processor.py:179} INFO - Processing /opt/airflow/dags/extract_exchange_rates.py took 0.049 seconds
[2025-04-25T14:50:59.513+0000] {processor.py:157} INFO - Started process (PID=1787) to work on /opt/airflow/dags/extract_exchange_rates.py
[2025-04-25T14:50:59.513+0000] {processor.py:829} INFO - Processing file /opt/airflow/dags/extract_exchange_rates.py for tasks to queue
[2025-04-25T14:50:59.514+0000] {logging_mixin.py:151} INFO - [2025-04-25T14:50:59.514+0000] {dagbag.py:536} INFO - Filling up the DagBag from /opt/airflow/dags/extract_exchange_rates.py
[2025-04-25T14:50:59.525+0000] {processor.py:839} INFO - DAG(s) dict_keys(['extract_exchange_rates']) retrieved from /opt/airflow/dags/extract_exchange_rates.py
[2025-04-25T14:50:59.538+0000] {logging_mixin.py:151} INFO - [2025-04-25T14:50:59.538+0000] {dag.py:2941} INFO - Sync 1 DAGs
[2025-04-25T14:50:59.548+0000] {logging_mixin.py:151} INFO - [2025-04-25T14:50:59.548+0000] {dag.py:3722} INFO - Setting next_dagrun for extract_exchange_rates to 2025-04-25T00:00:00+00:00, run_after=2025-04-26T00:00:00+00:00
[2025-04-25T14:50:59.555+0000] {processor.py:179} INFO - Processing /opt/airflow/dags/extract_exchange_rates.py took 0.047 seconds
[2025-04-25T14:51:29.786+0000] {processor.py:157} INFO - Started process (PID=1792) to work on /opt/airflow/dags/extract_exchange_rates.py
[2025-04-25T14:51:29.787+0000] {processor.py:829} INFO - Processing file /opt/airflow/dags/extract_exchange_rates.py for tasks to queue
[2025-04-25T14:51:29.788+0000] {logging_mixin.py:151} INFO - [2025-04-25T14:51:29.787+0000] {dagbag.py:536} INFO - Filling up the DagBag from /opt/airflow/dags/extract_exchange_rates.py
[2025-04-25T14:51:29.799+0000] {processor.py:839} INFO - DAG(s) dict_keys(['extract_exchange_rates']) retrieved from /opt/airflow/dags/extract_exchange_rates.py
[2025-04-25T14:51:29.812+0000] {logging_mixin.py:151} INFO - [2025-04-25T14:51:29.812+0000] {dag.py:2941} INFO - Sync 1 DAGs
[2025-04-25T14:51:29.822+0000] {logging_mixin.py:151} INFO - [2025-04-25T14:51:29.822+0000] {dag.py:3722} INFO - Setting next_dagrun for extract_exchange_rates to 2025-04-25T00:00:00+00:00, run_after=2025-04-26T00:00:00+00:00
[2025-04-25T14:51:29.829+0000] {processor.py:179} INFO - Processing /opt/airflow/dags/extract_exchange_rates.py took 0.046 seconds
[2025-04-25T14:52:00.096+0000] {processor.py:157} INFO - Started process (PID=1797) to work on /opt/airflow/dags/extract_exchange_rates.py
[2025-04-25T14:52:00.096+0000] {processor.py:829} INFO - Processing file /opt/airflow/dags/extract_exchange_rates.py for tasks to queue
[2025-04-25T14:52:00.096+0000] {logging_mixin.py:151} INFO - [2025-04-25T14:52:00.096+0000] {dagbag.py:536} INFO - Filling up the DagBag from /opt/airflow/dags/extract_exchange_rates.py
[2025-04-25T14:52:00.103+0000] {processor.py:839} INFO - DAG(s) dict_keys(['extract_exchange_rates']) retrieved from /opt/airflow/dags/extract_exchange_rates.py
[2025-04-25T14:52:00.113+0000] {logging_mixin.py:151} INFO - [2025-04-25T14:52:00.113+0000] {dag.py:2941} INFO - Sync 1 DAGs
[2025-04-25T14:52:00.122+0000] {logging_mixin.py:151} INFO - [2025-04-25T14:52:00.122+0000] {dag.py:3722} INFO - Setting next_dagrun for extract_exchange_rates to 2025-04-25T00:00:00+00:00, run_after=2025-04-26T00:00:00+00:00
[2025-04-25T14:52:00.130+0000] {processor.py:179} INFO - Processing /opt/airflow/dags/extract_exchange_rates.py took 0.036 seconds
[2025-04-25T14:52:30.460+0000] {processor.py:157} INFO - Started process (PID=1802) to work on /opt/airflow/dags/extract_exchange_rates.py
[2025-04-25T14:52:30.461+0000] {processor.py:829} INFO - Processing file /opt/airflow/dags/extract_exchange_rates.py for tasks to queue
[2025-04-25T14:52:30.462+0000] {logging_mixin.py:151} INFO - [2025-04-25T14:52:30.462+0000] {dagbag.py:536} INFO - Filling up the DagBag from /opt/airflow/dags/extract_exchange_rates.py
[2025-04-25T14:52:30.472+0000] {processor.py:839} INFO - DAG(s) dict_keys(['extract_exchange_rates']) retrieved from /opt/airflow/dags/extract_exchange_rates.py
[2025-04-25T14:52:30.485+0000] {logging_mixin.py:151} INFO - [2025-04-25T14:52:30.485+0000] {dag.py:2941} INFO - Sync 1 DAGs
[2025-04-25T14:52:30.495+0000] {logging_mixin.py:151} INFO - [2025-04-25T14:52:30.495+0000] {dag.py:3722} INFO - Setting next_dagrun for extract_exchange_rates to 2025-04-25T00:00:00+00:00, run_after=2025-04-26T00:00:00+00:00
[2025-04-25T14:52:30.503+0000] {processor.py:179} INFO - Processing /opt/airflow/dags/extract_exchange_rates.py took 0.045 seconds
[2025-04-25T14:53:00.828+0000] {processor.py:157} INFO - Started process (PID=1807) to work on /opt/airflow/dags/extract_exchange_rates.py
[2025-04-25T14:53:00.829+0000] {processor.py:829} INFO - Processing file /opt/airflow/dags/extract_exchange_rates.py for tasks to queue
[2025-04-25T14:53:00.830+0000] {logging_mixin.py:151} INFO - [2025-04-25T14:53:00.830+0000] {dagbag.py:536} INFO - Filling up the DagBag from /opt/airflow/dags/extract_exchange_rates.py
[2025-04-25T14:53:00.840+0000] {processor.py:839} INFO - DAG(s) dict_keys(['extract_exchange_rates']) retrieved from /opt/airflow/dags/extract_exchange_rates.py
[2025-04-25T14:53:00.854+0000] {logging_mixin.py:151} INFO - [2025-04-25T14:53:00.854+0000] {dag.py:2941} INFO - Sync 1 DAGs
[2025-04-25T14:53:00.864+0000] {logging_mixin.py:151} INFO - [2025-04-25T14:53:00.864+0000] {dag.py:3722} INFO - Setting next_dagrun for extract_exchange_rates to 2025-04-25T00:00:00+00:00, run_after=2025-04-26T00:00:00+00:00
[2025-04-25T14:53:00.871+0000] {processor.py:179} INFO - Processing /opt/airflow/dags/extract_exchange_rates.py took 0.045 seconds
[2025-04-25T14:53:31.182+0000] {processor.py:157} INFO - Started process (PID=1812) to work on /opt/airflow/dags/extract_exchange_rates.py
[2025-04-25T14:53:31.182+0000] {processor.py:829} INFO - Processing file /opt/airflow/dags/extract_exchange_rates.py for tasks to queue
[2025-04-25T14:53:31.183+0000] {logging_mixin.py:151} INFO - [2025-04-25T14:53:31.183+0000] {dagbag.py:536} INFO - Filling up the DagBag from /opt/airflow/dags/extract_exchange_rates.py
[2025-04-25T14:53:31.196+0000] {processor.py:839} INFO - DAG(s) dict_keys(['extract_exchange_rates']) retrieved from /opt/airflow/dags/extract_exchange_rates.py
[2025-04-25T14:53:31.209+0000] {logging_mixin.py:151} INFO - [2025-04-25T14:53:31.209+0000] {dag.py:2941} INFO - Sync 1 DAGs
[2025-04-25T14:53:31.218+0000] {logging_mixin.py:151} INFO - [2025-04-25T14:53:31.218+0000] {dag.py:3722} INFO - Setting next_dagrun for extract_exchange_rates to 2025-04-25T00:00:00+00:00, run_after=2025-04-26T00:00:00+00:00
[2025-04-25T14:53:31.225+0000] {processor.py:179} INFO - Processing /opt/airflow/dags/extract_exchange_rates.py took 0.046 seconds
[2025-04-25T14:54:01.505+0000] {processor.py:157} INFO - Started process (PID=1817) to work on /opt/airflow/dags/extract_exchange_rates.py
[2025-04-25T14:54:01.506+0000] {processor.py:829} INFO - Processing file /opt/airflow/dags/extract_exchange_rates.py for tasks to queue
[2025-04-25T14:54:01.506+0000] {logging_mixin.py:151} INFO - [2025-04-25T14:54:01.506+0000] {dagbag.py:536} INFO - Filling up the DagBag from /opt/airflow/dags/extract_exchange_rates.py
[2025-04-25T14:54:01.516+0000] {processor.py:839} INFO - DAG(s) dict_keys(['extract_exchange_rates']) retrieved from /opt/airflow/dags/extract_exchange_rates.py
[2025-04-25T14:54:01.531+0000] {logging_mixin.py:151} INFO - [2025-04-25T14:54:01.531+0000] {dag.py:2941} INFO - Sync 1 DAGs
[2025-04-25T14:54:01.541+0000] {logging_mixin.py:151} INFO - [2025-04-25T14:54:01.541+0000] {dag.py:3722} INFO - Setting next_dagrun for extract_exchange_rates to 2025-04-25T00:00:00+00:00, run_after=2025-04-26T00:00:00+00:00
[2025-04-25T14:54:01.550+0000] {processor.py:179} INFO - Processing /opt/airflow/dags/extract_exchange_rates.py took 0.047 seconds
[2025-04-25T14:54:31.822+0000] {processor.py:157} INFO - Started process (PID=1822) to work on /opt/airflow/dags/extract_exchange_rates.py
[2025-04-25T14:54:31.823+0000] {processor.py:829} INFO - Processing file /opt/airflow/dags/extract_exchange_rates.py for tasks to queue
[2025-04-25T14:54:31.824+0000] {logging_mixin.py:151} INFO - [2025-04-25T14:54:31.823+0000] {dagbag.py:536} INFO - Filling up the DagBag from /opt/airflow/dags/extract_exchange_rates.py
[2025-04-25T14:54:31.834+0000] {processor.py:839} INFO - DAG(s) dict_keys(['extract_exchange_rates']) retrieved from /opt/airflow/dags/extract_exchange_rates.py
[2025-04-25T14:54:31.847+0000] {logging_mixin.py:151} INFO - [2025-04-25T14:54:31.847+0000] {dag.py:2941} INFO - Sync 1 DAGs
[2025-04-25T14:54:31.857+0000] {logging_mixin.py:151} INFO - [2025-04-25T14:54:31.857+0000] {dag.py:3722} INFO - Setting next_dagrun for extract_exchange_rates to 2025-04-25T00:00:00+00:00, run_after=2025-04-26T00:00:00+00:00
[2025-04-25T14:54:31.865+0000] {processor.py:179} INFO - Processing /opt/airflow/dags/extract_exchange_rates.py took 0.045 seconds
[2025-04-25T14:55:02.191+0000] {processor.py:157} INFO - Started process (PID=1827) to work on /opt/airflow/dags/extract_exchange_rates.py
[2025-04-25T14:55:02.192+0000] {processor.py:829} INFO - Processing file /opt/airflow/dags/extract_exchange_rates.py for tasks to queue
[2025-04-25T14:55:02.193+0000] {logging_mixin.py:151} INFO - [2025-04-25T14:55:02.193+0000] {dagbag.py:536} INFO - Filling up the DagBag from /opt/airflow/dags/extract_exchange_rates.py
[2025-04-25T14:55:02.204+0000] {processor.py:839} INFO - DAG(s) dict_keys(['extract_exchange_rates']) retrieved from /opt/airflow/dags/extract_exchange_rates.py
[2025-04-25T14:55:02.218+0000] {logging_mixin.py:151} INFO - [2025-04-25T14:55:02.218+0000] {dag.py:2941} INFO - Sync 1 DAGs
[2025-04-25T14:55:02.227+0000] {logging_mixin.py:151} INFO - [2025-04-25T14:55:02.227+0000] {dag.py:3722} INFO - Setting next_dagrun for extract_exchange_rates to 2025-04-25T00:00:00+00:00, run_after=2025-04-26T00:00:00+00:00
[2025-04-25T14:55:02.235+0000] {processor.py:179} INFO - Processing /opt/airflow/dags/extract_exchange_rates.py took 0.047 seconds
[2025-04-25T14:55:32.540+0000] {processor.py:157} INFO - Started process (PID=1832) to work on /opt/airflow/dags/extract_exchange_rates.py
[2025-04-25T14:55:32.540+0000] {processor.py:829} INFO - Processing file /opt/airflow/dags/extract_exchange_rates.py for tasks to queue
[2025-04-25T14:55:32.541+0000] {logging_mixin.py:151} INFO - [2025-04-25T14:55:32.541+0000] {dagbag.py:536} INFO - Filling up the DagBag from /opt/airflow/dags/extract_exchange_rates.py
[2025-04-25T14:55:32.552+0000] {processor.py:839} INFO - DAG(s) dict_keys(['extract_exchange_rates']) retrieved from /opt/airflow/dags/extract_exchange_rates.py
[2025-04-25T14:55:32.569+0000] {logging_mixin.py:151} INFO - [2025-04-25T14:55:32.569+0000] {dag.py:2941} INFO - Sync 1 DAGs
[2025-04-25T14:55:32.581+0000] {logging_mixin.py:151} INFO - [2025-04-25T14:55:32.580+0000] {dag.py:3722} INFO - Setting next_dagrun for extract_exchange_rates to 2025-04-25T00:00:00+00:00, run_after=2025-04-26T00:00:00+00:00
[2025-04-25T14:55:32.588+0000] {processor.py:179} INFO - Processing /opt/airflow/dags/extract_exchange_rates.py took 0.051 seconds
[2025-04-25T14:56:02.867+0000] {processor.py:157} INFO - Started process (PID=1837) to work on /opt/airflow/dags/extract_exchange_rates.py
[2025-04-25T14:56:02.868+0000] {processor.py:829} INFO - Processing file /opt/airflow/dags/extract_exchange_rates.py for tasks to queue
[2025-04-25T14:56:02.868+0000] {logging_mixin.py:151} INFO - [2025-04-25T14:56:02.868+0000] {dagbag.py:536} INFO - Filling up the DagBag from /opt/airflow/dags/extract_exchange_rates.py
[2025-04-25T14:56:02.878+0000] {processor.py:839} INFO - DAG(s) dict_keys(['extract_exchange_rates']) retrieved from /opt/airflow/dags/extract_exchange_rates.py
[2025-04-25T14:56:02.892+0000] {logging_mixin.py:151} INFO - [2025-04-25T14:56:02.891+0000] {dag.py:2941} INFO - Sync 1 DAGs
[2025-04-25T14:56:02.902+0000] {logging_mixin.py:151} INFO - [2025-04-25T14:56:02.902+0000] {dag.py:3722} INFO - Setting next_dagrun for extract_exchange_rates to 2025-04-25T00:00:00+00:00, run_after=2025-04-26T00:00:00+00:00
[2025-04-25T14:56:02.909+0000] {processor.py:179} INFO - Processing /opt/airflow/dags/extract_exchange_rates.py took 0.045 seconds
[2025-04-25T14:56:33.201+0000] {processor.py:157} INFO - Started process (PID=1842) to work on /opt/airflow/dags/extract_exchange_rates.py
[2025-04-25T14:56:33.202+0000] {processor.py:829} INFO - Processing file /opt/airflow/dags/extract_exchange_rates.py for tasks to queue
[2025-04-25T14:56:33.203+0000] {logging_mixin.py:151} INFO - [2025-04-25T14:56:33.202+0000] {dagbag.py:536} INFO - Filling up the DagBag from /opt/airflow/dags/extract_exchange_rates.py
[2025-04-25T14:56:33.213+0000] {processor.py:839} INFO - DAG(s) dict_keys(['extract_exchange_rates']) retrieved from /opt/airflow/dags/extract_exchange_rates.py
[2025-04-25T14:56:33.227+0000] {logging_mixin.py:151} INFO - [2025-04-25T14:56:33.227+0000] {dag.py:2941} INFO - Sync 1 DAGs
[2025-04-25T14:56:33.237+0000] {logging_mixin.py:151} INFO - [2025-04-25T14:56:33.237+0000] {dag.py:3722} INFO - Setting next_dagrun for extract_exchange_rates to 2025-04-25T00:00:00+00:00, run_after=2025-04-26T00:00:00+00:00
[2025-04-25T14:56:33.244+0000] {processor.py:179} INFO - Processing /opt/airflow/dags/extract_exchange_rates.py took 0.046 seconds
[2025-04-25T14:57:03.503+0000] {processor.py:157} INFO - Started process (PID=1847) to work on /opt/airflow/dags/extract_exchange_rates.py
[2025-04-25T14:57:03.504+0000] {processor.py:829} INFO - Processing file /opt/airflow/dags/extract_exchange_rates.py for tasks to queue
[2025-04-25T14:57:03.505+0000] {logging_mixin.py:151} INFO - [2025-04-25T14:57:03.505+0000] {dagbag.py:536} INFO - Filling up the DagBag from /opt/airflow/dags/extract_exchange_rates.py
[2025-04-25T14:57:03.516+0000] {processor.py:839} INFO - DAG(s) dict_keys(['extract_exchange_rates']) retrieved from /opt/airflow/dags/extract_exchange_rates.py
[2025-04-25T14:57:03.532+0000] {logging_mixin.py:151} INFO - [2025-04-25T14:57:03.532+0000] {dag.py:2941} INFO - Sync 1 DAGs
[2025-04-25T14:57:03.543+0000] {logging_mixin.py:151} INFO - [2025-04-25T14:57:03.543+0000] {dag.py:3722} INFO - Setting next_dagrun for extract_exchange_rates to 2025-04-25T00:00:00+00:00, run_after=2025-04-26T00:00:00+00:00
[2025-04-25T14:57:03.550+0000] {processor.py:179} INFO - Processing /opt/airflow/dags/extract_exchange_rates.py took 0.050 seconds
[2025-04-25T14:57:33.789+0000] {processor.py:157} INFO - Started process (PID=1852) to work on /opt/airflow/dags/extract_exchange_rates.py
[2025-04-25T14:57:33.790+0000] {processor.py:829} INFO - Processing file /opt/airflow/dags/extract_exchange_rates.py for tasks to queue
[2025-04-25T14:57:33.790+0000] {logging_mixin.py:151} INFO - [2025-04-25T14:57:33.790+0000] {dagbag.py:536} INFO - Filling up the DagBag from /opt/airflow/dags/extract_exchange_rates.py
[2025-04-25T14:57:33.801+0000] {processor.py:839} INFO - DAG(s) dict_keys(['extract_exchange_rates']) retrieved from /opt/airflow/dags/extract_exchange_rates.py
[2025-04-25T14:57:33.814+0000] {logging_mixin.py:151} INFO - [2025-04-25T14:57:33.814+0000] {dag.py:2941} INFO - Sync 1 DAGs
[2025-04-25T14:57:33.824+0000] {logging_mixin.py:151} INFO - [2025-04-25T14:57:33.823+0000] {dag.py:3722} INFO - Setting next_dagrun for extract_exchange_rates to 2025-04-25T00:00:00+00:00, run_after=2025-04-26T00:00:00+00:00
[2025-04-25T14:57:33.831+0000] {processor.py:179} INFO - Processing /opt/airflow/dags/extract_exchange_rates.py took 0.045 seconds
[2025-04-25T14:58:04.152+0000] {processor.py:157} INFO - Started process (PID=1857) to work on /opt/airflow/dags/extract_exchange_rates.py
[2025-04-25T14:58:04.153+0000] {processor.py:829} INFO - Processing file /opt/airflow/dags/extract_exchange_rates.py for tasks to queue
[2025-04-25T14:58:04.154+0000] {logging_mixin.py:151} INFO - [2025-04-25T14:58:04.154+0000] {dagbag.py:536} INFO - Filling up the DagBag from /opt/airflow/dags/extract_exchange_rates.py
[2025-04-25T14:58:04.165+0000] {processor.py:839} INFO - DAG(s) dict_keys(['extract_exchange_rates']) retrieved from /opt/airflow/dags/extract_exchange_rates.py
[2025-04-25T14:58:04.181+0000] {logging_mixin.py:151} INFO - [2025-04-25T14:58:04.180+0000] {dag.py:2941} INFO - Sync 1 DAGs
[2025-04-25T14:58:04.190+0000] {logging_mixin.py:151} INFO - [2025-04-25T14:58:04.190+0000] {dag.py:3722} INFO - Setting next_dagrun for extract_exchange_rates to 2025-04-25T00:00:00+00:00, run_after=2025-04-26T00:00:00+00:00
[2025-04-25T14:58:04.198+0000] {processor.py:179} INFO - Processing /opt/airflow/dags/extract_exchange_rates.py took 0.048 seconds
[2025-04-25T14:58:34.466+0000] {processor.py:157} INFO - Started process (PID=1862) to work on /opt/airflow/dags/extract_exchange_rates.py
[2025-04-25T14:58:34.467+0000] {processor.py:829} INFO - Processing file /opt/airflow/dags/extract_exchange_rates.py for tasks to queue
[2025-04-25T14:58:34.468+0000] {logging_mixin.py:151} INFO - [2025-04-25T14:58:34.468+0000] {dagbag.py:536} INFO - Filling up the DagBag from /opt/airflow/dags/extract_exchange_rates.py
[2025-04-25T14:58:34.479+0000] {processor.py:839} INFO - DAG(s) dict_keys(['extract_exchange_rates']) retrieved from /opt/airflow/dags/extract_exchange_rates.py
[2025-04-25T14:58:34.493+0000] {logging_mixin.py:151} INFO - [2025-04-25T14:58:34.493+0000] {dag.py:2941} INFO - Sync 1 DAGs
[2025-04-25T14:58:34.503+0000] {logging_mixin.py:151} INFO - [2025-04-25T14:58:34.503+0000] {dag.py:3722} INFO - Setting next_dagrun for extract_exchange_rates to 2025-04-25T00:00:00+00:00, run_after=2025-04-26T00:00:00+00:00
[2025-04-25T14:58:34.510+0000] {processor.py:179} INFO - Processing /opt/airflow/dags/extract_exchange_rates.py took 0.047 seconds
[2025-04-25T14:59:04.719+0000] {processor.py:157} INFO - Started process (PID=1867) to work on /opt/airflow/dags/extract_exchange_rates.py
[2025-04-25T14:59:04.720+0000] {processor.py:829} INFO - Processing file /opt/airflow/dags/extract_exchange_rates.py for tasks to queue
[2025-04-25T14:59:04.720+0000] {logging_mixin.py:151} INFO - [2025-04-25T14:59:04.720+0000] {dagbag.py:536} INFO - Filling up the DagBag from /opt/airflow/dags/extract_exchange_rates.py
[2025-04-25T14:59:04.731+0000] {processor.py:839} INFO - DAG(s) dict_keys(['extract_exchange_rates']) retrieved from /opt/airflow/dags/extract_exchange_rates.py
[2025-04-25T14:59:04.747+0000] {logging_mixin.py:151} INFO - [2025-04-25T14:59:04.746+0000] {dag.py:2941} INFO - Sync 1 DAGs
[2025-04-25T14:59:04.758+0000] {logging_mixin.py:151} INFO - [2025-04-25T14:59:04.758+0000] {dag.py:3722} INFO - Setting next_dagrun for extract_exchange_rates to 2025-04-25T00:00:00+00:00, run_after=2025-04-26T00:00:00+00:00
[2025-04-25T14:59:04.766+0000] {processor.py:179} INFO - Processing /opt/airflow/dags/extract_exchange_rates.py took 0.050 seconds
[2025-04-25T14:59:35.046+0000] {processor.py:157} INFO - Started process (PID=1872) to work on /opt/airflow/dags/extract_exchange_rates.py
[2025-04-25T14:59:35.046+0000] {processor.py:829} INFO - Processing file /opt/airflow/dags/extract_exchange_rates.py for tasks to queue
[2025-04-25T14:59:35.047+0000] {logging_mixin.py:151} INFO - [2025-04-25T14:59:35.046+0000] {dagbag.py:536} INFO - Filling up the DagBag from /opt/airflow/dags/extract_exchange_rates.py
[2025-04-25T14:59:35.055+0000] {processor.py:839} INFO - DAG(s) dict_keys(['extract_exchange_rates']) retrieved from /opt/airflow/dags/extract_exchange_rates.py
[2025-04-25T14:59:35.068+0000] {logging_mixin.py:151} INFO - [2025-04-25T14:59:35.067+0000] {dag.py:2941} INFO - Sync 1 DAGs
[2025-04-25T14:59:35.077+0000] {logging_mixin.py:151} INFO - [2025-04-25T14:59:35.077+0000] {dag.py:3722} INFO - Setting next_dagrun for extract_exchange_rates to 2025-04-25T00:00:00+00:00, run_after=2025-04-26T00:00:00+00:00
[2025-04-25T14:59:35.084+0000] {processor.py:179} INFO - Processing /opt/airflow/dags/extract_exchange_rates.py took 0.040 seconds
[2025-04-25T15:00:05.414+0000] {processor.py:157} INFO - Started process (PID=1877) to work on /opt/airflow/dags/extract_exchange_rates.py
[2025-04-25T15:00:05.415+0000] {processor.py:829} INFO - Processing file /opt/airflow/dags/extract_exchange_rates.py for tasks to queue
[2025-04-25T15:00:05.416+0000] {logging_mixin.py:151} INFO - [2025-04-25T15:00:05.415+0000] {dagbag.py:536} INFO - Filling up the DagBag from /opt/airflow/dags/extract_exchange_rates.py
[2025-04-25T15:00:05.427+0000] {processor.py:839} INFO - DAG(s) dict_keys(['extract_exchange_rates']) retrieved from /opt/airflow/dags/extract_exchange_rates.py
[2025-04-25T15:00:05.441+0000] {logging_mixin.py:151} INFO - [2025-04-25T15:00:05.441+0000] {dag.py:2941} INFO - Sync 1 DAGs
[2025-04-25T15:00:05.451+0000] {logging_mixin.py:151} INFO - [2025-04-25T15:00:05.451+0000] {dag.py:3722} INFO - Setting next_dagrun for extract_exchange_rates to 2025-04-25T00:00:00+00:00, run_after=2025-04-26T00:00:00+00:00
[2025-04-25T15:00:05.458+0000] {processor.py:179} INFO - Processing /opt/airflow/dags/extract_exchange_rates.py took 0.046 seconds
[2025-04-25T15:00:35.776+0000] {processor.py:157} INFO - Started process (PID=1882) to work on /opt/airflow/dags/extract_exchange_rates.py
[2025-04-25T15:00:35.777+0000] {processor.py:829} INFO - Processing file /opt/airflow/dags/extract_exchange_rates.py for tasks to queue
[2025-04-25T15:00:35.778+0000] {logging_mixin.py:151} INFO - [2025-04-25T15:00:35.778+0000] {dagbag.py:536} INFO - Filling up the DagBag from /opt/airflow/dags/extract_exchange_rates.py
[2025-04-25T15:00:35.789+0000] {processor.py:839} INFO - DAG(s) dict_keys(['extract_exchange_rates']) retrieved from /opt/airflow/dags/extract_exchange_rates.py
[2025-04-25T15:00:35.806+0000] {logging_mixin.py:151} INFO - [2025-04-25T15:00:35.806+0000] {dag.py:2941} INFO - Sync 1 DAGs
[2025-04-25T15:00:35.816+0000] {logging_mixin.py:151} INFO - [2025-04-25T15:00:35.816+0000] {dag.py:3722} INFO - Setting next_dagrun for extract_exchange_rates to 2025-04-25T00:00:00+00:00, run_after=2025-04-26T00:00:00+00:00
[2025-04-25T15:00:35.824+0000] {processor.py:179} INFO - Processing /opt/airflow/dags/extract_exchange_rates.py took 0.050 seconds
[2025-04-25T15:01:06.093+0000] {processor.py:157} INFO - Started process (PID=1887) to work on /opt/airflow/dags/extract_exchange_rates.py
[2025-04-25T15:01:06.094+0000] {processor.py:829} INFO - Processing file /opt/airflow/dags/extract_exchange_rates.py for tasks to queue
[2025-04-25T15:01:06.095+0000] {logging_mixin.py:151} INFO - [2025-04-25T15:01:06.095+0000] {dagbag.py:536} INFO - Filling up the DagBag from /opt/airflow/dags/extract_exchange_rates.py
[2025-04-25T15:01:06.105+0000] {processor.py:839} INFO - DAG(s) dict_keys(['extract_exchange_rates']) retrieved from /opt/airflow/dags/extract_exchange_rates.py
[2025-04-25T15:01:06.120+0000] {logging_mixin.py:151} INFO - [2025-04-25T15:01:06.120+0000] {dag.py:2941} INFO - Sync 1 DAGs
[2025-04-25T15:01:06.131+0000] {logging_mixin.py:151} INFO - [2025-04-25T15:01:06.131+0000] {dag.py:3722} INFO - Setting next_dagrun for extract_exchange_rates to 2025-04-25T00:00:00+00:00, run_after=2025-04-26T00:00:00+00:00
[2025-04-25T15:01:06.140+0000] {processor.py:179} INFO - Processing /opt/airflow/dags/extract_exchange_rates.py took 0.049 seconds
[2025-04-25T15:01:36.455+0000] {processor.py:157} INFO - Started process (PID=1892) to work on /opt/airflow/dags/extract_exchange_rates.py
[2025-04-25T15:01:36.456+0000] {processor.py:829} INFO - Processing file /opt/airflow/dags/extract_exchange_rates.py for tasks to queue
[2025-04-25T15:01:36.457+0000] {logging_mixin.py:151} INFO - [2025-04-25T15:01:36.456+0000] {dagbag.py:536} INFO - Filling up the DagBag from /opt/airflow/dags/extract_exchange_rates.py
[2025-04-25T15:01:36.467+0000] {processor.py:839} INFO - DAG(s) dict_keys(['extract_exchange_rates']) retrieved from /opt/airflow/dags/extract_exchange_rates.py
[2025-04-25T15:01:36.482+0000] {logging_mixin.py:151} INFO - [2025-04-25T15:01:36.482+0000] {dag.py:2941} INFO - Sync 1 DAGs
[2025-04-25T15:01:36.492+0000] {logging_mixin.py:151} INFO - [2025-04-25T15:01:36.492+0000] {dag.py:3722} INFO - Setting next_dagrun for extract_exchange_rates to 2025-04-25T00:00:00+00:00, run_after=2025-04-26T00:00:00+00:00
[2025-04-25T15:01:36.499+0000] {processor.py:179} INFO - Processing /opt/airflow/dags/extract_exchange_rates.py took 0.046 seconds
[2025-04-25T15:02:06.807+0000] {processor.py:157} INFO - Started process (PID=1897) to work on /opt/airflow/dags/extract_exchange_rates.py
[2025-04-25T15:02:06.808+0000] {processor.py:829} INFO - Processing file /opt/airflow/dags/extract_exchange_rates.py for tasks to queue
[2025-04-25T15:02:06.809+0000] {logging_mixin.py:151} INFO - [2025-04-25T15:02:06.808+0000] {dagbag.py:536} INFO - Filling up the DagBag from /opt/airflow/dags/extract_exchange_rates.py
[2025-04-25T15:02:06.820+0000] {processor.py:839} INFO - DAG(s) dict_keys(['extract_exchange_rates']) retrieved from /opt/airflow/dags/extract_exchange_rates.py
[2025-04-25T15:02:06.835+0000] {logging_mixin.py:151} INFO - [2025-04-25T15:02:06.835+0000] {dag.py:2941} INFO - Sync 1 DAGs
[2025-04-25T15:02:06.845+0000] {logging_mixin.py:151} INFO - [2025-04-25T15:02:06.845+0000] {dag.py:3722} INFO - Setting next_dagrun for extract_exchange_rates to 2025-04-25T00:00:00+00:00, run_after=2025-04-26T00:00:00+00:00
[2025-04-25T15:02:06.854+0000] {processor.py:179} INFO - Processing /opt/airflow/dags/extract_exchange_rates.py took 0.049 seconds
[2025-04-25T15:02:37.160+0000] {processor.py:157} INFO - Started process (PID=1902) to work on /opt/airflow/dags/extract_exchange_rates.py
[2025-04-25T15:02:37.161+0000] {processor.py:829} INFO - Processing file /opt/airflow/dags/extract_exchange_rates.py for tasks to queue
[2025-04-25T15:02:37.162+0000] {logging_mixin.py:151} INFO - [2025-04-25T15:02:37.161+0000] {dagbag.py:536} INFO - Filling up the DagBag from /opt/airflow/dags/extract_exchange_rates.py
[2025-04-25T15:02:37.173+0000] {processor.py:839} INFO - DAG(s) dict_keys(['extract_exchange_rates']) retrieved from /opt/airflow/dags/extract_exchange_rates.py
[2025-04-25T15:02:37.187+0000] {logging_mixin.py:151} INFO - [2025-04-25T15:02:37.187+0000] {dag.py:2941} INFO - Sync 1 DAGs
[2025-04-25T15:02:37.197+0000] {logging_mixin.py:151} INFO - [2025-04-25T15:02:37.197+0000] {dag.py:3722} INFO - Setting next_dagrun for extract_exchange_rates to 2025-04-25T00:00:00+00:00, run_after=2025-04-26T00:00:00+00:00
[2025-04-25T15:02:37.204+0000] {processor.py:179} INFO - Processing /opt/airflow/dags/extract_exchange_rates.py took 0.047 seconds
[2025-04-25T15:03:07.509+0000] {processor.py:157} INFO - Started process (PID=1907) to work on /opt/airflow/dags/extract_exchange_rates.py
[2025-04-25T15:03:07.510+0000] {processor.py:829} INFO - Processing file /opt/airflow/dags/extract_exchange_rates.py for tasks to queue
[2025-04-25T15:03:07.510+0000] {logging_mixin.py:151} INFO - [2025-04-25T15:03:07.510+0000] {dagbag.py:536} INFO - Filling up the DagBag from /opt/airflow/dags/extract_exchange_rates.py
[2025-04-25T15:03:07.521+0000] {processor.py:839} INFO - DAG(s) dict_keys(['extract_exchange_rates']) retrieved from /opt/airflow/dags/extract_exchange_rates.py
[2025-04-25T15:03:07.535+0000] {logging_mixin.py:151} INFO - [2025-04-25T15:03:07.535+0000] {dag.py:2941} INFO - Sync 1 DAGs
[2025-04-25T15:03:07.545+0000] {logging_mixin.py:151} INFO - [2025-04-25T15:03:07.545+0000] {dag.py:3722} INFO - Setting next_dagrun for extract_exchange_rates to 2025-04-25T00:00:00+00:00, run_after=2025-04-26T00:00:00+00:00
[2025-04-25T15:03:07.552+0000] {processor.py:179} INFO - Processing /opt/airflow/dags/extract_exchange_rates.py took 0.046 seconds
[2025-04-25T15:03:37.855+0000] {processor.py:157} INFO - Started process (PID=1912) to work on /opt/airflow/dags/extract_exchange_rates.py
[2025-04-25T15:03:37.855+0000] {processor.py:829} INFO - Processing file /opt/airflow/dags/extract_exchange_rates.py for tasks to queue
[2025-04-25T15:03:37.856+0000] {logging_mixin.py:151} INFO - [2025-04-25T15:03:37.856+0000] {dagbag.py:536} INFO - Filling up the DagBag from /opt/airflow/dags/extract_exchange_rates.py
[2025-04-25T15:03:37.868+0000] {processor.py:839} INFO - DAG(s) dict_keys(['extract_exchange_rates']) retrieved from /opt/airflow/dags/extract_exchange_rates.py
[2025-04-25T15:03:37.882+0000] {logging_mixin.py:151} INFO - [2025-04-25T15:03:37.882+0000] {dag.py:2941} INFO - Sync 1 DAGs
[2025-04-25T15:03:37.892+0000] {logging_mixin.py:151} INFO - [2025-04-25T15:03:37.892+0000] {dag.py:3722} INFO - Setting next_dagrun for extract_exchange_rates to 2025-04-25T00:00:00+00:00, run_after=2025-04-26T00:00:00+00:00
[2025-04-25T15:03:37.900+0000] {processor.py:179} INFO - Processing /opt/airflow/dags/extract_exchange_rates.py took 0.048 seconds
[2025-04-25T15:04:08.188+0000] {processor.py:157} INFO - Started process (PID=1917) to work on /opt/airflow/dags/extract_exchange_rates.py
[2025-04-25T15:04:08.189+0000] {processor.py:829} INFO - Processing file /opt/airflow/dags/extract_exchange_rates.py for tasks to queue
[2025-04-25T15:04:08.190+0000] {logging_mixin.py:151} INFO - [2025-04-25T15:04:08.189+0000] {dagbag.py:536} INFO - Filling up the DagBag from /opt/airflow/dags/extract_exchange_rates.py
[2025-04-25T15:04:08.199+0000] {processor.py:839} INFO - DAG(s) dict_keys(['extract_exchange_rates']) retrieved from /opt/airflow/dags/extract_exchange_rates.py
[2025-04-25T15:04:08.211+0000] {logging_mixin.py:151} INFO - [2025-04-25T15:04:08.211+0000] {dag.py:2941} INFO - Sync 1 DAGs
[2025-04-25T15:04:08.221+0000] {logging_mixin.py:151} INFO - [2025-04-25T15:04:08.221+0000] {dag.py:3722} INFO - Setting next_dagrun for extract_exchange_rates to 2025-04-25T00:00:00+00:00, run_after=2025-04-26T00:00:00+00:00
[2025-04-25T15:04:08.228+0000] {processor.py:179} INFO - Processing /opt/airflow/dags/extract_exchange_rates.py took 0.042 seconds
[2025-04-25T15:04:38.459+0000] {processor.py:157} INFO - Started process (PID=1922) to work on /opt/airflow/dags/extract_exchange_rates.py
[2025-04-25T15:04:38.459+0000] {processor.py:829} INFO - Processing file /opt/airflow/dags/extract_exchange_rates.py for tasks to queue
[2025-04-25T15:04:38.460+0000] {logging_mixin.py:151} INFO - [2025-04-25T15:04:38.460+0000] {dagbag.py:536} INFO - Filling up the DagBag from /opt/airflow/dags/extract_exchange_rates.py
[2025-04-25T15:04:38.470+0000] {processor.py:839} INFO - DAG(s) dict_keys(['extract_exchange_rates']) retrieved from /opt/airflow/dags/extract_exchange_rates.py
[2025-04-25T15:04:38.483+0000] {logging_mixin.py:151} INFO - [2025-04-25T15:04:38.483+0000] {dag.py:2941} INFO - Sync 1 DAGs
[2025-04-25T15:04:38.493+0000] {logging_mixin.py:151} INFO - [2025-04-25T15:04:38.493+0000] {dag.py:3722} INFO - Setting next_dagrun for extract_exchange_rates to 2025-04-25T00:00:00+00:00, run_after=2025-04-26T00:00:00+00:00
[2025-04-25T15:04:38.500+0000] {processor.py:179} INFO - Processing /opt/airflow/dags/extract_exchange_rates.py took 0.044 seconds
[2025-04-25T15:05:08.757+0000] {processor.py:157} INFO - Started process (PID=1927) to work on /opt/airflow/dags/extract_exchange_rates.py
[2025-04-25T15:05:08.758+0000] {processor.py:829} INFO - Processing file /opt/airflow/dags/extract_exchange_rates.py for tasks to queue
[2025-04-25T15:05:08.759+0000] {logging_mixin.py:151} INFO - [2025-04-25T15:05:08.758+0000] {dagbag.py:536} INFO - Filling up the DagBag from /opt/airflow/dags/extract_exchange_rates.py
[2025-04-25T15:05:08.769+0000] {processor.py:839} INFO - DAG(s) dict_keys(['extract_exchange_rates']) retrieved from /opt/airflow/dags/extract_exchange_rates.py
[2025-04-25T15:05:08.783+0000] {logging_mixin.py:151} INFO - [2025-04-25T15:05:08.783+0000] {dag.py:2941} INFO - Sync 1 DAGs
[2025-04-25T15:05:08.793+0000] {logging_mixin.py:151} INFO - [2025-04-25T15:05:08.793+0000] {dag.py:3722} INFO - Setting next_dagrun for extract_exchange_rates to 2025-04-25T00:00:00+00:00, run_after=2025-04-26T00:00:00+00:00
[2025-04-25T15:05:08.801+0000] {processor.py:179} INFO - Processing /opt/airflow/dags/extract_exchange_rates.py took 0.046 seconds
[2025-04-25T15:05:39.048+0000] {processor.py:157} INFO - Started process (PID=1932) to work on /opt/airflow/dags/extract_exchange_rates.py
[2025-04-25T15:05:39.050+0000] {processor.py:829} INFO - Processing file /opt/airflow/dags/extract_exchange_rates.py for tasks to queue
[2025-04-25T15:05:39.051+0000] {logging_mixin.py:151} INFO - [2025-04-25T15:05:39.050+0000] {dagbag.py:536} INFO - Filling up the DagBag from /opt/airflow/dags/extract_exchange_rates.py
[2025-04-25T15:05:39.063+0000] {processor.py:839} INFO - DAG(s) dict_keys(['extract_exchange_rates']) retrieved from /opt/airflow/dags/extract_exchange_rates.py
[2025-04-25T15:05:39.080+0000] {logging_mixin.py:151} INFO - [2025-04-25T15:05:39.080+0000] {dag.py:2941} INFO - Sync 1 DAGs
[2025-04-25T15:05:39.091+0000] {logging_mixin.py:151} INFO - [2025-04-25T15:05:39.091+0000] {dag.py:3722} INFO - Setting next_dagrun for extract_exchange_rates to 2025-04-25T00:00:00+00:00, run_after=2025-04-26T00:00:00+00:00
[2025-04-25T15:05:39.099+0000] {processor.py:179} INFO - Processing /opt/airflow/dags/extract_exchange_rates.py took 0.054 seconds
[2025-04-25T15:06:09.371+0000] {processor.py:157} INFO - Started process (PID=1937) to work on /opt/airflow/dags/extract_exchange_rates.py
[2025-04-25T15:06:09.372+0000] {processor.py:829} INFO - Processing file /opt/airflow/dags/extract_exchange_rates.py for tasks to queue
[2025-04-25T15:06:09.372+0000] {logging_mixin.py:151} INFO - [2025-04-25T15:06:09.372+0000] {dagbag.py:536} INFO - Filling up the DagBag from /opt/airflow/dags/extract_exchange_rates.py
[2025-04-25T15:06:09.383+0000] {processor.py:839} INFO - DAG(s) dict_keys(['extract_exchange_rates']) retrieved from /opt/airflow/dags/extract_exchange_rates.py
[2025-04-25T15:06:09.398+0000] {logging_mixin.py:151} INFO - [2025-04-25T15:06:09.398+0000] {dag.py:2941} INFO - Sync 1 DAGs
[2025-04-25T15:06:09.409+0000] {logging_mixin.py:151} INFO - [2025-04-25T15:06:09.409+0000] {dag.py:3722} INFO - Setting next_dagrun for extract_exchange_rates to 2025-04-25T00:00:00+00:00, run_after=2025-04-26T00:00:00+00:00
[2025-04-25T15:06:09.417+0000] {processor.py:179} INFO - Processing /opt/airflow/dags/extract_exchange_rates.py took 0.048 seconds
[2025-04-25T15:06:39.738+0000] {processor.py:157} INFO - Started process (PID=1942) to work on /opt/airflow/dags/extract_exchange_rates.py
[2025-04-25T15:06:39.738+0000] {processor.py:829} INFO - Processing file /opt/airflow/dags/extract_exchange_rates.py for tasks to queue
[2025-04-25T15:06:39.739+0000] {logging_mixin.py:151} INFO - [2025-04-25T15:06:39.739+0000] {dagbag.py:536} INFO - Filling up the DagBag from /opt/airflow/dags/extract_exchange_rates.py
[2025-04-25T15:06:39.748+0000] {processor.py:839} INFO - DAG(s) dict_keys(['extract_exchange_rates']) retrieved from /opt/airflow/dags/extract_exchange_rates.py
[2025-04-25T15:06:39.761+0000] {logging_mixin.py:151} INFO - [2025-04-25T15:06:39.761+0000] {dag.py:2941} INFO - Sync 1 DAGs
[2025-04-25T15:06:39.771+0000] {logging_mixin.py:151} INFO - [2025-04-25T15:06:39.771+0000] {dag.py:3722} INFO - Setting next_dagrun for extract_exchange_rates to 2025-04-25T00:00:00+00:00, run_after=2025-04-26T00:00:00+00:00
[2025-04-25T15:06:39.779+0000] {processor.py:179} INFO - Processing /opt/airflow/dags/extract_exchange_rates.py took 0.044 seconds
[2025-04-25T15:07:10.046+0000] {processor.py:157} INFO - Started process (PID=1947) to work on /opt/airflow/dags/extract_exchange_rates.py
[2025-04-25T15:07:10.047+0000] {processor.py:829} INFO - Processing file /opt/airflow/dags/extract_exchange_rates.py for tasks to queue
[2025-04-25T15:07:10.048+0000] {logging_mixin.py:151} INFO - [2025-04-25T15:07:10.048+0000] {dagbag.py:536} INFO - Filling up the DagBag from /opt/airflow/dags/extract_exchange_rates.py
[2025-04-25T15:07:10.058+0000] {processor.py:839} INFO - DAG(s) dict_keys(['extract_exchange_rates']) retrieved from /opt/airflow/dags/extract_exchange_rates.py
[2025-04-25T15:07:10.071+0000] {logging_mixin.py:151} INFO - [2025-04-25T15:07:10.071+0000] {dag.py:2941} INFO - Sync 1 DAGs
[2025-04-25T15:07:10.081+0000] {logging_mixin.py:151} INFO - [2025-04-25T15:07:10.081+0000] {dag.py:3722} INFO - Setting next_dagrun for extract_exchange_rates to 2025-04-25T00:00:00+00:00, run_after=2025-04-26T00:00:00+00:00
[2025-04-25T15:07:10.088+0000] {processor.py:179} INFO - Processing /opt/airflow/dags/extract_exchange_rates.py took 0.046 seconds
[2025-04-25T15:07:40.333+0000] {processor.py:157} INFO - Started process (PID=1952) to work on /opt/airflow/dags/extract_exchange_rates.py
[2025-04-25T15:07:40.334+0000] {processor.py:829} INFO - Processing file /opt/airflow/dags/extract_exchange_rates.py for tasks to queue
[2025-04-25T15:07:40.334+0000] {logging_mixin.py:151} INFO - [2025-04-25T15:07:40.334+0000] {dagbag.py:536} INFO - Filling up the DagBag from /opt/airflow/dags/extract_exchange_rates.py
[2025-04-25T15:07:40.345+0000] {processor.py:839} INFO - DAG(s) dict_keys(['extract_exchange_rates']) retrieved from /opt/airflow/dags/extract_exchange_rates.py
[2025-04-25T15:07:40.358+0000] {logging_mixin.py:151} INFO - [2025-04-25T15:07:40.358+0000] {dag.py:2941} INFO - Sync 1 DAGs
[2025-04-25T15:07:40.368+0000] {logging_mixin.py:151} INFO - [2025-04-25T15:07:40.368+0000] {dag.py:3722} INFO - Setting next_dagrun for extract_exchange_rates to 2025-04-25T00:00:00+00:00, run_after=2025-04-26T00:00:00+00:00
[2025-04-25T15:07:40.376+0000] {processor.py:179} INFO - Processing /opt/airflow/dags/extract_exchange_rates.py took 0.046 seconds
[2025-04-25T15:08:10.693+0000] {processor.py:157} INFO - Started process (PID=1957) to work on /opt/airflow/dags/extract_exchange_rates.py
[2025-04-25T15:08:10.694+0000] {processor.py:829} INFO - Processing file /opt/airflow/dags/extract_exchange_rates.py for tasks to queue
[2025-04-25T15:08:10.695+0000] {logging_mixin.py:151} INFO - [2025-04-25T15:08:10.695+0000] {dagbag.py:536} INFO - Filling up the DagBag from /opt/airflow/dags/extract_exchange_rates.py
[2025-04-25T15:08:10.707+0000] {processor.py:839} INFO - DAG(s) dict_keys(['extract_exchange_rates']) retrieved from /opt/airflow/dags/extract_exchange_rates.py
[2025-04-25T15:08:10.725+0000] {logging_mixin.py:151} INFO - [2025-04-25T15:08:10.725+0000] {dag.py:2941} INFO - Sync 1 DAGs
[2025-04-25T15:08:10.736+0000] {logging_mixin.py:151} INFO - [2025-04-25T15:08:10.736+0000] {dag.py:3722} INFO - Setting next_dagrun for extract_exchange_rates to 2025-04-25T00:00:00+00:00, run_after=2025-04-26T00:00:00+00:00
[2025-04-25T15:08:10.743+0000] {processor.py:179} INFO - Processing /opt/airflow/dags/extract_exchange_rates.py took 0.053 seconds
[2025-04-25T15:08:41.026+0000] {processor.py:157} INFO - Started process (PID=1962) to work on /opt/airflow/dags/extract_exchange_rates.py
[2025-04-25T15:08:41.027+0000] {processor.py:829} INFO - Processing file /opt/airflow/dags/extract_exchange_rates.py for tasks to queue
[2025-04-25T15:08:41.027+0000] {logging_mixin.py:151} INFO - [2025-04-25T15:08:41.027+0000] {dagbag.py:536} INFO - Filling up the DagBag from /opt/airflow/dags/extract_exchange_rates.py
[2025-04-25T15:08:41.040+0000] {processor.py:839} INFO - DAG(s) dict_keys(['extract_exchange_rates']) retrieved from /opt/airflow/dags/extract_exchange_rates.py
[2025-04-25T15:08:41.053+0000] {logging_mixin.py:151} INFO - [2025-04-25T15:08:41.053+0000] {dag.py:2941} INFO - Sync 1 DAGs
[2025-04-25T15:08:41.063+0000] {logging_mixin.py:151} INFO - [2025-04-25T15:08:41.063+0000] {dag.py:3722} INFO - Setting next_dagrun for extract_exchange_rates to 2025-04-25T00:00:00+00:00, run_after=2025-04-26T00:00:00+00:00
[2025-04-25T15:08:41.070+0000] {processor.py:179} INFO - Processing /opt/airflow/dags/extract_exchange_rates.py took 0.046 seconds
[2025-04-25T15:09:11.355+0000] {processor.py:157} INFO - Started process (PID=1967) to work on /opt/airflow/dags/extract_exchange_rates.py
[2025-04-25T15:09:11.356+0000] {processor.py:829} INFO - Processing file /opt/airflow/dags/extract_exchange_rates.py for tasks to queue
[2025-04-25T15:09:11.357+0000] {logging_mixin.py:151} INFO - [2025-04-25T15:09:11.357+0000] {dagbag.py:536} INFO - Filling up the DagBag from /opt/airflow/dags/extract_exchange_rates.py
[2025-04-25T15:09:11.369+0000] {processor.py:839} INFO - DAG(s) dict_keys(['extract_exchange_rates']) retrieved from /opt/airflow/dags/extract_exchange_rates.py
[2025-04-25T15:09:11.386+0000] {logging_mixin.py:151} INFO - [2025-04-25T15:09:11.386+0000] {dag.py:2941} INFO - Sync 1 DAGs
[2025-04-25T15:09:11.396+0000] {logging_mixin.py:151} INFO - [2025-04-25T15:09:11.396+0000] {dag.py:3722} INFO - Setting next_dagrun for extract_exchange_rates to 2025-04-25T00:00:00+00:00, run_after=2025-04-26T00:00:00+00:00
[2025-04-25T15:09:11.404+0000] {processor.py:179} INFO - Processing /opt/airflow/dags/extract_exchange_rates.py took 0.051 seconds
[2025-04-25T15:09:41.724+0000] {processor.py:157} INFO - Started process (PID=1972) to work on /opt/airflow/dags/extract_exchange_rates.py
[2025-04-25T15:09:41.725+0000] {processor.py:829} INFO - Processing file /opt/airflow/dags/extract_exchange_rates.py for tasks to queue
[2025-04-25T15:09:41.726+0000] {logging_mixin.py:151} INFO - [2025-04-25T15:09:41.725+0000] {dagbag.py:536} INFO - Filling up the DagBag from /opt/airflow/dags/extract_exchange_rates.py
[2025-04-25T15:09:41.739+0000] {processor.py:839} INFO - DAG(s) dict_keys(['extract_exchange_rates']) retrieved from /opt/airflow/dags/extract_exchange_rates.py
[2025-04-25T15:09:41.755+0000] {logging_mixin.py:151} INFO - [2025-04-25T15:09:41.755+0000] {dag.py:2941} INFO - Sync 1 DAGs
[2025-04-25T15:09:41.766+0000] {logging_mixin.py:151} INFO - [2025-04-25T15:09:41.766+0000] {dag.py:3722} INFO - Setting next_dagrun for extract_exchange_rates to 2025-04-25T00:00:00+00:00, run_after=2025-04-26T00:00:00+00:00
[2025-04-25T15:09:41.775+0000] {processor.py:179} INFO - Processing /opt/airflow/dags/extract_exchange_rates.py took 0.054 seconds
[2025-04-25T15:10:12.103+0000] {processor.py:157} INFO - Started process (PID=1977) to work on /opt/airflow/dags/extract_exchange_rates.py
[2025-04-25T15:10:12.104+0000] {processor.py:829} INFO - Processing file /opt/airflow/dags/extract_exchange_rates.py for tasks to queue
[2025-04-25T15:10:12.104+0000] {logging_mixin.py:151} INFO - [2025-04-25T15:10:12.104+0000] {dagbag.py:536} INFO - Filling up the DagBag from /opt/airflow/dags/extract_exchange_rates.py
[2025-04-25T15:10:12.115+0000] {processor.py:839} INFO - DAG(s) dict_keys(['extract_exchange_rates']) retrieved from /opt/airflow/dags/extract_exchange_rates.py
[2025-04-25T15:10:12.131+0000] {logging_mixin.py:151} INFO - [2025-04-25T15:10:12.131+0000] {dag.py:2941} INFO - Sync 1 DAGs
[2025-04-25T15:10:12.142+0000] {logging_mixin.py:151} INFO - [2025-04-25T15:10:12.141+0000] {dag.py:3722} INFO - Setting next_dagrun for extract_exchange_rates to 2025-04-25T00:00:00+00:00, run_after=2025-04-26T00:00:00+00:00
[2025-04-25T15:10:12.149+0000] {processor.py:179} INFO - Processing /opt/airflow/dags/extract_exchange_rates.py took 0.049 seconds
[2025-04-25T15:10:42.428+0000] {processor.py:157} INFO - Started process (PID=1982) to work on /opt/airflow/dags/extract_exchange_rates.py
[2025-04-25T15:10:42.429+0000] {processor.py:829} INFO - Processing file /opt/airflow/dags/extract_exchange_rates.py for tasks to queue
[2025-04-25T15:10:42.429+0000] {logging_mixin.py:151} INFO - [2025-04-25T15:10:42.429+0000] {dagbag.py:536} INFO - Filling up the DagBag from /opt/airflow/dags/extract_exchange_rates.py
[2025-04-25T15:10:42.439+0000] {processor.py:839} INFO - DAG(s) dict_keys(['extract_exchange_rates']) retrieved from /opt/airflow/dags/extract_exchange_rates.py
[2025-04-25T15:10:42.454+0000] {logging_mixin.py:151} INFO - [2025-04-25T15:10:42.453+0000] {dag.py:2941} INFO - Sync 1 DAGs
[2025-04-25T15:10:42.465+0000] {logging_mixin.py:151} INFO - [2025-04-25T15:10:42.465+0000] {dag.py:3722} INFO - Setting next_dagrun for extract_exchange_rates to 2025-04-25T00:00:00+00:00, run_after=2025-04-26T00:00:00+00:00
[2025-04-25T15:10:42.472+0000] {processor.py:179} INFO - Processing /opt/airflow/dags/extract_exchange_rates.py took 0.047 seconds
[2025-04-25T15:11:12.760+0000] {processor.py:157} INFO - Started process (PID=1987) to work on /opt/airflow/dags/extract_exchange_rates.py
[2025-04-25T15:11:12.760+0000] {processor.py:829} INFO - Processing file /opt/airflow/dags/extract_exchange_rates.py for tasks to queue
[2025-04-25T15:11:12.761+0000] {logging_mixin.py:151} INFO - [2025-04-25T15:11:12.761+0000] {dagbag.py:536} INFO - Filling up the DagBag from /opt/airflow/dags/extract_exchange_rates.py
[2025-04-25T15:11:12.772+0000] {processor.py:839} INFO - DAG(s) dict_keys(['extract_exchange_rates']) retrieved from /opt/airflow/dags/extract_exchange_rates.py
[2025-04-25T15:11:12.787+0000] {logging_mixin.py:151} INFO - [2025-04-25T15:11:12.787+0000] {dag.py:2941} INFO - Sync 1 DAGs
[2025-04-25T15:11:12.798+0000] {logging_mixin.py:151} INFO - [2025-04-25T15:11:12.798+0000] {dag.py:3722} INFO - Setting next_dagrun for extract_exchange_rates to 2025-04-25T00:00:00+00:00, run_after=2025-04-26T00:00:00+00:00
[2025-04-25T15:11:12.805+0000] {processor.py:179} INFO - Processing /opt/airflow/dags/extract_exchange_rates.py took 0.048 seconds
[2025-04-25T15:11:43.058+0000] {processor.py:157} INFO - Started process (PID=1992) to work on /opt/airflow/dags/extract_exchange_rates.py
[2025-04-25T15:11:43.058+0000] {processor.py:829} INFO - Processing file /opt/airflow/dags/extract_exchange_rates.py for tasks to queue
[2025-04-25T15:11:43.059+0000] {logging_mixin.py:151} INFO - [2025-04-25T15:11:43.059+0000] {dagbag.py:536} INFO - Filling up the DagBag from /opt/airflow/dags/extract_exchange_rates.py
[2025-04-25T15:11:43.066+0000] {processor.py:839} INFO - DAG(s) dict_keys(['extract_exchange_rates']) retrieved from /opt/airflow/dags/extract_exchange_rates.py
[2025-04-25T15:11:43.078+0000] {logging_mixin.py:151} INFO - [2025-04-25T15:11:43.078+0000] {dag.py:2941} INFO - Sync 1 DAGs
[2025-04-25T15:11:43.087+0000] {logging_mixin.py:151} INFO - [2025-04-25T15:11:43.087+0000] {dag.py:3722} INFO - Setting next_dagrun for extract_exchange_rates to 2025-04-25T00:00:00+00:00, run_after=2025-04-26T00:00:00+00:00
[2025-04-25T15:11:43.094+0000] {processor.py:179} INFO - Processing /opt/airflow/dags/extract_exchange_rates.py took 0.038 seconds
[2025-04-25T15:12:13.335+0000] {processor.py:157} INFO - Started process (PID=1997) to work on /opt/airflow/dags/extract_exchange_rates.py
[2025-04-25T15:12:13.336+0000] {processor.py:829} INFO - Processing file /opt/airflow/dags/extract_exchange_rates.py for tasks to queue
[2025-04-25T15:12:13.337+0000] {logging_mixin.py:151} INFO - [2025-04-25T15:12:13.336+0000] {dagbag.py:536} INFO - Filling up the DagBag from /opt/airflow/dags/extract_exchange_rates.py
[2025-04-25T15:12:13.345+0000] {processor.py:839} INFO - DAG(s) dict_keys(['extract_exchange_rates']) retrieved from /opt/airflow/dags/extract_exchange_rates.py
[2025-04-25T15:12:13.357+0000] {logging_mixin.py:151} INFO - [2025-04-25T15:12:13.357+0000] {dag.py:2941} INFO - Sync 1 DAGs
[2025-04-25T15:12:13.366+0000] {logging_mixin.py:151} INFO - [2025-04-25T15:12:13.366+0000] {dag.py:3722} INFO - Setting next_dagrun for extract_exchange_rates to 2025-04-25T00:00:00+00:00, run_after=2025-04-26T00:00:00+00:00
[2025-04-25T15:12:13.373+0000] {processor.py:179} INFO - Processing /opt/airflow/dags/extract_exchange_rates.py took 0.039 seconds
[2025-04-25T15:12:43.625+0000] {processor.py:157} INFO - Started process (PID=2002) to work on /opt/airflow/dags/extract_exchange_rates.py
[2025-04-25T15:12:43.626+0000] {processor.py:829} INFO - Processing file /opt/airflow/dags/extract_exchange_rates.py for tasks to queue
[2025-04-25T15:12:43.627+0000] {logging_mixin.py:151} INFO - [2025-04-25T15:12:43.626+0000] {dagbag.py:536} INFO - Filling up the DagBag from /opt/airflow/dags/extract_exchange_rates.py
[2025-04-25T15:12:43.639+0000] {processor.py:839} INFO - DAG(s) dict_keys(['extract_exchange_rates']) retrieved from /opt/airflow/dags/extract_exchange_rates.py
[2025-04-25T15:12:43.655+0000] {logging_mixin.py:151} INFO - [2025-04-25T15:12:43.655+0000] {dag.py:2941} INFO - Sync 1 DAGs
[2025-04-25T15:12:43.665+0000] {logging_mixin.py:151} INFO - [2025-04-25T15:12:43.665+0000] {dag.py:3722} INFO - Setting next_dagrun for extract_exchange_rates to 2025-04-25T00:00:00+00:00, run_after=2025-04-26T00:00:00+00:00
[2025-04-25T15:12:43.672+0000] {processor.py:179} INFO - Processing /opt/airflow/dags/extract_exchange_rates.py took 0.051 seconds
[2025-04-25T15:13:13.954+0000] {processor.py:157} INFO - Started process (PID=2007) to work on /opt/airflow/dags/extract_exchange_rates.py
[2025-04-25T15:13:13.955+0000] {processor.py:829} INFO - Processing file /opt/airflow/dags/extract_exchange_rates.py for tasks to queue
[2025-04-25T15:13:13.956+0000] {logging_mixin.py:151} INFO - [2025-04-25T15:13:13.956+0000] {dagbag.py:536} INFO - Filling up the DagBag from /opt/airflow/dags/extract_exchange_rates.py
[2025-04-25T15:13:13.967+0000] {processor.py:839} INFO - DAG(s) dict_keys(['extract_exchange_rates']) retrieved from /opt/airflow/dags/extract_exchange_rates.py
[2025-04-25T15:13:13.980+0000] {logging_mixin.py:151} INFO - [2025-04-25T15:13:13.980+0000] {dag.py:2941} INFO - Sync 1 DAGs
[2025-04-25T15:13:13.991+0000] {logging_mixin.py:151} INFO - [2025-04-25T15:13:13.991+0000] {dag.py:3722} INFO - Setting next_dagrun for extract_exchange_rates to 2025-04-25T00:00:00+00:00, run_after=2025-04-26T00:00:00+00:00
[2025-04-25T15:13:13.998+0000] {processor.py:179} INFO - Processing /opt/airflow/dags/extract_exchange_rates.py took 0.046 seconds
[2025-04-25T15:13:44.261+0000] {processor.py:157} INFO - Started process (PID=2012) to work on /opt/airflow/dags/extract_exchange_rates.py
[2025-04-25T15:13:44.261+0000] {processor.py:829} INFO - Processing file /opt/airflow/dags/extract_exchange_rates.py for tasks to queue
[2025-04-25T15:13:44.262+0000] {logging_mixin.py:151} INFO - [2025-04-25T15:13:44.262+0000] {dagbag.py:536} INFO - Filling up the DagBag from /opt/airflow/dags/extract_exchange_rates.py
[2025-04-25T15:13:44.275+0000] {processor.py:839} INFO - DAG(s) dict_keys(['extract_exchange_rates']) retrieved from /opt/airflow/dags/extract_exchange_rates.py
[2025-04-25T15:13:44.290+0000] {logging_mixin.py:151} INFO - [2025-04-25T15:13:44.290+0000] {dag.py:2941} INFO - Sync 1 DAGs
[2025-04-25T15:13:44.300+0000] {logging_mixin.py:151} INFO - [2025-04-25T15:13:44.300+0000] {dag.py:3722} INFO - Setting next_dagrun for extract_exchange_rates to 2025-04-25T00:00:00+00:00, run_after=2025-04-26T00:00:00+00:00
[2025-04-25T15:13:44.306+0000] {processor.py:179} INFO - Processing /opt/airflow/dags/extract_exchange_rates.py took 0.048 seconds
[2025-04-25T15:14:14.598+0000] {processor.py:157} INFO - Started process (PID=2017) to work on /opt/airflow/dags/extract_exchange_rates.py
[2025-04-25T15:14:14.599+0000] {processor.py:829} INFO - Processing file /opt/airflow/dags/extract_exchange_rates.py for tasks to queue
[2025-04-25T15:14:14.600+0000] {logging_mixin.py:151} INFO - [2025-04-25T15:14:14.600+0000] {dagbag.py:536} INFO - Filling up the DagBag from /opt/airflow/dags/extract_exchange_rates.py
[2025-04-25T15:14:14.610+0000] {processor.py:839} INFO - DAG(s) dict_keys(['extract_exchange_rates']) retrieved from /opt/airflow/dags/extract_exchange_rates.py
[2025-04-25T15:14:14.624+0000] {logging_mixin.py:151} INFO - [2025-04-25T15:14:14.624+0000] {dag.py:2941} INFO - Sync 1 DAGs
[2025-04-25T15:14:14.634+0000] {logging_mixin.py:151} INFO - [2025-04-25T15:14:14.634+0000] {dag.py:3722} INFO - Setting next_dagrun for extract_exchange_rates to 2025-04-25T00:00:00+00:00, run_after=2025-04-26T00:00:00+00:00
[2025-04-25T15:14:14.641+0000] {processor.py:179} INFO - Processing /opt/airflow/dags/extract_exchange_rates.py took 0.045 seconds
[2025-04-25T15:14:44.943+0000] {processor.py:157} INFO - Started process (PID=2022) to work on /opt/airflow/dags/extract_exchange_rates.py
[2025-04-25T15:14:44.944+0000] {processor.py:829} INFO - Processing file /opt/airflow/dags/extract_exchange_rates.py for tasks to queue
[2025-04-25T15:14:44.945+0000] {logging_mixin.py:151} INFO - [2025-04-25T15:14:44.944+0000] {dagbag.py:536} INFO - Filling up the DagBag from /opt/airflow/dags/extract_exchange_rates.py
[2025-04-25T15:14:44.953+0000] {processor.py:839} INFO - DAG(s) dict_keys(['extract_exchange_rates']) retrieved from /opt/airflow/dags/extract_exchange_rates.py
[2025-04-25T15:14:44.967+0000] {logging_mixin.py:151} INFO - [2025-04-25T15:14:44.967+0000] {dag.py:2941} INFO - Sync 1 DAGs
[2025-04-25T15:14:44.978+0000] {logging_mixin.py:151} INFO - [2025-04-25T15:14:44.977+0000] {dag.py:3722} INFO - Setting next_dagrun for extract_exchange_rates to 2025-04-25T00:00:00+00:00, run_after=2025-04-26T00:00:00+00:00
[2025-04-25T15:14:44.985+0000] {processor.py:179} INFO - Processing /opt/airflow/dags/extract_exchange_rates.py took 0.044 seconds
[2025-04-25T15:15:15.305+0000] {processor.py:157} INFO - Started process (PID=2027) to work on /opt/airflow/dags/extract_exchange_rates.py
[2025-04-25T15:15:15.307+0000] {processor.py:829} INFO - Processing file /opt/airflow/dags/extract_exchange_rates.py for tasks to queue
[2025-04-25T15:15:15.308+0000] {logging_mixin.py:151} INFO - [2025-04-25T15:15:15.308+0000] {dagbag.py:536} INFO - Filling up the DagBag from /opt/airflow/dags/extract_exchange_rates.py
[2025-04-25T15:15:15.319+0000] {processor.py:839} INFO - DAG(s) dict_keys(['extract_exchange_rates']) retrieved from /opt/airflow/dags/extract_exchange_rates.py
[2025-04-25T15:15:15.334+0000] {logging_mixin.py:151} INFO - [2025-04-25T15:15:15.334+0000] {dag.py:2941} INFO - Sync 1 DAGs
[2025-04-25T15:15:15.343+0000] {logging_mixin.py:151} INFO - [2025-04-25T15:15:15.343+0000] {dag.py:3722} INFO - Setting next_dagrun for extract_exchange_rates to 2025-04-25T00:00:00+00:00, run_after=2025-04-26T00:00:00+00:00
[2025-04-25T15:15:15.351+0000] {processor.py:179} INFO - Processing /opt/airflow/dags/extract_exchange_rates.py took 0.048 seconds
[2025-04-25T15:15:45.637+0000] {processor.py:157} INFO - Started process (PID=2032) to work on /opt/airflow/dags/extract_exchange_rates.py
[2025-04-25T15:15:45.638+0000] {processor.py:829} INFO - Processing file /opt/airflow/dags/extract_exchange_rates.py for tasks to queue
[2025-04-25T15:15:45.639+0000] {logging_mixin.py:151} INFO - [2025-04-25T15:15:45.639+0000] {dagbag.py:536} INFO - Filling up the DagBag from /opt/airflow/dags/extract_exchange_rates.py
[2025-04-25T15:15:45.650+0000] {processor.py:839} INFO - DAG(s) dict_keys(['extract_exchange_rates']) retrieved from /opt/airflow/dags/extract_exchange_rates.py
[2025-04-25T15:15:45.666+0000] {logging_mixin.py:151} INFO - [2025-04-25T15:15:45.666+0000] {dag.py:2941} INFO - Sync 1 DAGs
[2025-04-25T15:15:45.676+0000] {logging_mixin.py:151} INFO - [2025-04-25T15:15:45.676+0000] {dag.py:3722} INFO - Setting next_dagrun for extract_exchange_rates to 2025-04-25T00:00:00+00:00, run_after=2025-04-26T00:00:00+00:00
[2025-04-25T15:15:45.683+0000] {processor.py:179} INFO - Processing /opt/airflow/dags/extract_exchange_rates.py took 0.048 seconds
[2025-04-25T15:16:16.005+0000] {processor.py:157} INFO - Started process (PID=2037) to work on /opt/airflow/dags/extract_exchange_rates.py
[2025-04-25T15:16:16.006+0000] {processor.py:829} INFO - Processing file /opt/airflow/dags/extract_exchange_rates.py for tasks to queue
[2025-04-25T15:16:16.007+0000] {logging_mixin.py:151} INFO - [2025-04-25T15:16:16.007+0000] {dagbag.py:536} INFO - Filling up the DagBag from /opt/airflow/dags/extract_exchange_rates.py
[2025-04-25T15:16:16.017+0000] {processor.py:839} INFO - DAG(s) dict_keys(['extract_exchange_rates']) retrieved from /opt/airflow/dags/extract_exchange_rates.py
[2025-04-25T15:16:16.033+0000] {logging_mixin.py:151} INFO - [2025-04-25T15:16:16.033+0000] {dag.py:2941} INFO - Sync 1 DAGs
[2025-04-25T15:16:16.043+0000] {logging_mixin.py:151} INFO - [2025-04-25T15:16:16.043+0000] {dag.py:3722} INFO - Setting next_dagrun for extract_exchange_rates to 2025-04-25T00:00:00+00:00, run_after=2025-04-26T00:00:00+00:00
[2025-04-25T15:16:16.051+0000] {processor.py:179} INFO - Processing /opt/airflow/dags/extract_exchange_rates.py took 0.047 seconds
[2025-04-25T15:16:46.370+0000] {processor.py:157} INFO - Started process (PID=2042) to work on /opt/airflow/dags/extract_exchange_rates.py
[2025-04-25T15:16:46.371+0000] {processor.py:829} INFO - Processing file /opt/airflow/dags/extract_exchange_rates.py for tasks to queue
[2025-04-25T15:16:46.372+0000] {logging_mixin.py:151} INFO - [2025-04-25T15:16:46.372+0000] {dagbag.py:536} INFO - Filling up the DagBag from /opt/airflow/dags/extract_exchange_rates.py
[2025-04-25T15:16:46.383+0000] {processor.py:839} INFO - DAG(s) dict_keys(['extract_exchange_rates']) retrieved from /opt/airflow/dags/extract_exchange_rates.py
[2025-04-25T15:16:46.398+0000] {logging_mixin.py:151} INFO - [2025-04-25T15:16:46.398+0000] {dag.py:2941} INFO - Sync 1 DAGs
[2025-04-25T15:16:46.408+0000] {logging_mixin.py:151} INFO - [2025-04-25T15:16:46.408+0000] {dag.py:3722} INFO - Setting next_dagrun for extract_exchange_rates to 2025-04-25T00:00:00+00:00, run_after=2025-04-26T00:00:00+00:00
[2025-04-25T15:16:46.414+0000] {processor.py:179} INFO - Processing /opt/airflow/dags/extract_exchange_rates.py took 0.047 seconds
[2025-04-25T15:17:16.741+0000] {processor.py:157} INFO - Started process (PID=2047) to work on /opt/airflow/dags/extract_exchange_rates.py
[2025-04-25T15:17:16.742+0000] {processor.py:829} INFO - Processing file /opt/airflow/dags/extract_exchange_rates.py for tasks to queue
[2025-04-25T15:17:16.743+0000] {logging_mixin.py:151} INFO - [2025-04-25T15:17:16.743+0000] {dagbag.py:536} INFO - Filling up the DagBag from /opt/airflow/dags/extract_exchange_rates.py
[2025-04-25T15:17:16.754+0000] {processor.py:839} INFO - DAG(s) dict_keys(['extract_exchange_rates']) retrieved from /opt/airflow/dags/extract_exchange_rates.py
[2025-04-25T15:17:16.769+0000] {logging_mixin.py:151} INFO - [2025-04-25T15:17:16.769+0000] {dag.py:2941} INFO - Sync 1 DAGs
[2025-04-25T15:17:16.779+0000] {logging_mixin.py:151} INFO - [2025-04-25T15:17:16.779+0000] {dag.py:3722} INFO - Setting next_dagrun for extract_exchange_rates to 2025-04-25T00:00:00+00:00, run_after=2025-04-26T00:00:00+00:00
[2025-04-25T15:17:16.787+0000] {processor.py:179} INFO - Processing /opt/airflow/dags/extract_exchange_rates.py took 0.048 seconds
[2025-04-25T15:17:47.081+0000] {processor.py:157} INFO - Started process (PID=2052) to work on /opt/airflow/dags/extract_exchange_rates.py
[2025-04-25T15:17:47.082+0000] {processor.py:829} INFO - Processing file /opt/airflow/dags/extract_exchange_rates.py for tasks to queue
[2025-04-25T15:17:47.083+0000] {logging_mixin.py:151} INFO - [2025-04-25T15:17:47.083+0000] {dagbag.py:536} INFO - Filling up the DagBag from /opt/airflow/dags/extract_exchange_rates.py
[2025-04-25T15:17:47.096+0000] {processor.py:839} INFO - DAG(s) dict_keys(['extract_exchange_rates']) retrieved from /opt/airflow/dags/extract_exchange_rates.py
[2025-04-25T15:17:47.115+0000] {logging_mixin.py:151} INFO - [2025-04-25T15:17:47.115+0000] {dag.py:2941} INFO - Sync 1 DAGs
[2025-04-25T15:17:47.132+0000] {logging_mixin.py:151} INFO - [2025-04-25T15:17:47.132+0000] {dag.py:3722} INFO - Setting next_dagrun for extract_exchange_rates to 2025-04-25T00:00:00+00:00, run_after=2025-04-26T00:00:00+00:00
[2025-04-25T15:17:47.144+0000] {processor.py:179} INFO - Processing /opt/airflow/dags/extract_exchange_rates.py took 0.064 seconds
