[2025-04-23T21:14:24.010+0000] {processor.py:157} INFO - Started process (PID=175) to work on /opt/airflow/dags/extract_exchange_rates.py
[2025-04-23T21:14:24.011+0000] {processor.py:829} INFO - Processing file /opt/airflow/dags/extract_exchange_rates.py for tasks to queue
[2025-04-23T21:14:24.012+0000] {logging_mixin.py:151} INFO - [2025-04-23T21:14:24.012+0000] {dagbag.py:536} INFO - Filling up the DagBag from /opt/airflow/dags/extract_exchange_rates.py
[2025-04-23T21:14:24.020+0000] {processor.py:839} INFO - DAG(s) dict_keys(['extract_exchange_rates']) retrieved from /opt/airflow/dags/extract_exchange_rates.py
[2025-04-23T21:14:24.033+0000] {logging_mixin.py:151} INFO - [2025-04-23T21:14:24.033+0000] {dag.py:2941} INFO - Sync 1 DAGs
[2025-04-23T21:14:24.050+0000] {logging_mixin.py:151} INFO - [2025-04-23T21:14:24.050+0000] {dag.py:3722} INFO - Setting next_dagrun for extract_exchange_rates to 2025-04-23T00:00:00+00:00, run_after=2025-04-24T00:00:00+00:00
[2025-04-23T21:14:24.059+0000] {processor.py:179} INFO - Processing /opt/airflow/dags/extract_exchange_rates.py took 0.050 seconds
[2025-04-23T21:14:54.269+0000] {processor.py:157} INFO - Started process (PID=190) to work on /opt/airflow/dags/extract_exchange_rates.py
[2025-04-23T21:14:54.270+0000] {processor.py:829} INFO - Processing file /opt/airflow/dags/extract_exchange_rates.py for tasks to queue
[2025-04-23T21:14:54.270+0000] {logging_mixin.py:151} INFO - [2025-04-23T21:14:54.270+0000] {dagbag.py:536} INFO - Filling up the DagBag from /opt/airflow/dags/extract_exchange_rates.py
[2025-04-23T21:14:54.278+0000] {processor.py:839} INFO - DAG(s) dict_keys(['extract_exchange_rates']) retrieved from /opt/airflow/dags/extract_exchange_rates.py
[2025-04-23T21:14:54.291+0000] {logging_mixin.py:151} INFO - [2025-04-23T21:14:54.291+0000] {dag.py:2941} INFO - Sync 1 DAGs
[2025-04-23T21:14:54.301+0000] {logging_mixin.py:151} INFO - [2025-04-23T21:14:54.300+0000] {dag.py:3722} INFO - Setting next_dagrun for extract_exchange_rates to 2025-04-23T00:00:00+00:00, run_after=2025-04-24T00:00:00+00:00
[2025-04-23T21:14:54.307+0000] {processor.py:179} INFO - Processing /opt/airflow/dags/extract_exchange_rates.py took 0.040 seconds
[2025-04-23T21:15:24.490+0000] {processor.py:157} INFO - Started process (PID=195) to work on /opt/airflow/dags/extract_exchange_rates.py
[2025-04-23T21:15:24.490+0000] {processor.py:829} INFO - Processing file /opt/airflow/dags/extract_exchange_rates.py for tasks to queue
[2025-04-23T21:15:24.491+0000] {logging_mixin.py:151} INFO - [2025-04-23T21:15:24.491+0000] {dagbag.py:536} INFO - Filling up the DagBag from /opt/airflow/dags/extract_exchange_rates.py
[2025-04-23T21:15:24.498+0000] {processor.py:839} INFO - DAG(s) dict_keys(['extract_exchange_rates']) retrieved from /opt/airflow/dags/extract_exchange_rates.py
[2025-04-23T21:15:24.508+0000] {logging_mixin.py:151} INFO - [2025-04-23T21:15:24.508+0000] {dag.py:2941} INFO - Sync 1 DAGs
[2025-04-23T21:15:24.516+0000] {logging_mixin.py:151} INFO - [2025-04-23T21:15:24.516+0000] {dag.py:3722} INFO - Setting next_dagrun for extract_exchange_rates to 2025-04-23T00:00:00+00:00, run_after=2025-04-24T00:00:00+00:00
[2025-04-23T21:15:24.523+0000] {processor.py:179} INFO - Processing /opt/airflow/dags/extract_exchange_rates.py took 0.034 seconds
[2025-04-23T21:15:54.728+0000] {processor.py:157} INFO - Started process (PID=200) to work on /opt/airflow/dags/extract_exchange_rates.py
[2025-04-23T21:15:54.728+0000] {processor.py:829} INFO - Processing file /opt/airflow/dags/extract_exchange_rates.py for tasks to queue
[2025-04-23T21:15:54.729+0000] {logging_mixin.py:151} INFO - [2025-04-23T21:15:54.729+0000] {dagbag.py:536} INFO - Filling up the DagBag from /opt/airflow/dags/extract_exchange_rates.py
[2025-04-23T21:15:54.736+0000] {processor.py:839} INFO - DAG(s) dict_keys(['extract_exchange_rates']) retrieved from /opt/airflow/dags/extract_exchange_rates.py
[2025-04-23T21:15:54.748+0000] {logging_mixin.py:151} INFO - [2025-04-23T21:15:54.747+0000] {dag.py:2941} INFO - Sync 1 DAGs
[2025-04-23T21:15:54.757+0000] {logging_mixin.py:151} INFO - [2025-04-23T21:15:54.756+0000] {dag.py:3722} INFO - Setting next_dagrun for extract_exchange_rates to 2025-04-23T00:00:00+00:00, run_after=2025-04-24T00:00:00+00:00
[2025-04-23T21:15:54.763+0000] {processor.py:179} INFO - Processing /opt/airflow/dags/extract_exchange_rates.py took 0.037 seconds
[2025-04-23T21:16:24.986+0000] {processor.py:157} INFO - Started process (PID=205) to work on /opt/airflow/dags/extract_exchange_rates.py
[2025-04-23T21:16:24.986+0000] {processor.py:829} INFO - Processing file /opt/airflow/dags/extract_exchange_rates.py for tasks to queue
[2025-04-23T21:16:24.987+0000] {logging_mixin.py:151} INFO - [2025-04-23T21:16:24.987+0000] {dagbag.py:536} INFO - Filling up the DagBag from /opt/airflow/dags/extract_exchange_rates.py
[2025-04-23T21:16:24.994+0000] {processor.py:839} INFO - DAG(s) dict_keys(['extract_exchange_rates']) retrieved from /opt/airflow/dags/extract_exchange_rates.py
[2025-04-23T21:16:25.008+0000] {logging_mixin.py:151} INFO - [2025-04-23T21:16:25.008+0000] {dag.py:2941} INFO - Sync 1 DAGs
[2025-04-23T21:16:25.017+0000] {logging_mixin.py:151} INFO - [2025-04-23T21:16:25.017+0000] {dag.py:3722} INFO - Setting next_dagrun for extract_exchange_rates to 2025-04-23T00:00:00+00:00, run_after=2025-04-24T00:00:00+00:00
[2025-04-23T21:16:25.025+0000] {processor.py:179} INFO - Processing /opt/airflow/dags/extract_exchange_rates.py took 0.041 seconds
[2025-04-23T21:16:55.263+0000] {processor.py:157} INFO - Started process (PID=210) to work on /opt/airflow/dags/extract_exchange_rates.py
[2025-04-23T21:16:55.264+0000] {processor.py:829} INFO - Processing file /opt/airflow/dags/extract_exchange_rates.py for tasks to queue
[2025-04-23T21:16:55.265+0000] {logging_mixin.py:151} INFO - [2025-04-23T21:16:55.264+0000] {dagbag.py:536} INFO - Filling up the DagBag from /opt/airflow/dags/extract_exchange_rates.py
[2025-04-23T21:16:55.273+0000] {processor.py:839} INFO - DAG(s) dict_keys(['extract_exchange_rates']) retrieved from /opt/airflow/dags/extract_exchange_rates.py
[2025-04-23T21:16:55.285+0000] {logging_mixin.py:151} INFO - [2025-04-23T21:16:55.285+0000] {dag.py:2941} INFO - Sync 1 DAGs
[2025-04-23T21:16:55.295+0000] {logging_mixin.py:151} INFO - [2025-04-23T21:16:55.295+0000] {dag.py:3722} INFO - Setting next_dagrun for extract_exchange_rates to 2025-04-23T00:00:00+00:00, run_after=2025-04-24T00:00:00+00:00
[2025-04-23T21:16:55.302+0000] {processor.py:179} INFO - Processing /opt/airflow/dags/extract_exchange_rates.py took 0.040 seconds
[2025-04-23T21:17:25.528+0000] {processor.py:157} INFO - Started process (PID=215) to work on /opt/airflow/dags/extract_exchange_rates.py
[2025-04-23T21:17:25.529+0000] {processor.py:829} INFO - Processing file /opt/airflow/dags/extract_exchange_rates.py for tasks to queue
[2025-04-23T21:17:25.529+0000] {logging_mixin.py:151} INFO - [2025-04-23T21:17:25.529+0000] {dagbag.py:536} INFO - Filling up the DagBag from /opt/airflow/dags/extract_exchange_rates.py
[2025-04-23T21:17:25.537+0000] {processor.py:839} INFO - DAG(s) dict_keys(['extract_exchange_rates']) retrieved from /opt/airflow/dags/extract_exchange_rates.py
[2025-04-23T21:17:25.550+0000] {logging_mixin.py:151} INFO - [2025-04-23T21:17:25.550+0000] {dag.py:2941} INFO - Sync 1 DAGs
[2025-04-23T21:17:25.559+0000] {logging_mixin.py:151} INFO - [2025-04-23T21:17:25.559+0000] {dag.py:3722} INFO - Setting next_dagrun for extract_exchange_rates to 2025-04-23T00:00:00+00:00, run_after=2025-04-24T00:00:00+00:00
[2025-04-23T21:17:25.566+0000] {processor.py:179} INFO - Processing /opt/airflow/dags/extract_exchange_rates.py took 0.040 seconds
[2025-04-23T21:17:55.806+0000] {processor.py:157} INFO - Started process (PID=220) to work on /opt/airflow/dags/extract_exchange_rates.py
[2025-04-23T21:17:55.807+0000] {processor.py:829} INFO - Processing file /opt/airflow/dags/extract_exchange_rates.py for tasks to queue
[2025-04-23T21:17:55.807+0000] {logging_mixin.py:151} INFO - [2025-04-23T21:17:55.807+0000] {dagbag.py:536} INFO - Filling up the DagBag from /opt/airflow/dags/extract_exchange_rates.py
[2025-04-23T21:17:55.815+0000] {processor.py:839} INFO - DAG(s) dict_keys(['extract_exchange_rates']) retrieved from /opt/airflow/dags/extract_exchange_rates.py
[2025-04-23T21:17:55.828+0000] {logging_mixin.py:151} INFO - [2025-04-23T21:17:55.828+0000] {dag.py:2941} INFO - Sync 1 DAGs
[2025-04-23T21:17:55.837+0000] {logging_mixin.py:151} INFO - [2025-04-23T21:17:55.837+0000] {dag.py:3722} INFO - Setting next_dagrun for extract_exchange_rates to 2025-04-23T00:00:00+00:00, run_after=2025-04-24T00:00:00+00:00
[2025-04-23T21:17:55.844+0000] {processor.py:179} INFO - Processing /opt/airflow/dags/extract_exchange_rates.py took 0.040 seconds
[2025-04-23T21:18:26.044+0000] {processor.py:157} INFO - Started process (PID=225) to work on /opt/airflow/dags/extract_exchange_rates.py
[2025-04-23T21:18:26.044+0000] {processor.py:829} INFO - Processing file /opt/airflow/dags/extract_exchange_rates.py for tasks to queue
[2025-04-23T21:18:26.045+0000] {logging_mixin.py:151} INFO - [2025-04-23T21:18:26.045+0000] {dagbag.py:536} INFO - Filling up the DagBag from /opt/airflow/dags/extract_exchange_rates.py
[2025-04-23T21:18:26.053+0000] {processor.py:839} INFO - DAG(s) dict_keys(['extract_exchange_rates']) retrieved from /opt/airflow/dags/extract_exchange_rates.py
[2025-04-23T21:18:26.066+0000] {logging_mixin.py:151} INFO - [2025-04-23T21:18:26.065+0000] {dag.py:2941} INFO - Sync 1 DAGs
[2025-04-23T21:18:26.075+0000] {logging_mixin.py:151} INFO - [2025-04-23T21:18:26.075+0000] {dag.py:3722} INFO - Setting next_dagrun for extract_exchange_rates to 2025-04-23T00:00:00+00:00, run_after=2025-04-24T00:00:00+00:00
[2025-04-23T21:18:26.082+0000] {processor.py:179} INFO - Processing /opt/airflow/dags/extract_exchange_rates.py took 0.040 seconds
[2025-04-23T21:18:56.288+0000] {processor.py:157} INFO - Started process (PID=230) to work on /opt/airflow/dags/extract_exchange_rates.py
[2025-04-23T21:18:56.288+0000] {processor.py:829} INFO - Processing file /opt/airflow/dags/extract_exchange_rates.py for tasks to queue
[2025-04-23T21:18:56.289+0000] {logging_mixin.py:151} INFO - [2025-04-23T21:18:56.289+0000] {dagbag.py:536} INFO - Filling up the DagBag from /opt/airflow/dags/extract_exchange_rates.py
[2025-04-23T21:18:56.296+0000] {processor.py:839} INFO - DAG(s) dict_keys(['extract_exchange_rates']) retrieved from /opt/airflow/dags/extract_exchange_rates.py
[2025-04-23T21:18:56.308+0000] {logging_mixin.py:151} INFO - [2025-04-23T21:18:56.307+0000] {dag.py:2941} INFO - Sync 1 DAGs
[2025-04-23T21:18:56.316+0000] {logging_mixin.py:151} INFO - [2025-04-23T21:18:56.316+0000] {dag.py:3722} INFO - Setting next_dagrun for extract_exchange_rates to 2025-04-23T00:00:00+00:00, run_after=2025-04-24T00:00:00+00:00
[2025-04-23T21:18:56.323+0000] {processor.py:179} INFO - Processing /opt/airflow/dags/extract_exchange_rates.py took 0.036 seconds
[2025-04-23T21:19:26.582+0000] {processor.py:157} INFO - Started process (PID=235) to work on /opt/airflow/dags/extract_exchange_rates.py
[2025-04-23T21:19:26.583+0000] {processor.py:829} INFO - Processing file /opt/airflow/dags/extract_exchange_rates.py for tasks to queue
[2025-04-23T21:19:26.583+0000] {logging_mixin.py:151} INFO - [2025-04-23T21:19:26.583+0000] {dagbag.py:536} INFO - Filling up the DagBag from /opt/airflow/dags/extract_exchange_rates.py
[2025-04-23T21:19:26.591+0000] {processor.py:839} INFO - DAG(s) dict_keys(['extract_exchange_rates']) retrieved from /opt/airflow/dags/extract_exchange_rates.py
[2025-04-23T21:19:26.602+0000] {logging_mixin.py:151} INFO - [2025-04-23T21:19:26.602+0000] {dag.py:2941} INFO - Sync 1 DAGs
[2025-04-23T21:19:26.612+0000] {logging_mixin.py:151} INFO - [2025-04-23T21:19:26.612+0000] {dag.py:3722} INFO - Setting next_dagrun for extract_exchange_rates to 2025-04-23T00:00:00+00:00, run_after=2025-04-24T00:00:00+00:00
[2025-04-23T21:19:26.620+0000] {processor.py:179} INFO - Processing /opt/airflow/dags/extract_exchange_rates.py took 0.039 seconds
[2025-04-23T21:19:56.834+0000] {processor.py:157} INFO - Started process (PID=242) to work on /opt/airflow/dags/extract_exchange_rates.py
[2025-04-23T21:19:56.834+0000] {processor.py:829} INFO - Processing file /opt/airflow/dags/extract_exchange_rates.py for tasks to queue
[2025-04-23T21:19:56.835+0000] {logging_mixin.py:151} INFO - [2025-04-23T21:19:56.835+0000] {dagbag.py:536} INFO - Filling up the DagBag from /opt/airflow/dags/extract_exchange_rates.py
[2025-04-23T21:19:56.843+0000] {processor.py:839} INFO - DAG(s) dict_keys(['extract_exchange_rates']) retrieved from /opt/airflow/dags/extract_exchange_rates.py
[2025-04-23T21:19:56.855+0000] {logging_mixin.py:151} INFO - [2025-04-23T21:19:56.855+0000] {dag.py:2941} INFO - Sync 1 DAGs
[2025-04-23T21:19:56.865+0000] {logging_mixin.py:151} INFO - [2025-04-23T21:19:56.865+0000] {dag.py:3722} INFO - Setting next_dagrun for extract_exchange_rates to 2025-04-23T00:00:00+00:00, run_after=2025-04-24T00:00:00+00:00
[2025-04-23T21:19:56.872+0000] {processor.py:179} INFO - Processing /opt/airflow/dags/extract_exchange_rates.py took 0.040 seconds
[2025-04-23T21:20:27.082+0000] {processor.py:157} INFO - Started process (PID=247) to work on /opt/airflow/dags/extract_exchange_rates.py
[2025-04-23T21:20:27.082+0000] {processor.py:829} INFO - Processing file /opt/airflow/dags/extract_exchange_rates.py for tasks to queue
[2025-04-23T21:20:27.083+0000] {logging_mixin.py:151} INFO - [2025-04-23T21:20:27.083+0000] {dagbag.py:536} INFO - Filling up the DagBag from /opt/airflow/dags/extract_exchange_rates.py
[2025-04-23T21:20:27.091+0000] {processor.py:839} INFO - DAG(s) dict_keys(['extract_exchange_rates']) retrieved from /opt/airflow/dags/extract_exchange_rates.py
[2025-04-23T21:20:27.104+0000] {logging_mixin.py:151} INFO - [2025-04-23T21:20:27.104+0000] {dag.py:2941} INFO - Sync 1 DAGs
[2025-04-23T21:20:27.114+0000] {logging_mixin.py:151} INFO - [2025-04-23T21:20:27.114+0000] {dag.py:3722} INFO - Setting next_dagrun for extract_exchange_rates to 2025-04-23T00:00:00+00:00, run_after=2025-04-24T00:00:00+00:00
[2025-04-23T21:20:27.121+0000] {processor.py:179} INFO - Processing /opt/airflow/dags/extract_exchange_rates.py took 0.041 seconds
[2025-04-23T21:20:57.312+0000] {processor.py:157} INFO - Started process (PID=252) to work on /opt/airflow/dags/extract_exchange_rates.py
[2025-04-23T21:20:57.312+0000] {processor.py:829} INFO - Processing file /opt/airflow/dags/extract_exchange_rates.py for tasks to queue
[2025-04-23T21:20:57.313+0000] {logging_mixin.py:151} INFO - [2025-04-23T21:20:57.312+0000] {dagbag.py:536} INFO - Filling up the DagBag from /opt/airflow/dags/extract_exchange_rates.py
[2025-04-23T21:20:57.321+0000] {processor.py:839} INFO - DAG(s) dict_keys(['extract_exchange_rates']) retrieved from /opt/airflow/dags/extract_exchange_rates.py
[2025-04-23T21:20:57.333+0000] {logging_mixin.py:151} INFO - [2025-04-23T21:20:57.333+0000] {dag.py:2941} INFO - Sync 1 DAGs
[2025-04-23T21:20:57.342+0000] {logging_mixin.py:151} INFO - [2025-04-23T21:20:57.342+0000] {dag.py:3722} INFO - Setting next_dagrun for extract_exchange_rates to 2025-04-23T00:00:00+00:00, run_after=2025-04-24T00:00:00+00:00
[2025-04-23T21:20:57.348+0000] {processor.py:179} INFO - Processing /opt/airflow/dags/extract_exchange_rates.py took 0.038 seconds
[2025-04-23T21:21:27.568+0000] {processor.py:157} INFO - Started process (PID=257) to work on /opt/airflow/dags/extract_exchange_rates.py
[2025-04-23T21:21:27.568+0000] {processor.py:829} INFO - Processing file /opt/airflow/dags/extract_exchange_rates.py for tasks to queue
[2025-04-23T21:21:27.569+0000] {logging_mixin.py:151} INFO - [2025-04-23T21:21:27.569+0000] {dagbag.py:536} INFO - Filling up the DagBag from /opt/airflow/dags/extract_exchange_rates.py
[2025-04-23T21:21:27.578+0000] {processor.py:839} INFO - DAG(s) dict_keys(['extract_exchange_rates']) retrieved from /opt/airflow/dags/extract_exchange_rates.py
[2025-04-23T21:21:27.590+0000] {logging_mixin.py:151} INFO - [2025-04-23T21:21:27.590+0000] {dag.py:2941} INFO - Sync 1 DAGs
[2025-04-23T21:21:27.600+0000] {logging_mixin.py:151} INFO - [2025-04-23T21:21:27.600+0000] {dag.py:3722} INFO - Setting next_dagrun for extract_exchange_rates to 2025-04-23T00:00:00+00:00, run_after=2025-04-24T00:00:00+00:00
[2025-04-23T21:21:27.607+0000] {processor.py:179} INFO - Processing /opt/airflow/dags/extract_exchange_rates.py took 0.041 seconds
[2025-04-23T21:21:57.811+0000] {processor.py:157} INFO - Started process (PID=262) to work on /opt/airflow/dags/extract_exchange_rates.py
[2025-04-23T21:21:57.812+0000] {processor.py:829} INFO - Processing file /opt/airflow/dags/extract_exchange_rates.py for tasks to queue
[2025-04-23T21:21:57.813+0000] {logging_mixin.py:151} INFO - [2025-04-23T21:21:57.812+0000] {dagbag.py:536} INFO - Filling up the DagBag from /opt/airflow/dags/extract_exchange_rates.py
[2025-04-23T21:21:57.821+0000] {processor.py:839} INFO - DAG(s) dict_keys(['extract_exchange_rates']) retrieved from /opt/airflow/dags/extract_exchange_rates.py
[2025-04-23T21:21:57.834+0000] {logging_mixin.py:151} INFO - [2025-04-23T21:21:57.834+0000] {dag.py:2941} INFO - Sync 1 DAGs
[2025-04-23T21:21:57.844+0000] {logging_mixin.py:151} INFO - [2025-04-23T21:21:57.844+0000] {dag.py:3722} INFO - Setting next_dagrun for extract_exchange_rates to 2025-04-23T00:00:00+00:00, run_after=2025-04-24T00:00:00+00:00
[2025-04-23T21:21:57.851+0000] {processor.py:179} INFO - Processing /opt/airflow/dags/extract_exchange_rates.py took 0.042 seconds
[2025-04-23T21:22:28.022+0000] {processor.py:157} INFO - Started process (PID=267) to work on /opt/airflow/dags/extract_exchange_rates.py
[2025-04-23T21:22:28.022+0000] {processor.py:829} INFO - Processing file /opt/airflow/dags/extract_exchange_rates.py for tasks to queue
[2025-04-23T21:22:28.023+0000] {logging_mixin.py:151} INFO - [2025-04-23T21:22:28.023+0000] {dagbag.py:536} INFO - Filling up the DagBag from /opt/airflow/dags/extract_exchange_rates.py
[2025-04-23T21:22:28.030+0000] {processor.py:839} INFO - DAG(s) dict_keys(['extract_exchange_rates']) retrieved from /opt/airflow/dags/extract_exchange_rates.py
[2025-04-23T21:22:28.042+0000] {logging_mixin.py:151} INFO - [2025-04-23T21:22:28.042+0000] {dag.py:2941} INFO - Sync 1 DAGs
[2025-04-23T21:22:28.051+0000] {logging_mixin.py:151} INFO - [2025-04-23T21:22:28.051+0000] {dag.py:3722} INFO - Setting next_dagrun for extract_exchange_rates to 2025-04-23T00:00:00+00:00, run_after=2025-04-24T00:00:00+00:00
[2025-04-23T21:22:28.059+0000] {processor.py:179} INFO - Processing /opt/airflow/dags/extract_exchange_rates.py took 0.038 seconds
[2025-04-23T21:22:58.249+0000] {processor.py:157} INFO - Started process (PID=272) to work on /opt/airflow/dags/extract_exchange_rates.py
[2025-04-23T21:22:58.249+0000] {processor.py:829} INFO - Processing file /opt/airflow/dags/extract_exchange_rates.py for tasks to queue
[2025-04-23T21:22:58.250+0000] {logging_mixin.py:151} INFO - [2025-04-23T21:22:58.249+0000] {dagbag.py:536} INFO - Filling up the DagBag from /opt/airflow/dags/extract_exchange_rates.py
[2025-04-23T21:22:58.258+0000] {processor.py:839} INFO - DAG(s) dict_keys(['extract_exchange_rates']) retrieved from /opt/airflow/dags/extract_exchange_rates.py
[2025-04-23T21:22:58.271+0000] {logging_mixin.py:151} INFO - [2025-04-23T21:22:58.271+0000] {dag.py:2941} INFO - Sync 1 DAGs
[2025-04-23T21:22:58.281+0000] {logging_mixin.py:151} INFO - [2025-04-23T21:22:58.281+0000] {dag.py:3722} INFO - Setting next_dagrun for extract_exchange_rates to 2025-04-23T00:00:00+00:00, run_after=2025-04-24T00:00:00+00:00
[2025-04-23T21:22:58.288+0000] {processor.py:179} INFO - Processing /opt/airflow/dags/extract_exchange_rates.py took 0.041 seconds
[2025-04-23T21:23:28.494+0000] {processor.py:157} INFO - Started process (PID=277) to work on /opt/airflow/dags/extract_exchange_rates.py
[2025-04-23T21:23:28.494+0000] {processor.py:829} INFO - Processing file /opt/airflow/dags/extract_exchange_rates.py for tasks to queue
[2025-04-23T21:23:28.495+0000] {logging_mixin.py:151} INFO - [2025-04-23T21:23:28.495+0000] {dagbag.py:536} INFO - Filling up the DagBag from /opt/airflow/dags/extract_exchange_rates.py
[2025-04-23T21:23:28.505+0000] {processor.py:839} INFO - DAG(s) dict_keys(['extract_exchange_rates']) retrieved from /opt/airflow/dags/extract_exchange_rates.py
[2025-04-23T21:23:28.518+0000] {logging_mixin.py:151} INFO - [2025-04-23T21:23:28.517+0000] {dag.py:2941} INFO - Sync 1 DAGs
[2025-04-23T21:23:28.527+0000] {logging_mixin.py:151} INFO - [2025-04-23T21:23:28.527+0000] {dag.py:3722} INFO - Setting next_dagrun for extract_exchange_rates to 2025-04-23T00:00:00+00:00, run_after=2025-04-24T00:00:00+00:00
[2025-04-23T21:23:28.535+0000] {processor.py:179} INFO - Processing /opt/airflow/dags/extract_exchange_rates.py took 0.043 seconds
[2025-04-23T21:23:58.733+0000] {processor.py:157} INFO - Started process (PID=282) to work on /opt/airflow/dags/extract_exchange_rates.py
[2025-04-23T21:23:58.734+0000] {processor.py:829} INFO - Processing file /opt/airflow/dags/extract_exchange_rates.py for tasks to queue
[2025-04-23T21:23:58.735+0000] {logging_mixin.py:151} INFO - [2025-04-23T21:23:58.735+0000] {dagbag.py:536} INFO - Filling up the DagBag from /opt/airflow/dags/extract_exchange_rates.py
[2025-04-23T21:23:58.747+0000] {processor.py:839} INFO - DAG(s) dict_keys(['extract_exchange_rates']) retrieved from /opt/airflow/dags/extract_exchange_rates.py
[2025-04-23T21:23:58.761+0000] {logging_mixin.py:151} INFO - [2025-04-23T21:23:58.761+0000] {dag.py:2941} INFO - Sync 1 DAGs
[2025-04-23T21:23:58.770+0000] {logging_mixin.py:151} INFO - [2025-04-23T21:23:58.770+0000] {dag.py:3722} INFO - Setting next_dagrun for extract_exchange_rates to 2025-04-23T00:00:00+00:00, run_after=2025-04-24T00:00:00+00:00
[2025-04-23T21:23:58.777+0000] {processor.py:179} INFO - Processing /opt/airflow/dags/extract_exchange_rates.py took 0.047 seconds
[2025-04-23T21:24:28.997+0000] {processor.py:157} INFO - Started process (PID=287) to work on /opt/airflow/dags/extract_exchange_rates.py
[2025-04-23T21:24:28.998+0000] {processor.py:829} INFO - Processing file /opt/airflow/dags/extract_exchange_rates.py for tasks to queue
[2025-04-23T21:24:28.999+0000] {logging_mixin.py:151} INFO - [2025-04-23T21:24:28.998+0000] {dagbag.py:536} INFO - Filling up the DagBag from /opt/airflow/dags/extract_exchange_rates.py
[2025-04-23T21:24:29.008+0000] {processor.py:839} INFO - DAG(s) dict_keys(['extract_exchange_rates']) retrieved from /opt/airflow/dags/extract_exchange_rates.py
[2025-04-23T21:24:29.020+0000] {logging_mixin.py:151} INFO - [2025-04-23T21:24:29.020+0000] {dag.py:2941} INFO - Sync 1 DAGs
[2025-04-23T21:24:29.029+0000] {logging_mixin.py:151} INFO - [2025-04-23T21:24:29.029+0000] {dag.py:3722} INFO - Setting next_dagrun for extract_exchange_rates to 2025-04-23T00:00:00+00:00, run_after=2025-04-24T00:00:00+00:00
[2025-04-23T21:24:29.037+0000] {processor.py:179} INFO - Processing /opt/airflow/dags/extract_exchange_rates.py took 0.041 seconds
[2025-04-23T21:24:59.297+0000] {processor.py:157} INFO - Started process (PID=292) to work on /opt/airflow/dags/extract_exchange_rates.py
[2025-04-23T21:24:59.298+0000] {processor.py:829} INFO - Processing file /opt/airflow/dags/extract_exchange_rates.py for tasks to queue
[2025-04-23T21:24:59.299+0000] {logging_mixin.py:151} INFO - [2025-04-23T21:24:59.298+0000] {dagbag.py:536} INFO - Filling up the DagBag from /opt/airflow/dags/extract_exchange_rates.py
[2025-04-23T21:24:59.310+0000] {processor.py:839} INFO - DAG(s) dict_keys(['extract_exchange_rates']) retrieved from /opt/airflow/dags/extract_exchange_rates.py
[2025-04-23T21:24:59.324+0000] {logging_mixin.py:151} INFO - [2025-04-23T21:24:59.324+0000] {dag.py:2941} INFO - Sync 1 DAGs
[2025-04-23T21:24:59.334+0000] {logging_mixin.py:151} INFO - [2025-04-23T21:24:59.334+0000] {dag.py:3722} INFO - Setting next_dagrun for extract_exchange_rates to 2025-04-23T00:00:00+00:00, run_after=2025-04-24T00:00:00+00:00
[2025-04-23T21:24:59.341+0000] {processor.py:179} INFO - Processing /opt/airflow/dags/extract_exchange_rates.py took 0.046 seconds
[2025-04-23T21:25:29.595+0000] {processor.py:157} INFO - Started process (PID=297) to work on /opt/airflow/dags/extract_exchange_rates.py
[2025-04-23T21:25:29.595+0000] {processor.py:829} INFO - Processing file /opt/airflow/dags/extract_exchange_rates.py for tasks to queue
[2025-04-23T21:25:29.596+0000] {logging_mixin.py:151} INFO - [2025-04-23T21:25:29.596+0000] {dagbag.py:536} INFO - Filling up the DagBag from /opt/airflow/dags/extract_exchange_rates.py
[2025-04-23T21:25:29.607+0000] {processor.py:839} INFO - DAG(s) dict_keys(['extract_exchange_rates']) retrieved from /opt/airflow/dags/extract_exchange_rates.py
[2025-04-23T21:25:29.621+0000] {logging_mixin.py:151} INFO - [2025-04-23T21:25:29.621+0000] {dag.py:2941} INFO - Sync 1 DAGs
[2025-04-23T21:25:29.632+0000] {logging_mixin.py:151} INFO - [2025-04-23T21:25:29.631+0000] {dag.py:3722} INFO - Setting next_dagrun for extract_exchange_rates to 2025-04-23T00:00:00+00:00, run_after=2025-04-24T00:00:00+00:00
[2025-04-23T21:25:29.639+0000] {processor.py:179} INFO - Processing /opt/airflow/dags/extract_exchange_rates.py took 0.047 seconds
[2025-04-23T21:25:59.870+0000] {processor.py:157} INFO - Started process (PID=302) to work on /opt/airflow/dags/extract_exchange_rates.py
[2025-04-23T21:25:59.871+0000] {processor.py:829} INFO - Processing file /opt/airflow/dags/extract_exchange_rates.py for tasks to queue
[2025-04-23T21:25:59.872+0000] {logging_mixin.py:151} INFO - [2025-04-23T21:25:59.871+0000] {dagbag.py:536} INFO - Filling up the DagBag from /opt/airflow/dags/extract_exchange_rates.py
[2025-04-23T21:25:59.880+0000] {processor.py:839} INFO - DAG(s) dict_keys(['extract_exchange_rates']) retrieved from /opt/airflow/dags/extract_exchange_rates.py
[2025-04-23T21:25:59.893+0000] {logging_mixin.py:151} INFO - [2025-04-23T21:25:59.893+0000] {dag.py:2941} INFO - Sync 1 DAGs
[2025-04-23T21:25:59.903+0000] {logging_mixin.py:151} INFO - [2025-04-23T21:25:59.903+0000] {dag.py:3722} INFO - Setting next_dagrun for extract_exchange_rates to 2025-04-23T00:00:00+00:00, run_after=2025-04-24T00:00:00+00:00
[2025-04-23T21:25:59.910+0000] {processor.py:179} INFO - Processing /opt/airflow/dags/extract_exchange_rates.py took 0.042 seconds
[2025-04-23T21:26:30.205+0000] {processor.py:157} INFO - Started process (PID=307) to work on /opt/airflow/dags/extract_exchange_rates.py
[2025-04-23T21:26:30.206+0000] {processor.py:829} INFO - Processing file /opt/airflow/dags/extract_exchange_rates.py for tasks to queue
[2025-04-23T21:26:30.207+0000] {logging_mixin.py:151} INFO - [2025-04-23T21:26:30.207+0000] {dagbag.py:536} INFO - Filling up the DagBag from /opt/airflow/dags/extract_exchange_rates.py
[2025-04-23T21:26:30.217+0000] {processor.py:839} INFO - DAG(s) dict_keys(['extract_exchange_rates']) retrieved from /opt/airflow/dags/extract_exchange_rates.py
[2025-04-23T21:26:30.230+0000] {logging_mixin.py:151} INFO - [2025-04-23T21:26:30.230+0000] {dag.py:2941} INFO - Sync 1 DAGs
[2025-04-23T21:26:30.241+0000] {logging_mixin.py:151} INFO - [2025-04-23T21:26:30.241+0000] {dag.py:3722} INFO - Setting next_dagrun for extract_exchange_rates to 2025-04-23T00:00:00+00:00, run_after=2025-04-24T00:00:00+00:00
[2025-04-23T21:26:30.247+0000] {processor.py:179} INFO - Processing /opt/airflow/dags/extract_exchange_rates.py took 0.044 seconds
[2025-04-23T21:27:00.538+0000] {processor.py:157} INFO - Started process (PID=312) to work on /opt/airflow/dags/extract_exchange_rates.py
[2025-04-23T21:27:00.538+0000] {processor.py:829} INFO - Processing file /opt/airflow/dags/extract_exchange_rates.py for tasks to queue
[2025-04-23T21:27:00.539+0000] {logging_mixin.py:151} INFO - [2025-04-23T21:27:00.539+0000] {dagbag.py:536} INFO - Filling up the DagBag from /opt/airflow/dags/extract_exchange_rates.py
[2025-04-23T21:27:00.551+0000] {processor.py:839} INFO - DAG(s) dict_keys(['extract_exchange_rates']) retrieved from /opt/airflow/dags/extract_exchange_rates.py
[2025-04-23T21:27:00.568+0000] {logging_mixin.py:151} INFO - [2025-04-23T21:27:00.568+0000] {dag.py:2941} INFO - Sync 1 DAGs
[2025-04-23T21:27:00.579+0000] {logging_mixin.py:151} INFO - [2025-04-23T21:27:00.579+0000] {dag.py:3722} INFO - Setting next_dagrun for extract_exchange_rates to 2025-04-23T00:00:00+00:00, run_after=2025-04-24T00:00:00+00:00
[2025-04-23T21:27:00.586+0000] {processor.py:179} INFO - Processing /opt/airflow/dags/extract_exchange_rates.py took 0.051 seconds
[2025-04-23T21:27:30.845+0000] {processor.py:157} INFO - Started process (PID=317) to work on /opt/airflow/dags/extract_exchange_rates.py
[2025-04-23T21:27:30.846+0000] {processor.py:829} INFO - Processing file /opt/airflow/dags/extract_exchange_rates.py for tasks to queue
[2025-04-23T21:27:30.846+0000] {logging_mixin.py:151} INFO - [2025-04-23T21:27:30.846+0000] {dagbag.py:536} INFO - Filling up the DagBag from /opt/airflow/dags/extract_exchange_rates.py
[2025-04-23T21:27:30.855+0000] {processor.py:839} INFO - DAG(s) dict_keys(['extract_exchange_rates']) retrieved from /opt/airflow/dags/extract_exchange_rates.py
[2025-04-23T21:27:30.869+0000] {logging_mixin.py:151} INFO - [2025-04-23T21:27:30.869+0000] {dag.py:2941} INFO - Sync 1 DAGs
[2025-04-23T21:27:30.879+0000] {logging_mixin.py:151} INFO - [2025-04-23T21:27:30.879+0000] {dag.py:3722} INFO - Setting next_dagrun for extract_exchange_rates to 2025-04-23T00:00:00+00:00, run_after=2025-04-24T00:00:00+00:00
[2025-04-23T21:27:30.886+0000] {processor.py:179} INFO - Processing /opt/airflow/dags/extract_exchange_rates.py took 0.043 seconds
[2025-04-23T21:28:01.135+0000] {processor.py:157} INFO - Started process (PID=322) to work on /opt/airflow/dags/extract_exchange_rates.py
[2025-04-23T21:28:01.136+0000] {processor.py:829} INFO - Processing file /opt/airflow/dags/extract_exchange_rates.py for tasks to queue
[2025-04-23T21:28:01.137+0000] {logging_mixin.py:151} INFO - [2025-04-23T21:28:01.136+0000] {dagbag.py:536} INFO - Filling up the DagBag from /opt/airflow/dags/extract_exchange_rates.py
[2025-04-23T21:28:01.148+0000] {processor.py:839} INFO - DAG(s) dict_keys(['extract_exchange_rates']) retrieved from /opt/airflow/dags/extract_exchange_rates.py
[2025-04-23T21:28:01.162+0000] {logging_mixin.py:151} INFO - [2025-04-23T21:28:01.162+0000] {dag.py:2941} INFO - Sync 1 DAGs
[2025-04-23T21:28:01.172+0000] {logging_mixin.py:151} INFO - [2025-04-23T21:28:01.172+0000] {dag.py:3722} INFO - Setting next_dagrun for extract_exchange_rates to 2025-04-23T00:00:00+00:00, run_after=2025-04-24T00:00:00+00:00
[2025-04-23T21:28:01.180+0000] {processor.py:179} INFO - Processing /opt/airflow/dags/extract_exchange_rates.py took 0.048 seconds
[2025-04-23T21:28:31.407+0000] {processor.py:157} INFO - Started process (PID=327) to work on /opt/airflow/dags/extract_exchange_rates.py
[2025-04-23T21:28:31.408+0000] {processor.py:829} INFO - Processing file /opt/airflow/dags/extract_exchange_rates.py for tasks to queue
[2025-04-23T21:28:31.408+0000] {logging_mixin.py:151} INFO - [2025-04-23T21:28:31.408+0000] {dagbag.py:536} INFO - Filling up the DagBag from /opt/airflow/dags/extract_exchange_rates.py
[2025-04-23T21:28:31.419+0000] {processor.py:839} INFO - DAG(s) dict_keys(['extract_exchange_rates']) retrieved from /opt/airflow/dags/extract_exchange_rates.py
[2025-04-23T21:28:31.435+0000] {logging_mixin.py:151} INFO - [2025-04-23T21:28:31.435+0000] {dag.py:2941} INFO - Sync 1 DAGs
[2025-04-23T21:28:31.445+0000] {logging_mixin.py:151} INFO - [2025-04-23T21:28:31.445+0000] {dag.py:3722} INFO - Setting next_dagrun for extract_exchange_rates to 2025-04-23T00:00:00+00:00, run_after=2025-04-24T00:00:00+00:00
[2025-04-23T21:28:31.452+0000] {processor.py:179} INFO - Processing /opt/airflow/dags/extract_exchange_rates.py took 0.048 seconds
[2025-04-23T21:29:01.674+0000] {processor.py:157} INFO - Started process (PID=332) to work on /opt/airflow/dags/extract_exchange_rates.py
[2025-04-23T21:29:01.675+0000] {processor.py:829} INFO - Processing file /opt/airflow/dags/extract_exchange_rates.py for tasks to queue
[2025-04-23T21:29:01.675+0000] {logging_mixin.py:151} INFO - [2025-04-23T21:29:01.675+0000] {dagbag.py:536} INFO - Filling up the DagBag from /opt/airflow/dags/extract_exchange_rates.py
[2025-04-23T21:29:01.687+0000] {processor.py:839} INFO - DAG(s) dict_keys(['extract_exchange_rates']) retrieved from /opt/airflow/dags/extract_exchange_rates.py
[2025-04-23T21:29:01.703+0000] {logging_mixin.py:151} INFO - [2025-04-23T21:29:01.703+0000] {dag.py:2941} INFO - Sync 1 DAGs
[2025-04-23T21:29:01.713+0000] {logging_mixin.py:151} INFO - [2025-04-23T21:29:01.713+0000] {dag.py:3722} INFO - Setting next_dagrun for extract_exchange_rates to 2025-04-23T00:00:00+00:00, run_after=2025-04-24T00:00:00+00:00
[2025-04-23T21:29:01.720+0000] {processor.py:179} INFO - Processing /opt/airflow/dags/extract_exchange_rates.py took 0.050 seconds
[2025-04-23T21:29:31.966+0000] {processor.py:157} INFO - Started process (PID=337) to work on /opt/airflow/dags/extract_exchange_rates.py
[2025-04-23T21:29:31.967+0000] {processor.py:829} INFO - Processing file /opt/airflow/dags/extract_exchange_rates.py for tasks to queue
[2025-04-23T21:29:31.967+0000] {logging_mixin.py:151} INFO - [2025-04-23T21:29:31.967+0000] {dagbag.py:536} INFO - Filling up the DagBag from /opt/airflow/dags/extract_exchange_rates.py
[2025-04-23T21:29:31.980+0000] {processor.py:839} INFO - DAG(s) dict_keys(['extract_exchange_rates']) retrieved from /opt/airflow/dags/extract_exchange_rates.py
[2025-04-23T21:29:31.993+0000] {logging_mixin.py:151} INFO - [2025-04-23T21:29:31.993+0000] {dag.py:2941} INFO - Sync 1 DAGs
[2025-04-23T21:29:32.002+0000] {logging_mixin.py:151} INFO - [2025-04-23T21:29:32.002+0000] {dag.py:3722} INFO - Setting next_dagrun for extract_exchange_rates to 2025-04-23T00:00:00+00:00, run_after=2025-04-24T00:00:00+00:00
[2025-04-23T21:29:32.009+0000] {processor.py:179} INFO - Processing /opt/airflow/dags/extract_exchange_rates.py took 0.046 seconds
[2025-04-23T21:30:02.252+0000] {processor.py:157} INFO - Started process (PID=342) to work on /opt/airflow/dags/extract_exchange_rates.py
[2025-04-23T21:30:02.252+0000] {processor.py:829} INFO - Processing file /opt/airflow/dags/extract_exchange_rates.py for tasks to queue
[2025-04-23T21:30:02.253+0000] {logging_mixin.py:151} INFO - [2025-04-23T21:30:02.253+0000] {dagbag.py:536} INFO - Filling up the DagBag from /opt/airflow/dags/extract_exchange_rates.py
[2025-04-23T21:30:02.262+0000] {processor.py:839} INFO - DAG(s) dict_keys(['extract_exchange_rates']) retrieved from /opt/airflow/dags/extract_exchange_rates.py
[2025-04-23T21:30:02.274+0000] {logging_mixin.py:151} INFO - [2025-04-23T21:30:02.274+0000] {dag.py:2941} INFO - Sync 1 DAGs
[2025-04-23T21:30:02.283+0000] {logging_mixin.py:151} INFO - [2025-04-23T21:30:02.283+0000] {dag.py:3722} INFO - Setting next_dagrun for extract_exchange_rates to 2025-04-23T00:00:00+00:00, run_after=2025-04-24T00:00:00+00:00
[2025-04-23T21:30:02.291+0000] {processor.py:179} INFO - Processing /opt/airflow/dags/extract_exchange_rates.py took 0.041 seconds
[2025-04-23T21:30:32.543+0000] {processor.py:157} INFO - Started process (PID=347) to work on /opt/airflow/dags/extract_exchange_rates.py
[2025-04-23T21:30:32.544+0000] {processor.py:829} INFO - Processing file /opt/airflow/dags/extract_exchange_rates.py for tasks to queue
[2025-04-23T21:30:32.545+0000] {logging_mixin.py:151} INFO - [2025-04-23T21:30:32.544+0000] {dagbag.py:536} INFO - Filling up the DagBag from /opt/airflow/dags/extract_exchange_rates.py
[2025-04-23T21:30:32.556+0000] {processor.py:839} INFO - DAG(s) dict_keys(['extract_exchange_rates']) retrieved from /opt/airflow/dags/extract_exchange_rates.py
[2025-04-23T21:30:32.570+0000] {logging_mixin.py:151} INFO - [2025-04-23T21:30:32.570+0000] {dag.py:2941} INFO - Sync 1 DAGs
[2025-04-23T21:30:32.581+0000] {logging_mixin.py:151} INFO - [2025-04-23T21:30:32.580+0000] {dag.py:3722} INFO - Setting next_dagrun for extract_exchange_rates to 2025-04-23T00:00:00+00:00, run_after=2025-04-24T00:00:00+00:00
[2025-04-23T21:30:32.588+0000] {processor.py:179} INFO - Processing /opt/airflow/dags/extract_exchange_rates.py took 0.047 seconds
[2025-04-23T21:31:02.814+0000] {processor.py:157} INFO - Started process (PID=352) to work on /opt/airflow/dags/extract_exchange_rates.py
[2025-04-23T21:31:02.814+0000] {processor.py:829} INFO - Processing file /opt/airflow/dags/extract_exchange_rates.py for tasks to queue
[2025-04-23T21:31:02.815+0000] {logging_mixin.py:151} INFO - [2025-04-23T21:31:02.815+0000] {dagbag.py:536} INFO - Filling up the DagBag from /opt/airflow/dags/extract_exchange_rates.py
[2025-04-23T21:31:02.824+0000] {processor.py:839} INFO - DAG(s) dict_keys(['extract_exchange_rates']) retrieved from /opt/airflow/dags/extract_exchange_rates.py
[2025-04-23T21:31:02.837+0000] {logging_mixin.py:151} INFO - [2025-04-23T21:31:02.837+0000] {dag.py:2941} INFO - Sync 1 DAGs
[2025-04-23T21:31:02.848+0000] {logging_mixin.py:151} INFO - [2025-04-23T21:31:02.848+0000] {dag.py:3722} INFO - Setting next_dagrun for extract_exchange_rates to 2025-04-23T00:00:00+00:00, run_after=2025-04-24T00:00:00+00:00
[2025-04-23T21:31:02.856+0000] {processor.py:179} INFO - Processing /opt/airflow/dags/extract_exchange_rates.py took 0.044 seconds
[2025-04-23T21:31:33.061+0000] {processor.py:157} INFO - Started process (PID=357) to work on /opt/airflow/dags/extract_exchange_rates.py
[2025-04-23T21:31:33.062+0000] {processor.py:829} INFO - Processing file /opt/airflow/dags/extract_exchange_rates.py for tasks to queue
[2025-04-23T21:31:33.063+0000] {logging_mixin.py:151} INFO - [2025-04-23T21:31:33.063+0000] {dagbag.py:536} INFO - Filling up the DagBag from /opt/airflow/dags/extract_exchange_rates.py
[2025-04-23T21:31:33.074+0000] {processor.py:839} INFO - DAG(s) dict_keys(['extract_exchange_rates']) retrieved from /opt/airflow/dags/extract_exchange_rates.py
[2025-04-23T21:31:33.088+0000] {logging_mixin.py:151} INFO - [2025-04-23T21:31:33.088+0000] {dag.py:2941} INFO - Sync 1 DAGs
[2025-04-23T21:31:33.100+0000] {logging_mixin.py:151} INFO - [2025-04-23T21:31:33.100+0000] {dag.py:3722} INFO - Setting next_dagrun for extract_exchange_rates to 2025-04-23T00:00:00+00:00, run_after=2025-04-24T00:00:00+00:00
[2025-04-23T21:31:33.107+0000] {processor.py:179} INFO - Processing /opt/airflow/dags/extract_exchange_rates.py took 0.048 seconds
[2025-04-23T21:32:03.324+0000] {processor.py:157} INFO - Started process (PID=362) to work on /opt/airflow/dags/extract_exchange_rates.py
[2025-04-23T21:32:03.325+0000] {processor.py:829} INFO - Processing file /opt/airflow/dags/extract_exchange_rates.py for tasks to queue
[2025-04-23T21:32:03.325+0000] {logging_mixin.py:151} INFO - [2025-04-23T21:32:03.325+0000] {dagbag.py:536} INFO - Filling up the DagBag from /opt/airflow/dags/extract_exchange_rates.py
[2025-04-23T21:32:03.335+0000] {processor.py:839} INFO - DAG(s) dict_keys(['extract_exchange_rates']) retrieved from /opt/airflow/dags/extract_exchange_rates.py
[2025-04-23T21:32:03.348+0000] {logging_mixin.py:151} INFO - [2025-04-23T21:32:03.348+0000] {dag.py:2941} INFO - Sync 1 DAGs
[2025-04-23T21:32:03.358+0000] {logging_mixin.py:151} INFO - [2025-04-23T21:32:03.358+0000] {dag.py:3722} INFO - Setting next_dagrun for extract_exchange_rates to 2025-04-23T00:00:00+00:00, run_after=2025-04-24T00:00:00+00:00
[2025-04-23T21:32:03.365+0000] {processor.py:179} INFO - Processing /opt/airflow/dags/extract_exchange_rates.py took 0.044 seconds
[2025-04-23T21:32:33.578+0000] {processor.py:157} INFO - Started process (PID=367) to work on /opt/airflow/dags/extract_exchange_rates.py
[2025-04-23T21:32:33.579+0000] {processor.py:829} INFO - Processing file /opt/airflow/dags/extract_exchange_rates.py for tasks to queue
[2025-04-23T21:32:33.580+0000] {logging_mixin.py:151} INFO - [2025-04-23T21:32:33.580+0000] {dagbag.py:536} INFO - Filling up the DagBag from /opt/airflow/dags/extract_exchange_rates.py
[2025-04-23T21:32:33.590+0000] {processor.py:839} INFO - DAG(s) dict_keys(['extract_exchange_rates']) retrieved from /opt/airflow/dags/extract_exchange_rates.py
[2025-04-23T21:32:33.603+0000] {logging_mixin.py:151} INFO - [2025-04-23T21:32:33.603+0000] {dag.py:2941} INFO - Sync 1 DAGs
[2025-04-23T21:32:33.612+0000] {logging_mixin.py:151} INFO - [2025-04-23T21:32:33.612+0000] {dag.py:3722} INFO - Setting next_dagrun for extract_exchange_rates to 2025-04-23T00:00:00+00:00, run_after=2025-04-24T00:00:00+00:00
[2025-04-23T21:32:33.619+0000] {processor.py:179} INFO - Processing /opt/airflow/dags/extract_exchange_rates.py took 0.043 seconds
[2025-04-23T21:33:03.818+0000] {processor.py:157} INFO - Started process (PID=372) to work on /opt/airflow/dags/extract_exchange_rates.py
[2025-04-23T21:33:03.818+0000] {processor.py:829} INFO - Processing file /opt/airflow/dags/extract_exchange_rates.py for tasks to queue
[2025-04-23T21:33:03.819+0000] {logging_mixin.py:151} INFO - [2025-04-23T21:33:03.819+0000] {dagbag.py:536} INFO - Filling up the DagBag from /opt/airflow/dags/extract_exchange_rates.py
[2025-04-23T21:33:03.827+0000] {processor.py:839} INFO - DAG(s) dict_keys(['extract_exchange_rates']) retrieved from /opt/airflow/dags/extract_exchange_rates.py
[2025-04-23T21:33:03.840+0000] {logging_mixin.py:151} INFO - [2025-04-23T21:33:03.840+0000] {dag.py:2941} INFO - Sync 1 DAGs
[2025-04-23T21:33:03.850+0000] {logging_mixin.py:151} INFO - [2025-04-23T21:33:03.850+0000] {dag.py:3722} INFO - Setting next_dagrun for extract_exchange_rates to 2025-04-23T00:00:00+00:00, run_after=2025-04-24T00:00:00+00:00
[2025-04-23T21:33:03.857+0000] {processor.py:179} INFO - Processing /opt/airflow/dags/extract_exchange_rates.py took 0.041 seconds
[2025-04-23T21:33:34.069+0000] {processor.py:157} INFO - Started process (PID=377) to work on /opt/airflow/dags/extract_exchange_rates.py
[2025-04-23T21:33:34.070+0000] {processor.py:829} INFO - Processing file /opt/airflow/dags/extract_exchange_rates.py for tasks to queue
[2025-04-23T21:33:34.070+0000] {logging_mixin.py:151} INFO - [2025-04-23T21:33:34.070+0000] {dagbag.py:536} INFO - Filling up the DagBag from /opt/airflow/dags/extract_exchange_rates.py
[2025-04-23T21:33:34.078+0000] {processor.py:839} INFO - DAG(s) dict_keys(['extract_exchange_rates']) retrieved from /opt/airflow/dags/extract_exchange_rates.py
[2025-04-23T21:33:34.091+0000] {logging_mixin.py:151} INFO - [2025-04-23T21:33:34.090+0000] {dag.py:2941} INFO - Sync 1 DAGs
[2025-04-23T21:33:34.100+0000] {logging_mixin.py:151} INFO - [2025-04-23T21:33:34.100+0000] {dag.py:3722} INFO - Setting next_dagrun for extract_exchange_rates to 2025-04-23T00:00:00+00:00, run_after=2025-04-24T00:00:00+00:00
[2025-04-23T21:33:34.106+0000] {processor.py:179} INFO - Processing /opt/airflow/dags/extract_exchange_rates.py took 0.039 seconds
[2025-04-23T21:34:04.297+0000] {processor.py:157} INFO - Started process (PID=382) to work on /opt/airflow/dags/extract_exchange_rates.py
[2025-04-23T21:34:04.297+0000] {processor.py:829} INFO - Processing file /opt/airflow/dags/extract_exchange_rates.py for tasks to queue
[2025-04-23T21:34:04.298+0000] {logging_mixin.py:151} INFO - [2025-04-23T21:34:04.298+0000] {dagbag.py:536} INFO - Filling up the DagBag from /opt/airflow/dags/extract_exchange_rates.py
[2025-04-23T21:34:04.306+0000] {processor.py:839} INFO - DAG(s) dict_keys(['extract_exchange_rates']) retrieved from /opt/airflow/dags/extract_exchange_rates.py
[2025-04-23T21:34:04.319+0000] {logging_mixin.py:151} INFO - [2025-04-23T21:34:04.319+0000] {dag.py:2941} INFO - Sync 1 DAGs
[2025-04-23T21:34:04.328+0000] {logging_mixin.py:151} INFO - [2025-04-23T21:34:04.328+0000] {dag.py:3722} INFO - Setting next_dagrun for extract_exchange_rates to 2025-04-23T00:00:00+00:00, run_after=2025-04-24T00:00:00+00:00
[2025-04-23T21:34:04.336+0000] {processor.py:179} INFO - Processing /opt/airflow/dags/extract_exchange_rates.py took 0.041 seconds
[2025-04-23T21:34:34.544+0000] {processor.py:157} INFO - Started process (PID=387) to work on /opt/airflow/dags/extract_exchange_rates.py
[2025-04-23T21:34:34.545+0000] {processor.py:829} INFO - Processing file /opt/airflow/dags/extract_exchange_rates.py for tasks to queue
[2025-04-23T21:34:34.546+0000] {logging_mixin.py:151} INFO - [2025-04-23T21:34:34.545+0000] {dagbag.py:536} INFO - Filling up the DagBag from /opt/airflow/dags/extract_exchange_rates.py
[2025-04-23T21:34:34.555+0000] {processor.py:839} INFO - DAG(s) dict_keys(['extract_exchange_rates']) retrieved from /opt/airflow/dags/extract_exchange_rates.py
[2025-04-23T21:34:34.568+0000] {logging_mixin.py:151} INFO - [2025-04-23T21:34:34.568+0000] {dag.py:2941} INFO - Sync 1 DAGs
[2025-04-23T21:34:34.578+0000] {logging_mixin.py:151} INFO - [2025-04-23T21:34:34.578+0000] {dag.py:3722} INFO - Setting next_dagrun for extract_exchange_rates to 2025-04-23T00:00:00+00:00, run_after=2025-04-24T00:00:00+00:00
[2025-04-23T21:34:34.585+0000] {processor.py:179} INFO - Processing /opt/airflow/dags/extract_exchange_rates.py took 0.042 seconds
[2025-04-23T21:35:04.739+0000] {processor.py:157} INFO - Started process (PID=392) to work on /opt/airflow/dags/extract_exchange_rates.py
[2025-04-23T21:35:04.739+0000] {processor.py:829} INFO - Processing file /opt/airflow/dags/extract_exchange_rates.py for tasks to queue
[2025-04-23T21:35:04.740+0000] {logging_mixin.py:151} INFO - [2025-04-23T21:35:04.739+0000] {dagbag.py:536} INFO - Filling up the DagBag from /opt/airflow/dags/extract_exchange_rates.py
[2025-04-23T21:35:04.746+0000] {processor.py:839} INFO - DAG(s) dict_keys(['extract_exchange_rates']) retrieved from /opt/airflow/dags/extract_exchange_rates.py
[2025-04-23T21:35:04.757+0000] {logging_mixin.py:151} INFO - [2025-04-23T21:35:04.757+0000] {dag.py:2941} INFO - Sync 1 DAGs
[2025-04-23T21:35:04.766+0000] {logging_mixin.py:151} INFO - [2025-04-23T21:35:04.766+0000] {dag.py:3722} INFO - Setting next_dagrun for extract_exchange_rates to 2025-04-23T00:00:00+00:00, run_after=2025-04-24T00:00:00+00:00
[2025-04-23T21:35:04.774+0000] {processor.py:179} INFO - Processing /opt/airflow/dags/extract_exchange_rates.py took 0.037 seconds
[2025-04-23T21:35:34.955+0000] {processor.py:157} INFO - Started process (PID=397) to work on /opt/airflow/dags/extract_exchange_rates.py
[2025-04-23T21:35:34.956+0000] {processor.py:829} INFO - Processing file /opt/airflow/dags/extract_exchange_rates.py for tasks to queue
[2025-04-23T21:35:34.956+0000] {logging_mixin.py:151} INFO - [2025-04-23T21:35:34.956+0000] {dagbag.py:536} INFO - Filling up the DagBag from /opt/airflow/dags/extract_exchange_rates.py
[2025-04-23T21:35:34.966+0000] {processor.py:839} INFO - DAG(s) dict_keys(['extract_exchange_rates']) retrieved from /opt/airflow/dags/extract_exchange_rates.py
[2025-04-23T21:35:34.978+0000] {logging_mixin.py:151} INFO - [2025-04-23T21:35:34.978+0000] {dag.py:2941} INFO - Sync 1 DAGs
[2025-04-23T21:35:34.988+0000] {logging_mixin.py:151} INFO - [2025-04-23T21:35:34.988+0000] {dag.py:3722} INFO - Setting next_dagrun for extract_exchange_rates to 2025-04-23T00:00:00+00:00, run_after=2025-04-24T00:00:00+00:00
[2025-04-23T21:35:34.995+0000] {processor.py:179} INFO - Processing /opt/airflow/dags/extract_exchange_rates.py took 0.042 seconds
[2025-04-23T21:36:05.194+0000] {processor.py:157} INFO - Started process (PID=402) to work on /opt/airflow/dags/extract_exchange_rates.py
[2025-04-23T21:36:05.195+0000] {processor.py:829} INFO - Processing file /opt/airflow/dags/extract_exchange_rates.py for tasks to queue
[2025-04-23T21:36:05.196+0000] {logging_mixin.py:151} INFO - [2025-04-23T21:36:05.195+0000] {dagbag.py:536} INFO - Filling up the DagBag from /opt/airflow/dags/extract_exchange_rates.py
[2025-04-23T21:36:05.205+0000] {processor.py:839} INFO - DAG(s) dict_keys(['extract_exchange_rates']) retrieved from /opt/airflow/dags/extract_exchange_rates.py
[2025-04-23T21:36:05.218+0000] {logging_mixin.py:151} INFO - [2025-04-23T21:36:05.218+0000] {dag.py:2941} INFO - Sync 1 DAGs
[2025-04-23T21:36:05.228+0000] {logging_mixin.py:151} INFO - [2025-04-23T21:36:05.228+0000] {dag.py:3722} INFO - Setting next_dagrun for extract_exchange_rates to 2025-04-23T00:00:00+00:00, run_after=2025-04-24T00:00:00+00:00
[2025-04-23T21:36:05.235+0000] {processor.py:179} INFO - Processing /opt/airflow/dags/extract_exchange_rates.py took 0.043 seconds
[2025-04-23T21:36:35.403+0000] {processor.py:157} INFO - Started process (PID=407) to work on /opt/airflow/dags/extract_exchange_rates.py
[2025-04-23T21:36:35.403+0000] {processor.py:829} INFO - Processing file /opt/airflow/dags/extract_exchange_rates.py for tasks to queue
[2025-04-23T21:36:35.404+0000] {logging_mixin.py:151} INFO - [2025-04-23T21:36:35.404+0000] {dagbag.py:536} INFO - Filling up the DagBag from /opt/airflow/dags/extract_exchange_rates.py
[2025-04-23T21:36:35.413+0000] {processor.py:839} INFO - DAG(s) dict_keys(['extract_exchange_rates']) retrieved from /opt/airflow/dags/extract_exchange_rates.py
[2025-04-23T21:36:35.427+0000] {logging_mixin.py:151} INFO - [2025-04-23T21:36:35.426+0000] {dag.py:2941} INFO - Sync 1 DAGs
[2025-04-23T21:36:35.436+0000] {logging_mixin.py:151} INFO - [2025-04-23T21:36:35.436+0000] {dag.py:3722} INFO - Setting next_dagrun for extract_exchange_rates to 2025-04-23T00:00:00+00:00, run_after=2025-04-24T00:00:00+00:00
[2025-04-23T21:36:35.443+0000] {processor.py:179} INFO - Processing /opt/airflow/dags/extract_exchange_rates.py took 0.042 seconds
[2025-04-23T21:37:05.666+0000] {processor.py:157} INFO - Started process (PID=412) to work on /opt/airflow/dags/extract_exchange_rates.py
[2025-04-23T21:37:05.667+0000] {processor.py:829} INFO - Processing file /opt/airflow/dags/extract_exchange_rates.py for tasks to queue
[2025-04-23T21:37:05.667+0000] {logging_mixin.py:151} INFO - [2025-04-23T21:37:05.667+0000] {dagbag.py:536} INFO - Filling up the DagBag from /opt/airflow/dags/extract_exchange_rates.py
[2025-04-23T21:37:05.677+0000] {processor.py:839} INFO - DAG(s) dict_keys(['extract_exchange_rates']) retrieved from /opt/airflow/dags/extract_exchange_rates.py
[2025-04-23T21:37:05.691+0000] {logging_mixin.py:151} INFO - [2025-04-23T21:37:05.691+0000] {dag.py:2941} INFO - Sync 1 DAGs
[2025-04-23T21:37:05.701+0000] {logging_mixin.py:151} INFO - [2025-04-23T21:37:05.701+0000] {dag.py:3722} INFO - Setting next_dagrun for extract_exchange_rates to 2025-04-23T00:00:00+00:00, run_after=2025-04-24T00:00:00+00:00
[2025-04-23T21:37:05.708+0000] {processor.py:179} INFO - Processing /opt/airflow/dags/extract_exchange_rates.py took 0.044 seconds
[2025-04-23T21:37:35.857+0000] {processor.py:157} INFO - Started process (PID=417) to work on /opt/airflow/dags/extract_exchange_rates.py
[2025-04-23T21:37:35.857+0000] {processor.py:829} INFO - Processing file /opt/airflow/dags/extract_exchange_rates.py for tasks to queue
[2025-04-23T21:37:35.858+0000] {logging_mixin.py:151} INFO - [2025-04-23T21:37:35.858+0000] {dagbag.py:536} INFO - Filling up the DagBag from /opt/airflow/dags/extract_exchange_rates.py
[2025-04-23T21:37:35.866+0000] {processor.py:839} INFO - DAG(s) dict_keys(['extract_exchange_rates']) retrieved from /opt/airflow/dags/extract_exchange_rates.py
[2025-04-23T21:37:35.880+0000] {logging_mixin.py:151} INFO - [2025-04-23T21:37:35.880+0000] {dag.py:2941} INFO - Sync 1 DAGs
[2025-04-23T21:37:35.889+0000] {logging_mixin.py:151} INFO - [2025-04-23T21:37:35.889+0000] {dag.py:3722} INFO - Setting next_dagrun for extract_exchange_rates to 2025-04-23T00:00:00+00:00, run_after=2025-04-24T00:00:00+00:00
[2025-04-23T21:37:35.896+0000] {processor.py:179} INFO - Processing /opt/airflow/dags/extract_exchange_rates.py took 0.041 seconds
[2025-04-23T21:38:06.113+0000] {processor.py:157} INFO - Started process (PID=422) to work on /opt/airflow/dags/extract_exchange_rates.py
[2025-04-23T21:38:06.113+0000] {processor.py:829} INFO - Processing file /opt/airflow/dags/extract_exchange_rates.py for tasks to queue
[2025-04-23T21:38:06.114+0000] {logging_mixin.py:151} INFO - [2025-04-23T21:38:06.114+0000] {dagbag.py:536} INFO - Filling up the DagBag from /opt/airflow/dags/extract_exchange_rates.py
[2025-04-23T21:38:06.122+0000] {processor.py:839} INFO - DAG(s) dict_keys(['extract_exchange_rates']) retrieved from /opt/airflow/dags/extract_exchange_rates.py
[2025-04-23T21:38:06.135+0000] {logging_mixin.py:151} INFO - [2025-04-23T21:38:06.135+0000] {dag.py:2941} INFO - Sync 1 DAGs
[2025-04-23T21:38:06.146+0000] {logging_mixin.py:151} INFO - [2025-04-23T21:38:06.146+0000] {dag.py:3722} INFO - Setting next_dagrun for extract_exchange_rates to 2025-04-23T00:00:00+00:00, run_after=2025-04-24T00:00:00+00:00
[2025-04-23T21:38:06.153+0000] {processor.py:179} INFO - Processing /opt/airflow/dags/extract_exchange_rates.py took 0.042 seconds
[2025-04-23T21:38:36.321+0000] {processor.py:157} INFO - Started process (PID=427) to work on /opt/airflow/dags/extract_exchange_rates.py
[2025-04-23T21:38:36.322+0000] {processor.py:829} INFO - Processing file /opt/airflow/dags/extract_exchange_rates.py for tasks to queue
[2025-04-23T21:38:36.323+0000] {logging_mixin.py:151} INFO - [2025-04-23T21:38:36.323+0000] {dagbag.py:536} INFO - Filling up the DagBag from /opt/airflow/dags/extract_exchange_rates.py
[2025-04-23T21:38:36.333+0000] {processor.py:839} INFO - DAG(s) dict_keys(['extract_exchange_rates']) retrieved from /opt/airflow/dags/extract_exchange_rates.py
[2025-04-23T21:38:36.346+0000] {logging_mixin.py:151} INFO - [2025-04-23T21:38:36.346+0000] {dag.py:2941} INFO - Sync 1 DAGs
[2025-04-23T21:38:36.355+0000] {logging_mixin.py:151} INFO - [2025-04-23T21:38:36.355+0000] {dag.py:3722} INFO - Setting next_dagrun for extract_exchange_rates to 2025-04-23T00:00:00+00:00, run_after=2025-04-24T00:00:00+00:00
[2025-04-23T21:38:36.361+0000] {processor.py:179} INFO - Processing /opt/airflow/dags/extract_exchange_rates.py took 0.042 seconds
[2025-04-23T21:39:06.614+0000] {processor.py:157} INFO - Started process (PID=432) to work on /opt/airflow/dags/extract_exchange_rates.py
[2025-04-23T21:39:06.615+0000] {processor.py:829} INFO - Processing file /opt/airflow/dags/extract_exchange_rates.py for tasks to queue
[2025-04-23T21:39:06.615+0000] {logging_mixin.py:151} INFO - [2025-04-23T21:39:06.615+0000] {dagbag.py:536} INFO - Filling up the DagBag from /opt/airflow/dags/extract_exchange_rates.py
[2025-04-23T21:39:06.622+0000] {processor.py:839} INFO - DAG(s) dict_keys(['extract_exchange_rates']) retrieved from /opt/airflow/dags/extract_exchange_rates.py
[2025-04-23T21:39:06.634+0000] {logging_mixin.py:151} INFO - [2025-04-23T21:39:06.634+0000] {dag.py:2941} INFO - Sync 1 DAGs
[2025-04-23T21:39:06.644+0000] {logging_mixin.py:151} INFO - [2025-04-23T21:39:06.644+0000] {dag.py:3722} INFO - Setting next_dagrun for extract_exchange_rates to 2025-04-23T00:00:00+00:00, run_after=2025-04-24T00:00:00+00:00
[2025-04-23T21:39:06.652+0000] {processor.py:179} INFO - Processing /opt/airflow/dags/extract_exchange_rates.py took 0.039 seconds
[2025-04-23T21:39:36.905+0000] {processor.py:157} INFO - Started process (PID=437) to work on /opt/airflow/dags/extract_exchange_rates.py
[2025-04-23T21:39:36.905+0000] {processor.py:829} INFO - Processing file /opt/airflow/dags/extract_exchange_rates.py for tasks to queue
[2025-04-23T21:39:36.906+0000] {logging_mixin.py:151} INFO - [2025-04-23T21:39:36.906+0000] {dagbag.py:536} INFO - Filling up the DagBag from /opt/airflow/dags/extract_exchange_rates.py
[2025-04-23T21:39:36.918+0000] {processor.py:839} INFO - DAG(s) dict_keys(['extract_exchange_rates']) retrieved from /opt/airflow/dags/extract_exchange_rates.py
[2025-04-23T21:39:36.932+0000] {logging_mixin.py:151} INFO - [2025-04-23T21:39:36.932+0000] {dag.py:2941} INFO - Sync 1 DAGs
[2025-04-23T21:39:36.942+0000] {logging_mixin.py:151} INFO - [2025-04-23T21:39:36.942+0000] {dag.py:3722} INFO - Setting next_dagrun for extract_exchange_rates to 2025-04-23T00:00:00+00:00, run_after=2025-04-24T00:00:00+00:00
[2025-04-23T21:39:36.949+0000] {processor.py:179} INFO - Processing /opt/airflow/dags/extract_exchange_rates.py took 0.047 seconds
[2025-04-23T21:40:07.184+0000] {processor.py:157} INFO - Started process (PID=442) to work on /opt/airflow/dags/extract_exchange_rates.py
[2025-04-23T21:40:07.185+0000] {processor.py:829} INFO - Processing file /opt/airflow/dags/extract_exchange_rates.py for tasks to queue
[2025-04-23T21:40:07.186+0000] {logging_mixin.py:151} INFO - [2025-04-23T21:40:07.186+0000] {dagbag.py:536} INFO - Filling up the DagBag from /opt/airflow/dags/extract_exchange_rates.py
[2025-04-23T21:40:07.198+0000] {processor.py:839} INFO - DAG(s) dict_keys(['extract_exchange_rates']) retrieved from /opt/airflow/dags/extract_exchange_rates.py
[2025-04-23T21:40:07.212+0000] {logging_mixin.py:151} INFO - [2025-04-23T21:40:07.211+0000] {dag.py:2941} INFO - Sync 1 DAGs
[2025-04-23T21:40:07.222+0000] {logging_mixin.py:151} INFO - [2025-04-23T21:40:07.222+0000] {dag.py:3722} INFO - Setting next_dagrun for extract_exchange_rates to 2025-04-23T00:00:00+00:00, run_after=2025-04-24T00:00:00+00:00
[2025-04-23T21:40:07.228+0000] {processor.py:179} INFO - Processing /opt/airflow/dags/extract_exchange_rates.py took 0.046 seconds
[2025-04-23T21:40:37.472+0000] {processor.py:157} INFO - Started process (PID=447) to work on /opt/airflow/dags/extract_exchange_rates.py
[2025-04-23T21:40:37.472+0000] {processor.py:829} INFO - Processing file /opt/airflow/dags/extract_exchange_rates.py for tasks to queue
[2025-04-23T21:40:37.473+0000] {logging_mixin.py:151} INFO - [2025-04-23T21:40:37.473+0000] {dagbag.py:536} INFO - Filling up the DagBag from /opt/airflow/dags/extract_exchange_rates.py
[2025-04-23T21:40:37.485+0000] {processor.py:839} INFO - DAG(s) dict_keys(['extract_exchange_rates']) retrieved from /opt/airflow/dags/extract_exchange_rates.py
[2025-04-23T21:40:37.501+0000] {logging_mixin.py:151} INFO - [2025-04-23T21:40:37.500+0000] {dag.py:2941} INFO - Sync 1 DAGs
[2025-04-23T21:40:37.510+0000] {logging_mixin.py:151} INFO - [2025-04-23T21:40:37.510+0000] {dag.py:3722} INFO - Setting next_dagrun for extract_exchange_rates to 2025-04-23T00:00:00+00:00, run_after=2025-04-24T00:00:00+00:00
[2025-04-23T21:40:37.517+0000] {processor.py:179} INFO - Processing /opt/airflow/dags/extract_exchange_rates.py took 0.049 seconds
[2025-04-23T21:41:07.806+0000] {processor.py:157} INFO - Started process (PID=452) to work on /opt/airflow/dags/extract_exchange_rates.py
[2025-04-23T21:41:07.807+0000] {processor.py:829} INFO - Processing file /opt/airflow/dags/extract_exchange_rates.py for tasks to queue
[2025-04-23T21:41:07.808+0000] {logging_mixin.py:151} INFO - [2025-04-23T21:41:07.808+0000] {dagbag.py:536} INFO - Filling up the DagBag from /opt/airflow/dags/extract_exchange_rates.py
[2025-04-23T21:41:07.819+0000] {processor.py:839} INFO - DAG(s) dict_keys(['extract_exchange_rates']) retrieved from /opt/airflow/dags/extract_exchange_rates.py
[2025-04-23T21:41:07.833+0000] {logging_mixin.py:151} INFO - [2025-04-23T21:41:07.833+0000] {dag.py:2941} INFO - Sync 1 DAGs
[2025-04-23T21:41:07.843+0000] {logging_mixin.py:151} INFO - [2025-04-23T21:41:07.843+0000] {dag.py:3722} INFO - Setting next_dagrun for extract_exchange_rates to 2025-04-23T00:00:00+00:00, run_after=2025-04-24T00:00:00+00:00
[2025-04-23T21:41:07.849+0000] {processor.py:179} INFO - Processing /opt/airflow/dags/extract_exchange_rates.py took 0.045 seconds
[2025-04-23T21:41:38.175+0000] {processor.py:157} INFO - Started process (PID=457) to work on /opt/airflow/dags/extract_exchange_rates.py
[2025-04-23T21:41:38.176+0000] {processor.py:829} INFO - Processing file /opt/airflow/dags/extract_exchange_rates.py for tasks to queue
[2025-04-23T21:41:38.177+0000] {logging_mixin.py:151} INFO - [2025-04-23T21:41:38.177+0000] {dagbag.py:536} INFO - Filling up the DagBag from /opt/airflow/dags/extract_exchange_rates.py
[2025-04-23T21:41:38.188+0000] {processor.py:839} INFO - DAG(s) dict_keys(['extract_exchange_rates']) retrieved from /opt/airflow/dags/extract_exchange_rates.py
[2025-04-23T21:41:38.201+0000] {logging_mixin.py:151} INFO - [2025-04-23T21:41:38.201+0000] {dag.py:2941} INFO - Sync 1 DAGs
[2025-04-23T21:41:38.212+0000] {logging_mixin.py:151} INFO - [2025-04-23T21:41:38.212+0000] {dag.py:3722} INFO - Setting next_dagrun for extract_exchange_rates to 2025-04-23T00:00:00+00:00, run_after=2025-04-24T00:00:00+00:00
[2025-04-23T21:41:38.219+0000] {processor.py:179} INFO - Processing /opt/airflow/dags/extract_exchange_rates.py took 0.047 seconds
[2025-04-23T21:42:08.445+0000] {processor.py:157} INFO - Started process (PID=462) to work on /opt/airflow/dags/extract_exchange_rates.py
[2025-04-23T21:42:08.446+0000] {processor.py:829} INFO - Processing file /opt/airflow/dags/extract_exchange_rates.py for tasks to queue
[2025-04-23T21:42:08.447+0000] {logging_mixin.py:151} INFO - [2025-04-23T21:42:08.446+0000] {dagbag.py:536} INFO - Filling up the DagBag from /opt/airflow/dags/extract_exchange_rates.py
[2025-04-23T21:42:08.457+0000] {processor.py:839} INFO - DAG(s) dict_keys(['extract_exchange_rates']) retrieved from /opt/airflow/dags/extract_exchange_rates.py
[2025-04-23T21:42:08.471+0000] {logging_mixin.py:151} INFO - [2025-04-23T21:42:08.471+0000] {dag.py:2941} INFO - Sync 1 DAGs
[2025-04-23T21:42:08.480+0000] {logging_mixin.py:151} INFO - [2025-04-23T21:42:08.480+0000] {dag.py:3722} INFO - Setting next_dagrun for extract_exchange_rates to 2025-04-23T00:00:00+00:00, run_after=2025-04-24T00:00:00+00:00
[2025-04-23T21:42:08.487+0000] {processor.py:179} INFO - Processing /opt/airflow/dags/extract_exchange_rates.py took 0.044 seconds
[2025-04-23T21:42:38.732+0000] {processor.py:157} INFO - Started process (PID=467) to work on /opt/airflow/dags/extract_exchange_rates.py
[2025-04-23T21:42:38.733+0000] {processor.py:829} INFO - Processing file /opt/airflow/dags/extract_exchange_rates.py for tasks to queue
[2025-04-23T21:42:38.734+0000] {logging_mixin.py:151} INFO - [2025-04-23T21:42:38.734+0000] {dagbag.py:536} INFO - Filling up the DagBag from /opt/airflow/dags/extract_exchange_rates.py
[2025-04-23T21:42:38.745+0000] {processor.py:839} INFO - DAG(s) dict_keys(['extract_exchange_rates']) retrieved from /opt/airflow/dags/extract_exchange_rates.py
[2025-04-23T21:42:38.758+0000] {logging_mixin.py:151} INFO - [2025-04-23T21:42:38.757+0000] {dag.py:2941} INFO - Sync 1 DAGs
[2025-04-23T21:42:38.767+0000] {logging_mixin.py:151} INFO - [2025-04-23T21:42:38.767+0000] {dag.py:3722} INFO - Setting next_dagrun for extract_exchange_rates to 2025-04-23T00:00:00+00:00, run_after=2025-04-24T00:00:00+00:00
[2025-04-23T21:42:38.774+0000] {processor.py:179} INFO - Processing /opt/airflow/dags/extract_exchange_rates.py took 0.045 seconds
[2025-04-23T21:43:09.007+0000] {processor.py:157} INFO - Started process (PID=472) to work on /opt/airflow/dags/extract_exchange_rates.py
[2025-04-23T21:43:09.007+0000] {processor.py:829} INFO - Processing file /opt/airflow/dags/extract_exchange_rates.py for tasks to queue
[2025-04-23T21:43:09.007+0000] {logging_mixin.py:151} INFO - [2025-04-23T21:43:09.007+0000] {dagbag.py:536} INFO - Filling up the DagBag from /opt/airflow/dags/extract_exchange_rates.py
[2025-04-23T21:43:09.014+0000] {processor.py:839} INFO - DAG(s) dict_keys(['extract_exchange_rates']) retrieved from /opt/airflow/dags/extract_exchange_rates.py
[2025-04-23T21:43:09.024+0000] {logging_mixin.py:151} INFO - [2025-04-23T21:43:09.024+0000] {dag.py:2941} INFO - Sync 1 DAGs
[2025-04-23T21:43:09.034+0000] {logging_mixin.py:151} INFO - [2025-04-23T21:43:09.034+0000] {dag.py:3722} INFO - Setting next_dagrun for extract_exchange_rates to 2025-04-23T00:00:00+00:00, run_after=2025-04-24T00:00:00+00:00
[2025-04-23T21:43:09.041+0000] {processor.py:179} INFO - Processing /opt/airflow/dags/extract_exchange_rates.py took 0.036 seconds
[2025-04-23T21:43:39.307+0000] {processor.py:157} INFO - Started process (PID=477) to work on /opt/airflow/dags/extract_exchange_rates.py
[2025-04-23T21:43:39.308+0000] {processor.py:829} INFO - Processing file /opt/airflow/dags/extract_exchange_rates.py for tasks to queue
[2025-04-23T21:43:39.309+0000] {logging_mixin.py:151} INFO - [2025-04-23T21:43:39.309+0000] {dagbag.py:536} INFO - Filling up the DagBag from /opt/airflow/dags/extract_exchange_rates.py
[2025-04-23T21:43:39.320+0000] {processor.py:839} INFO - DAG(s) dict_keys(['extract_exchange_rates']) retrieved from /opt/airflow/dags/extract_exchange_rates.py
[2025-04-23T21:43:39.332+0000] {logging_mixin.py:151} INFO - [2025-04-23T21:43:39.332+0000] {dag.py:2941} INFO - Sync 1 DAGs
[2025-04-23T21:43:39.342+0000] {logging_mixin.py:151} INFO - [2025-04-23T21:43:39.342+0000] {dag.py:3722} INFO - Setting next_dagrun for extract_exchange_rates to 2025-04-23T00:00:00+00:00, run_after=2025-04-24T00:00:00+00:00
[2025-04-23T21:43:39.349+0000] {processor.py:179} INFO - Processing /opt/airflow/dags/extract_exchange_rates.py took 0.045 seconds
[2025-04-23T21:44:09.569+0000] {processor.py:157} INFO - Started process (PID=482) to work on /opt/airflow/dags/extract_exchange_rates.py
[2025-04-23T21:44:09.570+0000] {processor.py:829} INFO - Processing file /opt/airflow/dags/extract_exchange_rates.py for tasks to queue
[2025-04-23T21:44:09.571+0000] {logging_mixin.py:151} INFO - [2025-04-23T21:44:09.570+0000] {dagbag.py:536} INFO - Filling up the DagBag from /opt/airflow/dags/extract_exchange_rates.py
[2025-04-23T21:44:09.581+0000] {processor.py:839} INFO - DAG(s) dict_keys(['extract_exchange_rates']) retrieved from /opt/airflow/dags/extract_exchange_rates.py
[2025-04-23T21:44:09.596+0000] {logging_mixin.py:151} INFO - [2025-04-23T21:44:09.596+0000] {dag.py:2941} INFO - Sync 1 DAGs
[2025-04-23T21:44:09.606+0000] {logging_mixin.py:151} INFO - [2025-04-23T21:44:09.606+0000] {dag.py:3722} INFO - Setting next_dagrun for extract_exchange_rates to 2025-04-23T00:00:00+00:00, run_after=2025-04-24T00:00:00+00:00
[2025-04-23T21:44:09.613+0000] {processor.py:179} INFO - Processing /opt/airflow/dags/extract_exchange_rates.py took 0.047 seconds
[2025-04-23T21:44:39.862+0000] {processor.py:157} INFO - Started process (PID=487) to work on /opt/airflow/dags/extract_exchange_rates.py
[2025-04-23T21:44:39.862+0000] {processor.py:829} INFO - Processing file /opt/airflow/dags/extract_exchange_rates.py for tasks to queue
[2025-04-23T21:44:39.863+0000] {logging_mixin.py:151} INFO - [2025-04-23T21:44:39.863+0000] {dagbag.py:536} INFO - Filling up the DagBag from /opt/airflow/dags/extract_exchange_rates.py
[2025-04-23T21:44:39.875+0000] {processor.py:839} INFO - DAG(s) dict_keys(['extract_exchange_rates']) retrieved from /opt/airflow/dags/extract_exchange_rates.py
[2025-04-23T21:44:39.887+0000] {logging_mixin.py:151} INFO - [2025-04-23T21:44:39.887+0000] {dag.py:2941} INFO - Sync 1 DAGs
[2025-04-23T21:44:39.897+0000] {logging_mixin.py:151} INFO - [2025-04-23T21:44:39.897+0000] {dag.py:3722} INFO - Setting next_dagrun for extract_exchange_rates to 2025-04-23T00:00:00+00:00, run_after=2025-04-24T00:00:00+00:00
[2025-04-23T21:44:39.905+0000] {processor.py:179} INFO - Processing /opt/airflow/dags/extract_exchange_rates.py took 0.046 seconds
[2025-04-23T21:45:10.145+0000] {processor.py:157} INFO - Started process (PID=492) to work on /opt/airflow/dags/extract_exchange_rates.py
[2025-04-23T21:45:10.146+0000] {processor.py:829} INFO - Processing file /opt/airflow/dags/extract_exchange_rates.py for tasks to queue
[2025-04-23T21:45:10.147+0000] {logging_mixin.py:151} INFO - [2025-04-23T21:45:10.146+0000] {dagbag.py:536} INFO - Filling up the DagBag from /opt/airflow/dags/extract_exchange_rates.py
[2025-04-23T21:45:10.157+0000] {processor.py:839} INFO - DAG(s) dict_keys(['extract_exchange_rates']) retrieved from /opt/airflow/dags/extract_exchange_rates.py
[2025-04-23T21:45:10.172+0000] {logging_mixin.py:151} INFO - [2025-04-23T21:45:10.172+0000] {dag.py:2941} INFO - Sync 1 DAGs
[2025-04-23T21:45:10.182+0000] {logging_mixin.py:151} INFO - [2025-04-23T21:45:10.182+0000] {dag.py:3722} INFO - Setting next_dagrun for extract_exchange_rates to 2025-04-23T00:00:00+00:00, run_after=2025-04-24T00:00:00+00:00
[2025-04-23T21:45:10.189+0000] {processor.py:179} INFO - Processing /opt/airflow/dags/extract_exchange_rates.py took 0.047 seconds
[2025-04-23T21:45:40.412+0000] {processor.py:157} INFO - Started process (PID=497) to work on /opt/airflow/dags/extract_exchange_rates.py
[2025-04-23T21:45:40.413+0000] {processor.py:829} INFO - Processing file /opt/airflow/dags/extract_exchange_rates.py for tasks to queue
[2025-04-23T21:45:40.414+0000] {logging_mixin.py:151} INFO - [2025-04-23T21:45:40.413+0000] {dagbag.py:536} INFO - Filling up the DagBag from /opt/airflow/dags/extract_exchange_rates.py
[2025-04-23T21:45:40.422+0000] {processor.py:839} INFO - DAG(s) dict_keys(['extract_exchange_rates']) retrieved from /opt/airflow/dags/extract_exchange_rates.py
[2025-04-23T21:45:40.435+0000] {logging_mixin.py:151} INFO - [2025-04-23T21:45:40.435+0000] {dag.py:2941} INFO - Sync 1 DAGs
[2025-04-23T21:45:40.445+0000] {logging_mixin.py:151} INFO - [2025-04-23T21:45:40.445+0000] {dag.py:3722} INFO - Setting next_dagrun for extract_exchange_rates to 2025-04-23T00:00:00+00:00, run_after=2025-04-24T00:00:00+00:00
[2025-04-23T21:45:40.453+0000] {processor.py:179} INFO - Processing /opt/airflow/dags/extract_exchange_rates.py took 0.043 seconds
[2025-04-23T21:46:10.711+0000] {processor.py:157} INFO - Started process (PID=502) to work on /opt/airflow/dags/extract_exchange_rates.py
[2025-04-23T21:46:10.712+0000] {processor.py:829} INFO - Processing file /opt/airflow/dags/extract_exchange_rates.py for tasks to queue
[2025-04-23T21:46:10.713+0000] {logging_mixin.py:151} INFO - [2025-04-23T21:46:10.713+0000] {dagbag.py:536} INFO - Filling up the DagBag from /opt/airflow/dags/extract_exchange_rates.py
[2025-04-23T21:46:10.724+0000] {processor.py:839} INFO - DAG(s) dict_keys(['extract_exchange_rates']) retrieved from /opt/airflow/dags/extract_exchange_rates.py
[2025-04-23T21:46:10.739+0000] {logging_mixin.py:151} INFO - [2025-04-23T21:46:10.739+0000] {dag.py:2941} INFO - Sync 1 DAGs
[2025-04-23T21:46:10.749+0000] {logging_mixin.py:151} INFO - [2025-04-23T21:46:10.749+0000] {dag.py:3722} INFO - Setting next_dagrun for extract_exchange_rates to 2025-04-23T00:00:00+00:00, run_after=2025-04-24T00:00:00+00:00
[2025-04-23T21:46:10.756+0000] {processor.py:179} INFO - Processing /opt/airflow/dags/extract_exchange_rates.py took 0.048 seconds
[2025-04-23T21:46:40.979+0000] {processor.py:157} INFO - Started process (PID=507) to work on /opt/airflow/dags/extract_exchange_rates.py
[2025-04-23T21:46:40.979+0000] {processor.py:829} INFO - Processing file /opt/airflow/dags/extract_exchange_rates.py for tasks to queue
[2025-04-23T21:46:40.980+0000] {logging_mixin.py:151} INFO - [2025-04-23T21:46:40.980+0000] {dagbag.py:536} INFO - Filling up the DagBag from /opt/airflow/dags/extract_exchange_rates.py
[2025-04-23T21:46:40.990+0000] {processor.py:839} INFO - DAG(s) dict_keys(['extract_exchange_rates']) retrieved from /opt/airflow/dags/extract_exchange_rates.py
[2025-04-23T21:46:41.003+0000] {logging_mixin.py:151} INFO - [2025-04-23T21:46:41.003+0000] {dag.py:2941} INFO - Sync 1 DAGs
[2025-04-23T21:46:41.013+0000] {logging_mixin.py:151} INFO - [2025-04-23T21:46:41.013+0000] {dag.py:3722} INFO - Setting next_dagrun for extract_exchange_rates to 2025-04-23T00:00:00+00:00, run_after=2025-04-24T00:00:00+00:00
[2025-04-23T21:46:41.020+0000] {processor.py:179} INFO - Processing /opt/airflow/dags/extract_exchange_rates.py took 0.043 seconds
[2025-04-23T21:47:11.281+0000] {processor.py:157} INFO - Started process (PID=512) to work on /opt/airflow/dags/extract_exchange_rates.py
[2025-04-23T21:47:11.282+0000] {processor.py:829} INFO - Processing file /opt/airflow/dags/extract_exchange_rates.py for tasks to queue
[2025-04-23T21:47:11.283+0000] {logging_mixin.py:151} INFO - [2025-04-23T21:47:11.282+0000] {dagbag.py:536} INFO - Filling up the DagBag from /opt/airflow/dags/extract_exchange_rates.py
[2025-04-23T21:47:11.294+0000] {processor.py:839} INFO - DAG(s) dict_keys(['extract_exchange_rates']) retrieved from /opt/airflow/dags/extract_exchange_rates.py
[2025-04-23T21:47:11.309+0000] {logging_mixin.py:151} INFO - [2025-04-23T21:47:11.309+0000] {dag.py:2941} INFO - Sync 1 DAGs
[2025-04-23T21:47:11.319+0000] {logging_mixin.py:151} INFO - [2025-04-23T21:47:11.319+0000] {dag.py:3722} INFO - Setting next_dagrun for extract_exchange_rates to 2025-04-23T00:00:00+00:00, run_after=2025-04-24T00:00:00+00:00
[2025-04-23T21:47:11.326+0000] {processor.py:179} INFO - Processing /opt/airflow/dags/extract_exchange_rates.py took 0.047 seconds
[2025-04-23T21:47:41.561+0000] {processor.py:157} INFO - Started process (PID=517) to work on /opt/airflow/dags/extract_exchange_rates.py
[2025-04-23T21:47:41.562+0000] {processor.py:829} INFO - Processing file /opt/airflow/dags/extract_exchange_rates.py for tasks to queue
[2025-04-23T21:47:41.562+0000] {logging_mixin.py:151} INFO - [2025-04-23T21:47:41.562+0000] {dagbag.py:536} INFO - Filling up the DagBag from /opt/airflow/dags/extract_exchange_rates.py
[2025-04-23T21:47:41.571+0000] {processor.py:839} INFO - DAG(s) dict_keys(['extract_exchange_rates']) retrieved from /opt/airflow/dags/extract_exchange_rates.py
[2025-04-23T21:47:41.584+0000] {logging_mixin.py:151} INFO - [2025-04-23T21:47:41.584+0000] {dag.py:2941} INFO - Sync 1 DAGs
[2025-04-23T21:47:41.593+0000] {logging_mixin.py:151} INFO - [2025-04-23T21:47:41.593+0000] {dag.py:3722} INFO - Setting next_dagrun for extract_exchange_rates to 2025-04-23T00:00:00+00:00, run_after=2025-04-24T00:00:00+00:00
[2025-04-23T21:47:41.600+0000] {processor.py:179} INFO - Processing /opt/airflow/dags/extract_exchange_rates.py took 0.041 seconds
[2025-04-23T21:48:11.879+0000] {processor.py:157} INFO - Started process (PID=522) to work on /opt/airflow/dags/extract_exchange_rates.py
[2025-04-23T21:48:11.880+0000] {processor.py:829} INFO - Processing file /opt/airflow/dags/extract_exchange_rates.py for tasks to queue
[2025-04-23T21:48:11.880+0000] {logging_mixin.py:151} INFO - [2025-04-23T21:48:11.880+0000] {dagbag.py:536} INFO - Filling up the DagBag from /opt/airflow/dags/extract_exchange_rates.py
[2025-04-23T21:48:11.888+0000] {processor.py:839} INFO - DAG(s) dict_keys(['extract_exchange_rates']) retrieved from /opt/airflow/dags/extract_exchange_rates.py
[2025-04-23T21:48:11.900+0000] {logging_mixin.py:151} INFO - [2025-04-23T21:48:11.900+0000] {dag.py:2941} INFO - Sync 1 DAGs
[2025-04-23T21:48:11.910+0000] {logging_mixin.py:151} INFO - [2025-04-23T21:48:11.910+0000] {dag.py:3722} INFO - Setting next_dagrun for extract_exchange_rates to 2025-04-23T00:00:00+00:00, run_after=2025-04-24T00:00:00+00:00
[2025-04-23T21:48:11.917+0000] {processor.py:179} INFO - Processing /opt/airflow/dags/extract_exchange_rates.py took 0.040 seconds
[2025-04-23T21:48:42.207+0000] {processor.py:157} INFO - Started process (PID=527) to work on /opt/airflow/dags/extract_exchange_rates.py
[2025-04-23T21:48:42.208+0000] {processor.py:829} INFO - Processing file /opt/airflow/dags/extract_exchange_rates.py for tasks to queue
[2025-04-23T21:48:42.209+0000] {logging_mixin.py:151} INFO - [2025-04-23T21:48:42.208+0000] {dagbag.py:536} INFO - Filling up the DagBag from /opt/airflow/dags/extract_exchange_rates.py
[2025-04-23T21:48:42.219+0000] {processor.py:839} INFO - DAG(s) dict_keys(['extract_exchange_rates']) retrieved from /opt/airflow/dags/extract_exchange_rates.py
[2025-04-23T21:48:42.233+0000] {logging_mixin.py:151} INFO - [2025-04-23T21:48:42.233+0000] {dag.py:2941} INFO - Sync 1 DAGs
[2025-04-23T21:48:42.243+0000] {logging_mixin.py:151} INFO - [2025-04-23T21:48:42.243+0000] {dag.py:3722} INFO - Setting next_dagrun for extract_exchange_rates to 2025-04-23T00:00:00+00:00, run_after=2025-04-24T00:00:00+00:00
[2025-04-23T21:48:42.250+0000] {processor.py:179} INFO - Processing /opt/airflow/dags/extract_exchange_rates.py took 0.046 seconds
[2025-04-23T21:49:12.491+0000] {processor.py:157} INFO - Started process (PID=532) to work on /opt/airflow/dags/extract_exchange_rates.py
[2025-04-23T21:49:12.492+0000] {processor.py:829} INFO - Processing file /opt/airflow/dags/extract_exchange_rates.py for tasks to queue
[2025-04-23T21:49:12.493+0000] {logging_mixin.py:151} INFO - [2025-04-23T21:49:12.493+0000] {dagbag.py:536} INFO - Filling up the DagBag from /opt/airflow/dags/extract_exchange_rates.py
[2025-04-23T21:49:12.505+0000] {processor.py:839} INFO - DAG(s) dict_keys(['extract_exchange_rates']) retrieved from /opt/airflow/dags/extract_exchange_rates.py
[2025-04-23T21:49:12.518+0000] {logging_mixin.py:151} INFO - [2025-04-23T21:49:12.518+0000] {dag.py:2941} INFO - Sync 1 DAGs
[2025-04-23T21:49:12.528+0000] {logging_mixin.py:151} INFO - [2025-04-23T21:49:12.528+0000] {dag.py:3722} INFO - Setting next_dagrun for extract_exchange_rates to 2025-04-23T00:00:00+00:00, run_after=2025-04-24T00:00:00+00:00
[2025-04-23T21:49:12.535+0000] {processor.py:179} INFO - Processing /opt/airflow/dags/extract_exchange_rates.py took 0.046 seconds
[2025-04-23T21:49:42.743+0000] {processor.py:157} INFO - Started process (PID=537) to work on /opt/airflow/dags/extract_exchange_rates.py
[2025-04-23T21:49:42.744+0000] {processor.py:829} INFO - Processing file /opt/airflow/dags/extract_exchange_rates.py for tasks to queue
[2025-04-23T21:49:42.745+0000] {logging_mixin.py:151} INFO - [2025-04-23T21:49:42.745+0000] {dagbag.py:536} INFO - Filling up the DagBag from /opt/airflow/dags/extract_exchange_rates.py
[2025-04-23T21:49:42.757+0000] {processor.py:839} INFO - DAG(s) dict_keys(['extract_exchange_rates']) retrieved from /opt/airflow/dags/extract_exchange_rates.py
[2025-04-23T21:49:42.770+0000] {logging_mixin.py:151} INFO - [2025-04-23T21:49:42.770+0000] {dag.py:2941} INFO - Sync 1 DAGs
[2025-04-23T21:49:42.780+0000] {logging_mixin.py:151} INFO - [2025-04-23T21:49:42.779+0000] {dag.py:3722} INFO - Setting next_dagrun for extract_exchange_rates to 2025-04-23T00:00:00+00:00, run_after=2025-04-24T00:00:00+00:00
[2025-04-23T21:49:42.786+0000] {processor.py:179} INFO - Processing /opt/airflow/dags/extract_exchange_rates.py took 0.045 seconds
[2025-04-23T21:50:13.034+0000] {processor.py:157} INFO - Started process (PID=542) to work on /opt/airflow/dags/extract_exchange_rates.py
[2025-04-23T21:50:13.035+0000] {processor.py:829} INFO - Processing file /opt/airflow/dags/extract_exchange_rates.py for tasks to queue
[2025-04-23T21:50:13.036+0000] {logging_mixin.py:151} INFO - [2025-04-23T21:50:13.036+0000] {dagbag.py:536} INFO - Filling up the DagBag from /opt/airflow/dags/extract_exchange_rates.py
[2025-04-23T21:50:13.049+0000] {processor.py:839} INFO - DAG(s) dict_keys(['extract_exchange_rates']) retrieved from /opt/airflow/dags/extract_exchange_rates.py
[2025-04-23T21:50:13.064+0000] {logging_mixin.py:151} INFO - [2025-04-23T21:50:13.064+0000] {dag.py:2941} INFO - Sync 1 DAGs
[2025-04-23T21:50:13.075+0000] {logging_mixin.py:151} INFO - [2025-04-23T21:50:13.075+0000] {dag.py:3722} INFO - Setting next_dagrun for extract_exchange_rates to 2025-04-23T00:00:00+00:00, run_after=2025-04-24T00:00:00+00:00
[2025-04-23T21:50:13.082+0000] {processor.py:179} INFO - Processing /opt/airflow/dags/extract_exchange_rates.py took 0.051 seconds
[2025-04-23T21:50:43.285+0000] {processor.py:157} INFO - Started process (PID=547) to work on /opt/airflow/dags/extract_exchange_rates.py
[2025-04-23T21:50:43.286+0000] {processor.py:829} INFO - Processing file /opt/airflow/dags/extract_exchange_rates.py for tasks to queue
[2025-04-23T21:50:43.286+0000] {logging_mixin.py:151} INFO - [2025-04-23T21:50:43.286+0000] {dagbag.py:536} INFO - Filling up the DagBag from /opt/airflow/dags/extract_exchange_rates.py
[2025-04-23T21:50:43.296+0000] {processor.py:839} INFO - DAG(s) dict_keys(['extract_exchange_rates']) retrieved from /opt/airflow/dags/extract_exchange_rates.py
[2025-04-23T21:50:43.310+0000] {logging_mixin.py:151} INFO - [2025-04-23T21:50:43.310+0000] {dag.py:2941} INFO - Sync 1 DAGs
[2025-04-23T21:50:43.320+0000] {logging_mixin.py:151} INFO - [2025-04-23T21:50:43.320+0000] {dag.py:3722} INFO - Setting next_dagrun for extract_exchange_rates to 2025-04-23T00:00:00+00:00, run_after=2025-04-24T00:00:00+00:00
[2025-04-23T21:50:43.327+0000] {processor.py:179} INFO - Processing /opt/airflow/dags/extract_exchange_rates.py took 0.044 seconds
[2025-04-23T21:51:13.544+0000] {processor.py:157} INFO - Started process (PID=552) to work on /opt/airflow/dags/extract_exchange_rates.py
[2025-04-23T21:51:13.545+0000] {processor.py:829} INFO - Processing file /opt/airflow/dags/extract_exchange_rates.py for tasks to queue
[2025-04-23T21:51:13.546+0000] {logging_mixin.py:151} INFO - [2025-04-23T21:51:13.545+0000] {dagbag.py:536} INFO - Filling up the DagBag from /opt/airflow/dags/extract_exchange_rates.py
[2025-04-23T21:51:13.557+0000] {processor.py:839} INFO - DAG(s) dict_keys(['extract_exchange_rates']) retrieved from /opt/airflow/dags/extract_exchange_rates.py
[2025-04-23T21:51:13.575+0000] {logging_mixin.py:151} INFO - [2025-04-23T21:51:13.574+0000] {dag.py:2941} INFO - Sync 1 DAGs
[2025-04-23T21:51:13.584+0000] {logging_mixin.py:151} INFO - [2025-04-23T21:51:13.584+0000] {dag.py:3722} INFO - Setting next_dagrun for extract_exchange_rates to 2025-04-23T00:00:00+00:00, run_after=2025-04-24T00:00:00+00:00
[2025-04-23T21:51:13.591+0000] {processor.py:179} INFO - Processing /opt/airflow/dags/extract_exchange_rates.py took 0.050 seconds
[2025-04-23T21:51:43.808+0000] {processor.py:157} INFO - Started process (PID=557) to work on /opt/airflow/dags/extract_exchange_rates.py
[2025-04-23T21:51:43.809+0000] {processor.py:829} INFO - Processing file /opt/airflow/dags/extract_exchange_rates.py for tasks to queue
[2025-04-23T21:51:43.809+0000] {logging_mixin.py:151} INFO - [2025-04-23T21:51:43.809+0000] {dagbag.py:536} INFO - Filling up the DagBag from /opt/airflow/dags/extract_exchange_rates.py
[2025-04-23T21:51:43.821+0000] {processor.py:839} INFO - DAG(s) dict_keys(['extract_exchange_rates']) retrieved from /opt/airflow/dags/extract_exchange_rates.py
[2025-04-23T21:51:43.834+0000] {logging_mixin.py:151} INFO - [2025-04-23T21:51:43.834+0000] {dag.py:2941} INFO - Sync 1 DAGs
[2025-04-23T21:51:43.845+0000] {logging_mixin.py:151} INFO - [2025-04-23T21:51:43.845+0000] {dag.py:3722} INFO - Setting next_dagrun for extract_exchange_rates to 2025-04-23T00:00:00+00:00, run_after=2025-04-24T00:00:00+00:00
[2025-04-23T21:51:43.853+0000] {processor.py:179} INFO - Processing /opt/airflow/dags/extract_exchange_rates.py took 0.048 seconds
[2025-04-23T21:52:14.096+0000] {processor.py:157} INFO - Started process (PID=562) to work on /opt/airflow/dags/extract_exchange_rates.py
[2025-04-23T21:52:14.097+0000] {processor.py:829} INFO - Processing file /opt/airflow/dags/extract_exchange_rates.py for tasks to queue
[2025-04-23T21:52:14.098+0000] {logging_mixin.py:151} INFO - [2025-04-23T21:52:14.098+0000] {dagbag.py:536} INFO - Filling up the DagBag from /opt/airflow/dags/extract_exchange_rates.py
[2025-04-23T21:52:14.109+0000] {processor.py:839} INFO - DAG(s) dict_keys(['extract_exchange_rates']) retrieved from /opt/airflow/dags/extract_exchange_rates.py
[2025-04-23T21:52:14.125+0000] {logging_mixin.py:151} INFO - [2025-04-23T21:52:14.125+0000] {dag.py:2941} INFO - Sync 1 DAGs
[2025-04-23T21:52:14.135+0000] {logging_mixin.py:151} INFO - [2025-04-23T21:52:14.134+0000] {dag.py:3722} INFO - Setting next_dagrun for extract_exchange_rates to 2025-04-23T00:00:00+00:00, run_after=2025-04-24T00:00:00+00:00
[2025-04-23T21:52:14.142+0000] {processor.py:179} INFO - Processing /opt/airflow/dags/extract_exchange_rates.py took 0.048 seconds
[2025-04-23T21:52:44.365+0000] {processor.py:157} INFO - Started process (PID=567) to work on /opt/airflow/dags/extract_exchange_rates.py
[2025-04-23T21:52:44.365+0000] {processor.py:829} INFO - Processing file /opt/airflow/dags/extract_exchange_rates.py for tasks to queue
[2025-04-23T21:52:44.366+0000] {logging_mixin.py:151} INFO - [2025-04-23T21:52:44.366+0000] {dagbag.py:536} INFO - Filling up the DagBag from /opt/airflow/dags/extract_exchange_rates.py
[2025-04-23T21:52:44.376+0000] {processor.py:839} INFO - DAG(s) dict_keys(['extract_exchange_rates']) retrieved from /opt/airflow/dags/extract_exchange_rates.py
[2025-04-23T21:52:44.390+0000] {logging_mixin.py:151} INFO - [2025-04-23T21:52:44.390+0000] {dag.py:2941} INFO - Sync 1 DAGs
[2025-04-23T21:52:44.400+0000] {logging_mixin.py:151} INFO - [2025-04-23T21:52:44.399+0000] {dag.py:3722} INFO - Setting next_dagrun for extract_exchange_rates to 2025-04-23T00:00:00+00:00, run_after=2025-04-24T00:00:00+00:00
[2025-04-23T21:52:44.406+0000] {processor.py:179} INFO - Processing /opt/airflow/dags/extract_exchange_rates.py took 0.044 seconds
[2025-04-23T21:53:14.644+0000] {processor.py:157} INFO - Started process (PID=572) to work on /opt/airflow/dags/extract_exchange_rates.py
[2025-04-23T21:53:14.645+0000] {processor.py:829} INFO - Processing file /opt/airflow/dags/extract_exchange_rates.py for tasks to queue
[2025-04-23T21:53:14.645+0000] {logging_mixin.py:151} INFO - [2025-04-23T21:53:14.645+0000] {dagbag.py:536} INFO - Filling up the DagBag from /opt/airflow/dags/extract_exchange_rates.py
[2025-04-23T21:53:14.655+0000] {processor.py:839} INFO - DAG(s) dict_keys(['extract_exchange_rates']) retrieved from /opt/airflow/dags/extract_exchange_rates.py
[2025-04-23T21:53:14.673+0000] {logging_mixin.py:151} INFO - [2025-04-23T21:53:14.673+0000] {dag.py:2941} INFO - Sync 1 DAGs
[2025-04-23T21:53:14.685+0000] {logging_mixin.py:151} INFO - [2025-04-23T21:53:14.685+0000] {dag.py:3722} INFO - Setting next_dagrun for extract_exchange_rates to 2025-04-23T00:00:00+00:00, run_after=2025-04-24T00:00:00+00:00
[2025-04-23T21:53:14.692+0000] {processor.py:179} INFO - Processing /opt/airflow/dags/extract_exchange_rates.py took 0.051 seconds
[2025-04-23T21:53:48.430+0000] {processor.py:157} INFO - Started process (PID=577) to work on /opt/airflow/dags/extract_exchange_rates.py
[2025-04-23T21:53:48.431+0000] {processor.py:829} INFO - Processing file /opt/airflow/dags/extract_exchange_rates.py for tasks to queue
[2025-04-23T21:53:48.431+0000] {logging_mixin.py:151} INFO - [2025-04-23T21:53:48.431+0000] {dagbag.py:536} INFO - Filling up the DagBag from /opt/airflow/dags/extract_exchange_rates.py
[2025-04-23T21:53:48.437+0000] {processor.py:839} INFO - DAG(s) dict_keys(['extract_exchange_rates']) retrieved from /opt/airflow/dags/extract_exchange_rates.py
[2025-04-23T21:53:48.448+0000] {logging_mixin.py:151} INFO - [2025-04-23T21:53:48.448+0000] {dag.py:2941} INFO - Sync 1 DAGs
[2025-04-23T21:53:48.459+0000] {logging_mixin.py:151} INFO - [2025-04-23T21:53:48.459+0000] {dag.py:3722} INFO - Setting next_dagrun for extract_exchange_rates to 2025-04-23T00:00:00+00:00, run_after=2025-04-24T00:00:00+00:00
[2025-04-23T21:53:48.467+0000] {processor.py:179} INFO - Processing /opt/airflow/dags/extract_exchange_rates.py took 0.038 seconds
[2025-04-23T21:54:18.713+0000] {processor.py:157} INFO - Started process (PID=584) to work on /opt/airflow/dags/extract_exchange_rates.py
[2025-04-23T21:54:18.714+0000] {processor.py:829} INFO - Processing file /opt/airflow/dags/extract_exchange_rates.py for tasks to queue
[2025-04-23T21:54:18.714+0000] {logging_mixin.py:151} INFO - [2025-04-23T21:54:18.714+0000] {dagbag.py:536} INFO - Filling up the DagBag from /opt/airflow/dags/extract_exchange_rates.py
[2025-04-23T21:54:18.724+0000] {processor.py:839} INFO - DAG(s) dict_keys(['extract_exchange_rates']) retrieved from /opt/airflow/dags/extract_exchange_rates.py
[2025-04-23T21:54:18.738+0000] {logging_mixin.py:151} INFO - [2025-04-23T21:54:18.738+0000] {dag.py:2941} INFO - Sync 1 DAGs
[2025-04-23T21:54:18.748+0000] {logging_mixin.py:151} INFO - [2025-04-23T21:54:18.748+0000] {dag.py:3722} INFO - Setting next_dagrun for extract_exchange_rates to 2025-04-23T00:00:00+00:00, run_after=2025-04-24T00:00:00+00:00
[2025-04-23T21:54:18.755+0000] {processor.py:179} INFO - Processing /opt/airflow/dags/extract_exchange_rates.py took 0.044 seconds
[2025-04-23T21:54:49.004+0000] {processor.py:157} INFO - Started process (PID=589) to work on /opt/airflow/dags/extract_exchange_rates.py
[2025-04-23T21:54:49.004+0000] {processor.py:829} INFO - Processing file /opt/airflow/dags/extract_exchange_rates.py for tasks to queue
[2025-04-23T21:54:49.005+0000] {logging_mixin.py:151} INFO - [2025-04-23T21:54:49.005+0000] {dagbag.py:536} INFO - Filling up the DagBag from /opt/airflow/dags/extract_exchange_rates.py
[2025-04-23T21:54:49.016+0000] {processor.py:839} INFO - DAG(s) dict_keys(['extract_exchange_rates']) retrieved from /opt/airflow/dags/extract_exchange_rates.py
[2025-04-23T21:54:49.029+0000] {logging_mixin.py:151} INFO - [2025-04-23T21:54:49.029+0000] {dag.py:2941} INFO - Sync 1 DAGs
[2025-04-23T21:54:49.039+0000] {logging_mixin.py:151} INFO - [2025-04-23T21:54:49.039+0000] {dag.py:3722} INFO - Setting next_dagrun for extract_exchange_rates to 2025-04-23T00:00:00+00:00, run_after=2025-04-24T00:00:00+00:00
[2025-04-23T21:54:49.046+0000] {processor.py:179} INFO - Processing /opt/airflow/dags/extract_exchange_rates.py took 0.045 seconds
[2025-04-23T21:55:19.316+0000] {processor.py:157} INFO - Started process (PID=594) to work on /opt/airflow/dags/extract_exchange_rates.py
[2025-04-23T21:55:19.316+0000] {processor.py:829} INFO - Processing file /opt/airflow/dags/extract_exchange_rates.py for tasks to queue
[2025-04-23T21:55:19.317+0000] {logging_mixin.py:151} INFO - [2025-04-23T21:55:19.317+0000] {dagbag.py:536} INFO - Filling up the DagBag from /opt/airflow/dags/extract_exchange_rates.py
[2025-04-23T21:55:19.330+0000] {processor.py:839} INFO - DAG(s) dict_keys(['extract_exchange_rates']) retrieved from /opt/airflow/dags/extract_exchange_rates.py
[2025-04-23T21:55:19.344+0000] {logging_mixin.py:151} INFO - [2025-04-23T21:55:19.344+0000] {dag.py:2941} INFO - Sync 1 DAGs
[2025-04-23T21:55:19.354+0000] {logging_mixin.py:151} INFO - [2025-04-23T21:55:19.354+0000] {dag.py:3722} INFO - Setting next_dagrun for extract_exchange_rates to 2025-04-23T00:00:00+00:00, run_after=2025-04-24T00:00:00+00:00
[2025-04-23T21:55:19.361+0000] {processor.py:179} INFO - Processing /opt/airflow/dags/extract_exchange_rates.py took 0.048 seconds
[2025-04-23T21:55:49.639+0000] {processor.py:157} INFO - Started process (PID=599) to work on /opt/airflow/dags/extract_exchange_rates.py
[2025-04-23T21:55:49.640+0000] {processor.py:829} INFO - Processing file /opt/airflow/dags/extract_exchange_rates.py for tasks to queue
[2025-04-23T21:55:49.641+0000] {logging_mixin.py:151} INFO - [2025-04-23T21:55:49.641+0000] {dagbag.py:536} INFO - Filling up the DagBag from /opt/airflow/dags/extract_exchange_rates.py
[2025-04-23T21:55:49.651+0000] {processor.py:839} INFO - DAG(s) dict_keys(['extract_exchange_rates']) retrieved from /opt/airflow/dags/extract_exchange_rates.py
[2025-04-23T21:55:49.665+0000] {logging_mixin.py:151} INFO - [2025-04-23T21:55:49.665+0000] {dag.py:2941} INFO - Sync 1 DAGs
[2025-04-23T21:55:49.675+0000] {logging_mixin.py:151} INFO - [2025-04-23T21:55:49.675+0000] {dag.py:3722} INFO - Setting next_dagrun for extract_exchange_rates to 2025-04-23T00:00:00+00:00, run_after=2025-04-24T00:00:00+00:00
[2025-04-23T21:55:49.682+0000] {processor.py:179} INFO - Processing /opt/airflow/dags/extract_exchange_rates.py took 0.045 seconds
[2025-04-23T21:56:19.946+0000] {processor.py:157} INFO - Started process (PID=604) to work on /opt/airflow/dags/extract_exchange_rates.py
[2025-04-23T21:56:19.946+0000] {processor.py:829} INFO - Processing file /opt/airflow/dags/extract_exchange_rates.py for tasks to queue
[2025-04-23T21:56:19.947+0000] {logging_mixin.py:151} INFO - [2025-04-23T21:56:19.947+0000] {dagbag.py:536} INFO - Filling up the DagBag from /opt/airflow/dags/extract_exchange_rates.py
[2025-04-23T21:56:19.958+0000] {processor.py:839} INFO - DAG(s) dict_keys(['extract_exchange_rates']) retrieved from /opt/airflow/dags/extract_exchange_rates.py
[2025-04-23T21:56:19.974+0000] {logging_mixin.py:151} INFO - [2025-04-23T21:56:19.974+0000] {dag.py:2941} INFO - Sync 1 DAGs
[2025-04-23T21:56:19.984+0000] {logging_mixin.py:151} INFO - [2025-04-23T21:56:19.984+0000] {dag.py:3722} INFO - Setting next_dagrun for extract_exchange_rates to 2025-04-23T00:00:00+00:00, run_after=2025-04-24T00:00:00+00:00
[2025-04-23T21:56:19.991+0000] {processor.py:179} INFO - Processing /opt/airflow/dags/extract_exchange_rates.py took 0.048 seconds
[2025-04-23T21:56:50.240+0000] {processor.py:157} INFO - Started process (PID=609) to work on /opt/airflow/dags/extract_exchange_rates.py
[2025-04-23T21:56:50.241+0000] {processor.py:829} INFO - Processing file /opt/airflow/dags/extract_exchange_rates.py for tasks to queue
[2025-04-23T21:56:50.242+0000] {logging_mixin.py:151} INFO - [2025-04-23T21:56:50.242+0000] {dagbag.py:536} INFO - Filling up the DagBag from /opt/airflow/dags/extract_exchange_rates.py
[2025-04-23T21:56:50.252+0000] {processor.py:839} INFO - DAG(s) dict_keys(['extract_exchange_rates']) retrieved from /opt/airflow/dags/extract_exchange_rates.py
[2025-04-23T21:56:50.265+0000] {logging_mixin.py:151} INFO - [2025-04-23T21:56:50.265+0000] {dag.py:2941} INFO - Sync 1 DAGs
[2025-04-23T21:56:50.275+0000] {logging_mixin.py:151} INFO - [2025-04-23T21:56:50.275+0000] {dag.py:3722} INFO - Setting next_dagrun for extract_exchange_rates to 2025-04-23T00:00:00+00:00, run_after=2025-04-24T00:00:00+00:00
[2025-04-23T21:56:50.282+0000] {processor.py:179} INFO - Processing /opt/airflow/dags/extract_exchange_rates.py took 0.044 seconds
[2025-04-23T21:57:20.500+0000] {processor.py:157} INFO - Started process (PID=614) to work on /opt/airflow/dags/extract_exchange_rates.py
[2025-04-23T21:57:20.500+0000] {processor.py:829} INFO - Processing file /opt/airflow/dags/extract_exchange_rates.py for tasks to queue
[2025-04-23T21:57:20.501+0000] {logging_mixin.py:151} INFO - [2025-04-23T21:57:20.501+0000] {dagbag.py:536} INFO - Filling up the DagBag from /opt/airflow/dags/extract_exchange_rates.py
[2025-04-23T21:57:20.512+0000] {processor.py:839} INFO - DAG(s) dict_keys(['extract_exchange_rates']) retrieved from /opt/airflow/dags/extract_exchange_rates.py
[2025-04-23T21:57:20.526+0000] {logging_mixin.py:151} INFO - [2025-04-23T21:57:20.525+0000] {dag.py:2941} INFO - Sync 1 DAGs
[2025-04-23T21:57:20.535+0000] {logging_mixin.py:151} INFO - [2025-04-23T21:57:20.535+0000] {dag.py:3722} INFO - Setting next_dagrun for extract_exchange_rates to 2025-04-23T00:00:00+00:00, run_after=2025-04-24T00:00:00+00:00
[2025-04-23T21:57:20.543+0000] {processor.py:179} INFO - Processing /opt/airflow/dags/extract_exchange_rates.py took 0.046 seconds
[2025-04-23T21:57:50.787+0000] {processor.py:157} INFO - Started process (PID=619) to work on /opt/airflow/dags/extract_exchange_rates.py
[2025-04-23T21:57:50.787+0000] {processor.py:829} INFO - Processing file /opt/airflow/dags/extract_exchange_rates.py for tasks to queue
[2025-04-23T21:57:50.788+0000] {logging_mixin.py:151} INFO - [2025-04-23T21:57:50.787+0000] {dagbag.py:536} INFO - Filling up the DagBag from /opt/airflow/dags/extract_exchange_rates.py
[2025-04-23T21:57:50.793+0000] {processor.py:839} INFO - DAG(s) dict_keys(['extract_exchange_rates']) retrieved from /opt/airflow/dags/extract_exchange_rates.py
[2025-04-23T21:57:50.804+0000] {logging_mixin.py:151} INFO - [2025-04-23T21:57:50.804+0000] {dag.py:2941} INFO - Sync 1 DAGs
[2025-04-23T21:57:50.812+0000] {logging_mixin.py:151} INFO - [2025-04-23T21:57:50.812+0000] {dag.py:3722} INFO - Setting next_dagrun for extract_exchange_rates to 2025-04-23T00:00:00+00:00, run_after=2025-04-24T00:00:00+00:00
[2025-04-23T21:57:50.819+0000] {processor.py:179} INFO - Processing /opt/airflow/dags/extract_exchange_rates.py took 0.034 seconds
[2025-04-23T21:58:21.087+0000] {processor.py:157} INFO - Started process (PID=624) to work on /opt/airflow/dags/extract_exchange_rates.py
[2025-04-23T21:58:21.088+0000] {processor.py:829} INFO - Processing file /opt/airflow/dags/extract_exchange_rates.py for tasks to queue
[2025-04-23T21:58:21.089+0000] {logging_mixin.py:151} INFO - [2025-04-23T21:58:21.089+0000] {dagbag.py:536} INFO - Filling up the DagBag from /opt/airflow/dags/extract_exchange_rates.py
[2025-04-23T21:58:21.098+0000] {processor.py:839} INFO - DAG(s) dict_keys(['extract_exchange_rates']) retrieved from /opt/airflow/dags/extract_exchange_rates.py
[2025-04-23T21:58:21.111+0000] {logging_mixin.py:151} INFO - [2025-04-23T21:58:21.111+0000] {dag.py:2941} INFO - Sync 1 DAGs
[2025-04-23T21:58:21.122+0000] {logging_mixin.py:151} INFO - [2025-04-23T21:58:21.121+0000] {dag.py:3722} INFO - Setting next_dagrun for extract_exchange_rates to 2025-04-23T00:00:00+00:00, run_after=2025-04-24T00:00:00+00:00
[2025-04-23T21:58:21.129+0000] {processor.py:179} INFO - Processing /opt/airflow/dags/extract_exchange_rates.py took 0.043 seconds
[2025-04-23T21:58:51.379+0000] {processor.py:157} INFO - Started process (PID=629) to work on /opt/airflow/dags/extract_exchange_rates.py
[2025-04-23T21:58:51.380+0000] {processor.py:829} INFO - Processing file /opt/airflow/dags/extract_exchange_rates.py for tasks to queue
[2025-04-23T21:58:51.381+0000] {logging_mixin.py:151} INFO - [2025-04-23T21:58:51.381+0000] {dagbag.py:536} INFO - Filling up the DagBag from /opt/airflow/dags/extract_exchange_rates.py
[2025-04-23T21:58:51.391+0000] {processor.py:839} INFO - DAG(s) dict_keys(['extract_exchange_rates']) retrieved from /opt/airflow/dags/extract_exchange_rates.py
[2025-04-23T21:58:51.405+0000] {logging_mixin.py:151} INFO - [2025-04-23T21:58:51.405+0000] {dag.py:2941} INFO - Sync 1 DAGs
[2025-04-23T21:58:51.415+0000] {logging_mixin.py:151} INFO - [2025-04-23T21:58:51.415+0000] {dag.py:3722} INFO - Setting next_dagrun for extract_exchange_rates to 2025-04-23T00:00:00+00:00, run_after=2025-04-24T00:00:00+00:00
[2025-04-23T21:58:51.422+0000] {processor.py:179} INFO - Processing /opt/airflow/dags/extract_exchange_rates.py took 0.045 seconds
[2025-04-23T21:59:21.658+0000] {processor.py:157} INFO - Started process (PID=634) to work on /opt/airflow/dags/extract_exchange_rates.py
[2025-04-23T21:59:21.659+0000] {processor.py:829} INFO - Processing file /opt/airflow/dags/extract_exchange_rates.py for tasks to queue
[2025-04-23T21:59:21.659+0000] {logging_mixin.py:151} INFO - [2025-04-23T21:59:21.659+0000] {dagbag.py:536} INFO - Filling up the DagBag from /opt/airflow/dags/extract_exchange_rates.py
[2025-04-23T21:59:21.671+0000] {processor.py:839} INFO - DAG(s) dict_keys(['extract_exchange_rates']) retrieved from /opt/airflow/dags/extract_exchange_rates.py
[2025-04-23T21:59:21.687+0000] {logging_mixin.py:151} INFO - [2025-04-23T21:59:21.687+0000] {dag.py:2941} INFO - Sync 1 DAGs
[2025-04-23T21:59:21.696+0000] {logging_mixin.py:151} INFO - [2025-04-23T21:59:21.696+0000] {dag.py:3722} INFO - Setting next_dagrun for extract_exchange_rates to 2025-04-23T00:00:00+00:00, run_after=2025-04-24T00:00:00+00:00
[2025-04-23T21:59:21.703+0000] {processor.py:179} INFO - Processing /opt/airflow/dags/extract_exchange_rates.py took 0.048 seconds
[2025-04-23T21:59:51.953+0000] {processor.py:157} INFO - Started process (PID=639) to work on /opt/airflow/dags/extract_exchange_rates.py
[2025-04-23T21:59:51.954+0000] {processor.py:829} INFO - Processing file /opt/airflow/dags/extract_exchange_rates.py for tasks to queue
[2025-04-23T21:59:51.955+0000] {logging_mixin.py:151} INFO - [2025-04-23T21:59:51.955+0000] {dagbag.py:536} INFO - Filling up the DagBag from /opt/airflow/dags/extract_exchange_rates.py
[2025-04-23T21:59:51.965+0000] {processor.py:839} INFO - DAG(s) dict_keys(['extract_exchange_rates']) retrieved from /opt/airflow/dags/extract_exchange_rates.py
[2025-04-23T21:59:51.978+0000] {logging_mixin.py:151} INFO - [2025-04-23T21:59:51.978+0000] {dag.py:2941} INFO - Sync 1 DAGs
[2025-04-23T21:59:51.987+0000] {logging_mixin.py:151} INFO - [2025-04-23T21:59:51.987+0000] {dag.py:3722} INFO - Setting next_dagrun for extract_exchange_rates to 2025-04-23T00:00:00+00:00, run_after=2025-04-24T00:00:00+00:00
[2025-04-23T21:59:51.995+0000] {processor.py:179} INFO - Processing /opt/airflow/dags/extract_exchange_rates.py took 0.044 seconds
[2025-04-23T22:00:22.251+0000] {processor.py:157} INFO - Started process (PID=644) to work on /opt/airflow/dags/extract_exchange_rates.py
[2025-04-23T22:00:22.252+0000] {processor.py:829} INFO - Processing file /opt/airflow/dags/extract_exchange_rates.py for tasks to queue
[2025-04-23T22:00:22.252+0000] {logging_mixin.py:151} INFO - [2025-04-23T22:00:22.252+0000] {dagbag.py:536} INFO - Filling up the DagBag from /opt/airflow/dags/extract_exchange_rates.py
[2025-04-23T22:00:22.264+0000] {processor.py:839} INFO - DAG(s) dict_keys(['extract_exchange_rates']) retrieved from /opt/airflow/dags/extract_exchange_rates.py
[2025-04-23T22:00:22.278+0000] {logging_mixin.py:151} INFO - [2025-04-23T22:00:22.278+0000] {dag.py:2941} INFO - Sync 1 DAGs
[2025-04-23T22:00:22.288+0000] {logging_mixin.py:151} INFO - [2025-04-23T22:00:22.288+0000] {dag.py:3722} INFO - Setting next_dagrun for extract_exchange_rates to 2025-04-23T00:00:00+00:00, run_after=2025-04-24T00:00:00+00:00
[2025-04-23T22:00:22.295+0000] {processor.py:179} INFO - Processing /opt/airflow/dags/extract_exchange_rates.py took 0.047 seconds
[2025-04-23T22:00:52.526+0000] {processor.py:157} INFO - Started process (PID=649) to work on /opt/airflow/dags/extract_exchange_rates.py
[2025-04-23T22:00:52.526+0000] {processor.py:829} INFO - Processing file /opt/airflow/dags/extract_exchange_rates.py for tasks to queue
[2025-04-23T22:00:52.527+0000] {logging_mixin.py:151} INFO - [2025-04-23T22:00:52.527+0000] {dagbag.py:536} INFO - Filling up the DagBag from /opt/airflow/dags/extract_exchange_rates.py
[2025-04-23T22:00:52.538+0000] {processor.py:839} INFO - DAG(s) dict_keys(['extract_exchange_rates']) retrieved from /opt/airflow/dags/extract_exchange_rates.py
[2025-04-23T22:00:52.550+0000] {logging_mixin.py:151} INFO - [2025-04-23T22:00:52.550+0000] {dag.py:2941} INFO - Sync 1 DAGs
[2025-04-23T22:00:52.560+0000] {logging_mixin.py:151} INFO - [2025-04-23T22:00:52.560+0000] {dag.py:3722} INFO - Setting next_dagrun for extract_exchange_rates to 2025-04-23T00:00:00+00:00, run_after=2025-04-24T00:00:00+00:00
[2025-04-23T22:00:52.567+0000] {processor.py:179} INFO - Processing /opt/airflow/dags/extract_exchange_rates.py took 0.043 seconds
[2025-04-23T22:01:22.775+0000] {processor.py:157} INFO - Started process (PID=654) to work on /opt/airflow/dags/extract_exchange_rates.py
[2025-04-23T22:01:22.776+0000] {processor.py:829} INFO - Processing file /opt/airflow/dags/extract_exchange_rates.py for tasks to queue
[2025-04-23T22:01:22.776+0000] {logging_mixin.py:151} INFO - [2025-04-23T22:01:22.776+0000] {dagbag.py:536} INFO - Filling up the DagBag from /opt/airflow/dags/extract_exchange_rates.py
[2025-04-23T22:01:22.789+0000] {processor.py:839} INFO - DAG(s) dict_keys(['extract_exchange_rates']) retrieved from /opt/airflow/dags/extract_exchange_rates.py
[2025-04-23T22:01:22.802+0000] {logging_mixin.py:151} INFO - [2025-04-23T22:01:22.802+0000] {dag.py:2941} INFO - Sync 1 DAGs
[2025-04-23T22:01:22.812+0000] {logging_mixin.py:151} INFO - [2025-04-23T22:01:22.812+0000] {dag.py:3722} INFO - Setting next_dagrun for extract_exchange_rates to 2025-04-23T00:00:00+00:00, run_after=2025-04-24T00:00:00+00:00
[2025-04-23T22:01:22.819+0000] {processor.py:179} INFO - Processing /opt/airflow/dags/extract_exchange_rates.py took 0.047 seconds
[2025-04-23T22:01:52.991+0000] {processor.py:157} INFO - Started process (PID=659) to work on /opt/airflow/dags/extract_exchange_rates.py
[2025-04-23T22:01:52.991+0000] {processor.py:829} INFO - Processing file /opt/airflow/dags/extract_exchange_rates.py for tasks to queue
[2025-04-23T22:01:52.991+0000] {logging_mixin.py:151} INFO - [2025-04-23T22:01:52.991+0000] {dagbag.py:536} INFO - Filling up the DagBag from /opt/airflow/dags/extract_exchange_rates.py
[2025-04-23T22:01:52.998+0000] {processor.py:839} INFO - DAG(s) dict_keys(['extract_exchange_rates']) retrieved from /opt/airflow/dags/extract_exchange_rates.py
[2025-04-23T22:01:53.008+0000] {logging_mixin.py:151} INFO - [2025-04-23T22:01:53.008+0000] {dag.py:2941} INFO - Sync 1 DAGs
[2025-04-23T22:01:53.016+0000] {logging_mixin.py:151} INFO - [2025-04-23T22:01:53.016+0000] {dag.py:3722} INFO - Setting next_dagrun for extract_exchange_rates to 2025-04-23T00:00:00+00:00, run_after=2025-04-24T00:00:00+00:00
[2025-04-23T22:01:53.023+0000] {processor.py:179} INFO - Processing /opt/airflow/dags/extract_exchange_rates.py took 0.034 seconds
[2025-04-23T22:02:23.250+0000] {processor.py:157} INFO - Started process (PID=664) to work on /opt/airflow/dags/extract_exchange_rates.py
[2025-04-23T22:02:23.250+0000] {processor.py:829} INFO - Processing file /opt/airflow/dags/extract_exchange_rates.py for tasks to queue
[2025-04-23T22:02:23.251+0000] {logging_mixin.py:151} INFO - [2025-04-23T22:02:23.251+0000] {dagbag.py:536} INFO - Filling up the DagBag from /opt/airflow/dags/extract_exchange_rates.py
[2025-04-23T22:02:23.261+0000] {processor.py:839} INFO - DAG(s) dict_keys(['extract_exchange_rates']) retrieved from /opt/airflow/dags/extract_exchange_rates.py
[2025-04-23T22:02:23.273+0000] {logging_mixin.py:151} INFO - [2025-04-23T22:02:23.273+0000] {dag.py:2941} INFO - Sync 1 DAGs
[2025-04-23T22:02:23.283+0000] {logging_mixin.py:151} INFO - [2025-04-23T22:02:23.283+0000] {dag.py:3722} INFO - Setting next_dagrun for extract_exchange_rates to 2025-04-23T00:00:00+00:00, run_after=2025-04-24T00:00:00+00:00
[2025-04-23T22:02:23.290+0000] {processor.py:179} INFO - Processing /opt/airflow/dags/extract_exchange_rates.py took 0.043 seconds
[2025-04-23T22:02:53.448+0000] {processor.py:157} INFO - Started process (PID=669) to work on /opt/airflow/dags/extract_exchange_rates.py
[2025-04-23T22:02:53.449+0000] {processor.py:829} INFO - Processing file /opt/airflow/dags/extract_exchange_rates.py for tasks to queue
[2025-04-23T22:02:53.450+0000] {logging_mixin.py:151} INFO - [2025-04-23T22:02:53.449+0000] {dagbag.py:536} INFO - Filling up the DagBag from /opt/airflow/dags/extract_exchange_rates.py
[2025-04-23T22:02:53.459+0000] {processor.py:839} INFO - DAG(s) dict_keys(['extract_exchange_rates']) retrieved from /opt/airflow/dags/extract_exchange_rates.py
[2025-04-23T22:02:53.472+0000] {logging_mixin.py:151} INFO - [2025-04-23T22:02:53.472+0000] {dag.py:2941} INFO - Sync 1 DAGs
[2025-04-23T22:02:53.482+0000] {logging_mixin.py:151} INFO - [2025-04-23T22:02:53.482+0000] {dag.py:3722} INFO - Setting next_dagrun for extract_exchange_rates to 2025-04-23T00:00:00+00:00, run_after=2025-04-24T00:00:00+00:00
[2025-04-23T22:02:53.489+0000] {processor.py:179} INFO - Processing /opt/airflow/dags/extract_exchange_rates.py took 0.043 seconds
[2025-04-23T22:30:19.354+0000] {processor.py:157} INFO - Started process (PID=674) to work on /opt/airflow/dags/extract_exchange_rates.py
[2025-04-23T22:30:19.355+0000] {processor.py:829} INFO - Processing file /opt/airflow/dags/extract_exchange_rates.py for tasks to queue
[2025-04-23T22:30:19.356+0000] {logging_mixin.py:151} INFO - [2025-04-23T22:30:19.355+0000] {dagbag.py:536} INFO - Filling up the DagBag from /opt/airflow/dags/extract_exchange_rates.py
[2025-04-23T22:30:19.364+0000] {processor.py:839} INFO - DAG(s) dict_keys(['extract_exchange_rates']) retrieved from /opt/airflow/dags/extract_exchange_rates.py
[2025-04-23T22:30:19.376+0000] {logging_mixin.py:151} INFO - [2025-04-23T22:30:19.376+0000] {dag.py:2941} INFO - Sync 1 DAGs
[2025-04-23T22:30:19.385+0000] {logging_mixin.py:151} INFO - [2025-04-23T22:30:19.385+0000] {dag.py:3722} INFO - Setting next_dagrun for extract_exchange_rates to 2025-04-23T00:00:00+00:00, run_after=2025-04-24T00:00:00+00:00
[2025-04-23T22:30:19.392+0000] {processor.py:179} INFO - Processing /opt/airflow/dags/extract_exchange_rates.py took 0.040 seconds
[2025-04-23T23:01:48.864+0000] {processor.py:157} INFO - Started process (PID=683) to work on /opt/airflow/dags/extract_exchange_rates.py
[2025-04-23T23:01:48.866+0000] {processor.py:829} INFO - Processing file /opt/airflow/dags/extract_exchange_rates.py for tasks to queue
[2025-04-23T23:01:48.866+0000] {logging_mixin.py:151} INFO - [2025-04-23T23:01:48.866+0000] {dagbag.py:536} INFO - Filling up the DagBag from /opt/airflow/dags/extract_exchange_rates.py
[2025-04-23T23:01:48.879+0000] {processor.py:839} INFO - DAG(s) dict_keys(['extract_exchange_rates']) retrieved from /opt/airflow/dags/extract_exchange_rates.py
[2025-04-23T23:01:48.891+0000] {logging_mixin.py:151} INFO - [2025-04-23T23:01:48.891+0000] {dag.py:2941} INFO - Sync 1 DAGs
[2025-04-23T23:01:48.902+0000] {logging_mixin.py:151} INFO - [2025-04-23T23:01:48.901+0000] {dag.py:3722} INFO - Setting next_dagrun for extract_exchange_rates to 2025-04-23T00:00:00+00:00, run_after=2025-04-24T00:00:00+00:00
[2025-04-23T23:01:48.910+0000] {processor.py:179} INFO - Processing /opt/airflow/dags/extract_exchange_rates.py took 0.047 seconds
