[2025-04-08T00:00:04.630+0000] {processor.py:157} INFO - Started process (PID=688) to work on /opt/airflow/dags/extract_exchange_rates.py
[2025-04-08T00:00:04.630+0000] {processor.py:829} INFO - Processing file /opt/airflow/dags/extract_exchange_rates.py for tasks to queue
[2025-04-08T00:00:04.631+0000] {logging_mixin.py:151} INFO - [2025-04-08T00:00:04.630+0000] {dagbag.py:536} INFO - Filling up the DagBag from /opt/airflow/dags/extract_exchange_rates.py
[2025-04-08T00:00:04.637+0000] {processor.py:839} INFO - DAG(s) dict_keys(['extract_exchange_rates']) retrieved from /opt/airflow/dags/extract_exchange_rates.py
[2025-04-08T00:00:04.647+0000] {logging_mixin.py:151} INFO - [2025-04-08T00:00:04.647+0000] {dag.py:2941} INFO - Sync 1 DAGs
[2025-04-08T00:00:04.654+0000] {logging_mixin.py:151} INFO - [2025-04-08T00:00:04.654+0000] {dag.py:3722} INFO - Setting next_dagrun for extract_exchange_rates to 2025-04-08T00:00:00+00:00, run_after=2025-04-09T00:00:00+00:00
[2025-04-08T00:00:04.661+0000] {processor.py:179} INFO - Processing /opt/airflow/dags/extract_exchange_rates.py took 0.032 seconds
[2025-04-08T00:00:34.911+0000] {processor.py:157} INFO - Started process (PID=695) to work on /opt/airflow/dags/extract_exchange_rates.py
[2025-04-08T00:00:34.912+0000] {processor.py:829} INFO - Processing file /opt/airflow/dags/extract_exchange_rates.py for tasks to queue
[2025-04-08T00:00:34.913+0000] {logging_mixin.py:151} INFO - [2025-04-08T00:00:34.912+0000] {dagbag.py:536} INFO - Filling up the DagBag from /opt/airflow/dags/extract_exchange_rates.py
[2025-04-08T00:00:34.923+0000] {processor.py:839} INFO - DAG(s) dict_keys(['extract_exchange_rates']) retrieved from /opt/airflow/dags/extract_exchange_rates.py
[2025-04-08T00:00:34.937+0000] {logging_mixin.py:151} INFO - [2025-04-08T00:00:34.937+0000] {dag.py:2941} INFO - Sync 1 DAGs
[2025-04-08T00:00:34.947+0000] {logging_mixin.py:151} INFO - [2025-04-08T00:00:34.947+0000] {dag.py:3722} INFO - Setting next_dagrun for extract_exchange_rates to 2025-04-08T00:00:00+00:00, run_after=2025-04-09T00:00:00+00:00
[2025-04-08T00:00:34.955+0000] {processor.py:179} INFO - Processing /opt/airflow/dags/extract_exchange_rates.py took 0.046 seconds
[2025-04-08T00:01:05.151+0000] {processor.py:157} INFO - Started process (PID=700) to work on /opt/airflow/dags/extract_exchange_rates.py
[2025-04-08T00:01:05.152+0000] {processor.py:829} INFO - Processing file /opt/airflow/dags/extract_exchange_rates.py for tasks to queue
[2025-04-08T00:01:05.153+0000] {logging_mixin.py:151} INFO - [2025-04-08T00:01:05.152+0000] {dagbag.py:536} INFO - Filling up the DagBag from /opt/airflow/dags/extract_exchange_rates.py
[2025-04-08T00:01:05.166+0000] {processor.py:839} INFO - DAG(s) dict_keys(['extract_exchange_rates']) retrieved from /opt/airflow/dags/extract_exchange_rates.py
[2025-04-08T00:01:05.184+0000] {logging_mixin.py:151} INFO - [2025-04-08T00:01:05.184+0000] {dag.py:2941} INFO - Sync 1 DAGs
[2025-04-08T00:01:05.195+0000] {logging_mixin.py:151} INFO - [2025-04-08T00:01:05.195+0000] {dag.py:3722} INFO - Setting next_dagrun for extract_exchange_rates to 2025-04-08T00:00:00+00:00, run_after=2025-04-09T00:00:00+00:00
[2025-04-08T00:01:05.202+0000] {processor.py:179} INFO - Processing /opt/airflow/dags/extract_exchange_rates.py took 0.054 seconds
[2025-04-08T00:01:35.375+0000] {processor.py:157} INFO - Started process (PID=705) to work on /opt/airflow/dags/extract_exchange_rates.py
[2025-04-08T00:01:35.375+0000] {processor.py:829} INFO - Processing file /opt/airflow/dags/extract_exchange_rates.py for tasks to queue
[2025-04-08T00:01:35.376+0000] {logging_mixin.py:151} INFO - [2025-04-08T00:01:35.376+0000] {dagbag.py:536} INFO - Filling up the DagBag from /opt/airflow/dags/extract_exchange_rates.py
[2025-04-08T00:01:35.385+0000] {processor.py:839} INFO - DAG(s) dict_keys(['extract_exchange_rates']) retrieved from /opt/airflow/dags/extract_exchange_rates.py
[2025-04-08T00:01:35.399+0000] {logging_mixin.py:151} INFO - [2025-04-08T00:01:35.398+0000] {dag.py:2941} INFO - Sync 1 DAGs
[2025-04-08T00:01:35.411+0000] {logging_mixin.py:151} INFO - [2025-04-08T00:01:35.411+0000] {dag.py:3722} INFO - Setting next_dagrun for extract_exchange_rates to 2025-04-08T00:00:00+00:00, run_after=2025-04-09T00:00:00+00:00
[2025-04-08T00:01:35.418+0000] {processor.py:179} INFO - Processing /opt/airflow/dags/extract_exchange_rates.py took 0.046 seconds
[2025-04-08T00:02:05.582+0000] {processor.py:157} INFO - Started process (PID=710) to work on /opt/airflow/dags/extract_exchange_rates.py
[2025-04-08T00:02:05.582+0000] {processor.py:829} INFO - Processing file /opt/airflow/dags/extract_exchange_rates.py for tasks to queue
[2025-04-08T00:02:05.583+0000] {logging_mixin.py:151} INFO - [2025-04-08T00:02:05.583+0000] {dagbag.py:536} INFO - Filling up the DagBag from /opt/airflow/dags/extract_exchange_rates.py
[2025-04-08T00:02:05.590+0000] {processor.py:839} INFO - DAG(s) dict_keys(['extract_exchange_rates']) retrieved from /opt/airflow/dags/extract_exchange_rates.py
[2025-04-08T00:02:05.601+0000] {logging_mixin.py:151} INFO - [2025-04-08T00:02:05.601+0000] {dag.py:2941} INFO - Sync 1 DAGs
[2025-04-08T00:02:05.610+0000] {logging_mixin.py:151} INFO - [2025-04-08T00:02:05.610+0000] {dag.py:3722} INFO - Setting next_dagrun for extract_exchange_rates to 2025-04-08T00:00:00+00:00, run_after=2025-04-09T00:00:00+00:00
[2025-04-08T00:02:05.617+0000] {processor.py:179} INFO - Processing /opt/airflow/dags/extract_exchange_rates.py took 0.036 seconds
[2025-04-08T00:02:35.840+0000] {processor.py:157} INFO - Started process (PID=715) to work on /opt/airflow/dags/extract_exchange_rates.py
[2025-04-08T00:02:35.841+0000] {processor.py:829} INFO - Processing file /opt/airflow/dags/extract_exchange_rates.py for tasks to queue
[2025-04-08T00:02:35.841+0000] {logging_mixin.py:151} INFO - [2025-04-08T00:02:35.841+0000] {dagbag.py:536} INFO - Filling up the DagBag from /opt/airflow/dags/extract_exchange_rates.py
[2025-04-08T00:02:35.854+0000] {processor.py:839} INFO - DAG(s) dict_keys(['extract_exchange_rates']) retrieved from /opt/airflow/dags/extract_exchange_rates.py
[2025-04-08T00:02:35.868+0000] {logging_mixin.py:151} INFO - [2025-04-08T00:02:35.868+0000] {dag.py:2941} INFO - Sync 1 DAGs
[2025-04-08T00:02:35.879+0000] {logging_mixin.py:151} INFO - [2025-04-08T00:02:35.879+0000] {dag.py:3722} INFO - Setting next_dagrun for extract_exchange_rates to 2025-04-08T00:00:00+00:00, run_after=2025-04-09T00:00:00+00:00
[2025-04-08T00:02:35.886+0000] {processor.py:179} INFO - Processing /opt/airflow/dags/extract_exchange_rates.py took 0.048 seconds
[2025-04-08T00:03:06.070+0000] {processor.py:157} INFO - Started process (PID=720) to work on /opt/airflow/dags/extract_exchange_rates.py
[2025-04-08T00:03:06.071+0000] {processor.py:829} INFO - Processing file /opt/airflow/dags/extract_exchange_rates.py for tasks to queue
[2025-04-08T00:03:06.071+0000] {logging_mixin.py:151} INFO - [2025-04-08T00:03:06.071+0000] {dagbag.py:536} INFO - Filling up the DagBag from /opt/airflow/dags/extract_exchange_rates.py
[2025-04-08T00:03:06.079+0000] {processor.py:839} INFO - DAG(s) dict_keys(['extract_exchange_rates']) retrieved from /opt/airflow/dags/extract_exchange_rates.py
[2025-04-08T00:03:06.092+0000] {logging_mixin.py:151} INFO - [2025-04-08T00:03:06.092+0000] {dag.py:2941} INFO - Sync 1 DAGs
[2025-04-08T00:03:06.101+0000] {logging_mixin.py:151} INFO - [2025-04-08T00:03:06.101+0000] {dag.py:3722} INFO - Setting next_dagrun for extract_exchange_rates to 2025-04-08T00:00:00+00:00, run_after=2025-04-09T00:00:00+00:00
[2025-04-08T00:03:06.108+0000] {processor.py:179} INFO - Processing /opt/airflow/dags/extract_exchange_rates.py took 0.039 seconds
[2025-04-08T00:03:36.295+0000] {processor.py:157} INFO - Started process (PID=725) to work on /opt/airflow/dags/extract_exchange_rates.py
[2025-04-08T00:03:36.295+0000] {processor.py:829} INFO - Processing file /opt/airflow/dags/extract_exchange_rates.py for tasks to queue
[2025-04-08T00:03:36.296+0000] {logging_mixin.py:151} INFO - [2025-04-08T00:03:36.296+0000] {dagbag.py:536} INFO - Filling up the DagBag from /opt/airflow/dags/extract_exchange_rates.py
[2025-04-08T00:03:36.306+0000] {processor.py:839} INFO - DAG(s) dict_keys(['extract_exchange_rates']) retrieved from /opt/airflow/dags/extract_exchange_rates.py
[2025-04-08T00:03:36.322+0000] {logging_mixin.py:151} INFO - [2025-04-08T00:03:36.322+0000] {dag.py:2941} INFO - Sync 1 DAGs
[2025-04-08T00:03:36.335+0000] {logging_mixin.py:151} INFO - [2025-04-08T00:03:36.334+0000] {dag.py:3722} INFO - Setting next_dagrun for extract_exchange_rates to 2025-04-08T00:00:00+00:00, run_after=2025-04-09T00:00:00+00:00
[2025-04-08T00:03:36.343+0000] {processor.py:179} INFO - Processing /opt/airflow/dags/extract_exchange_rates.py took 0.051 seconds
[2025-04-08T00:04:06.536+0000] {processor.py:157} INFO - Started process (PID=730) to work on /opt/airflow/dags/extract_exchange_rates.py
[2025-04-08T00:04:06.537+0000] {processor.py:829} INFO - Processing file /opt/airflow/dags/extract_exchange_rates.py for tasks to queue
[2025-04-08T00:04:06.538+0000] {logging_mixin.py:151} INFO - [2025-04-08T00:04:06.538+0000] {dagbag.py:536} INFO - Filling up the DagBag from /opt/airflow/dags/extract_exchange_rates.py
[2025-04-08T00:04:06.548+0000] {processor.py:839} INFO - DAG(s) dict_keys(['extract_exchange_rates']) retrieved from /opt/airflow/dags/extract_exchange_rates.py
[2025-04-08T00:04:06.564+0000] {logging_mixin.py:151} INFO - [2025-04-08T00:04:06.563+0000] {dag.py:2941} INFO - Sync 1 DAGs
[2025-04-08T00:04:06.574+0000] {logging_mixin.py:151} INFO - [2025-04-08T00:04:06.574+0000] {dag.py:3722} INFO - Setting next_dagrun for extract_exchange_rates to 2025-04-08T00:00:00+00:00, run_after=2025-04-09T00:00:00+00:00
[2025-04-08T00:04:06.581+0000] {processor.py:179} INFO - Processing /opt/airflow/dags/extract_exchange_rates.py took 0.047 seconds
[2025-04-08T00:04:36.758+0000] {processor.py:157} INFO - Started process (PID=735) to work on /opt/airflow/dags/extract_exchange_rates.py
[2025-04-08T00:04:36.759+0000] {processor.py:829} INFO - Processing file /opt/airflow/dags/extract_exchange_rates.py for tasks to queue
[2025-04-08T00:04:36.760+0000] {logging_mixin.py:151} INFO - [2025-04-08T00:04:36.759+0000] {dagbag.py:536} INFO - Filling up the DagBag from /opt/airflow/dags/extract_exchange_rates.py
[2025-04-08T00:04:36.770+0000] {processor.py:839} INFO - DAG(s) dict_keys(['extract_exchange_rates']) retrieved from /opt/airflow/dags/extract_exchange_rates.py
[2025-04-08T00:04:36.784+0000] {logging_mixin.py:151} INFO - [2025-04-08T00:04:36.784+0000] {dag.py:2941} INFO - Sync 1 DAGs
[2025-04-08T00:04:36.794+0000] {logging_mixin.py:151} INFO - [2025-04-08T00:04:36.794+0000] {dag.py:3722} INFO - Setting next_dagrun for extract_exchange_rates to 2025-04-08T00:00:00+00:00, run_after=2025-04-09T00:00:00+00:00
[2025-04-08T00:04:36.802+0000] {processor.py:179} INFO - Processing /opt/airflow/dags/extract_exchange_rates.py took 0.046 seconds
[2025-04-08T00:05:06.982+0000] {processor.py:157} INFO - Started process (PID=742) to work on /opt/airflow/dags/extract_exchange_rates.py
[2025-04-08T00:05:06.983+0000] {processor.py:829} INFO - Processing file /opt/airflow/dags/extract_exchange_rates.py for tasks to queue
[2025-04-08T00:05:06.983+0000] {logging_mixin.py:151} INFO - [2025-04-08T00:05:06.983+0000] {dagbag.py:536} INFO - Filling up the DagBag from /opt/airflow/dags/extract_exchange_rates.py
[2025-04-08T00:05:06.993+0000] {processor.py:839} INFO - DAG(s) dict_keys(['extract_exchange_rates']) retrieved from /opt/airflow/dags/extract_exchange_rates.py
[2025-04-08T00:05:07.006+0000] {logging_mixin.py:151} INFO - [2025-04-08T00:05:07.006+0000] {dag.py:2941} INFO - Sync 1 DAGs
[2025-04-08T00:05:07.015+0000] {logging_mixin.py:151} INFO - [2025-04-08T00:05:07.015+0000] {dag.py:3722} INFO - Setting next_dagrun for extract_exchange_rates to 2025-04-08T00:00:00+00:00, run_after=2025-04-09T00:00:00+00:00
[2025-04-08T00:05:07.022+0000] {processor.py:179} INFO - Processing /opt/airflow/dags/extract_exchange_rates.py took 0.043 seconds
[2025-04-08T00:05:37.215+0000] {processor.py:157} INFO - Started process (PID=747) to work on /opt/airflow/dags/extract_exchange_rates.py
[2025-04-08T00:05:37.216+0000] {processor.py:829} INFO - Processing file /opt/airflow/dags/extract_exchange_rates.py for tasks to queue
[2025-04-08T00:05:37.216+0000] {logging_mixin.py:151} INFO - [2025-04-08T00:05:37.216+0000] {dagbag.py:536} INFO - Filling up the DagBag from /opt/airflow/dags/extract_exchange_rates.py
[2025-04-08T00:05:37.226+0000] {processor.py:839} INFO - DAG(s) dict_keys(['extract_exchange_rates']) retrieved from /opt/airflow/dags/extract_exchange_rates.py
[2025-04-08T00:05:37.239+0000] {logging_mixin.py:151} INFO - [2025-04-08T00:05:37.239+0000] {dag.py:2941} INFO - Sync 1 DAGs
[2025-04-08T00:05:37.249+0000] {logging_mixin.py:151} INFO - [2025-04-08T00:05:37.249+0000] {dag.py:3722} INFO - Setting next_dagrun for extract_exchange_rates to 2025-04-08T00:00:00+00:00, run_after=2025-04-09T00:00:00+00:00
[2025-04-08T00:05:37.256+0000] {processor.py:179} INFO - Processing /opt/airflow/dags/extract_exchange_rates.py took 0.043 seconds
[2025-04-08T00:06:07.449+0000] {processor.py:157} INFO - Started process (PID=752) to work on /opt/airflow/dags/extract_exchange_rates.py
[2025-04-08T00:06:07.449+0000] {processor.py:829} INFO - Processing file /opt/airflow/dags/extract_exchange_rates.py for tasks to queue
[2025-04-08T00:06:07.450+0000] {logging_mixin.py:151} INFO - [2025-04-08T00:06:07.450+0000] {dagbag.py:536} INFO - Filling up the DagBag from /opt/airflow/dags/extract_exchange_rates.py
[2025-04-08T00:06:07.460+0000] {processor.py:839} INFO - DAG(s) dict_keys(['extract_exchange_rates']) retrieved from /opt/airflow/dags/extract_exchange_rates.py
[2025-04-08T00:06:07.473+0000] {logging_mixin.py:151} INFO - [2025-04-08T00:06:07.473+0000] {dag.py:2941} INFO - Sync 1 DAGs
[2025-04-08T00:06:07.483+0000] {logging_mixin.py:151} INFO - [2025-04-08T00:06:07.482+0000] {dag.py:3722} INFO - Setting next_dagrun for extract_exchange_rates to 2025-04-08T00:00:00+00:00, run_after=2025-04-09T00:00:00+00:00
[2025-04-08T00:06:07.490+0000] {processor.py:179} INFO - Processing /opt/airflow/dags/extract_exchange_rates.py took 0.044 seconds
[2025-04-08T00:06:37.686+0000] {processor.py:157} INFO - Started process (PID=757) to work on /opt/airflow/dags/extract_exchange_rates.py
[2025-04-08T00:06:37.687+0000] {processor.py:829} INFO - Processing file /opt/airflow/dags/extract_exchange_rates.py for tasks to queue
[2025-04-08T00:06:37.687+0000] {logging_mixin.py:151} INFO - [2025-04-08T00:06:37.687+0000] {dagbag.py:536} INFO - Filling up the DagBag from /opt/airflow/dags/extract_exchange_rates.py
[2025-04-08T00:06:37.699+0000] {processor.py:839} INFO - DAG(s) dict_keys(['extract_exchange_rates']) retrieved from /opt/airflow/dags/extract_exchange_rates.py
[2025-04-08T00:06:37.712+0000] {logging_mixin.py:151} INFO - [2025-04-08T00:06:37.712+0000] {dag.py:2941} INFO - Sync 1 DAGs
[2025-04-08T00:06:37.723+0000] {logging_mixin.py:151} INFO - [2025-04-08T00:06:37.722+0000] {dag.py:3722} INFO - Setting next_dagrun for extract_exchange_rates to 2025-04-08T00:00:00+00:00, run_after=2025-04-09T00:00:00+00:00
[2025-04-08T00:06:37.730+0000] {processor.py:179} INFO - Processing /opt/airflow/dags/extract_exchange_rates.py took 0.047 seconds
[2025-04-08T00:07:07.934+0000] {processor.py:157} INFO - Started process (PID=762) to work on /opt/airflow/dags/extract_exchange_rates.py
[2025-04-08T00:07:07.935+0000] {processor.py:829} INFO - Processing file /opt/airflow/dags/extract_exchange_rates.py for tasks to queue
[2025-04-08T00:07:07.936+0000] {logging_mixin.py:151} INFO - [2025-04-08T00:07:07.936+0000] {dagbag.py:536} INFO - Filling up the DagBag from /opt/airflow/dags/extract_exchange_rates.py
[2025-04-08T00:07:07.948+0000] {processor.py:839} INFO - DAG(s) dict_keys(['extract_exchange_rates']) retrieved from /opt/airflow/dags/extract_exchange_rates.py
[2025-04-08T00:07:07.965+0000] {logging_mixin.py:151} INFO - [2025-04-08T00:07:07.965+0000] {dag.py:2941} INFO - Sync 1 DAGs
[2025-04-08T00:07:07.975+0000] {logging_mixin.py:151} INFO - [2025-04-08T00:07:07.975+0000] {dag.py:3722} INFO - Setting next_dagrun for extract_exchange_rates to 2025-04-08T00:00:00+00:00, run_after=2025-04-09T00:00:00+00:00
[2025-04-08T00:07:07.982+0000] {processor.py:179} INFO - Processing /opt/airflow/dags/extract_exchange_rates.py took 0.051 seconds
[2025-04-08T00:07:38.188+0000] {processor.py:157} INFO - Started process (PID=767) to work on /opt/airflow/dags/extract_exchange_rates.py
[2025-04-08T00:07:38.189+0000] {processor.py:829} INFO - Processing file /opt/airflow/dags/extract_exchange_rates.py for tasks to queue
[2025-04-08T00:07:38.189+0000] {logging_mixin.py:151} INFO - [2025-04-08T00:07:38.189+0000] {dagbag.py:536} INFO - Filling up the DagBag from /opt/airflow/dags/extract_exchange_rates.py
[2025-04-08T00:07:38.202+0000] {processor.py:839} INFO - DAG(s) dict_keys(['extract_exchange_rates']) retrieved from /opt/airflow/dags/extract_exchange_rates.py
[2025-04-08T00:07:38.214+0000] {logging_mixin.py:151} INFO - [2025-04-08T00:07:38.214+0000] {dag.py:2941} INFO - Sync 1 DAGs
[2025-04-08T00:07:38.225+0000] {logging_mixin.py:151} INFO - [2025-04-08T00:07:38.225+0000] {dag.py:3722} INFO - Setting next_dagrun for extract_exchange_rates to 2025-04-08T00:00:00+00:00, run_after=2025-04-09T00:00:00+00:00
[2025-04-08T00:07:38.232+0000] {processor.py:179} INFO - Processing /opt/airflow/dags/extract_exchange_rates.py took 0.046 seconds
[2025-04-08T00:08:08.427+0000] {processor.py:157} INFO - Started process (PID=772) to work on /opt/airflow/dags/extract_exchange_rates.py
[2025-04-08T00:08:08.428+0000] {processor.py:829} INFO - Processing file /opt/airflow/dags/extract_exchange_rates.py for tasks to queue
[2025-04-08T00:08:08.429+0000] {logging_mixin.py:151} INFO - [2025-04-08T00:08:08.428+0000] {dagbag.py:536} INFO - Filling up the DagBag from /opt/airflow/dags/extract_exchange_rates.py
[2025-04-08T00:08:08.440+0000] {processor.py:839} INFO - DAG(s) dict_keys(['extract_exchange_rates']) retrieved from /opt/airflow/dags/extract_exchange_rates.py
[2025-04-08T00:08:08.453+0000] {logging_mixin.py:151} INFO - [2025-04-08T00:08:08.453+0000] {dag.py:2941} INFO - Sync 1 DAGs
[2025-04-08T00:08:08.464+0000] {logging_mixin.py:151} INFO - [2025-04-08T00:08:08.464+0000] {dag.py:3722} INFO - Setting next_dagrun for extract_exchange_rates to 2025-04-08T00:00:00+00:00, run_after=2025-04-09T00:00:00+00:00
[2025-04-08T00:08:08.471+0000] {processor.py:179} INFO - Processing /opt/airflow/dags/extract_exchange_rates.py took 0.047 seconds
[2025-04-08T00:08:38.670+0000] {processor.py:157} INFO - Started process (PID=777) to work on /opt/airflow/dags/extract_exchange_rates.py
[2025-04-08T00:08:38.671+0000] {processor.py:829} INFO - Processing file /opt/airflow/dags/extract_exchange_rates.py for tasks to queue
[2025-04-08T00:08:38.672+0000] {logging_mixin.py:151} INFO - [2025-04-08T00:08:38.671+0000] {dagbag.py:536} INFO - Filling up the DagBag from /opt/airflow/dags/extract_exchange_rates.py
[2025-04-08T00:08:38.684+0000] {processor.py:839} INFO - DAG(s) dict_keys(['extract_exchange_rates']) retrieved from /opt/airflow/dags/extract_exchange_rates.py
[2025-04-08T00:08:38.699+0000] {logging_mixin.py:151} INFO - [2025-04-08T00:08:38.699+0000] {dag.py:2941} INFO - Sync 1 DAGs
[2025-04-08T00:08:38.709+0000] {logging_mixin.py:151} INFO - [2025-04-08T00:08:38.709+0000] {dag.py:3722} INFO - Setting next_dagrun for extract_exchange_rates to 2025-04-08T00:00:00+00:00, run_after=2025-04-09T00:00:00+00:00
[2025-04-08T00:08:38.716+0000] {processor.py:179} INFO - Processing /opt/airflow/dags/extract_exchange_rates.py took 0.049 seconds
[2025-04-08T00:09:08.909+0000] {processor.py:157} INFO - Started process (PID=782) to work on /opt/airflow/dags/extract_exchange_rates.py
[2025-04-08T00:09:08.910+0000] {processor.py:829} INFO - Processing file /opt/airflow/dags/extract_exchange_rates.py for tasks to queue
[2025-04-08T00:09:08.910+0000] {logging_mixin.py:151} INFO - [2025-04-08T00:09:08.910+0000] {dagbag.py:536} INFO - Filling up the DagBag from /opt/airflow/dags/extract_exchange_rates.py
[2025-04-08T00:09:08.921+0000] {processor.py:839} INFO - DAG(s) dict_keys(['extract_exchange_rates']) retrieved from /opt/airflow/dags/extract_exchange_rates.py
[2025-04-08T00:09:08.935+0000] {logging_mixin.py:151} INFO - [2025-04-08T00:09:08.935+0000] {dag.py:2941} INFO - Sync 1 DAGs
[2025-04-08T00:09:08.945+0000] {logging_mixin.py:151} INFO - [2025-04-08T00:09:08.945+0000] {dag.py:3722} INFO - Setting next_dagrun for extract_exchange_rates to 2025-04-08T00:00:00+00:00, run_after=2025-04-09T00:00:00+00:00
[2025-04-08T00:09:08.952+0000] {processor.py:179} INFO - Processing /opt/airflow/dags/extract_exchange_rates.py took 0.046 seconds
[2025-04-08T00:09:39.159+0000] {processor.py:157} INFO - Started process (PID=787) to work on /opt/airflow/dags/extract_exchange_rates.py
[2025-04-08T00:09:39.160+0000] {processor.py:829} INFO - Processing file /opt/airflow/dags/extract_exchange_rates.py for tasks to queue
[2025-04-08T00:09:39.161+0000] {logging_mixin.py:151} INFO - [2025-04-08T00:09:39.161+0000] {dagbag.py:536} INFO - Filling up the DagBag from /opt/airflow/dags/extract_exchange_rates.py
[2025-04-08T00:09:39.171+0000] {processor.py:839} INFO - DAG(s) dict_keys(['extract_exchange_rates']) retrieved from /opt/airflow/dags/extract_exchange_rates.py
[2025-04-08T00:09:39.183+0000] {logging_mixin.py:151} INFO - [2025-04-08T00:09:39.183+0000] {dag.py:2941} INFO - Sync 1 DAGs
[2025-04-08T00:09:39.193+0000] {logging_mixin.py:151} INFO - [2025-04-08T00:09:39.193+0000] {dag.py:3722} INFO - Setting next_dagrun for extract_exchange_rates to 2025-04-08T00:00:00+00:00, run_after=2025-04-09T00:00:00+00:00
[2025-04-08T00:09:39.201+0000] {processor.py:179} INFO - Processing /opt/airflow/dags/extract_exchange_rates.py took 0.045 seconds
[2025-04-08T00:10:09.390+0000] {processor.py:157} INFO - Started process (PID=792) to work on /opt/airflow/dags/extract_exchange_rates.py
[2025-04-08T00:10:09.391+0000] {processor.py:829} INFO - Processing file /opt/airflow/dags/extract_exchange_rates.py for tasks to queue
[2025-04-08T00:10:09.392+0000] {logging_mixin.py:151} INFO - [2025-04-08T00:10:09.391+0000] {dagbag.py:536} INFO - Filling up the DagBag from /opt/airflow/dags/extract_exchange_rates.py
[2025-04-08T00:10:09.402+0000] {processor.py:839} INFO - DAG(s) dict_keys(['extract_exchange_rates']) retrieved from /opt/airflow/dags/extract_exchange_rates.py
[2025-04-08T00:10:09.415+0000] {logging_mixin.py:151} INFO - [2025-04-08T00:10:09.415+0000] {dag.py:2941} INFO - Sync 1 DAGs
[2025-04-08T00:10:09.425+0000] {logging_mixin.py:151} INFO - [2025-04-08T00:10:09.425+0000] {dag.py:3722} INFO - Setting next_dagrun for extract_exchange_rates to 2025-04-08T00:00:00+00:00, run_after=2025-04-09T00:00:00+00:00
[2025-04-08T00:10:09.433+0000] {processor.py:179} INFO - Processing /opt/airflow/dags/extract_exchange_rates.py took 0.046 seconds
[2025-04-08T00:10:39.649+0000] {processor.py:157} INFO - Started process (PID=797) to work on /opt/airflow/dags/extract_exchange_rates.py
[2025-04-08T00:10:39.649+0000] {processor.py:829} INFO - Processing file /opt/airflow/dags/extract_exchange_rates.py for tasks to queue
[2025-04-08T00:10:39.650+0000] {logging_mixin.py:151} INFO - [2025-04-08T00:10:39.650+0000] {dagbag.py:536} INFO - Filling up the DagBag from /opt/airflow/dags/extract_exchange_rates.py
[2025-04-08T00:10:39.663+0000] {processor.py:839} INFO - DAG(s) dict_keys(['extract_exchange_rates']) retrieved from /opt/airflow/dags/extract_exchange_rates.py
[2025-04-08T00:10:39.678+0000] {logging_mixin.py:151} INFO - [2025-04-08T00:10:39.678+0000] {dag.py:2941} INFO - Sync 1 DAGs
[2025-04-08T00:10:39.689+0000] {logging_mixin.py:151} INFO - [2025-04-08T00:10:39.689+0000] {dag.py:3722} INFO - Setting next_dagrun for extract_exchange_rates to 2025-04-08T00:00:00+00:00, run_after=2025-04-09T00:00:00+00:00
[2025-04-08T00:10:39.697+0000] {processor.py:179} INFO - Processing /opt/airflow/dags/extract_exchange_rates.py took 0.051 seconds
[2025-04-08T00:11:09.901+0000] {processor.py:157} INFO - Started process (PID=802) to work on /opt/airflow/dags/extract_exchange_rates.py
[2025-04-08T00:11:09.902+0000] {processor.py:829} INFO - Processing file /opt/airflow/dags/extract_exchange_rates.py for tasks to queue
[2025-04-08T00:11:09.903+0000] {logging_mixin.py:151} INFO - [2025-04-08T00:11:09.903+0000] {dagbag.py:536} INFO - Filling up the DagBag from /opt/airflow/dags/extract_exchange_rates.py
[2025-04-08T00:11:09.914+0000] {processor.py:839} INFO - DAG(s) dict_keys(['extract_exchange_rates']) retrieved from /opt/airflow/dags/extract_exchange_rates.py
[2025-04-08T00:11:09.929+0000] {logging_mixin.py:151} INFO - [2025-04-08T00:11:09.929+0000] {dag.py:2941} INFO - Sync 1 DAGs
[2025-04-08T00:11:09.940+0000] {logging_mixin.py:151} INFO - [2025-04-08T00:11:09.940+0000] {dag.py:3722} INFO - Setting next_dagrun for extract_exchange_rates to 2025-04-08T00:00:00+00:00, run_after=2025-04-09T00:00:00+00:00
[2025-04-08T00:11:09.948+0000] {processor.py:179} INFO - Processing /opt/airflow/dags/extract_exchange_rates.py took 0.049 seconds
[2025-04-08T00:11:40.163+0000] {processor.py:157} INFO - Started process (PID=807) to work on /opt/airflow/dags/extract_exchange_rates.py
[2025-04-08T00:11:40.164+0000] {processor.py:829} INFO - Processing file /opt/airflow/dags/extract_exchange_rates.py for tasks to queue
[2025-04-08T00:11:40.165+0000] {logging_mixin.py:151} INFO - [2025-04-08T00:11:40.165+0000] {dagbag.py:536} INFO - Filling up the DagBag from /opt/airflow/dags/extract_exchange_rates.py
[2025-04-08T00:11:40.175+0000] {processor.py:839} INFO - DAG(s) dict_keys(['extract_exchange_rates']) retrieved from /opt/airflow/dags/extract_exchange_rates.py
[2025-04-08T00:11:40.188+0000] {logging_mixin.py:151} INFO - [2025-04-08T00:11:40.188+0000] {dag.py:2941} INFO - Sync 1 DAGs
[2025-04-08T00:11:40.198+0000] {logging_mixin.py:151} INFO - [2025-04-08T00:11:40.197+0000] {dag.py:3722} INFO - Setting next_dagrun for extract_exchange_rates to 2025-04-08T00:00:00+00:00, run_after=2025-04-09T00:00:00+00:00
[2025-04-08T00:11:40.205+0000] {processor.py:179} INFO - Processing /opt/airflow/dags/extract_exchange_rates.py took 0.045 seconds
[2025-04-08T00:12:10.407+0000] {processor.py:157} INFO - Started process (PID=812) to work on /opt/airflow/dags/extract_exchange_rates.py
[2025-04-08T00:12:10.408+0000] {processor.py:829} INFO - Processing file /opt/airflow/dags/extract_exchange_rates.py for tasks to queue
[2025-04-08T00:12:10.408+0000] {logging_mixin.py:151} INFO - [2025-04-08T00:12:10.408+0000] {dagbag.py:536} INFO - Filling up the DagBag from /opt/airflow/dags/extract_exchange_rates.py
[2025-04-08T00:12:10.420+0000] {processor.py:839} INFO - DAG(s) dict_keys(['extract_exchange_rates']) retrieved from /opt/airflow/dags/extract_exchange_rates.py
[2025-04-08T00:12:10.435+0000] {logging_mixin.py:151} INFO - [2025-04-08T00:12:10.435+0000] {dag.py:2941} INFO - Sync 1 DAGs
[2025-04-08T00:12:10.444+0000] {logging_mixin.py:151} INFO - [2025-04-08T00:12:10.444+0000] {dag.py:3722} INFO - Setting next_dagrun for extract_exchange_rates to 2025-04-08T00:00:00+00:00, run_after=2025-04-09T00:00:00+00:00
[2025-04-08T00:12:10.453+0000] {processor.py:179} INFO - Processing /opt/airflow/dags/extract_exchange_rates.py took 0.049 seconds
[2025-04-08T00:12:40.656+0000] {processor.py:157} INFO - Started process (PID=817) to work on /opt/airflow/dags/extract_exchange_rates.py
[2025-04-08T00:12:40.657+0000] {processor.py:829} INFO - Processing file /opt/airflow/dags/extract_exchange_rates.py for tasks to queue
[2025-04-08T00:12:40.658+0000] {logging_mixin.py:151} INFO - [2025-04-08T00:12:40.658+0000] {dagbag.py:536} INFO - Filling up the DagBag from /opt/airflow/dags/extract_exchange_rates.py
[2025-04-08T00:12:40.671+0000] {processor.py:839} INFO - DAG(s) dict_keys(['extract_exchange_rates']) retrieved from /opt/airflow/dags/extract_exchange_rates.py
[2025-04-08T00:12:40.685+0000] {logging_mixin.py:151} INFO - [2025-04-08T00:12:40.685+0000] {dag.py:2941} INFO - Sync 1 DAGs
[2025-04-08T00:12:40.695+0000] {logging_mixin.py:151} INFO - [2025-04-08T00:12:40.695+0000] {dag.py:3722} INFO - Setting next_dagrun for extract_exchange_rates to 2025-04-08T00:00:00+00:00, run_after=2025-04-09T00:00:00+00:00
[2025-04-08T00:12:40.702+0000] {processor.py:179} INFO - Processing /opt/airflow/dags/extract_exchange_rates.py took 0.048 seconds
[2025-04-08T00:13:10.895+0000] {processor.py:157} INFO - Started process (PID=822) to work on /opt/airflow/dags/extract_exchange_rates.py
[2025-04-08T00:13:10.895+0000] {processor.py:829} INFO - Processing file /opt/airflow/dags/extract_exchange_rates.py for tasks to queue
[2025-04-08T00:13:10.896+0000] {logging_mixin.py:151} INFO - [2025-04-08T00:13:10.896+0000] {dagbag.py:536} INFO - Filling up the DagBag from /opt/airflow/dags/extract_exchange_rates.py
[2025-04-08T00:13:10.906+0000] {processor.py:839} INFO - DAG(s) dict_keys(['extract_exchange_rates']) retrieved from /opt/airflow/dags/extract_exchange_rates.py
[2025-04-08T00:13:10.919+0000] {logging_mixin.py:151} INFO - [2025-04-08T00:13:10.919+0000] {dag.py:2941} INFO - Sync 1 DAGs
[2025-04-08T00:13:10.930+0000] {logging_mixin.py:151} INFO - [2025-04-08T00:13:10.929+0000] {dag.py:3722} INFO - Setting next_dagrun for extract_exchange_rates to 2025-04-08T00:00:00+00:00, run_after=2025-04-09T00:00:00+00:00
[2025-04-08T00:13:10.937+0000] {processor.py:179} INFO - Processing /opt/airflow/dags/extract_exchange_rates.py took 0.045 seconds
[2025-04-08T00:13:41.139+0000] {processor.py:157} INFO - Started process (PID=827) to work on /opt/airflow/dags/extract_exchange_rates.py
[2025-04-08T00:13:41.140+0000] {processor.py:829} INFO - Processing file /opt/airflow/dags/extract_exchange_rates.py for tasks to queue
[2025-04-08T00:13:41.141+0000] {logging_mixin.py:151} INFO - [2025-04-08T00:13:41.141+0000] {dagbag.py:536} INFO - Filling up the DagBag from /opt/airflow/dags/extract_exchange_rates.py
[2025-04-08T00:13:41.153+0000] {processor.py:839} INFO - DAG(s) dict_keys(['extract_exchange_rates']) retrieved from /opt/airflow/dags/extract_exchange_rates.py
[2025-04-08T00:13:41.166+0000] {logging_mixin.py:151} INFO - [2025-04-08T00:13:41.166+0000] {dag.py:2941} INFO - Sync 1 DAGs
[2025-04-08T00:13:41.176+0000] {logging_mixin.py:151} INFO - [2025-04-08T00:13:41.176+0000] {dag.py:3722} INFO - Setting next_dagrun for extract_exchange_rates to 2025-04-08T00:00:00+00:00, run_after=2025-04-09T00:00:00+00:00
[2025-04-08T00:13:41.184+0000] {processor.py:179} INFO - Processing /opt/airflow/dags/extract_exchange_rates.py took 0.047 seconds
[2025-04-08T00:14:11.370+0000] {processor.py:157} INFO - Started process (PID=832) to work on /opt/airflow/dags/extract_exchange_rates.py
[2025-04-08T00:14:11.370+0000] {processor.py:829} INFO - Processing file /opt/airflow/dags/extract_exchange_rates.py for tasks to queue
[2025-04-08T00:14:11.371+0000] {logging_mixin.py:151} INFO - [2025-04-08T00:14:11.371+0000] {dagbag.py:536} INFO - Filling up the DagBag from /opt/airflow/dags/extract_exchange_rates.py
[2025-04-08T00:14:11.379+0000] {processor.py:839} INFO - DAG(s) dict_keys(['extract_exchange_rates']) retrieved from /opt/airflow/dags/extract_exchange_rates.py
[2025-04-08T00:14:11.391+0000] {logging_mixin.py:151} INFO - [2025-04-08T00:14:11.391+0000] {dag.py:2941} INFO - Sync 1 DAGs
[2025-04-08T00:14:11.400+0000] {logging_mixin.py:151} INFO - [2025-04-08T00:14:11.400+0000] {dag.py:3722} INFO - Setting next_dagrun for extract_exchange_rates to 2025-04-08T00:00:00+00:00, run_after=2025-04-09T00:00:00+00:00
[2025-04-08T00:14:11.407+0000] {processor.py:179} INFO - Processing /opt/airflow/dags/extract_exchange_rates.py took 0.039 seconds
[2025-04-08T00:14:41.622+0000] {processor.py:157} INFO - Started process (PID=837) to work on /opt/airflow/dags/extract_exchange_rates.py
[2025-04-08T00:14:41.623+0000] {processor.py:829} INFO - Processing file /opt/airflow/dags/extract_exchange_rates.py for tasks to queue
[2025-04-08T00:14:41.624+0000] {logging_mixin.py:151} INFO - [2025-04-08T00:14:41.624+0000] {dagbag.py:536} INFO - Filling up the DagBag from /opt/airflow/dags/extract_exchange_rates.py
[2025-04-08T00:14:41.634+0000] {processor.py:839} INFO - DAG(s) dict_keys(['extract_exchange_rates']) retrieved from /opt/airflow/dags/extract_exchange_rates.py
[2025-04-08T00:14:41.650+0000] {logging_mixin.py:151} INFO - [2025-04-08T00:14:41.650+0000] {dag.py:2941} INFO - Sync 1 DAGs
[2025-04-08T00:14:41.661+0000] {logging_mixin.py:151} INFO - [2025-04-08T00:14:41.661+0000] {dag.py:3722} INFO - Setting next_dagrun for extract_exchange_rates to 2025-04-08T00:00:00+00:00, run_after=2025-04-09T00:00:00+00:00
[2025-04-08T00:14:41.669+0000] {processor.py:179} INFO - Processing /opt/airflow/dags/extract_exchange_rates.py took 0.049 seconds
[2025-04-08T00:15:11.864+0000] {processor.py:157} INFO - Started process (PID=842) to work on /opt/airflow/dags/extract_exchange_rates.py
[2025-04-08T00:15:11.865+0000] {processor.py:829} INFO - Processing file /opt/airflow/dags/extract_exchange_rates.py for tasks to queue
[2025-04-08T00:15:11.866+0000] {logging_mixin.py:151} INFO - [2025-04-08T00:15:11.866+0000] {dagbag.py:536} INFO - Filling up the DagBag from /opt/airflow/dags/extract_exchange_rates.py
[2025-04-08T00:15:11.877+0000] {processor.py:839} INFO - DAG(s) dict_keys(['extract_exchange_rates']) retrieved from /opt/airflow/dags/extract_exchange_rates.py
[2025-04-08T00:15:11.891+0000] {logging_mixin.py:151} INFO - [2025-04-08T00:15:11.891+0000] {dag.py:2941} INFO - Sync 1 DAGs
[2025-04-08T00:15:11.900+0000] {logging_mixin.py:151} INFO - [2025-04-08T00:15:11.900+0000] {dag.py:3722} INFO - Setting next_dagrun for extract_exchange_rates to 2025-04-08T00:00:00+00:00, run_after=2025-04-09T00:00:00+00:00
[2025-04-08T00:15:11.909+0000] {processor.py:179} INFO - Processing /opt/airflow/dags/extract_exchange_rates.py took 0.047 seconds
[2025-04-08T00:15:42.087+0000] {processor.py:157} INFO - Started process (PID=847) to work on /opt/airflow/dags/extract_exchange_rates.py
[2025-04-08T00:15:42.088+0000] {processor.py:829} INFO - Processing file /opt/airflow/dags/extract_exchange_rates.py for tasks to queue
[2025-04-08T00:15:42.089+0000] {logging_mixin.py:151} INFO - [2025-04-08T00:15:42.088+0000] {dagbag.py:536} INFO - Filling up the DagBag from /opt/airflow/dags/extract_exchange_rates.py
[2025-04-08T00:15:42.101+0000] {processor.py:839} INFO - DAG(s) dict_keys(['extract_exchange_rates']) retrieved from /opt/airflow/dags/extract_exchange_rates.py
[2025-04-08T00:15:42.117+0000] {logging_mixin.py:151} INFO - [2025-04-08T00:15:42.117+0000] {dag.py:2941} INFO - Sync 1 DAGs
[2025-04-08T00:15:42.128+0000] {logging_mixin.py:151} INFO - [2025-04-08T00:15:42.128+0000] {dag.py:3722} INFO - Setting next_dagrun for extract_exchange_rates to 2025-04-08T00:00:00+00:00, run_after=2025-04-09T00:00:00+00:00
[2025-04-08T00:15:42.135+0000] {processor.py:179} INFO - Processing /opt/airflow/dags/extract_exchange_rates.py took 0.052 seconds
[2025-04-08T00:16:12.311+0000] {processor.py:157} INFO - Started process (PID=852) to work on /opt/airflow/dags/extract_exchange_rates.py
[2025-04-08T00:16:12.312+0000] {processor.py:829} INFO - Processing file /opt/airflow/dags/extract_exchange_rates.py for tasks to queue
[2025-04-08T00:16:12.312+0000] {logging_mixin.py:151} INFO - [2025-04-08T00:16:12.312+0000] {dagbag.py:536} INFO - Filling up the DagBag from /opt/airflow/dags/extract_exchange_rates.py
[2025-04-08T00:16:12.323+0000] {processor.py:839} INFO - DAG(s) dict_keys(['extract_exchange_rates']) retrieved from /opt/airflow/dags/extract_exchange_rates.py
[2025-04-08T00:16:12.346+0000] {logging_mixin.py:151} INFO - [2025-04-08T00:16:12.346+0000] {dag.py:2941} INFO - Sync 1 DAGs
[2025-04-08T00:16:12.356+0000] {logging_mixin.py:151} INFO - [2025-04-08T00:16:12.356+0000] {dag.py:3722} INFO - Setting next_dagrun for extract_exchange_rates to 2025-04-08T00:00:00+00:00, run_after=2025-04-09T00:00:00+00:00
[2025-04-08T00:16:12.364+0000] {processor.py:179} INFO - Processing /opt/airflow/dags/extract_exchange_rates.py took 0.055 seconds
[2025-04-08T00:16:42.552+0000] {processor.py:157} INFO - Started process (PID=857) to work on /opt/airflow/dags/extract_exchange_rates.py
[2025-04-08T00:16:42.553+0000] {processor.py:829} INFO - Processing file /opt/airflow/dags/extract_exchange_rates.py for tasks to queue
[2025-04-08T00:16:42.554+0000] {logging_mixin.py:151} INFO - [2025-04-08T00:16:42.554+0000] {dagbag.py:536} INFO - Filling up the DagBag from /opt/airflow/dags/extract_exchange_rates.py
[2025-04-08T00:16:42.567+0000] {processor.py:839} INFO - DAG(s) dict_keys(['extract_exchange_rates']) retrieved from /opt/airflow/dags/extract_exchange_rates.py
[2025-04-08T00:16:42.583+0000] {logging_mixin.py:151} INFO - [2025-04-08T00:16:42.583+0000] {dag.py:2941} INFO - Sync 1 DAGs
[2025-04-08T00:16:42.595+0000] {logging_mixin.py:151} INFO - [2025-04-08T00:16:42.595+0000] {dag.py:3722} INFO - Setting next_dagrun for extract_exchange_rates to 2025-04-08T00:00:00+00:00, run_after=2025-04-09T00:00:00+00:00
[2025-04-08T00:16:42.603+0000] {processor.py:179} INFO - Processing /opt/airflow/dags/extract_exchange_rates.py took 0.053 seconds
[2025-04-08T00:17:12.822+0000] {processor.py:157} INFO - Started process (PID=862) to work on /opt/airflow/dags/extract_exchange_rates.py
[2025-04-08T00:17:12.823+0000] {processor.py:829} INFO - Processing file /opt/airflow/dags/extract_exchange_rates.py for tasks to queue
[2025-04-08T00:17:12.824+0000] {logging_mixin.py:151} INFO - [2025-04-08T00:17:12.823+0000] {dagbag.py:536} INFO - Filling up the DagBag from /opt/airflow/dags/extract_exchange_rates.py
[2025-04-08T00:17:12.836+0000] {processor.py:839} INFO - DAG(s) dict_keys(['extract_exchange_rates']) retrieved from /opt/airflow/dags/extract_exchange_rates.py
[2025-04-08T00:17:12.852+0000] {logging_mixin.py:151} INFO - [2025-04-08T00:17:12.852+0000] {dag.py:2941} INFO - Sync 1 DAGs
[2025-04-08T00:17:12.862+0000] {logging_mixin.py:151} INFO - [2025-04-08T00:17:12.862+0000] {dag.py:3722} INFO - Setting next_dagrun for extract_exchange_rates to 2025-04-08T00:00:00+00:00, run_after=2025-04-09T00:00:00+00:00
[2025-04-08T00:17:12.870+0000] {processor.py:179} INFO - Processing /opt/airflow/dags/extract_exchange_rates.py took 0.051 seconds
[2025-04-08T00:17:43.063+0000] {processor.py:157} INFO - Started process (PID=867) to work on /opt/airflow/dags/extract_exchange_rates.py
[2025-04-08T00:17:43.064+0000] {processor.py:829} INFO - Processing file /opt/airflow/dags/extract_exchange_rates.py for tasks to queue
[2025-04-08T00:17:43.064+0000] {logging_mixin.py:151} INFO - [2025-04-08T00:17:43.064+0000] {dagbag.py:536} INFO - Filling up the DagBag from /opt/airflow/dags/extract_exchange_rates.py
[2025-04-08T00:17:43.073+0000] {processor.py:839} INFO - DAG(s) dict_keys(['extract_exchange_rates']) retrieved from /opt/airflow/dags/extract_exchange_rates.py
[2025-04-08T00:17:43.087+0000] {logging_mixin.py:151} INFO - [2025-04-08T00:17:43.087+0000] {dag.py:2941} INFO - Sync 1 DAGs
[2025-04-08T00:17:43.097+0000] {logging_mixin.py:151} INFO - [2025-04-08T00:17:43.097+0000] {dag.py:3722} INFO - Setting next_dagrun for extract_exchange_rates to 2025-04-08T00:00:00+00:00, run_after=2025-04-09T00:00:00+00:00
[2025-04-08T00:17:43.104+0000] {processor.py:179} INFO - Processing /opt/airflow/dags/extract_exchange_rates.py took 0.043 seconds
[2025-04-08T00:18:13.288+0000] {processor.py:157} INFO - Started process (PID=872) to work on /opt/airflow/dags/extract_exchange_rates.py
[2025-04-08T00:18:13.289+0000] {processor.py:829} INFO - Processing file /opt/airflow/dags/extract_exchange_rates.py for tasks to queue
[2025-04-08T00:18:13.289+0000] {logging_mixin.py:151} INFO - [2025-04-08T00:18:13.289+0000] {dagbag.py:536} INFO - Filling up the DagBag from /opt/airflow/dags/extract_exchange_rates.py
[2025-04-08T00:18:13.297+0000] {processor.py:839} INFO - DAG(s) dict_keys(['extract_exchange_rates']) retrieved from /opt/airflow/dags/extract_exchange_rates.py
[2025-04-08T00:18:13.312+0000] {logging_mixin.py:151} INFO - [2025-04-08T00:18:13.312+0000] {dag.py:2941} INFO - Sync 1 DAGs
[2025-04-08T00:18:13.324+0000] {logging_mixin.py:151} INFO - [2025-04-08T00:18:13.323+0000] {dag.py:3722} INFO - Setting next_dagrun for extract_exchange_rates to 2025-04-08T00:00:00+00:00, run_after=2025-04-09T00:00:00+00:00
[2025-04-08T00:18:13.332+0000] {processor.py:179} INFO - Processing /opt/airflow/dags/extract_exchange_rates.py took 0.045 seconds
[2025-04-08T00:18:43.558+0000] {processor.py:157} INFO - Started process (PID=877) to work on /opt/airflow/dags/extract_exchange_rates.py
[2025-04-08T00:18:43.559+0000] {processor.py:829} INFO - Processing file /opt/airflow/dags/extract_exchange_rates.py for tasks to queue
[2025-04-08T00:18:43.560+0000] {logging_mixin.py:151} INFO - [2025-04-08T00:18:43.559+0000] {dagbag.py:536} INFO - Filling up the DagBag from /opt/airflow/dags/extract_exchange_rates.py
[2025-04-08T00:18:43.572+0000] {processor.py:839} INFO - DAG(s) dict_keys(['extract_exchange_rates']) retrieved from /opt/airflow/dags/extract_exchange_rates.py
[2025-04-08T00:18:43.589+0000] {logging_mixin.py:151} INFO - [2025-04-08T00:18:43.589+0000] {dag.py:2941} INFO - Sync 1 DAGs
[2025-04-08T00:18:43.603+0000] {logging_mixin.py:151} INFO - [2025-04-08T00:18:43.603+0000] {dag.py:3722} INFO - Setting next_dagrun for extract_exchange_rates to 2025-04-08T00:00:00+00:00, run_after=2025-04-09T00:00:00+00:00
[2025-04-08T00:18:43.615+0000] {processor.py:179} INFO - Processing /opt/airflow/dags/extract_exchange_rates.py took 0.060 seconds
[2025-04-08T00:19:13.780+0000] {processor.py:157} INFO - Started process (PID=882) to work on /opt/airflow/dags/extract_exchange_rates.py
[2025-04-08T00:19:13.781+0000] {processor.py:829} INFO - Processing file /opt/airflow/dags/extract_exchange_rates.py for tasks to queue
[2025-04-08T00:19:13.781+0000] {logging_mixin.py:151} INFO - [2025-04-08T00:19:13.781+0000] {dagbag.py:536} INFO - Filling up the DagBag from /opt/airflow/dags/extract_exchange_rates.py
[2025-04-08T00:19:13.791+0000] {processor.py:839} INFO - DAG(s) dict_keys(['extract_exchange_rates']) retrieved from /opt/airflow/dags/extract_exchange_rates.py
[2025-04-08T00:19:13.806+0000] {logging_mixin.py:151} INFO - [2025-04-08T00:19:13.806+0000] {dag.py:2941} INFO - Sync 1 DAGs
[2025-04-08T00:19:13.817+0000] {logging_mixin.py:151} INFO - [2025-04-08T00:19:13.817+0000] {dag.py:3722} INFO - Setting next_dagrun for extract_exchange_rates to 2025-04-08T00:00:00+00:00, run_after=2025-04-09T00:00:00+00:00
[2025-04-08T00:19:13.825+0000] {processor.py:179} INFO - Processing /opt/airflow/dags/extract_exchange_rates.py took 0.048 seconds
[2025-04-08T00:19:44.015+0000] {processor.py:157} INFO - Started process (PID=887) to work on /opt/airflow/dags/extract_exchange_rates.py
[2025-04-08T00:19:44.016+0000] {processor.py:829} INFO - Processing file /opt/airflow/dags/extract_exchange_rates.py for tasks to queue
[2025-04-08T00:19:44.017+0000] {logging_mixin.py:151} INFO - [2025-04-08T00:19:44.016+0000] {dagbag.py:536} INFO - Filling up the DagBag from /opt/airflow/dags/extract_exchange_rates.py
[2025-04-08T00:19:44.024+0000] {processor.py:839} INFO - DAG(s) dict_keys(['extract_exchange_rates']) retrieved from /opt/airflow/dags/extract_exchange_rates.py
[2025-04-08T00:19:44.035+0000] {logging_mixin.py:151} INFO - [2025-04-08T00:19:44.035+0000] {dag.py:2941} INFO - Sync 1 DAGs
[2025-04-08T00:19:44.043+0000] {logging_mixin.py:151} INFO - [2025-04-08T00:19:44.043+0000] {dag.py:3722} INFO - Setting next_dagrun for extract_exchange_rates to 2025-04-08T00:00:00+00:00, run_after=2025-04-09T00:00:00+00:00
[2025-04-08T00:19:44.049+0000] {processor.py:179} INFO - Processing /opt/airflow/dags/extract_exchange_rates.py took 0.036 seconds
[2025-04-08T00:20:14.220+0000] {processor.py:157} INFO - Started process (PID=892) to work on /opt/airflow/dags/extract_exchange_rates.py
[2025-04-08T00:20:14.221+0000] {processor.py:829} INFO - Processing file /opt/airflow/dags/extract_exchange_rates.py for tasks to queue
[2025-04-08T00:20:14.222+0000] {logging_mixin.py:151} INFO - [2025-04-08T00:20:14.221+0000] {dagbag.py:536} INFO - Filling up the DagBag from /opt/airflow/dags/extract_exchange_rates.py
[2025-04-08T00:20:14.231+0000] {processor.py:839} INFO - DAG(s) dict_keys(['extract_exchange_rates']) retrieved from /opt/airflow/dags/extract_exchange_rates.py
[2025-04-08T00:20:14.244+0000] {logging_mixin.py:151} INFO - [2025-04-08T00:20:14.243+0000] {dag.py:2941} INFO - Sync 1 DAGs
[2025-04-08T00:20:14.253+0000] {logging_mixin.py:151} INFO - [2025-04-08T00:20:14.253+0000] {dag.py:3722} INFO - Setting next_dagrun for extract_exchange_rates to 2025-04-08T00:00:00+00:00, run_after=2025-04-09T00:00:00+00:00
[2025-04-08T00:20:14.261+0000] {processor.py:179} INFO - Processing /opt/airflow/dags/extract_exchange_rates.py took 0.042 seconds
[2025-04-08T00:20:44.437+0000] {processor.py:157} INFO - Started process (PID=897) to work on /opt/airflow/dags/extract_exchange_rates.py
[2025-04-08T00:20:44.438+0000] {processor.py:829} INFO - Processing file /opt/airflow/dags/extract_exchange_rates.py for tasks to queue
[2025-04-08T00:20:44.438+0000] {logging_mixin.py:151} INFO - [2025-04-08T00:20:44.438+0000] {dagbag.py:536} INFO - Filling up the DagBag from /opt/airflow/dags/extract_exchange_rates.py
[2025-04-08T00:20:44.448+0000] {processor.py:839} INFO - DAG(s) dict_keys(['extract_exchange_rates']) retrieved from /opt/airflow/dags/extract_exchange_rates.py
[2025-04-08T00:20:44.463+0000] {logging_mixin.py:151} INFO - [2025-04-08T00:20:44.463+0000] {dag.py:2941} INFO - Sync 1 DAGs
[2025-04-08T00:20:44.473+0000] {logging_mixin.py:151} INFO - [2025-04-08T00:20:44.473+0000] {dag.py:3722} INFO - Setting next_dagrun for extract_exchange_rates to 2025-04-08T00:00:00+00:00, run_after=2025-04-09T00:00:00+00:00
[2025-04-08T00:20:44.481+0000] {processor.py:179} INFO - Processing /opt/airflow/dags/extract_exchange_rates.py took 0.046 seconds
[2025-04-08T00:21:14.646+0000] {processor.py:157} INFO - Started process (PID=902) to work on /opt/airflow/dags/extract_exchange_rates.py
[2025-04-08T00:21:14.647+0000] {processor.py:829} INFO - Processing file /opt/airflow/dags/extract_exchange_rates.py for tasks to queue
[2025-04-08T00:21:14.647+0000] {logging_mixin.py:151} INFO - [2025-04-08T00:21:14.647+0000] {dagbag.py:536} INFO - Filling up the DagBag from /opt/airflow/dags/extract_exchange_rates.py
[2025-04-08T00:21:14.657+0000] {processor.py:839} INFO - DAG(s) dict_keys(['extract_exchange_rates']) retrieved from /opt/airflow/dags/extract_exchange_rates.py
[2025-04-08T00:21:14.669+0000] {logging_mixin.py:151} INFO - [2025-04-08T00:21:14.669+0000] {dag.py:2941} INFO - Sync 1 DAGs
[2025-04-08T00:21:14.679+0000] {logging_mixin.py:151} INFO - [2025-04-08T00:21:14.679+0000] {dag.py:3722} INFO - Setting next_dagrun for extract_exchange_rates to 2025-04-08T00:00:00+00:00, run_after=2025-04-09T00:00:00+00:00
[2025-04-08T00:21:14.687+0000] {processor.py:179} INFO - Processing /opt/airflow/dags/extract_exchange_rates.py took 0.043 seconds
[2025-04-08T00:21:44.844+0000] {processor.py:157} INFO - Started process (PID=907) to work on /opt/airflow/dags/extract_exchange_rates.py
[2025-04-08T00:21:44.844+0000] {processor.py:829} INFO - Processing file /opt/airflow/dags/extract_exchange_rates.py for tasks to queue
[2025-04-08T00:21:44.845+0000] {logging_mixin.py:151} INFO - [2025-04-08T00:21:44.845+0000] {dagbag.py:536} INFO - Filling up the DagBag from /opt/airflow/dags/extract_exchange_rates.py
[2025-04-08T00:21:44.851+0000] {processor.py:839} INFO - DAG(s) dict_keys(['extract_exchange_rates']) retrieved from /opt/airflow/dags/extract_exchange_rates.py
[2025-04-08T00:21:44.863+0000] {logging_mixin.py:151} INFO - [2025-04-08T00:21:44.863+0000] {dag.py:2941} INFO - Sync 1 DAGs
[2025-04-08T00:21:44.872+0000] {logging_mixin.py:151} INFO - [2025-04-08T00:21:44.872+0000] {dag.py:3722} INFO - Setting next_dagrun for extract_exchange_rates to 2025-04-08T00:00:00+00:00, run_after=2025-04-09T00:00:00+00:00
[2025-04-08T00:21:44.880+0000] {processor.py:179} INFO - Processing /opt/airflow/dags/extract_exchange_rates.py took 0.037 seconds
[2025-04-08T00:22:15.048+0000] {processor.py:157} INFO - Started process (PID=912) to work on /opt/airflow/dags/extract_exchange_rates.py
[2025-04-08T00:22:15.049+0000] {processor.py:829} INFO - Processing file /opt/airflow/dags/extract_exchange_rates.py for tasks to queue
[2025-04-08T00:22:15.050+0000] {logging_mixin.py:151} INFO - [2025-04-08T00:22:15.050+0000] {dagbag.py:536} INFO - Filling up the DagBag from /opt/airflow/dags/extract_exchange_rates.py
[2025-04-08T00:22:15.060+0000] {processor.py:839} INFO - DAG(s) dict_keys(['extract_exchange_rates']) retrieved from /opt/airflow/dags/extract_exchange_rates.py
[2025-04-08T00:22:15.074+0000] {logging_mixin.py:151} INFO - [2025-04-08T00:22:15.073+0000] {dag.py:2941} INFO - Sync 1 DAGs
[2025-04-08T00:22:15.083+0000] {logging_mixin.py:151} INFO - [2025-04-08T00:22:15.083+0000] {dag.py:3722} INFO - Setting next_dagrun for extract_exchange_rates to 2025-04-08T00:00:00+00:00, run_after=2025-04-09T00:00:00+00:00
[2025-04-08T00:22:15.091+0000] {processor.py:179} INFO - Processing /opt/airflow/dags/extract_exchange_rates.py took 0.045 seconds
[2025-04-08T00:22:45.260+0000] {processor.py:157} INFO - Started process (PID=917) to work on /opt/airflow/dags/extract_exchange_rates.py
[2025-04-08T00:22:45.261+0000] {processor.py:829} INFO - Processing file /opt/airflow/dags/extract_exchange_rates.py for tasks to queue
[2025-04-08T00:22:45.261+0000] {logging_mixin.py:151} INFO - [2025-04-08T00:22:45.261+0000] {dagbag.py:536} INFO - Filling up the DagBag from /opt/airflow/dags/extract_exchange_rates.py
[2025-04-08T00:22:45.275+0000] {processor.py:839} INFO - DAG(s) dict_keys(['extract_exchange_rates']) retrieved from /opt/airflow/dags/extract_exchange_rates.py
[2025-04-08T00:22:45.288+0000] {logging_mixin.py:151} INFO - [2025-04-08T00:22:45.288+0000] {dag.py:2941} INFO - Sync 1 DAGs
[2025-04-08T00:22:45.298+0000] {logging_mixin.py:151} INFO - [2025-04-08T00:22:45.298+0000] {dag.py:3722} INFO - Setting next_dagrun for extract_exchange_rates to 2025-04-08T00:00:00+00:00, run_after=2025-04-09T00:00:00+00:00
[2025-04-08T00:22:45.305+0000] {processor.py:179} INFO - Processing /opt/airflow/dags/extract_exchange_rates.py took 0.047 seconds
[2025-04-08T00:23:15.455+0000] {processor.py:157} INFO - Started process (PID=922) to work on /opt/airflow/dags/extract_exchange_rates.py
[2025-04-08T00:23:15.456+0000] {processor.py:829} INFO - Processing file /opt/airflow/dags/extract_exchange_rates.py for tasks to queue
[2025-04-08T00:23:15.457+0000] {logging_mixin.py:151} INFO - [2025-04-08T00:23:15.456+0000] {dagbag.py:536} INFO - Filling up the DagBag from /opt/airflow/dags/extract_exchange_rates.py
[2025-04-08T00:23:15.471+0000] {processor.py:839} INFO - DAG(s) dict_keys(['extract_exchange_rates']) retrieved from /opt/airflow/dags/extract_exchange_rates.py
[2025-04-08T00:23:15.487+0000] {logging_mixin.py:151} INFO - [2025-04-08T00:23:15.487+0000] {dag.py:2941} INFO - Sync 1 DAGs
[2025-04-08T00:23:15.497+0000] {logging_mixin.py:151} INFO - [2025-04-08T00:23:15.497+0000] {dag.py:3722} INFO - Setting next_dagrun for extract_exchange_rates to 2025-04-08T00:00:00+00:00, run_after=2025-04-09T00:00:00+00:00
[2025-04-08T00:23:15.503+0000] {processor.py:179} INFO - Processing /opt/airflow/dags/extract_exchange_rates.py took 0.051 seconds
[2025-04-08T00:23:45.655+0000] {processor.py:157} INFO - Started process (PID=927) to work on /opt/airflow/dags/extract_exchange_rates.py
[2025-04-08T00:23:45.656+0000] {processor.py:829} INFO - Processing file /opt/airflow/dags/extract_exchange_rates.py for tasks to queue
[2025-04-08T00:23:45.656+0000] {logging_mixin.py:151} INFO - [2025-04-08T00:23:45.656+0000] {dagbag.py:536} INFO - Filling up the DagBag from /opt/airflow/dags/extract_exchange_rates.py
[2025-04-08T00:23:45.663+0000] {processor.py:839} INFO - DAG(s) dict_keys(['extract_exchange_rates']) retrieved from /opt/airflow/dags/extract_exchange_rates.py
[2025-04-08T00:23:45.673+0000] {logging_mixin.py:151} INFO - [2025-04-08T00:23:45.673+0000] {dag.py:2941} INFO - Sync 1 DAGs
[2025-04-08T00:23:45.682+0000] {logging_mixin.py:151} INFO - [2025-04-08T00:23:45.682+0000] {dag.py:3722} INFO - Setting next_dagrun for extract_exchange_rates to 2025-04-08T00:00:00+00:00, run_after=2025-04-09T00:00:00+00:00
[2025-04-08T00:23:45.689+0000] {processor.py:179} INFO - Processing /opt/airflow/dags/extract_exchange_rates.py took 0.036 seconds
[2025-04-08T00:24:15.878+0000] {processor.py:157} INFO - Started process (PID=932) to work on /opt/airflow/dags/extract_exchange_rates.py
[2025-04-08T00:24:15.879+0000] {processor.py:829} INFO - Processing file /opt/airflow/dags/extract_exchange_rates.py for tasks to queue
[2025-04-08T00:24:15.879+0000] {logging_mixin.py:151} INFO - [2025-04-08T00:24:15.879+0000] {dagbag.py:536} INFO - Filling up the DagBag from /opt/airflow/dags/extract_exchange_rates.py
[2025-04-08T00:24:15.890+0000] {processor.py:839} INFO - DAG(s) dict_keys(['extract_exchange_rates']) retrieved from /opt/airflow/dags/extract_exchange_rates.py
[2025-04-08T00:24:15.906+0000] {logging_mixin.py:151} INFO - [2025-04-08T00:24:15.906+0000] {dag.py:2941} INFO - Sync 1 DAGs
[2025-04-08T00:24:15.918+0000] {logging_mixin.py:151} INFO - [2025-04-08T00:24:15.918+0000] {dag.py:3722} INFO - Setting next_dagrun for extract_exchange_rates to 2025-04-08T00:00:00+00:00, run_after=2025-04-09T00:00:00+00:00
[2025-04-08T00:24:15.926+0000] {processor.py:179} INFO - Processing /opt/airflow/dags/extract_exchange_rates.py took 0.051 seconds
[2025-04-08T00:24:46.083+0000] {processor.py:157} INFO - Started process (PID=937) to work on /opt/airflow/dags/extract_exchange_rates.py
[2025-04-08T00:24:46.084+0000] {processor.py:829} INFO - Processing file /opt/airflow/dags/extract_exchange_rates.py for tasks to queue
[2025-04-08T00:24:46.084+0000] {logging_mixin.py:151} INFO - [2025-04-08T00:24:46.084+0000] {dagbag.py:536} INFO - Filling up the DagBag from /opt/airflow/dags/extract_exchange_rates.py
[2025-04-08T00:24:46.095+0000] {processor.py:839} INFO - DAG(s) dict_keys(['extract_exchange_rates']) retrieved from /opt/airflow/dags/extract_exchange_rates.py
[2025-04-08T00:24:46.108+0000] {logging_mixin.py:151} INFO - [2025-04-08T00:24:46.108+0000] {dag.py:2941} INFO - Sync 1 DAGs
[2025-04-08T00:24:46.118+0000] {logging_mixin.py:151} INFO - [2025-04-08T00:24:46.118+0000] {dag.py:3722} INFO - Setting next_dagrun for extract_exchange_rates to 2025-04-08T00:00:00+00:00, run_after=2025-04-09T00:00:00+00:00
[2025-04-08T00:24:46.126+0000] {processor.py:179} INFO - Processing /opt/airflow/dags/extract_exchange_rates.py took 0.045 seconds
[2025-04-08T00:25:16.307+0000] {processor.py:157} INFO - Started process (PID=942) to work on /opt/airflow/dags/extract_exchange_rates.py
[2025-04-08T00:25:16.308+0000] {processor.py:829} INFO - Processing file /opt/airflow/dags/extract_exchange_rates.py for tasks to queue
[2025-04-08T00:25:16.308+0000] {logging_mixin.py:151} INFO - [2025-04-08T00:25:16.308+0000] {dagbag.py:536} INFO - Filling up the DagBag from /opt/airflow/dags/extract_exchange_rates.py
[2025-04-08T00:25:16.320+0000] {processor.py:839} INFO - DAG(s) dict_keys(['extract_exchange_rates']) retrieved from /opt/airflow/dags/extract_exchange_rates.py
[2025-04-08T00:25:16.336+0000] {logging_mixin.py:151} INFO - [2025-04-08T00:25:16.335+0000] {dag.py:2941} INFO - Sync 1 DAGs
[2025-04-08T00:25:16.347+0000] {logging_mixin.py:151} INFO - [2025-04-08T00:25:16.347+0000] {dag.py:3722} INFO - Setting next_dagrun for extract_exchange_rates to 2025-04-08T00:00:00+00:00, run_after=2025-04-09T00:00:00+00:00
[2025-04-08T00:25:16.354+0000] {processor.py:179} INFO - Processing /opt/airflow/dags/extract_exchange_rates.py took 0.050 seconds
[2025-04-08T00:25:46.531+0000] {processor.py:157} INFO - Started process (PID=947) to work on /opt/airflow/dags/extract_exchange_rates.py
[2025-04-08T00:25:46.532+0000] {processor.py:829} INFO - Processing file /opt/airflow/dags/extract_exchange_rates.py for tasks to queue
[2025-04-08T00:25:46.533+0000] {logging_mixin.py:151} INFO - [2025-04-08T00:25:46.533+0000] {dagbag.py:536} INFO - Filling up the DagBag from /opt/airflow/dags/extract_exchange_rates.py
[2025-04-08T00:25:46.546+0000] {processor.py:839} INFO - DAG(s) dict_keys(['extract_exchange_rates']) retrieved from /opt/airflow/dags/extract_exchange_rates.py
[2025-04-08T00:25:46.561+0000] {logging_mixin.py:151} INFO - [2025-04-08T00:25:46.561+0000] {dag.py:2941} INFO - Sync 1 DAGs
[2025-04-08T00:25:46.571+0000] {logging_mixin.py:151} INFO - [2025-04-08T00:25:46.571+0000] {dag.py:3722} INFO - Setting next_dagrun for extract_exchange_rates to 2025-04-08T00:00:00+00:00, run_after=2025-04-09T00:00:00+00:00
[2025-04-08T00:25:46.579+0000] {processor.py:179} INFO - Processing /opt/airflow/dags/extract_exchange_rates.py took 0.050 seconds
[2025-04-08T00:26:16.732+0000] {processor.py:157} INFO - Started process (PID=952) to work on /opt/airflow/dags/extract_exchange_rates.py
[2025-04-08T00:26:16.732+0000] {processor.py:829} INFO - Processing file /opt/airflow/dags/extract_exchange_rates.py for tasks to queue
[2025-04-08T00:26:16.733+0000] {logging_mixin.py:151} INFO - [2025-04-08T00:26:16.733+0000] {dagbag.py:536} INFO - Filling up the DagBag from /opt/airflow/dags/extract_exchange_rates.py
[2025-04-08T00:26:16.742+0000] {processor.py:839} INFO - DAG(s) dict_keys(['extract_exchange_rates']) retrieved from /opt/airflow/dags/extract_exchange_rates.py
[2025-04-08T00:26:16.757+0000] {logging_mixin.py:151} INFO - [2025-04-08T00:26:16.757+0000] {dag.py:2941} INFO - Sync 1 DAGs
[2025-04-08T00:26:16.769+0000] {logging_mixin.py:151} INFO - [2025-04-08T00:26:16.769+0000] {dag.py:3722} INFO - Setting next_dagrun for extract_exchange_rates to 2025-04-08T00:00:00+00:00, run_after=2025-04-09T00:00:00+00:00
[2025-04-08T00:26:16.778+0000] {processor.py:179} INFO - Processing /opt/airflow/dags/extract_exchange_rates.py took 0.048 seconds
[2025-04-08T00:26:46.974+0000] {processor.py:157} INFO - Started process (PID=957) to work on /opt/airflow/dags/extract_exchange_rates.py
[2025-04-08T00:26:46.974+0000] {processor.py:829} INFO - Processing file /opt/airflow/dags/extract_exchange_rates.py for tasks to queue
[2025-04-08T00:26:46.975+0000] {logging_mixin.py:151} INFO - [2025-04-08T00:26:46.975+0000] {dagbag.py:536} INFO - Filling up the DagBag from /opt/airflow/dags/extract_exchange_rates.py
[2025-04-08T00:26:46.987+0000] {processor.py:839} INFO - DAG(s) dict_keys(['extract_exchange_rates']) retrieved from /opt/airflow/dags/extract_exchange_rates.py
[2025-04-08T00:26:47.002+0000] {logging_mixin.py:151} INFO - [2025-04-08T00:26:47.002+0000] {dag.py:2941} INFO - Sync 1 DAGs
[2025-04-08T00:26:47.013+0000] {logging_mixin.py:151} INFO - [2025-04-08T00:26:47.013+0000] {dag.py:3722} INFO - Setting next_dagrun for extract_exchange_rates to 2025-04-08T00:00:00+00:00, run_after=2025-04-09T00:00:00+00:00
[2025-04-08T00:26:47.021+0000] {processor.py:179} INFO - Processing /opt/airflow/dags/extract_exchange_rates.py took 0.050 seconds
[2025-04-08T00:27:17.227+0000] {processor.py:157} INFO - Started process (PID=962) to work on /opt/airflow/dags/extract_exchange_rates.py
[2025-04-08T00:27:17.228+0000] {processor.py:829} INFO - Processing file /opt/airflow/dags/extract_exchange_rates.py for tasks to queue
[2025-04-08T00:27:17.229+0000] {logging_mixin.py:151} INFO - [2025-04-08T00:27:17.228+0000] {dagbag.py:536} INFO - Filling up the DagBag from /opt/airflow/dags/extract_exchange_rates.py
[2025-04-08T00:27:17.238+0000] {processor.py:839} INFO - DAG(s) dict_keys(['extract_exchange_rates']) retrieved from /opt/airflow/dags/extract_exchange_rates.py
[2025-04-08T00:27:17.252+0000] {logging_mixin.py:151} INFO - [2025-04-08T00:27:17.251+0000] {dag.py:2941} INFO - Sync 1 DAGs
[2025-04-08T00:27:17.262+0000] {logging_mixin.py:151} INFO - [2025-04-08T00:27:17.262+0000] {dag.py:3722} INFO - Setting next_dagrun for extract_exchange_rates to 2025-04-08T00:00:00+00:00, run_after=2025-04-09T00:00:00+00:00
[2025-04-08T00:27:17.269+0000] {processor.py:179} INFO - Processing /opt/airflow/dags/extract_exchange_rates.py took 0.044 seconds
[2025-04-08T00:27:47.451+0000] {processor.py:157} INFO - Started process (PID=967) to work on /opt/airflow/dags/extract_exchange_rates.py
[2025-04-08T00:27:47.452+0000] {processor.py:829} INFO - Processing file /opt/airflow/dags/extract_exchange_rates.py for tasks to queue
[2025-04-08T00:27:47.453+0000] {logging_mixin.py:151} INFO - [2025-04-08T00:27:47.453+0000] {dagbag.py:536} INFO - Filling up the DagBag from /opt/airflow/dags/extract_exchange_rates.py
[2025-04-08T00:27:47.466+0000] {processor.py:839} INFO - DAG(s) dict_keys(['extract_exchange_rates']) retrieved from /opt/airflow/dags/extract_exchange_rates.py
[2025-04-08T00:27:47.479+0000] {logging_mixin.py:151} INFO - [2025-04-08T00:27:47.479+0000] {dag.py:2941} INFO - Sync 1 DAGs
[2025-04-08T00:27:47.489+0000] {logging_mixin.py:151} INFO - [2025-04-08T00:27:47.489+0000] {dag.py:3722} INFO - Setting next_dagrun for extract_exchange_rates to 2025-04-08T00:00:00+00:00, run_after=2025-04-09T00:00:00+00:00
[2025-04-08T00:27:47.495+0000] {processor.py:179} INFO - Processing /opt/airflow/dags/extract_exchange_rates.py took 0.047 seconds
[2025-04-08T00:28:17.685+0000] {processor.py:157} INFO - Started process (PID=972) to work on /opt/airflow/dags/extract_exchange_rates.py
[2025-04-08T00:28:17.686+0000] {processor.py:829} INFO - Processing file /opt/airflow/dags/extract_exchange_rates.py for tasks to queue
[2025-04-08T00:28:17.687+0000] {logging_mixin.py:151} INFO - [2025-04-08T00:28:17.686+0000] {dagbag.py:536} INFO - Filling up the DagBag from /opt/airflow/dags/extract_exchange_rates.py
[2025-04-08T00:28:17.698+0000] {processor.py:839} INFO - DAG(s) dict_keys(['extract_exchange_rates']) retrieved from /opt/airflow/dags/extract_exchange_rates.py
[2025-04-08T00:28:17.712+0000] {logging_mixin.py:151} INFO - [2025-04-08T00:28:17.712+0000] {dag.py:2941} INFO - Sync 1 DAGs
[2025-04-08T00:28:17.722+0000] {logging_mixin.py:151} INFO - [2025-04-08T00:28:17.722+0000] {dag.py:3722} INFO - Setting next_dagrun for extract_exchange_rates to 2025-04-08T00:00:00+00:00, run_after=2025-04-09T00:00:00+00:00
[2025-04-08T00:28:17.729+0000] {processor.py:179} INFO - Processing /opt/airflow/dags/extract_exchange_rates.py took 0.047 seconds
[2025-04-08T00:28:47.944+0000] {processor.py:157} INFO - Started process (PID=977) to work on /opt/airflow/dags/extract_exchange_rates.py
[2025-04-08T00:28:47.945+0000] {processor.py:829} INFO - Processing file /opt/airflow/dags/extract_exchange_rates.py for tasks to queue
[2025-04-08T00:28:47.946+0000] {logging_mixin.py:151} INFO - [2025-04-08T00:28:47.945+0000] {dagbag.py:536} INFO - Filling up the DagBag from /opt/airflow/dags/extract_exchange_rates.py
[2025-04-08T00:28:47.956+0000] {processor.py:839} INFO - DAG(s) dict_keys(['extract_exchange_rates']) retrieved from /opt/airflow/dags/extract_exchange_rates.py
[2025-04-08T00:28:47.970+0000] {logging_mixin.py:151} INFO - [2025-04-08T00:28:47.970+0000] {dag.py:2941} INFO - Sync 1 DAGs
[2025-04-08T00:28:47.980+0000] {logging_mixin.py:151} INFO - [2025-04-08T00:28:47.980+0000] {dag.py:3722} INFO - Setting next_dagrun for extract_exchange_rates to 2025-04-08T00:00:00+00:00, run_after=2025-04-09T00:00:00+00:00
[2025-04-08T00:28:47.987+0000] {processor.py:179} INFO - Processing /opt/airflow/dags/extract_exchange_rates.py took 0.046 seconds
[2025-04-08T00:29:18.181+0000] {processor.py:157} INFO - Started process (PID=982) to work on /opt/airflow/dags/extract_exchange_rates.py
[2025-04-08T00:29:18.182+0000] {processor.py:829} INFO - Processing file /opt/airflow/dags/extract_exchange_rates.py for tasks to queue
[2025-04-08T00:29:18.183+0000] {logging_mixin.py:151} INFO - [2025-04-08T00:29:18.183+0000] {dagbag.py:536} INFO - Filling up the DagBag from /opt/airflow/dags/extract_exchange_rates.py
[2025-04-08T00:29:18.194+0000] {processor.py:839} INFO - DAG(s) dict_keys(['extract_exchange_rates']) retrieved from /opt/airflow/dags/extract_exchange_rates.py
[2025-04-08T00:29:18.208+0000] {logging_mixin.py:151} INFO - [2025-04-08T00:29:18.208+0000] {dag.py:2941} INFO - Sync 1 DAGs
[2025-04-08T00:29:18.217+0000] {logging_mixin.py:151} INFO - [2025-04-08T00:29:18.217+0000] {dag.py:3722} INFO - Setting next_dagrun for extract_exchange_rates to 2025-04-08T00:00:00+00:00, run_after=2025-04-09T00:00:00+00:00
[2025-04-08T00:29:18.224+0000] {processor.py:179} INFO - Processing /opt/airflow/dags/extract_exchange_rates.py took 0.046 seconds
[2025-04-08T00:29:48.412+0000] {processor.py:157} INFO - Started process (PID=987) to work on /opt/airflow/dags/extract_exchange_rates.py
[2025-04-08T00:29:48.413+0000] {processor.py:829} INFO - Processing file /opt/airflow/dags/extract_exchange_rates.py for tasks to queue
[2025-04-08T00:29:48.414+0000] {logging_mixin.py:151} INFO - [2025-04-08T00:29:48.414+0000] {dagbag.py:536} INFO - Filling up the DagBag from /opt/airflow/dags/extract_exchange_rates.py
[2025-04-08T00:29:48.424+0000] {processor.py:839} INFO - DAG(s) dict_keys(['extract_exchange_rates']) retrieved from /opt/airflow/dags/extract_exchange_rates.py
[2025-04-08T00:29:48.438+0000] {logging_mixin.py:151} INFO - [2025-04-08T00:29:48.438+0000] {dag.py:2941} INFO - Sync 1 DAGs
[2025-04-08T00:29:48.448+0000] {logging_mixin.py:151} INFO - [2025-04-08T00:29:48.448+0000] {dag.py:3722} INFO - Setting next_dagrun for extract_exchange_rates to 2025-04-08T00:00:00+00:00, run_after=2025-04-09T00:00:00+00:00
[2025-04-08T00:29:48.456+0000] {processor.py:179} INFO - Processing /opt/airflow/dags/extract_exchange_rates.py took 0.045 seconds
[2025-04-08T00:30:18.658+0000] {processor.py:157} INFO - Started process (PID=992) to work on /opt/airflow/dags/extract_exchange_rates.py
[2025-04-08T00:30:18.659+0000] {processor.py:829} INFO - Processing file /opt/airflow/dags/extract_exchange_rates.py for tasks to queue
[2025-04-08T00:30:18.660+0000] {logging_mixin.py:151} INFO - [2025-04-08T00:30:18.659+0000] {dagbag.py:536} INFO - Filling up the DagBag from /opt/airflow/dags/extract_exchange_rates.py
[2025-04-08T00:30:18.671+0000] {processor.py:839} INFO - DAG(s) dict_keys(['extract_exchange_rates']) retrieved from /opt/airflow/dags/extract_exchange_rates.py
[2025-04-08T00:30:18.684+0000] {logging_mixin.py:151} INFO - [2025-04-08T00:30:18.684+0000] {dag.py:2941} INFO - Sync 1 DAGs
[2025-04-08T00:30:18.695+0000] {logging_mixin.py:151} INFO - [2025-04-08T00:30:18.694+0000] {dag.py:3722} INFO - Setting next_dagrun for extract_exchange_rates to 2025-04-08T00:00:00+00:00, run_after=2025-04-09T00:00:00+00:00
[2025-04-08T00:30:18.701+0000] {processor.py:179} INFO - Processing /opt/airflow/dags/extract_exchange_rates.py took 0.047 seconds
[2025-04-08T00:30:48.867+0000] {processor.py:157} INFO - Started process (PID=997) to work on /opt/airflow/dags/extract_exchange_rates.py
[2025-04-08T00:30:48.867+0000] {processor.py:829} INFO - Processing file /opt/airflow/dags/extract_exchange_rates.py for tasks to queue
[2025-04-08T00:30:48.868+0000] {logging_mixin.py:151} INFO - [2025-04-08T00:30:48.868+0000] {dagbag.py:536} INFO - Filling up the DagBag from /opt/airflow/dags/extract_exchange_rates.py
[2025-04-08T00:30:48.879+0000] {processor.py:839} INFO - DAG(s) dict_keys(['extract_exchange_rates']) retrieved from /opt/airflow/dags/extract_exchange_rates.py
[2025-04-08T00:30:48.897+0000] {logging_mixin.py:151} INFO - [2025-04-08T00:30:48.897+0000] {dag.py:2941} INFO - Sync 1 DAGs
[2025-04-08T00:30:48.909+0000] {logging_mixin.py:151} INFO - [2025-04-08T00:30:48.909+0000] {dag.py:3722} INFO - Setting next_dagrun for extract_exchange_rates to 2025-04-08T00:00:00+00:00, run_after=2025-04-09T00:00:00+00:00
[2025-04-08T00:30:48.917+0000] {processor.py:179} INFO - Processing /opt/airflow/dags/extract_exchange_rates.py took 0.053 seconds
[2025-04-08T00:31:19.108+0000] {processor.py:157} INFO - Started process (PID=1002) to work on /opt/airflow/dags/extract_exchange_rates.py
[2025-04-08T00:31:19.109+0000] {processor.py:829} INFO - Processing file /opt/airflow/dags/extract_exchange_rates.py for tasks to queue
[2025-04-08T00:31:19.110+0000] {logging_mixin.py:151} INFO - [2025-04-08T00:31:19.110+0000] {dagbag.py:536} INFO - Filling up the DagBag from /opt/airflow/dags/extract_exchange_rates.py
[2025-04-08T00:31:19.122+0000] {processor.py:839} INFO - DAG(s) dict_keys(['extract_exchange_rates']) retrieved from /opt/airflow/dags/extract_exchange_rates.py
[2025-04-08T00:31:19.138+0000] {logging_mixin.py:151} INFO - [2025-04-08T00:31:19.138+0000] {dag.py:2941} INFO - Sync 1 DAGs
[2025-04-08T00:31:19.148+0000] {logging_mixin.py:151} INFO - [2025-04-08T00:31:19.148+0000] {dag.py:3722} INFO - Setting next_dagrun for extract_exchange_rates to 2025-04-08T00:00:00+00:00, run_after=2025-04-09T00:00:00+00:00
[2025-04-08T00:31:19.155+0000] {processor.py:179} INFO - Processing /opt/airflow/dags/extract_exchange_rates.py took 0.049 seconds
[2025-04-08T00:31:49.321+0000] {processor.py:157} INFO - Started process (PID=1007) to work on /opt/airflow/dags/extract_exchange_rates.py
[2025-04-08T00:31:49.322+0000] {processor.py:829} INFO - Processing file /opt/airflow/dags/extract_exchange_rates.py for tasks to queue
[2025-04-08T00:31:49.323+0000] {logging_mixin.py:151} INFO - [2025-04-08T00:31:49.323+0000] {dagbag.py:536} INFO - Filling up the DagBag from /opt/airflow/dags/extract_exchange_rates.py
[2025-04-08T00:31:49.337+0000] {processor.py:839} INFO - DAG(s) dict_keys(['extract_exchange_rates']) retrieved from /opt/airflow/dags/extract_exchange_rates.py
[2025-04-08T00:31:49.355+0000] {logging_mixin.py:151} INFO - [2025-04-08T00:31:49.355+0000] {dag.py:2941} INFO - Sync 1 DAGs
[2025-04-08T00:31:49.366+0000] {logging_mixin.py:151} INFO - [2025-04-08T00:31:49.366+0000] {dag.py:3722} INFO - Setting next_dagrun for extract_exchange_rates to 2025-04-08T00:00:00+00:00, run_after=2025-04-09T00:00:00+00:00
[2025-04-08T00:31:49.373+0000] {processor.py:179} INFO - Processing /opt/airflow/dags/extract_exchange_rates.py took 0.055 seconds
[2025-04-08T00:32:19.567+0000] {processor.py:157} INFO - Started process (PID=1012) to work on /opt/airflow/dags/extract_exchange_rates.py
[2025-04-08T00:32:19.568+0000] {processor.py:829} INFO - Processing file /opt/airflow/dags/extract_exchange_rates.py for tasks to queue
[2025-04-08T00:32:19.568+0000] {logging_mixin.py:151} INFO - [2025-04-08T00:32:19.568+0000] {dagbag.py:536} INFO - Filling up the DagBag from /opt/airflow/dags/extract_exchange_rates.py
[2025-04-08T00:32:19.578+0000] {processor.py:839} INFO - DAG(s) dict_keys(['extract_exchange_rates']) retrieved from /opt/airflow/dags/extract_exchange_rates.py
[2025-04-08T00:32:19.595+0000] {logging_mixin.py:151} INFO - [2025-04-08T00:32:19.595+0000] {dag.py:2941} INFO - Sync 1 DAGs
[2025-04-08T00:32:19.606+0000] {logging_mixin.py:151} INFO - [2025-04-08T00:32:19.605+0000] {dag.py:3722} INFO - Setting next_dagrun for extract_exchange_rates to 2025-04-08T00:00:00+00:00, run_after=2025-04-09T00:00:00+00:00
[2025-04-08T00:32:19.613+0000] {processor.py:179} INFO - Processing /opt/airflow/dags/extract_exchange_rates.py took 0.049 seconds
[2025-04-08T00:32:49.784+0000] {processor.py:157} INFO - Started process (PID=1017) to work on /opt/airflow/dags/extract_exchange_rates.py
[2025-04-08T00:32:49.785+0000] {processor.py:829} INFO - Processing file /opt/airflow/dags/extract_exchange_rates.py for tasks to queue
[2025-04-08T00:32:49.786+0000] {logging_mixin.py:151} INFO - [2025-04-08T00:32:49.786+0000] {dagbag.py:536} INFO - Filling up the DagBag from /opt/airflow/dags/extract_exchange_rates.py
[2025-04-08T00:32:49.798+0000] {processor.py:839} INFO - DAG(s) dict_keys(['extract_exchange_rates']) retrieved from /opt/airflow/dags/extract_exchange_rates.py
[2025-04-08T00:32:49.813+0000] {logging_mixin.py:151} INFO - [2025-04-08T00:32:49.813+0000] {dag.py:2941} INFO - Sync 1 DAGs
[2025-04-08T00:32:49.824+0000] {logging_mixin.py:151} INFO - [2025-04-08T00:32:49.824+0000] {dag.py:3722} INFO - Setting next_dagrun for extract_exchange_rates to 2025-04-08T00:00:00+00:00, run_after=2025-04-09T00:00:00+00:00
[2025-04-08T00:32:49.835+0000] {processor.py:179} INFO - Processing /opt/airflow/dags/extract_exchange_rates.py took 0.053 seconds
[2025-04-08T00:33:20.022+0000] {processor.py:157} INFO - Started process (PID=1022) to work on /opt/airflow/dags/extract_exchange_rates.py
[2025-04-08T00:33:20.022+0000] {processor.py:829} INFO - Processing file /opt/airflow/dags/extract_exchange_rates.py for tasks to queue
[2025-04-08T00:33:20.023+0000] {logging_mixin.py:151} INFO - [2025-04-08T00:33:20.023+0000] {dagbag.py:536} INFO - Filling up the DagBag from /opt/airflow/dags/extract_exchange_rates.py
[2025-04-08T00:33:20.036+0000] {processor.py:839} INFO - DAG(s) dict_keys(['extract_exchange_rates']) retrieved from /opt/airflow/dags/extract_exchange_rates.py
[2025-04-08T00:33:20.051+0000] {logging_mixin.py:151} INFO - [2025-04-08T00:33:20.051+0000] {dag.py:2941} INFO - Sync 1 DAGs
[2025-04-08T00:33:20.062+0000] {logging_mixin.py:151} INFO - [2025-04-08T00:33:20.062+0000] {dag.py:3722} INFO - Setting next_dagrun for extract_exchange_rates to 2025-04-08T00:00:00+00:00, run_after=2025-04-09T00:00:00+00:00
[2025-04-08T00:33:20.069+0000] {processor.py:179} INFO - Processing /opt/airflow/dags/extract_exchange_rates.py took 0.051 seconds
[2025-04-08T00:33:50.246+0000] {processor.py:157} INFO - Started process (PID=1027) to work on /opt/airflow/dags/extract_exchange_rates.py
[2025-04-08T00:33:50.246+0000] {processor.py:829} INFO - Processing file /opt/airflow/dags/extract_exchange_rates.py for tasks to queue
[2025-04-08T00:33:50.247+0000] {logging_mixin.py:151} INFO - [2025-04-08T00:33:50.247+0000] {dagbag.py:536} INFO - Filling up the DagBag from /opt/airflow/dags/extract_exchange_rates.py
[2025-04-08T00:33:50.258+0000] {processor.py:839} INFO - DAG(s) dict_keys(['extract_exchange_rates']) retrieved from /opt/airflow/dags/extract_exchange_rates.py
[2025-04-08T00:33:50.272+0000] {logging_mixin.py:151} INFO - [2025-04-08T00:33:50.272+0000] {dag.py:2941} INFO - Sync 1 DAGs
[2025-04-08T00:33:50.282+0000] {logging_mixin.py:151} INFO - [2025-04-08T00:33:50.282+0000] {dag.py:3722} INFO - Setting next_dagrun for extract_exchange_rates to 2025-04-08T00:00:00+00:00, run_after=2025-04-09T00:00:00+00:00
[2025-04-08T00:33:50.289+0000] {processor.py:179} INFO - Processing /opt/airflow/dags/extract_exchange_rates.py took 0.046 seconds
[2025-04-08T00:34:20.481+0000] {processor.py:157} INFO - Started process (PID=1032) to work on /opt/airflow/dags/extract_exchange_rates.py
[2025-04-08T00:34:20.482+0000] {processor.py:829} INFO - Processing file /opt/airflow/dags/extract_exchange_rates.py for tasks to queue
[2025-04-08T00:34:20.483+0000] {logging_mixin.py:151} INFO - [2025-04-08T00:34:20.483+0000] {dagbag.py:536} INFO - Filling up the DagBag from /opt/airflow/dags/extract_exchange_rates.py
[2025-04-08T00:34:20.493+0000] {processor.py:839} INFO - DAG(s) dict_keys(['extract_exchange_rates']) retrieved from /opt/airflow/dags/extract_exchange_rates.py
[2025-04-08T00:34:20.509+0000] {logging_mixin.py:151} INFO - [2025-04-08T00:34:20.509+0000] {dag.py:2941} INFO - Sync 1 DAGs
[2025-04-08T00:34:20.520+0000] {logging_mixin.py:151} INFO - [2025-04-08T00:34:20.520+0000] {dag.py:3722} INFO - Setting next_dagrun for extract_exchange_rates to 2025-04-08T00:00:00+00:00, run_after=2025-04-09T00:00:00+00:00
[2025-04-08T00:34:20.528+0000] {processor.py:179} INFO - Processing /opt/airflow/dags/extract_exchange_rates.py took 0.049 seconds
[2025-04-08T00:34:50.724+0000] {processor.py:157} INFO - Started process (PID=1037) to work on /opt/airflow/dags/extract_exchange_rates.py
[2025-04-08T00:34:50.725+0000] {processor.py:829} INFO - Processing file /opt/airflow/dags/extract_exchange_rates.py for tasks to queue
[2025-04-08T00:34:50.726+0000] {logging_mixin.py:151} INFO - [2025-04-08T00:34:50.726+0000] {dagbag.py:536} INFO - Filling up the DagBag from /opt/airflow/dags/extract_exchange_rates.py
[2025-04-08T00:34:50.734+0000] {processor.py:839} INFO - DAG(s) dict_keys(['extract_exchange_rates']) retrieved from /opt/airflow/dags/extract_exchange_rates.py
[2025-04-08T00:34:50.747+0000] {logging_mixin.py:151} INFO - [2025-04-08T00:34:50.747+0000] {dag.py:2941} INFO - Sync 1 DAGs
[2025-04-08T00:34:50.756+0000] {logging_mixin.py:151} INFO - [2025-04-08T00:34:50.756+0000] {dag.py:3722} INFO - Setting next_dagrun for extract_exchange_rates to 2025-04-08T00:00:00+00:00, run_after=2025-04-09T00:00:00+00:00
[2025-04-08T00:34:50.764+0000] {processor.py:179} INFO - Processing /opt/airflow/dags/extract_exchange_rates.py took 0.042 seconds
[2025-04-08T00:35:20.941+0000] {processor.py:157} INFO - Started process (PID=1042) to work on /opt/airflow/dags/extract_exchange_rates.py
[2025-04-08T00:35:20.942+0000] {processor.py:829} INFO - Processing file /opt/airflow/dags/extract_exchange_rates.py for tasks to queue
[2025-04-08T00:35:20.943+0000] {logging_mixin.py:151} INFO - [2025-04-08T00:35:20.942+0000] {dagbag.py:536} INFO - Filling up the DagBag from /opt/airflow/dags/extract_exchange_rates.py
[2025-04-08T00:35:20.953+0000] {processor.py:839} INFO - DAG(s) dict_keys(['extract_exchange_rates']) retrieved from /opt/airflow/dags/extract_exchange_rates.py
[2025-04-08T00:35:20.968+0000] {logging_mixin.py:151} INFO - [2025-04-08T00:35:20.968+0000] {dag.py:2941} INFO - Sync 1 DAGs
[2025-04-08T00:35:20.979+0000] {logging_mixin.py:151} INFO - [2025-04-08T00:35:20.979+0000] {dag.py:3722} INFO - Setting next_dagrun for extract_exchange_rates to 2025-04-08T00:00:00+00:00, run_after=2025-04-09T00:00:00+00:00
[2025-04-08T00:35:20.988+0000] {processor.py:179} INFO - Processing /opt/airflow/dags/extract_exchange_rates.py took 0.049 seconds
[2025-04-08T00:35:51.191+0000] {processor.py:157} INFO - Started process (PID=1047) to work on /opt/airflow/dags/extract_exchange_rates.py
[2025-04-08T00:35:51.192+0000] {processor.py:829} INFO - Processing file /opt/airflow/dags/extract_exchange_rates.py for tasks to queue
[2025-04-08T00:35:51.193+0000] {logging_mixin.py:151} INFO - [2025-04-08T00:35:51.193+0000] {dagbag.py:536} INFO - Filling up the DagBag from /opt/airflow/dags/extract_exchange_rates.py
[2025-04-08T00:35:51.203+0000] {processor.py:839} INFO - DAG(s) dict_keys(['extract_exchange_rates']) retrieved from /opt/airflow/dags/extract_exchange_rates.py
[2025-04-08T00:35:51.217+0000] {logging_mixin.py:151} INFO - [2025-04-08T00:35:51.217+0000] {dag.py:2941} INFO - Sync 1 DAGs
[2025-04-08T00:35:51.227+0000] {logging_mixin.py:151} INFO - [2025-04-08T00:35:51.227+0000] {dag.py:3722} INFO - Setting next_dagrun for extract_exchange_rates to 2025-04-08T00:00:00+00:00, run_after=2025-04-09T00:00:00+00:00
[2025-04-08T00:35:51.234+0000] {processor.py:179} INFO - Processing /opt/airflow/dags/extract_exchange_rates.py took 0.045 seconds
[2025-04-08T00:36:21.399+0000] {processor.py:157} INFO - Started process (PID=1052) to work on /opt/airflow/dags/extract_exchange_rates.py
[2025-04-08T00:36:21.399+0000] {processor.py:829} INFO - Processing file /opt/airflow/dags/extract_exchange_rates.py for tasks to queue
[2025-04-08T00:36:21.400+0000] {logging_mixin.py:151} INFO - [2025-04-08T00:36:21.400+0000] {dagbag.py:536} INFO - Filling up the DagBag from /opt/airflow/dags/extract_exchange_rates.py
[2025-04-08T00:36:21.407+0000] {processor.py:839} INFO - DAG(s) dict_keys(['extract_exchange_rates']) retrieved from /opt/airflow/dags/extract_exchange_rates.py
[2025-04-08T00:36:21.420+0000] {logging_mixin.py:151} INFO - [2025-04-08T00:36:21.419+0000] {dag.py:2941} INFO - Sync 1 DAGs
[2025-04-08T00:36:21.431+0000] {logging_mixin.py:151} INFO - [2025-04-08T00:36:21.431+0000] {dag.py:3722} INFO - Setting next_dagrun for extract_exchange_rates to 2025-04-08T00:00:00+00:00, run_after=2025-04-09T00:00:00+00:00
[2025-04-08T00:36:21.439+0000] {processor.py:179} INFO - Processing /opt/airflow/dags/extract_exchange_rates.py took 0.041 seconds
[2025-04-08T00:36:51.634+0000] {processor.py:157} INFO - Started process (PID=1057) to work on /opt/airflow/dags/extract_exchange_rates.py
[2025-04-08T00:36:51.635+0000] {processor.py:829} INFO - Processing file /opt/airflow/dags/extract_exchange_rates.py for tasks to queue
[2025-04-08T00:36:51.635+0000] {logging_mixin.py:151} INFO - [2025-04-08T00:36:51.635+0000] {dagbag.py:536} INFO - Filling up the DagBag from /opt/airflow/dags/extract_exchange_rates.py
[2025-04-08T00:36:51.645+0000] {processor.py:839} INFO - DAG(s) dict_keys(['extract_exchange_rates']) retrieved from /opt/airflow/dags/extract_exchange_rates.py
[2025-04-08T00:36:51.658+0000] {logging_mixin.py:151} INFO - [2025-04-08T00:36:51.658+0000] {dag.py:2941} INFO - Sync 1 DAGs
[2025-04-08T00:36:51.668+0000] {logging_mixin.py:151} INFO - [2025-04-08T00:36:51.668+0000] {dag.py:3722} INFO - Setting next_dagrun for extract_exchange_rates to 2025-04-08T00:00:00+00:00, run_after=2025-04-09T00:00:00+00:00
[2025-04-08T00:36:51.675+0000] {processor.py:179} INFO - Processing /opt/airflow/dags/extract_exchange_rates.py took 0.043 seconds
[2025-04-08T00:37:21.853+0000] {processor.py:157} INFO - Started process (PID=1062) to work on /opt/airflow/dags/extract_exchange_rates.py
[2025-04-08T00:37:21.853+0000] {processor.py:829} INFO - Processing file /opt/airflow/dags/extract_exchange_rates.py for tasks to queue
[2025-04-08T00:37:21.854+0000] {logging_mixin.py:151} INFO - [2025-04-08T00:37:21.854+0000] {dagbag.py:536} INFO - Filling up the DagBag from /opt/airflow/dags/extract_exchange_rates.py
[2025-04-08T00:37:21.861+0000] {processor.py:839} INFO - DAG(s) dict_keys(['extract_exchange_rates']) retrieved from /opt/airflow/dags/extract_exchange_rates.py
[2025-04-08T00:37:21.874+0000] {logging_mixin.py:151} INFO - [2025-04-08T00:37:21.874+0000] {dag.py:2941} INFO - Sync 1 DAGs
[2025-04-08T00:37:21.885+0000] {logging_mixin.py:151} INFO - [2025-04-08T00:37:21.885+0000] {dag.py:3722} INFO - Setting next_dagrun for extract_exchange_rates to 2025-04-08T00:00:00+00:00, run_after=2025-04-09T00:00:00+00:00
[2025-04-08T00:37:21.892+0000] {processor.py:179} INFO - Processing /opt/airflow/dags/extract_exchange_rates.py took 0.040 seconds
[2025-04-08T00:37:52.072+0000] {processor.py:157} INFO - Started process (PID=1067) to work on /opt/airflow/dags/extract_exchange_rates.py
[2025-04-08T00:37:52.073+0000] {processor.py:829} INFO - Processing file /opt/airflow/dags/extract_exchange_rates.py for tasks to queue
[2025-04-08T00:37:52.074+0000] {logging_mixin.py:151} INFO - [2025-04-08T00:37:52.073+0000] {dagbag.py:536} INFO - Filling up the DagBag from /opt/airflow/dags/extract_exchange_rates.py
[2025-04-08T00:37:52.087+0000] {processor.py:839} INFO - DAG(s) dict_keys(['extract_exchange_rates']) retrieved from /opt/airflow/dags/extract_exchange_rates.py
[2025-04-08T00:37:52.101+0000] {logging_mixin.py:151} INFO - [2025-04-08T00:37:52.101+0000] {dag.py:2941} INFO - Sync 1 DAGs
[2025-04-08T00:37:52.110+0000] {logging_mixin.py:151} INFO - [2025-04-08T00:37:52.110+0000] {dag.py:3722} INFO - Setting next_dagrun for extract_exchange_rates to 2025-04-08T00:00:00+00:00, run_after=2025-04-09T00:00:00+00:00
[2025-04-08T00:37:52.117+0000] {processor.py:179} INFO - Processing /opt/airflow/dags/extract_exchange_rates.py took 0.047 seconds
[2025-04-08T00:38:22.306+0000] {processor.py:157} INFO - Started process (PID=1072) to work on /opt/airflow/dags/extract_exchange_rates.py
[2025-04-08T00:38:22.307+0000] {processor.py:829} INFO - Processing file /opt/airflow/dags/extract_exchange_rates.py for tasks to queue
[2025-04-08T00:38:22.307+0000] {logging_mixin.py:151} INFO - [2025-04-08T00:38:22.307+0000] {dagbag.py:536} INFO - Filling up the DagBag from /opt/airflow/dags/extract_exchange_rates.py
[2025-04-08T00:38:22.319+0000] {processor.py:839} INFO - DAG(s) dict_keys(['extract_exchange_rates']) retrieved from /opt/airflow/dags/extract_exchange_rates.py
[2025-04-08T00:38:22.333+0000] {logging_mixin.py:151} INFO - [2025-04-08T00:38:22.333+0000] {dag.py:2941} INFO - Sync 1 DAGs
[2025-04-08T00:38:22.343+0000] {logging_mixin.py:151} INFO - [2025-04-08T00:38:22.343+0000] {dag.py:3722} INFO - Setting next_dagrun for extract_exchange_rates to 2025-04-08T00:00:00+00:00, run_after=2025-04-09T00:00:00+00:00
[2025-04-08T00:38:22.351+0000] {processor.py:179} INFO - Processing /opt/airflow/dags/extract_exchange_rates.py took 0.048 seconds
[2025-04-08T00:38:52.512+0000] {processor.py:157} INFO - Started process (PID=1077) to work on /opt/airflow/dags/extract_exchange_rates.py
[2025-04-08T00:38:52.512+0000] {processor.py:829} INFO - Processing file /opt/airflow/dags/extract_exchange_rates.py for tasks to queue
[2025-04-08T00:38:52.513+0000] {logging_mixin.py:151} INFO - [2025-04-08T00:38:52.513+0000] {dagbag.py:536} INFO - Filling up the DagBag from /opt/airflow/dags/extract_exchange_rates.py
[2025-04-08T00:38:52.520+0000] {processor.py:839} INFO - DAG(s) dict_keys(['extract_exchange_rates']) retrieved from /opt/airflow/dags/extract_exchange_rates.py
[2025-04-08T00:38:52.534+0000] {logging_mixin.py:151} INFO - [2025-04-08T00:38:52.534+0000] {dag.py:2941} INFO - Sync 1 DAGs
[2025-04-08T00:38:52.544+0000] {logging_mixin.py:151} INFO - [2025-04-08T00:38:52.544+0000] {dag.py:3722} INFO - Setting next_dagrun for extract_exchange_rates to 2025-04-08T00:00:00+00:00, run_after=2025-04-09T00:00:00+00:00
[2025-04-08T00:38:52.551+0000] {processor.py:179} INFO - Processing /opt/airflow/dags/extract_exchange_rates.py took 0.041 seconds
[2025-04-08T00:39:22.745+0000] {processor.py:157} INFO - Started process (PID=1082) to work on /opt/airflow/dags/extract_exchange_rates.py
[2025-04-08T00:39:22.745+0000] {processor.py:829} INFO - Processing file /opt/airflow/dags/extract_exchange_rates.py for tasks to queue
[2025-04-08T00:39:22.746+0000] {logging_mixin.py:151} INFO - [2025-04-08T00:39:22.746+0000] {dagbag.py:536} INFO - Filling up the DagBag from /opt/airflow/dags/extract_exchange_rates.py
[2025-04-08T00:39:22.758+0000] {processor.py:839} INFO - DAG(s) dict_keys(['extract_exchange_rates']) retrieved from /opt/airflow/dags/extract_exchange_rates.py
[2025-04-08T00:39:22.774+0000] {logging_mixin.py:151} INFO - [2025-04-08T00:39:22.774+0000] {dag.py:2941} INFO - Sync 1 DAGs
[2025-04-08T00:39:22.784+0000] {logging_mixin.py:151} INFO - [2025-04-08T00:39:22.784+0000] {dag.py:3722} INFO - Setting next_dagrun for extract_exchange_rates to 2025-04-08T00:00:00+00:00, run_after=2025-04-09T00:00:00+00:00
[2025-04-08T00:39:22.792+0000] {processor.py:179} INFO - Processing /opt/airflow/dags/extract_exchange_rates.py took 0.050 seconds
[2025-04-08T00:39:52.967+0000] {processor.py:157} INFO - Started process (PID=1087) to work on /opt/airflow/dags/extract_exchange_rates.py
[2025-04-08T00:39:52.967+0000] {processor.py:829} INFO - Processing file /opt/airflow/dags/extract_exchange_rates.py for tasks to queue
[2025-04-08T00:39:52.968+0000] {logging_mixin.py:151} INFO - [2025-04-08T00:39:52.968+0000] {dagbag.py:536} INFO - Filling up the DagBag from /opt/airflow/dags/extract_exchange_rates.py
[2025-04-08T00:39:52.978+0000] {processor.py:839} INFO - DAG(s) dict_keys(['extract_exchange_rates']) retrieved from /opt/airflow/dags/extract_exchange_rates.py
[2025-04-08T00:39:52.992+0000] {logging_mixin.py:151} INFO - [2025-04-08T00:39:52.992+0000] {dag.py:2941} INFO - Sync 1 DAGs
[2025-04-08T00:39:53.003+0000] {logging_mixin.py:151} INFO - [2025-04-08T00:39:53.002+0000] {dag.py:3722} INFO - Setting next_dagrun for extract_exchange_rates to 2025-04-08T00:00:00+00:00, run_after=2025-04-09T00:00:00+00:00
[2025-04-08T00:39:53.010+0000] {processor.py:179} INFO - Processing /opt/airflow/dags/extract_exchange_rates.py took 0.046 seconds
[2025-04-08T00:40:23.201+0000] {processor.py:157} INFO - Started process (PID=1092) to work on /opt/airflow/dags/extract_exchange_rates.py
[2025-04-08T00:40:23.202+0000] {processor.py:829} INFO - Processing file /opt/airflow/dags/extract_exchange_rates.py for tasks to queue
[2025-04-08T00:40:23.203+0000] {logging_mixin.py:151} INFO - [2025-04-08T00:40:23.203+0000] {dagbag.py:536} INFO - Filling up the DagBag from /opt/airflow/dags/extract_exchange_rates.py
[2025-04-08T00:40:23.214+0000] {processor.py:839} INFO - DAG(s) dict_keys(['extract_exchange_rates']) retrieved from /opt/airflow/dags/extract_exchange_rates.py
[2025-04-08T00:40:23.227+0000] {logging_mixin.py:151} INFO - [2025-04-08T00:40:23.227+0000] {dag.py:2941} INFO - Sync 1 DAGs
[2025-04-08T00:40:23.237+0000] {logging_mixin.py:151} INFO - [2025-04-08T00:40:23.237+0000] {dag.py:3722} INFO - Setting next_dagrun for extract_exchange_rates to 2025-04-08T00:00:00+00:00, run_after=2025-04-09T00:00:00+00:00
[2025-04-08T00:40:23.244+0000] {processor.py:179} INFO - Processing /opt/airflow/dags/extract_exchange_rates.py took 0.046 seconds
[2025-04-08T00:40:53.440+0000] {processor.py:157} INFO - Started process (PID=1097) to work on /opt/airflow/dags/extract_exchange_rates.py
[2025-04-08T00:40:53.442+0000] {processor.py:829} INFO - Processing file /opt/airflow/dags/extract_exchange_rates.py for tasks to queue
[2025-04-08T00:40:53.443+0000] {logging_mixin.py:151} INFO - [2025-04-08T00:40:53.443+0000] {dagbag.py:536} INFO - Filling up the DagBag from /opt/airflow/dags/extract_exchange_rates.py
[2025-04-08T00:40:53.454+0000] {processor.py:839} INFO - DAG(s) dict_keys(['extract_exchange_rates']) retrieved from /opt/airflow/dags/extract_exchange_rates.py
[2025-04-08T00:40:53.468+0000] {logging_mixin.py:151} INFO - [2025-04-08T00:40:53.468+0000] {dag.py:2941} INFO - Sync 1 DAGs
[2025-04-08T00:40:53.478+0000] {logging_mixin.py:151} INFO - [2025-04-08T00:40:53.478+0000] {dag.py:3722} INFO - Setting next_dagrun for extract_exchange_rates to 2025-04-08T00:00:00+00:00, run_after=2025-04-09T00:00:00+00:00
[2025-04-08T00:40:53.485+0000] {processor.py:179} INFO - Processing /opt/airflow/dags/extract_exchange_rates.py took 0.047 seconds
[2025-04-08T00:41:23.674+0000] {processor.py:157} INFO - Started process (PID=1102) to work on /opt/airflow/dags/extract_exchange_rates.py
[2025-04-08T00:41:23.675+0000] {processor.py:829} INFO - Processing file /opt/airflow/dags/extract_exchange_rates.py for tasks to queue
[2025-04-08T00:41:23.676+0000] {logging_mixin.py:151} INFO - [2025-04-08T00:41:23.675+0000] {dagbag.py:536} INFO - Filling up the DagBag from /opt/airflow/dags/extract_exchange_rates.py
[2025-04-08T00:41:23.687+0000] {processor.py:839} INFO - DAG(s) dict_keys(['extract_exchange_rates']) retrieved from /opt/airflow/dags/extract_exchange_rates.py
[2025-04-08T00:41:23.701+0000] {logging_mixin.py:151} INFO - [2025-04-08T00:41:23.701+0000] {dag.py:2941} INFO - Sync 1 DAGs
[2025-04-08T00:41:23.712+0000] {logging_mixin.py:151} INFO - [2025-04-08T00:41:23.712+0000] {dag.py:3722} INFO - Setting next_dagrun for extract_exchange_rates to 2025-04-08T00:00:00+00:00, run_after=2025-04-09T00:00:00+00:00
[2025-04-08T00:41:23.721+0000] {processor.py:179} INFO - Processing /opt/airflow/dags/extract_exchange_rates.py took 0.050 seconds
[2025-04-08T00:41:53.905+0000] {processor.py:157} INFO - Started process (PID=1107) to work on /opt/airflow/dags/extract_exchange_rates.py
[2025-04-08T00:41:53.905+0000] {processor.py:829} INFO - Processing file /opt/airflow/dags/extract_exchange_rates.py for tasks to queue
[2025-04-08T00:41:53.906+0000] {logging_mixin.py:151} INFO - [2025-04-08T00:41:53.906+0000] {dagbag.py:536} INFO - Filling up the DagBag from /opt/airflow/dags/extract_exchange_rates.py
[2025-04-08T00:41:53.915+0000] {processor.py:839} INFO - DAG(s) dict_keys(['extract_exchange_rates']) retrieved from /opt/airflow/dags/extract_exchange_rates.py
[2025-04-08T00:41:53.929+0000] {logging_mixin.py:151} INFO - [2025-04-08T00:41:53.929+0000] {dag.py:2941} INFO - Sync 1 DAGs
[2025-04-08T00:41:53.939+0000] {logging_mixin.py:151} INFO - [2025-04-08T00:41:53.939+0000] {dag.py:3722} INFO - Setting next_dagrun for extract_exchange_rates to 2025-04-08T00:00:00+00:00, run_after=2025-04-09T00:00:00+00:00
[2025-04-08T00:41:53.947+0000] {processor.py:179} INFO - Processing /opt/airflow/dags/extract_exchange_rates.py took 0.044 seconds
[2025-04-08T00:42:24.138+0000] {processor.py:157} INFO - Started process (PID=1112) to work on /opt/airflow/dags/extract_exchange_rates.py
[2025-04-08T00:42:24.138+0000] {processor.py:829} INFO - Processing file /opt/airflow/dags/extract_exchange_rates.py for tasks to queue
[2025-04-08T00:42:24.139+0000] {logging_mixin.py:151} INFO - [2025-04-08T00:42:24.139+0000] {dagbag.py:536} INFO - Filling up the DagBag from /opt/airflow/dags/extract_exchange_rates.py
[2025-04-08T00:42:24.152+0000] {processor.py:839} INFO - DAG(s) dict_keys(['extract_exchange_rates']) retrieved from /opt/airflow/dags/extract_exchange_rates.py
[2025-04-08T00:42:24.168+0000] {logging_mixin.py:151} INFO - [2025-04-08T00:42:24.168+0000] {dag.py:2941} INFO - Sync 1 DAGs
[2025-04-08T00:42:24.179+0000] {logging_mixin.py:151} INFO - [2025-04-08T00:42:24.179+0000] {dag.py:3722} INFO - Setting next_dagrun for extract_exchange_rates to 2025-04-08T00:00:00+00:00, run_after=2025-04-09T00:00:00+00:00
[2025-04-08T00:42:24.188+0000] {processor.py:179} INFO - Processing /opt/airflow/dags/extract_exchange_rates.py took 0.054 seconds
[2025-04-08T00:42:54.365+0000] {processor.py:157} INFO - Started process (PID=1117) to work on /opt/airflow/dags/extract_exchange_rates.py
[2025-04-08T00:42:54.365+0000] {processor.py:829} INFO - Processing file /opt/airflow/dags/extract_exchange_rates.py for tasks to queue
[2025-04-08T00:42:54.366+0000] {logging_mixin.py:151} INFO - [2025-04-08T00:42:54.366+0000] {dagbag.py:536} INFO - Filling up the DagBag from /opt/airflow/dags/extract_exchange_rates.py
[2025-04-08T00:42:54.377+0000] {processor.py:839} INFO - DAG(s) dict_keys(['extract_exchange_rates']) retrieved from /opt/airflow/dags/extract_exchange_rates.py
[2025-04-08T00:42:54.391+0000] {logging_mixin.py:151} INFO - [2025-04-08T00:42:54.391+0000] {dag.py:2941} INFO - Sync 1 DAGs
[2025-04-08T00:42:54.404+0000] {logging_mixin.py:151} INFO - [2025-04-08T00:42:54.404+0000] {dag.py:3722} INFO - Setting next_dagrun for extract_exchange_rates to 2025-04-08T00:00:00+00:00, run_after=2025-04-09T00:00:00+00:00
[2025-04-08T00:42:54.412+0000] {processor.py:179} INFO - Processing /opt/airflow/dags/extract_exchange_rates.py took 0.049 seconds
[2025-04-08T00:43:24.588+0000] {processor.py:157} INFO - Started process (PID=1122) to work on /opt/airflow/dags/extract_exchange_rates.py
[2025-04-08T00:43:24.589+0000] {processor.py:829} INFO - Processing file /opt/airflow/dags/extract_exchange_rates.py for tasks to queue
[2025-04-08T00:43:24.589+0000] {logging_mixin.py:151} INFO - [2025-04-08T00:43:24.589+0000] {dagbag.py:536} INFO - Filling up the DagBag from /opt/airflow/dags/extract_exchange_rates.py
[2025-04-08T00:43:24.602+0000] {processor.py:839} INFO - DAG(s) dict_keys(['extract_exchange_rates']) retrieved from /opt/airflow/dags/extract_exchange_rates.py
[2025-04-08T00:43:24.617+0000] {logging_mixin.py:151} INFO - [2025-04-08T00:43:24.617+0000] {dag.py:2941} INFO - Sync 1 DAGs
[2025-04-08T00:43:24.628+0000] {logging_mixin.py:151} INFO - [2025-04-08T00:43:24.628+0000] {dag.py:3722} INFO - Setting next_dagrun for extract_exchange_rates to 2025-04-08T00:00:00+00:00, run_after=2025-04-09T00:00:00+00:00
[2025-04-08T00:43:24.636+0000] {processor.py:179} INFO - Processing /opt/airflow/dags/extract_exchange_rates.py took 0.051 seconds
[2025-04-08T00:43:54.828+0000] {processor.py:157} INFO - Started process (PID=1127) to work on /opt/airflow/dags/extract_exchange_rates.py
[2025-04-08T00:43:54.829+0000] {processor.py:829} INFO - Processing file /opt/airflow/dags/extract_exchange_rates.py for tasks to queue
[2025-04-08T00:43:54.830+0000] {logging_mixin.py:151} INFO - [2025-04-08T00:43:54.830+0000] {dagbag.py:536} INFO - Filling up the DagBag from /opt/airflow/dags/extract_exchange_rates.py
[2025-04-08T00:43:54.841+0000] {processor.py:839} INFO - DAG(s) dict_keys(['extract_exchange_rates']) retrieved from /opt/airflow/dags/extract_exchange_rates.py
[2025-04-08T00:43:54.854+0000] {logging_mixin.py:151} INFO - [2025-04-08T00:43:54.854+0000] {dag.py:2941} INFO - Sync 1 DAGs
[2025-04-08T00:43:54.863+0000] {logging_mixin.py:151} INFO - [2025-04-08T00:43:54.863+0000] {dag.py:3722} INFO - Setting next_dagrun for extract_exchange_rates to 2025-04-08T00:00:00+00:00, run_after=2025-04-09T00:00:00+00:00
[2025-04-08T00:43:54.870+0000] {processor.py:179} INFO - Processing /opt/airflow/dags/extract_exchange_rates.py took 0.046 seconds
[2025-04-08T00:44:25.048+0000] {processor.py:157} INFO - Started process (PID=1132) to work on /opt/airflow/dags/extract_exchange_rates.py
[2025-04-08T00:44:25.049+0000] {processor.py:829} INFO - Processing file /opt/airflow/dags/extract_exchange_rates.py for tasks to queue
[2025-04-08T00:44:25.049+0000] {logging_mixin.py:151} INFO - [2025-04-08T00:44:25.049+0000] {dagbag.py:536} INFO - Filling up the DagBag from /opt/airflow/dags/extract_exchange_rates.py
[2025-04-08T00:44:25.061+0000] {processor.py:839} INFO - DAG(s) dict_keys(['extract_exchange_rates']) retrieved from /opt/airflow/dags/extract_exchange_rates.py
[2025-04-08T00:44:25.078+0000] {logging_mixin.py:151} INFO - [2025-04-08T00:44:25.077+0000] {dag.py:2941} INFO - Sync 1 DAGs
[2025-04-08T00:44:25.088+0000] {logging_mixin.py:151} INFO - [2025-04-08T00:44:25.088+0000] {dag.py:3722} INFO - Setting next_dagrun for extract_exchange_rates to 2025-04-08T00:00:00+00:00, run_after=2025-04-09T00:00:00+00:00
[2025-04-08T00:44:25.095+0000] {processor.py:179} INFO - Processing /opt/airflow/dags/extract_exchange_rates.py took 0.051 seconds
[2025-04-08T00:44:55.279+0000] {processor.py:157} INFO - Started process (PID=1137) to work on /opt/airflow/dags/extract_exchange_rates.py
[2025-04-08T00:44:55.280+0000] {processor.py:829} INFO - Processing file /opt/airflow/dags/extract_exchange_rates.py for tasks to queue
[2025-04-08T00:44:55.280+0000] {logging_mixin.py:151} INFO - [2025-04-08T00:44:55.280+0000] {dagbag.py:536} INFO - Filling up the DagBag from /opt/airflow/dags/extract_exchange_rates.py
[2025-04-08T00:44:55.291+0000] {processor.py:839} INFO - DAG(s) dict_keys(['extract_exchange_rates']) retrieved from /opt/airflow/dags/extract_exchange_rates.py
[2025-04-08T00:44:55.307+0000] {logging_mixin.py:151} INFO - [2025-04-08T00:44:55.307+0000] {dag.py:2941} INFO - Sync 1 DAGs
[2025-04-08T00:44:55.317+0000] {logging_mixin.py:151} INFO - [2025-04-08T00:44:55.317+0000] {dag.py:3722} INFO - Setting next_dagrun for extract_exchange_rates to 2025-04-08T00:00:00+00:00, run_after=2025-04-09T00:00:00+00:00
[2025-04-08T00:44:55.324+0000] {processor.py:179} INFO - Processing /opt/airflow/dags/extract_exchange_rates.py took 0.048 seconds
[2025-04-08T00:45:25.518+0000] {processor.py:157} INFO - Started process (PID=1142) to work on /opt/airflow/dags/extract_exchange_rates.py
[2025-04-08T00:45:25.519+0000] {processor.py:829} INFO - Processing file /opt/airflow/dags/extract_exchange_rates.py for tasks to queue
[2025-04-08T00:45:25.520+0000] {logging_mixin.py:151} INFO - [2025-04-08T00:45:25.520+0000] {dagbag.py:536} INFO - Filling up the DagBag from /opt/airflow/dags/extract_exchange_rates.py
[2025-04-08T00:45:25.531+0000] {processor.py:839} INFO - DAG(s) dict_keys(['extract_exchange_rates']) retrieved from /opt/airflow/dags/extract_exchange_rates.py
[2025-04-08T00:45:25.546+0000] {logging_mixin.py:151} INFO - [2025-04-08T00:45:25.546+0000] {dag.py:2941} INFO - Sync 1 DAGs
[2025-04-08T00:45:25.556+0000] {logging_mixin.py:151} INFO - [2025-04-08T00:45:25.556+0000] {dag.py:3722} INFO - Setting next_dagrun for extract_exchange_rates to 2025-04-08T00:00:00+00:00, run_after=2025-04-09T00:00:00+00:00
[2025-04-08T00:45:25.563+0000] {processor.py:179} INFO - Processing /opt/airflow/dags/extract_exchange_rates.py took 0.048 seconds
[2025-04-08T00:45:55.752+0000] {processor.py:157} INFO - Started process (PID=1147) to work on /opt/airflow/dags/extract_exchange_rates.py
[2025-04-08T00:45:55.753+0000] {processor.py:829} INFO - Processing file /opt/airflow/dags/extract_exchange_rates.py for tasks to queue
[2025-04-08T00:45:55.753+0000] {logging_mixin.py:151} INFO - [2025-04-08T00:45:55.753+0000] {dagbag.py:536} INFO - Filling up the DagBag from /opt/airflow/dags/extract_exchange_rates.py
[2025-04-08T00:45:55.762+0000] {processor.py:839} INFO - DAG(s) dict_keys(['extract_exchange_rates']) retrieved from /opt/airflow/dags/extract_exchange_rates.py
[2025-04-08T00:45:55.776+0000] {logging_mixin.py:151} INFO - [2025-04-08T00:45:55.776+0000] {dag.py:2941} INFO - Sync 1 DAGs
[2025-04-08T00:45:55.787+0000] {logging_mixin.py:151} INFO - [2025-04-08T00:45:55.786+0000] {dag.py:3722} INFO - Setting next_dagrun for extract_exchange_rates to 2025-04-08T00:00:00+00:00, run_after=2025-04-09T00:00:00+00:00
[2025-04-08T00:45:55.794+0000] {processor.py:179} INFO - Processing /opt/airflow/dags/extract_exchange_rates.py took 0.044 seconds
[2025-04-08T00:46:25.980+0000] {processor.py:157} INFO - Started process (PID=1152) to work on /opt/airflow/dags/extract_exchange_rates.py
[2025-04-08T00:46:25.980+0000] {processor.py:829} INFO - Processing file /opt/airflow/dags/extract_exchange_rates.py for tasks to queue
[2025-04-08T00:46:25.980+0000] {logging_mixin.py:151} INFO - [2025-04-08T00:46:25.980+0000] {dagbag.py:536} INFO - Filling up the DagBag from /opt/airflow/dags/extract_exchange_rates.py
[2025-04-08T00:46:25.988+0000] {processor.py:839} INFO - DAG(s) dict_keys(['extract_exchange_rates']) retrieved from /opt/airflow/dags/extract_exchange_rates.py
[2025-04-08T00:46:26.000+0000] {logging_mixin.py:151} INFO - [2025-04-08T00:46:26.000+0000] {dag.py:2941} INFO - Sync 1 DAGs
[2025-04-08T00:46:26.010+0000] {logging_mixin.py:151} INFO - [2025-04-08T00:46:26.009+0000] {dag.py:3722} INFO - Setting next_dagrun for extract_exchange_rates to 2025-04-08T00:00:00+00:00, run_after=2025-04-09T00:00:00+00:00
[2025-04-08T00:46:26.017+0000] {processor.py:179} INFO - Processing /opt/airflow/dags/extract_exchange_rates.py took 0.040 seconds
[2025-04-08T00:46:56.204+0000] {processor.py:157} INFO - Started process (PID=1157) to work on /opt/airflow/dags/extract_exchange_rates.py
[2025-04-08T00:46:56.205+0000] {processor.py:829} INFO - Processing file /opt/airflow/dags/extract_exchange_rates.py for tasks to queue
[2025-04-08T00:46:56.206+0000] {logging_mixin.py:151} INFO - [2025-04-08T00:46:56.206+0000] {dagbag.py:536} INFO - Filling up the DagBag from /opt/airflow/dags/extract_exchange_rates.py
[2025-04-08T00:46:56.217+0000] {processor.py:839} INFO - DAG(s) dict_keys(['extract_exchange_rates']) retrieved from /opt/airflow/dags/extract_exchange_rates.py
[2025-04-08T00:46:56.231+0000] {logging_mixin.py:151} INFO - [2025-04-08T00:46:56.231+0000] {dag.py:2941} INFO - Sync 1 DAGs
[2025-04-08T00:46:56.241+0000] {logging_mixin.py:151} INFO - [2025-04-08T00:46:56.241+0000] {dag.py:3722} INFO - Setting next_dagrun for extract_exchange_rates to 2025-04-08T00:00:00+00:00, run_after=2025-04-09T00:00:00+00:00
[2025-04-08T00:46:56.249+0000] {processor.py:179} INFO - Processing /opt/airflow/dags/extract_exchange_rates.py took 0.047 seconds
[2025-04-08T00:47:26.455+0000] {processor.py:157} INFO - Started process (PID=1162) to work on /opt/airflow/dags/extract_exchange_rates.py
[2025-04-08T00:47:26.456+0000] {processor.py:829} INFO - Processing file /opt/airflow/dags/extract_exchange_rates.py for tasks to queue
[2025-04-08T00:47:26.456+0000] {logging_mixin.py:151} INFO - [2025-04-08T00:47:26.456+0000] {dagbag.py:536} INFO - Filling up the DagBag from /opt/airflow/dags/extract_exchange_rates.py
[2025-04-08T00:47:26.466+0000] {processor.py:839} INFO - DAG(s) dict_keys(['extract_exchange_rates']) retrieved from /opt/airflow/dags/extract_exchange_rates.py
[2025-04-08T00:47:26.480+0000] {logging_mixin.py:151} INFO - [2025-04-08T00:47:26.480+0000] {dag.py:2941} INFO - Sync 1 DAGs
[2025-04-08T00:47:26.490+0000] {logging_mixin.py:151} INFO - [2025-04-08T00:47:26.490+0000] {dag.py:3722} INFO - Setting next_dagrun for extract_exchange_rates to 2025-04-08T00:00:00+00:00, run_after=2025-04-09T00:00:00+00:00
[2025-04-08T00:47:26.497+0000] {processor.py:179} INFO - Processing /opt/airflow/dags/extract_exchange_rates.py took 0.045 seconds
[2025-04-08T00:47:56.703+0000] {processor.py:157} INFO - Started process (PID=1167) to work on /opt/airflow/dags/extract_exchange_rates.py
[2025-04-08T00:47:56.704+0000] {processor.py:829} INFO - Processing file /opt/airflow/dags/extract_exchange_rates.py for tasks to queue
[2025-04-08T00:47:56.705+0000] {logging_mixin.py:151} INFO - [2025-04-08T00:47:56.704+0000] {dagbag.py:536} INFO - Filling up the DagBag from /opt/airflow/dags/extract_exchange_rates.py
[2025-04-08T00:47:56.716+0000] {processor.py:839} INFO - DAG(s) dict_keys(['extract_exchange_rates']) retrieved from /opt/airflow/dags/extract_exchange_rates.py
[2025-04-08T00:47:56.730+0000] {logging_mixin.py:151} INFO - [2025-04-08T00:47:56.730+0000] {dag.py:2941} INFO - Sync 1 DAGs
[2025-04-08T00:47:56.741+0000] {logging_mixin.py:151} INFO - [2025-04-08T00:47:56.741+0000] {dag.py:3722} INFO - Setting next_dagrun for extract_exchange_rates to 2025-04-08T00:00:00+00:00, run_after=2025-04-09T00:00:00+00:00
[2025-04-08T00:47:56.748+0000] {processor.py:179} INFO - Processing /opt/airflow/dags/extract_exchange_rates.py took 0.050 seconds
[2025-04-08T00:48:26.936+0000] {processor.py:157} INFO - Started process (PID=1172) to work on /opt/airflow/dags/extract_exchange_rates.py
[2025-04-08T00:48:26.937+0000] {processor.py:829} INFO - Processing file /opt/airflow/dags/extract_exchange_rates.py for tasks to queue
[2025-04-08T00:48:26.938+0000] {logging_mixin.py:151} INFO - [2025-04-08T00:48:26.937+0000] {dagbag.py:536} INFO - Filling up the DagBag from /opt/airflow/dags/extract_exchange_rates.py
[2025-04-08T00:48:26.949+0000] {processor.py:839} INFO - DAG(s) dict_keys(['extract_exchange_rates']) retrieved from /opt/airflow/dags/extract_exchange_rates.py
[2025-04-08T00:48:26.965+0000] {logging_mixin.py:151} INFO - [2025-04-08T00:48:26.965+0000] {dag.py:2941} INFO - Sync 1 DAGs
[2025-04-08T00:48:26.975+0000] {logging_mixin.py:151} INFO - [2025-04-08T00:48:26.975+0000] {dag.py:3722} INFO - Setting next_dagrun for extract_exchange_rates to 2025-04-08T00:00:00+00:00, run_after=2025-04-09T00:00:00+00:00
[2025-04-08T00:48:26.983+0000] {processor.py:179} INFO - Processing /opt/airflow/dags/extract_exchange_rates.py took 0.049 seconds
[2025-04-08T00:48:57.173+0000] {processor.py:157} INFO - Started process (PID=1177) to work on /opt/airflow/dags/extract_exchange_rates.py
[2025-04-08T00:48:57.174+0000] {processor.py:829} INFO - Processing file /opt/airflow/dags/extract_exchange_rates.py for tasks to queue
[2025-04-08T00:48:57.174+0000] {logging_mixin.py:151} INFO - [2025-04-08T00:48:57.174+0000] {dagbag.py:536} INFO - Filling up the DagBag from /opt/airflow/dags/extract_exchange_rates.py
[2025-04-08T00:48:57.186+0000] {processor.py:839} INFO - DAG(s) dict_keys(['extract_exchange_rates']) retrieved from /opt/airflow/dags/extract_exchange_rates.py
[2025-04-08T00:48:57.201+0000] {logging_mixin.py:151} INFO - [2025-04-08T00:48:57.201+0000] {dag.py:2941} INFO - Sync 1 DAGs
[2025-04-08T00:48:57.210+0000] {logging_mixin.py:151} INFO - [2025-04-08T00:48:57.210+0000] {dag.py:3722} INFO - Setting next_dagrun for extract_exchange_rates to 2025-04-08T00:00:00+00:00, run_after=2025-04-09T00:00:00+00:00
[2025-04-08T00:48:57.217+0000] {processor.py:179} INFO - Processing /opt/airflow/dags/extract_exchange_rates.py took 0.047 seconds
[2025-04-08T00:49:27.414+0000] {processor.py:157} INFO - Started process (PID=1182) to work on /opt/airflow/dags/extract_exchange_rates.py
[2025-04-08T00:49:27.415+0000] {processor.py:829} INFO - Processing file /opt/airflow/dags/extract_exchange_rates.py for tasks to queue
[2025-04-08T00:49:27.415+0000] {logging_mixin.py:151} INFO - [2025-04-08T00:49:27.415+0000] {dagbag.py:536} INFO - Filling up the DagBag from /opt/airflow/dags/extract_exchange_rates.py
[2025-04-08T00:49:27.425+0000] {processor.py:839} INFO - DAG(s) dict_keys(['extract_exchange_rates']) retrieved from /opt/airflow/dags/extract_exchange_rates.py
[2025-04-08T00:49:27.439+0000] {logging_mixin.py:151} INFO - [2025-04-08T00:49:27.439+0000] {dag.py:2941} INFO - Sync 1 DAGs
[2025-04-08T00:49:27.450+0000] {logging_mixin.py:151} INFO - [2025-04-08T00:49:27.450+0000] {dag.py:3722} INFO - Setting next_dagrun for extract_exchange_rates to 2025-04-08T00:00:00+00:00, run_after=2025-04-09T00:00:00+00:00
[2025-04-08T00:49:27.459+0000] {processor.py:179} INFO - Processing /opt/airflow/dags/extract_exchange_rates.py took 0.048 seconds
[2025-04-08T00:49:57.653+0000] {processor.py:157} INFO - Started process (PID=1187) to work on /opt/airflow/dags/extract_exchange_rates.py
[2025-04-08T00:49:57.653+0000] {processor.py:829} INFO - Processing file /opt/airflow/dags/extract_exchange_rates.py for tasks to queue
[2025-04-08T00:49:57.654+0000] {logging_mixin.py:151} INFO - [2025-04-08T00:49:57.654+0000] {dagbag.py:536} INFO - Filling up the DagBag from /opt/airflow/dags/extract_exchange_rates.py
[2025-04-08T00:49:57.665+0000] {processor.py:839} INFO - DAG(s) dict_keys(['extract_exchange_rates']) retrieved from /opt/airflow/dags/extract_exchange_rates.py
[2025-04-08T00:49:57.678+0000] {logging_mixin.py:151} INFO - [2025-04-08T00:49:57.678+0000] {dag.py:2941} INFO - Sync 1 DAGs
[2025-04-08T00:49:57.688+0000] {logging_mixin.py:151} INFO - [2025-04-08T00:49:57.688+0000] {dag.py:3722} INFO - Setting next_dagrun for extract_exchange_rates to 2025-04-08T00:00:00+00:00, run_after=2025-04-09T00:00:00+00:00
[2025-04-08T00:49:57.696+0000] {processor.py:179} INFO - Processing /opt/airflow/dags/extract_exchange_rates.py took 0.046 seconds
[2025-04-08T00:50:27.875+0000] {processor.py:157} INFO - Started process (PID=1192) to work on /opt/airflow/dags/extract_exchange_rates.py
[2025-04-08T00:50:27.876+0000] {processor.py:829} INFO - Processing file /opt/airflow/dags/extract_exchange_rates.py for tasks to queue
[2025-04-08T00:50:27.876+0000] {logging_mixin.py:151} INFO - [2025-04-08T00:50:27.876+0000] {dagbag.py:536} INFO - Filling up the DagBag from /opt/airflow/dags/extract_exchange_rates.py
[2025-04-08T00:50:27.887+0000] {processor.py:839} INFO - DAG(s) dict_keys(['extract_exchange_rates']) retrieved from /opt/airflow/dags/extract_exchange_rates.py
[2025-04-08T00:50:27.903+0000] {logging_mixin.py:151} INFO - [2025-04-08T00:50:27.902+0000] {dag.py:2941} INFO - Sync 1 DAGs
[2025-04-08T00:50:27.917+0000] {logging_mixin.py:151} INFO - [2025-04-08T00:50:27.917+0000] {dag.py:3722} INFO - Setting next_dagrun for extract_exchange_rates to 2025-04-08T00:00:00+00:00, run_after=2025-04-09T00:00:00+00:00
[2025-04-08T00:50:27.925+0000] {processor.py:179} INFO - Processing /opt/airflow/dags/extract_exchange_rates.py took 0.053 seconds
[2025-04-08T00:50:58.126+0000] {processor.py:157} INFO - Started process (PID=1197) to work on /opt/airflow/dags/extract_exchange_rates.py
[2025-04-08T00:50:58.127+0000] {processor.py:829} INFO - Processing file /opt/airflow/dags/extract_exchange_rates.py for tasks to queue
[2025-04-08T00:50:58.128+0000] {logging_mixin.py:151} INFO - [2025-04-08T00:50:58.127+0000] {dagbag.py:536} INFO - Filling up the DagBag from /opt/airflow/dags/extract_exchange_rates.py
[2025-04-08T00:50:58.139+0000] {processor.py:839} INFO - DAG(s) dict_keys(['extract_exchange_rates']) retrieved from /opt/airflow/dags/extract_exchange_rates.py
[2025-04-08T00:50:58.155+0000] {logging_mixin.py:151} INFO - [2025-04-08T00:50:58.155+0000] {dag.py:2941} INFO - Sync 1 DAGs
[2025-04-08T00:50:58.166+0000] {logging_mixin.py:151} INFO - [2025-04-08T00:50:58.165+0000] {dag.py:3722} INFO - Setting next_dagrun for extract_exchange_rates to 2025-04-08T00:00:00+00:00, run_after=2025-04-09T00:00:00+00:00
[2025-04-08T00:50:58.174+0000] {processor.py:179} INFO - Processing /opt/airflow/dags/extract_exchange_rates.py took 0.051 seconds
[2025-04-08T00:51:28.367+0000] {processor.py:157} INFO - Started process (PID=1202) to work on /opt/airflow/dags/extract_exchange_rates.py
[2025-04-08T00:51:28.368+0000] {processor.py:829} INFO - Processing file /opt/airflow/dags/extract_exchange_rates.py for tasks to queue
[2025-04-08T00:51:28.369+0000] {logging_mixin.py:151} INFO - [2025-04-08T00:51:28.368+0000] {dagbag.py:536} INFO - Filling up the DagBag from /opt/airflow/dags/extract_exchange_rates.py
[2025-04-08T00:51:28.381+0000] {processor.py:839} INFO - DAG(s) dict_keys(['extract_exchange_rates']) retrieved from /opt/airflow/dags/extract_exchange_rates.py
[2025-04-08T00:51:28.397+0000] {logging_mixin.py:151} INFO - [2025-04-08T00:51:28.397+0000] {dag.py:2941} INFO - Sync 1 DAGs
[2025-04-08T00:51:28.408+0000] {logging_mixin.py:151} INFO - [2025-04-08T00:51:28.408+0000] {dag.py:3722} INFO - Setting next_dagrun for extract_exchange_rates to 2025-04-08T00:00:00+00:00, run_after=2025-04-09T00:00:00+00:00
[2025-04-08T00:51:28.415+0000] {processor.py:179} INFO - Processing /opt/airflow/dags/extract_exchange_rates.py took 0.052 seconds
[2025-04-08T00:51:58.607+0000] {processor.py:157} INFO - Started process (PID=1207) to work on /opt/airflow/dags/extract_exchange_rates.py
[2025-04-08T00:51:58.607+0000] {processor.py:829} INFO - Processing file /opt/airflow/dags/extract_exchange_rates.py for tasks to queue
[2025-04-08T00:51:58.608+0000] {logging_mixin.py:151} INFO - [2025-04-08T00:51:58.608+0000] {dagbag.py:536} INFO - Filling up the DagBag from /opt/airflow/dags/extract_exchange_rates.py
[2025-04-08T00:51:58.619+0000] {processor.py:839} INFO - DAG(s) dict_keys(['extract_exchange_rates']) retrieved from /opt/airflow/dags/extract_exchange_rates.py
[2025-04-08T00:51:58.633+0000] {logging_mixin.py:151} INFO - [2025-04-08T00:51:58.632+0000] {dag.py:2941} INFO - Sync 1 DAGs
[2025-04-08T00:51:58.643+0000] {logging_mixin.py:151} INFO - [2025-04-08T00:51:58.643+0000] {dag.py:3722} INFO - Setting next_dagrun for extract_exchange_rates to 2025-04-08T00:00:00+00:00, run_after=2025-04-09T00:00:00+00:00
[2025-04-08T00:51:58.650+0000] {processor.py:179} INFO - Processing /opt/airflow/dags/extract_exchange_rates.py took 0.047 seconds
[2025-04-08T00:52:28.854+0000] {processor.py:157} INFO - Started process (PID=1213) to work on /opt/airflow/dags/extract_exchange_rates.py
[2025-04-08T00:52:28.855+0000] {processor.py:829} INFO - Processing file /opt/airflow/dags/extract_exchange_rates.py for tasks to queue
[2025-04-08T00:52:28.856+0000] {logging_mixin.py:151} INFO - [2025-04-08T00:52:28.856+0000] {dagbag.py:536} INFO - Filling up the DagBag from /opt/airflow/dags/extract_exchange_rates.py
[2025-04-08T00:52:28.868+0000] {processor.py:839} INFO - DAG(s) dict_keys(['extract_exchange_rates']) retrieved from /opt/airflow/dags/extract_exchange_rates.py
[2025-04-08T00:52:28.887+0000] {logging_mixin.py:151} INFO - [2025-04-08T00:52:28.886+0000] {dag.py:2941} INFO - Sync 1 DAGs
[2025-04-08T00:52:28.898+0000] {logging_mixin.py:151} INFO - [2025-04-08T00:52:28.897+0000] {dag.py:3722} INFO - Setting next_dagrun for extract_exchange_rates to 2025-04-08T00:00:00+00:00, run_after=2025-04-09T00:00:00+00:00
[2025-04-08T00:52:28.905+0000] {processor.py:179} INFO - Processing /opt/airflow/dags/extract_exchange_rates.py took 0.054 seconds
[2025-04-08T00:52:59.092+0000] {processor.py:157} INFO - Started process (PID=1218) to work on /opt/airflow/dags/extract_exchange_rates.py
[2025-04-08T00:52:59.093+0000] {processor.py:829} INFO - Processing file /opt/airflow/dags/extract_exchange_rates.py for tasks to queue
[2025-04-08T00:52:59.094+0000] {logging_mixin.py:151} INFO - [2025-04-08T00:52:59.093+0000] {dagbag.py:536} INFO - Filling up the DagBag from /opt/airflow/dags/extract_exchange_rates.py
[2025-04-08T00:52:59.108+0000] {processor.py:839} INFO - DAG(s) dict_keys(['extract_exchange_rates']) retrieved from /opt/airflow/dags/extract_exchange_rates.py
[2025-04-08T00:52:59.123+0000] {logging_mixin.py:151} INFO - [2025-04-08T00:52:59.123+0000] {dag.py:2941} INFO - Sync 1 DAGs
[2025-04-08T00:52:59.134+0000] {logging_mixin.py:151} INFO - [2025-04-08T00:52:59.133+0000] {dag.py:3722} INFO - Setting next_dagrun for extract_exchange_rates to 2025-04-08T00:00:00+00:00, run_after=2025-04-09T00:00:00+00:00
[2025-04-08T00:52:59.141+0000] {processor.py:179} INFO - Processing /opt/airflow/dags/extract_exchange_rates.py took 0.052 seconds
[2025-04-08T00:53:29.334+0000] {processor.py:157} INFO - Started process (PID=1223) to work on /opt/airflow/dags/extract_exchange_rates.py
[2025-04-08T00:53:29.335+0000] {processor.py:829} INFO - Processing file /opt/airflow/dags/extract_exchange_rates.py for tasks to queue
[2025-04-08T00:53:29.335+0000] {logging_mixin.py:151} INFO - [2025-04-08T00:53:29.335+0000] {dagbag.py:536} INFO - Filling up the DagBag from /opt/airflow/dags/extract_exchange_rates.py
[2025-04-08T00:53:29.346+0000] {processor.py:839} INFO - DAG(s) dict_keys(['extract_exchange_rates']) retrieved from /opt/airflow/dags/extract_exchange_rates.py
[2025-04-08T00:53:29.359+0000] {logging_mixin.py:151} INFO - [2025-04-08T00:53:29.358+0000] {dag.py:2941} INFO - Sync 1 DAGs
[2025-04-08T00:53:29.369+0000] {logging_mixin.py:151} INFO - [2025-04-08T00:53:29.369+0000] {dag.py:3722} INFO - Setting next_dagrun for extract_exchange_rates to 2025-04-08T00:00:00+00:00, run_after=2025-04-09T00:00:00+00:00
[2025-04-08T00:53:29.376+0000] {processor.py:179} INFO - Processing /opt/airflow/dags/extract_exchange_rates.py took 0.045 seconds
[2025-04-08T00:53:59.577+0000] {processor.py:157} INFO - Started process (PID=1228) to work on /opt/airflow/dags/extract_exchange_rates.py
[2025-04-08T00:53:59.580+0000] {processor.py:829} INFO - Processing file /opt/airflow/dags/extract_exchange_rates.py for tasks to queue
[2025-04-08T00:53:59.580+0000] {logging_mixin.py:151} INFO - [2025-04-08T00:53:59.580+0000] {dagbag.py:536} INFO - Filling up the DagBag from /opt/airflow/dags/extract_exchange_rates.py
[2025-04-08T00:53:59.592+0000] {processor.py:839} INFO - DAG(s) dict_keys(['extract_exchange_rates']) retrieved from /opt/airflow/dags/extract_exchange_rates.py
[2025-04-08T00:53:59.607+0000] {logging_mixin.py:151} INFO - [2025-04-08T00:53:59.607+0000] {dag.py:2941} INFO - Sync 1 DAGs
[2025-04-08T00:53:59.618+0000] {logging_mixin.py:151} INFO - [2025-04-08T00:53:59.618+0000] {dag.py:3722} INFO - Setting next_dagrun for extract_exchange_rates to 2025-04-08T00:00:00+00:00, run_after=2025-04-09T00:00:00+00:00
[2025-04-08T00:53:59.625+0000] {processor.py:179} INFO - Processing /opt/airflow/dags/extract_exchange_rates.py took 0.051 seconds
[2025-04-08T00:54:29.755+0000] {processor.py:157} INFO - Started process (PID=1233) to work on /opt/airflow/dags/extract_exchange_rates.py
[2025-04-08T00:54:29.756+0000] {processor.py:829} INFO - Processing file /opt/airflow/dags/extract_exchange_rates.py for tasks to queue
[2025-04-08T00:54:29.756+0000] {logging_mixin.py:151} INFO - [2025-04-08T00:54:29.756+0000] {dagbag.py:536} INFO - Filling up the DagBag from /opt/airflow/dags/extract_exchange_rates.py
[2025-04-08T00:54:29.769+0000] {processor.py:839} INFO - DAG(s) dict_keys(['extract_exchange_rates']) retrieved from /opt/airflow/dags/extract_exchange_rates.py
[2025-04-08T00:54:29.784+0000] {logging_mixin.py:151} INFO - [2025-04-08T00:54:29.784+0000] {dag.py:2941} INFO - Sync 1 DAGs
[2025-04-08T00:54:29.794+0000] {logging_mixin.py:151} INFO - [2025-04-08T00:54:29.794+0000] {dag.py:3722} INFO - Setting next_dagrun for extract_exchange_rates to 2025-04-08T00:00:00+00:00, run_after=2025-04-09T00:00:00+00:00
[2025-04-08T00:54:29.802+0000] {processor.py:179} INFO - Processing /opt/airflow/dags/extract_exchange_rates.py took 0.051 seconds
[2025-04-08T00:54:59.992+0000] {processor.py:157} INFO - Started process (PID=1238) to work on /opt/airflow/dags/extract_exchange_rates.py
[2025-04-08T00:54:59.993+0000] {processor.py:829} INFO - Processing file /opt/airflow/dags/extract_exchange_rates.py for tasks to queue
[2025-04-08T00:54:59.993+0000] {logging_mixin.py:151} INFO - [2025-04-08T00:54:59.993+0000] {dagbag.py:536} INFO - Filling up the DagBag from /opt/airflow/dags/extract_exchange_rates.py
[2025-04-08T00:55:00.004+0000] {processor.py:839} INFO - DAG(s) dict_keys(['extract_exchange_rates']) retrieved from /opt/airflow/dags/extract_exchange_rates.py
[2025-04-08T00:55:00.019+0000] {logging_mixin.py:151} INFO - [2025-04-08T00:55:00.019+0000] {dag.py:2941} INFO - Sync 1 DAGs
[2025-04-08T00:55:00.028+0000] {logging_mixin.py:151} INFO - [2025-04-08T00:55:00.028+0000] {dag.py:3722} INFO - Setting next_dagrun for extract_exchange_rates to 2025-04-08T00:00:00+00:00, run_after=2025-04-09T00:00:00+00:00
[2025-04-08T00:55:00.036+0000] {processor.py:179} INFO - Processing /opt/airflow/dags/extract_exchange_rates.py took 0.046 seconds
[2025-04-08T00:55:30.221+0000] {processor.py:157} INFO - Started process (PID=1243) to work on /opt/airflow/dags/extract_exchange_rates.py
[2025-04-08T00:55:30.222+0000] {processor.py:829} INFO - Processing file /opt/airflow/dags/extract_exchange_rates.py for tasks to queue
[2025-04-08T00:55:30.223+0000] {logging_mixin.py:151} INFO - [2025-04-08T00:55:30.222+0000] {dagbag.py:536} INFO - Filling up the DagBag from /opt/airflow/dags/extract_exchange_rates.py
[2025-04-08T00:55:30.233+0000] {processor.py:839} INFO - DAG(s) dict_keys(['extract_exchange_rates']) retrieved from /opt/airflow/dags/extract_exchange_rates.py
[2025-04-08T00:55:30.246+0000] {logging_mixin.py:151} INFO - [2025-04-08T00:55:30.246+0000] {dag.py:2941} INFO - Sync 1 DAGs
[2025-04-08T00:55:30.256+0000] {logging_mixin.py:151} INFO - [2025-04-08T00:55:30.256+0000] {dag.py:3722} INFO - Setting next_dagrun for extract_exchange_rates to 2025-04-08T00:00:00+00:00, run_after=2025-04-09T00:00:00+00:00
[2025-04-08T00:55:30.264+0000] {processor.py:179} INFO - Processing /opt/airflow/dags/extract_exchange_rates.py took 0.046 seconds
[2025-04-08T00:56:00.467+0000] {processor.py:157} INFO - Started process (PID=1248) to work on /opt/airflow/dags/extract_exchange_rates.py
[2025-04-08T00:56:00.468+0000] {processor.py:829} INFO - Processing file /opt/airflow/dags/extract_exchange_rates.py for tasks to queue
[2025-04-08T00:56:00.469+0000] {logging_mixin.py:151} INFO - [2025-04-08T00:56:00.469+0000] {dagbag.py:536} INFO - Filling up the DagBag from /opt/airflow/dags/extract_exchange_rates.py
[2025-04-08T00:56:00.482+0000] {processor.py:839} INFO - DAG(s) dict_keys(['extract_exchange_rates']) retrieved from /opt/airflow/dags/extract_exchange_rates.py
[2025-04-08T00:56:00.499+0000] {logging_mixin.py:151} INFO - [2025-04-08T00:56:00.499+0000] {dag.py:2941} INFO - Sync 1 DAGs
[2025-04-08T00:56:00.511+0000] {logging_mixin.py:151} INFO - [2025-04-08T00:56:00.510+0000] {dag.py:3722} INFO - Setting next_dagrun for extract_exchange_rates to 2025-04-08T00:00:00+00:00, run_after=2025-04-09T00:00:00+00:00
[2025-04-08T00:56:00.518+0000] {processor.py:179} INFO - Processing /opt/airflow/dags/extract_exchange_rates.py took 0.054 seconds
[2025-04-08T00:56:30.704+0000] {processor.py:157} INFO - Started process (PID=1253) to work on /opt/airflow/dags/extract_exchange_rates.py
[2025-04-08T00:56:30.706+0000] {processor.py:829} INFO - Processing file /opt/airflow/dags/extract_exchange_rates.py for tasks to queue
[2025-04-08T00:56:30.707+0000] {logging_mixin.py:151} INFO - [2025-04-08T00:56:30.707+0000] {dagbag.py:536} INFO - Filling up the DagBag from /opt/airflow/dags/extract_exchange_rates.py
[2025-04-08T00:56:30.717+0000] {processor.py:839} INFO - DAG(s) dict_keys(['extract_exchange_rates']) retrieved from /opt/airflow/dags/extract_exchange_rates.py
[2025-04-08T00:56:30.730+0000] {logging_mixin.py:151} INFO - [2025-04-08T00:56:30.730+0000] {dag.py:2941} INFO - Sync 1 DAGs
[2025-04-08T00:56:30.740+0000] {logging_mixin.py:151} INFO - [2025-04-08T00:56:30.740+0000] {dag.py:3722} INFO - Setting next_dagrun for extract_exchange_rates to 2025-04-08T00:00:00+00:00, run_after=2025-04-09T00:00:00+00:00
[2025-04-08T00:56:30.747+0000] {processor.py:179} INFO - Processing /opt/airflow/dags/extract_exchange_rates.py took 0.045 seconds
[2025-04-08T00:57:00.947+0000] {processor.py:157} INFO - Started process (PID=1258) to work on /opt/airflow/dags/extract_exchange_rates.py
[2025-04-08T00:57:00.948+0000] {processor.py:829} INFO - Processing file /opt/airflow/dags/extract_exchange_rates.py for tasks to queue
[2025-04-08T00:57:00.949+0000] {logging_mixin.py:151} INFO - [2025-04-08T00:57:00.948+0000] {dagbag.py:536} INFO - Filling up the DagBag from /opt/airflow/dags/extract_exchange_rates.py
[2025-04-08T00:57:00.959+0000] {processor.py:839} INFO - DAG(s) dict_keys(['extract_exchange_rates']) retrieved from /opt/airflow/dags/extract_exchange_rates.py
[2025-04-08T00:57:00.974+0000] {logging_mixin.py:151} INFO - [2025-04-08T00:57:00.974+0000] {dag.py:2941} INFO - Sync 1 DAGs
[2025-04-08T00:57:00.984+0000] {logging_mixin.py:151} INFO - [2025-04-08T00:57:00.983+0000] {dag.py:3722} INFO - Setting next_dagrun for extract_exchange_rates to 2025-04-08T00:00:00+00:00, run_after=2025-04-09T00:00:00+00:00
[2025-04-08T00:57:00.990+0000] {processor.py:179} INFO - Processing /opt/airflow/dags/extract_exchange_rates.py took 0.046 seconds
[2025-04-08T00:57:31.189+0000] {processor.py:157} INFO - Started process (PID=1263) to work on /opt/airflow/dags/extract_exchange_rates.py
[2025-04-08T00:57:31.190+0000] {processor.py:829} INFO - Processing file /opt/airflow/dags/extract_exchange_rates.py for tasks to queue
[2025-04-08T00:57:31.191+0000] {logging_mixin.py:151} INFO - [2025-04-08T00:57:31.190+0000] {dagbag.py:536} INFO - Filling up the DagBag from /opt/airflow/dags/extract_exchange_rates.py
[2025-04-08T00:57:31.202+0000] {processor.py:839} INFO - DAG(s) dict_keys(['extract_exchange_rates']) retrieved from /opt/airflow/dags/extract_exchange_rates.py
[2025-04-08T00:57:31.216+0000] {logging_mixin.py:151} INFO - [2025-04-08T00:57:31.216+0000] {dag.py:2941} INFO - Sync 1 DAGs
[2025-04-08T00:57:31.226+0000] {logging_mixin.py:151} INFO - [2025-04-08T00:57:31.226+0000] {dag.py:3722} INFO - Setting next_dagrun for extract_exchange_rates to 2025-04-08T00:00:00+00:00, run_after=2025-04-09T00:00:00+00:00
[2025-04-08T00:57:31.233+0000] {processor.py:179} INFO - Processing /opt/airflow/dags/extract_exchange_rates.py took 0.046 seconds
[2025-04-08T00:58:01.416+0000] {processor.py:157} INFO - Started process (PID=1268) to work on /opt/airflow/dags/extract_exchange_rates.py
[2025-04-08T00:58:01.417+0000] {processor.py:829} INFO - Processing file /opt/airflow/dags/extract_exchange_rates.py for tasks to queue
[2025-04-08T00:58:01.418+0000] {logging_mixin.py:151} INFO - [2025-04-08T00:58:01.417+0000] {dagbag.py:536} INFO - Filling up the DagBag from /opt/airflow/dags/extract_exchange_rates.py
[2025-04-08T00:58:01.431+0000] {processor.py:839} INFO - DAG(s) dict_keys(['extract_exchange_rates']) retrieved from /opt/airflow/dags/extract_exchange_rates.py
[2025-04-08T00:58:01.444+0000] {logging_mixin.py:151} INFO - [2025-04-08T00:58:01.444+0000] {dag.py:2941} INFO - Sync 1 DAGs
[2025-04-08T00:58:01.454+0000] {logging_mixin.py:151} INFO - [2025-04-08T00:58:01.454+0000] {dag.py:3722} INFO - Setting next_dagrun for extract_exchange_rates to 2025-04-08T00:00:00+00:00, run_after=2025-04-09T00:00:00+00:00
[2025-04-08T00:58:01.461+0000] {processor.py:179} INFO - Processing /opt/airflow/dags/extract_exchange_rates.py took 0.047 seconds
[2025-04-08T00:58:31.660+0000] {processor.py:157} INFO - Started process (PID=1273) to work on /opt/airflow/dags/extract_exchange_rates.py
[2025-04-08T00:58:31.661+0000] {processor.py:829} INFO - Processing file /opt/airflow/dags/extract_exchange_rates.py for tasks to queue
[2025-04-08T00:58:31.662+0000] {logging_mixin.py:151} INFO - [2025-04-08T00:58:31.661+0000] {dagbag.py:536} INFO - Filling up the DagBag from /opt/airflow/dags/extract_exchange_rates.py
[2025-04-08T00:58:31.673+0000] {processor.py:839} INFO - DAG(s) dict_keys(['extract_exchange_rates']) retrieved from /opt/airflow/dags/extract_exchange_rates.py
[2025-04-08T00:58:31.686+0000] {logging_mixin.py:151} INFO - [2025-04-08T00:58:31.686+0000] {dag.py:2941} INFO - Sync 1 DAGs
[2025-04-08T00:58:31.696+0000] {logging_mixin.py:151} INFO - [2025-04-08T00:58:31.696+0000] {dag.py:3722} INFO - Setting next_dagrun for extract_exchange_rates to 2025-04-08T00:00:00+00:00, run_after=2025-04-09T00:00:00+00:00
[2025-04-08T00:58:31.703+0000] {processor.py:179} INFO - Processing /opt/airflow/dags/extract_exchange_rates.py took 0.046 seconds
[2025-04-08T00:59:01.885+0000] {processor.py:157} INFO - Started process (PID=1278) to work on /opt/airflow/dags/extract_exchange_rates.py
[2025-04-08T00:59:01.885+0000] {processor.py:829} INFO - Processing file /opt/airflow/dags/extract_exchange_rates.py for tasks to queue
[2025-04-08T00:59:01.886+0000] {logging_mixin.py:151} INFO - [2025-04-08T00:59:01.886+0000] {dagbag.py:536} INFO - Filling up the DagBag from /opt/airflow/dags/extract_exchange_rates.py
[2025-04-08T00:59:01.897+0000] {processor.py:839} INFO - DAG(s) dict_keys(['extract_exchange_rates']) retrieved from /opt/airflow/dags/extract_exchange_rates.py
[2025-04-08T00:59:01.910+0000] {logging_mixin.py:151} INFO - [2025-04-08T00:59:01.910+0000] {dag.py:2941} INFO - Sync 1 DAGs
[2025-04-08T00:59:01.920+0000] {logging_mixin.py:151} INFO - [2025-04-08T00:59:01.920+0000] {dag.py:3722} INFO - Setting next_dagrun for extract_exchange_rates to 2025-04-08T00:00:00+00:00, run_after=2025-04-09T00:00:00+00:00
[2025-04-08T00:59:01.928+0000] {processor.py:179} INFO - Processing /opt/airflow/dags/extract_exchange_rates.py took 0.046 seconds
[2025-04-08T00:59:32.128+0000] {processor.py:157} INFO - Started process (PID=1283) to work on /opt/airflow/dags/extract_exchange_rates.py
[2025-04-08T00:59:32.129+0000] {processor.py:829} INFO - Processing file /opt/airflow/dags/extract_exchange_rates.py for tasks to queue
[2025-04-08T00:59:32.129+0000] {logging_mixin.py:151} INFO - [2025-04-08T00:59:32.129+0000] {dagbag.py:536} INFO - Filling up the DagBag from /opt/airflow/dags/extract_exchange_rates.py
[2025-04-08T00:59:32.142+0000] {processor.py:839} INFO - DAG(s) dict_keys(['extract_exchange_rates']) retrieved from /opt/airflow/dags/extract_exchange_rates.py
[2025-04-08T00:59:32.156+0000] {logging_mixin.py:151} INFO - [2025-04-08T00:59:32.156+0000] {dag.py:2941} INFO - Sync 1 DAGs
[2025-04-08T00:59:32.167+0000] {logging_mixin.py:151} INFO - [2025-04-08T00:59:32.167+0000] {dag.py:3722} INFO - Setting next_dagrun for extract_exchange_rates to 2025-04-08T00:00:00+00:00, run_after=2025-04-09T00:00:00+00:00
[2025-04-08T00:59:32.178+0000] {processor.py:179} INFO - Processing /opt/airflow/dags/extract_exchange_rates.py took 0.054 seconds
[2025-04-08T01:00:02.357+0000] {processor.py:157} INFO - Started process (PID=1288) to work on /opt/airflow/dags/extract_exchange_rates.py
[2025-04-08T01:00:02.357+0000] {processor.py:829} INFO - Processing file /opt/airflow/dags/extract_exchange_rates.py for tasks to queue
[2025-04-08T01:00:02.358+0000] {logging_mixin.py:151} INFO - [2025-04-08T01:00:02.358+0000] {dagbag.py:536} INFO - Filling up the DagBag from /opt/airflow/dags/extract_exchange_rates.py
[2025-04-08T01:00:02.366+0000] {processor.py:839} INFO - DAG(s) dict_keys(['extract_exchange_rates']) retrieved from /opt/airflow/dags/extract_exchange_rates.py
[2025-04-08T01:00:02.379+0000] {logging_mixin.py:151} INFO - [2025-04-08T01:00:02.379+0000] {dag.py:2941} INFO - Sync 1 DAGs
[2025-04-08T01:00:02.389+0000] {logging_mixin.py:151} INFO - [2025-04-08T01:00:02.388+0000] {dag.py:3722} INFO - Setting next_dagrun for extract_exchange_rates to 2025-04-08T00:00:00+00:00, run_after=2025-04-09T00:00:00+00:00
[2025-04-08T01:00:02.396+0000] {processor.py:179} INFO - Processing /opt/airflow/dags/extract_exchange_rates.py took 0.041 seconds
[2025-04-08T01:00:32.610+0000] {processor.py:157} INFO - Started process (PID=1293) to work on /opt/airflow/dags/extract_exchange_rates.py
[2025-04-08T01:00:32.611+0000] {processor.py:829} INFO - Processing file /opt/airflow/dags/extract_exchange_rates.py for tasks to queue
[2025-04-08T01:00:32.611+0000] {logging_mixin.py:151} INFO - [2025-04-08T01:00:32.611+0000] {dagbag.py:536} INFO - Filling up the DagBag from /opt/airflow/dags/extract_exchange_rates.py
[2025-04-08T01:00:32.622+0000] {processor.py:839} INFO - DAG(s) dict_keys(['extract_exchange_rates']) retrieved from /opt/airflow/dags/extract_exchange_rates.py
[2025-04-08T01:00:32.636+0000] {logging_mixin.py:151} INFO - [2025-04-08T01:00:32.636+0000] {dag.py:2941} INFO - Sync 1 DAGs
[2025-04-08T01:00:32.646+0000] {logging_mixin.py:151} INFO - [2025-04-08T01:00:32.646+0000] {dag.py:3722} INFO - Setting next_dagrun for extract_exchange_rates to 2025-04-08T00:00:00+00:00, run_after=2025-04-09T00:00:00+00:00
[2025-04-08T01:00:32.654+0000] {processor.py:179} INFO - Processing /opt/airflow/dags/extract_exchange_rates.py took 0.046 seconds
[2025-04-08T01:01:02.855+0000] {processor.py:157} INFO - Started process (PID=1298) to work on /opt/airflow/dags/extract_exchange_rates.py
[2025-04-08T01:01:02.855+0000] {processor.py:829} INFO - Processing file /opt/airflow/dags/extract_exchange_rates.py for tasks to queue
[2025-04-08T01:01:02.856+0000] {logging_mixin.py:151} INFO - [2025-04-08T01:01:02.856+0000] {dagbag.py:536} INFO - Filling up the DagBag from /opt/airflow/dags/extract_exchange_rates.py
[2025-04-08T01:01:02.865+0000] {processor.py:839} INFO - DAG(s) dict_keys(['extract_exchange_rates']) retrieved from /opt/airflow/dags/extract_exchange_rates.py
[2025-04-08T01:01:02.878+0000] {logging_mixin.py:151} INFO - [2025-04-08T01:01:02.878+0000] {dag.py:2941} INFO - Sync 1 DAGs
[2025-04-08T01:01:02.887+0000] {logging_mixin.py:151} INFO - [2025-04-08T01:01:02.887+0000] {dag.py:3722} INFO - Setting next_dagrun for extract_exchange_rates to 2025-04-08T00:00:00+00:00, run_after=2025-04-09T00:00:00+00:00
[2025-04-08T01:01:02.894+0000] {processor.py:179} INFO - Processing /opt/airflow/dags/extract_exchange_rates.py took 0.042 seconds
[2025-04-08T01:01:33.073+0000] {processor.py:157} INFO - Started process (PID=1303) to work on /opt/airflow/dags/extract_exchange_rates.py
[2025-04-08T01:01:33.074+0000] {processor.py:829} INFO - Processing file /opt/airflow/dags/extract_exchange_rates.py for tasks to queue
[2025-04-08T01:01:33.075+0000] {logging_mixin.py:151} INFO - [2025-04-08T01:01:33.075+0000] {dagbag.py:536} INFO - Filling up the DagBag from /opt/airflow/dags/extract_exchange_rates.py
[2025-04-08T01:01:33.085+0000] {processor.py:839} INFO - DAG(s) dict_keys(['extract_exchange_rates']) retrieved from /opt/airflow/dags/extract_exchange_rates.py
[2025-04-08T01:01:33.099+0000] {logging_mixin.py:151} INFO - [2025-04-08T01:01:33.099+0000] {dag.py:2941} INFO - Sync 1 DAGs
[2025-04-08T01:01:33.109+0000] {logging_mixin.py:151} INFO - [2025-04-08T01:01:33.109+0000] {dag.py:3722} INFO - Setting next_dagrun for extract_exchange_rates to 2025-04-08T00:00:00+00:00, run_after=2025-04-09T00:00:00+00:00
[2025-04-08T01:01:33.117+0000] {processor.py:179} INFO - Processing /opt/airflow/dags/extract_exchange_rates.py took 0.046 seconds
[2025-04-08T01:02:03.344+0000] {processor.py:157} INFO - Started process (PID=1308) to work on /opt/airflow/dags/extract_exchange_rates.py
[2025-04-08T01:02:03.345+0000] {processor.py:829} INFO - Processing file /opt/airflow/dags/extract_exchange_rates.py for tasks to queue
[2025-04-08T01:02:03.345+0000] {logging_mixin.py:151} INFO - [2025-04-08T01:02:03.345+0000] {dagbag.py:536} INFO - Filling up the DagBag from /opt/airflow/dags/extract_exchange_rates.py
[2025-04-08T01:02:03.357+0000] {processor.py:839} INFO - DAG(s) dict_keys(['extract_exchange_rates']) retrieved from /opt/airflow/dags/extract_exchange_rates.py
[2025-04-08T01:02:03.371+0000] {logging_mixin.py:151} INFO - [2025-04-08T01:02:03.371+0000] {dag.py:2941} INFO - Sync 1 DAGs
[2025-04-08T01:02:03.382+0000] {logging_mixin.py:151} INFO - [2025-04-08T01:02:03.382+0000] {dag.py:3722} INFO - Setting next_dagrun for extract_exchange_rates to 2025-04-08T00:00:00+00:00, run_after=2025-04-09T00:00:00+00:00
[2025-04-08T01:02:03.389+0000] {processor.py:179} INFO - Processing /opt/airflow/dags/extract_exchange_rates.py took 0.048 seconds
[2025-04-08T01:02:37.894+0000] {processor.py:157} INFO - Started process (PID=1315) to work on /opt/airflow/dags/extract_exchange_rates.py
[2025-04-08T01:02:37.894+0000] {processor.py:829} INFO - Processing file /opt/airflow/dags/extract_exchange_rates.py for tasks to queue
[2025-04-08T01:02:37.895+0000] {logging_mixin.py:151} INFO - [2025-04-08T01:02:37.895+0000] {dagbag.py:536} INFO - Filling up the DagBag from /opt/airflow/dags/extract_exchange_rates.py
[2025-04-08T01:02:37.905+0000] {processor.py:839} INFO - DAG(s) dict_keys(['extract_exchange_rates']) retrieved from /opt/airflow/dags/extract_exchange_rates.py
[2025-04-08T01:02:37.917+0000] {logging_mixin.py:151} INFO - [2025-04-08T01:02:37.917+0000] {dag.py:2941} INFO - Sync 1 DAGs
[2025-04-08T01:02:37.926+0000] {logging_mixin.py:151} INFO - [2025-04-08T01:02:37.926+0000] {dag.py:3722} INFO - Setting next_dagrun for extract_exchange_rates to 2025-04-08T00:00:00+00:00, run_after=2025-04-09T00:00:00+00:00
[2025-04-08T01:02:37.932+0000] {processor.py:179} INFO - Processing /opt/airflow/dags/extract_exchange_rates.py took 0.040 seconds
[2025-04-08T01:27:03.571+0000] {processor.py:157} INFO - Started process (PID=1320) to work on /opt/airflow/dags/extract_exchange_rates.py
[2025-04-08T01:27:03.572+0000] {processor.py:829} INFO - Processing file /opt/airflow/dags/extract_exchange_rates.py for tasks to queue
[2025-04-08T01:27:03.573+0000] {logging_mixin.py:151} INFO - [2025-04-08T01:27:03.573+0000] {dagbag.py:536} INFO - Filling up the DagBag from /opt/airflow/dags/extract_exchange_rates.py
[2025-04-08T01:27:03.588+0000] {processor.py:839} INFO - DAG(s) dict_keys(['extract_exchange_rates']) retrieved from /opt/airflow/dags/extract_exchange_rates.py
[2025-04-08T01:27:03.610+0000] {logging_mixin.py:151} INFO - [2025-04-08T01:27:03.609+0000] {dag.py:2941} INFO - Sync 1 DAGs
[2025-04-08T01:27:03.624+0000] {logging_mixin.py:151} INFO - [2025-04-08T01:27:03.624+0000] {dag.py:3722} INFO - Setting next_dagrun for extract_exchange_rates to 2025-04-08T00:00:00+00:00, run_after=2025-04-09T00:00:00+00:00
[2025-04-08T01:27:03.634+0000] {processor.py:179} INFO - Processing /opt/airflow/dags/extract_exchange_rates.py took 0.066 seconds
[2025-04-08T01:27:33.782+0000] {processor.py:157} INFO - Started process (PID=1329) to work on /opt/airflow/dags/extract_exchange_rates.py
[2025-04-08T01:27:33.783+0000] {processor.py:829} INFO - Processing file /opt/airflow/dags/extract_exchange_rates.py for tasks to queue
[2025-04-08T01:27:33.784+0000] {logging_mixin.py:151} INFO - [2025-04-08T01:27:33.784+0000] {dagbag.py:536} INFO - Filling up the DagBag from /opt/airflow/dags/extract_exchange_rates.py
[2025-04-08T01:27:33.797+0000] {processor.py:839} INFO - DAG(s) dict_keys(['extract_exchange_rates']) retrieved from /opt/airflow/dags/extract_exchange_rates.py
[2025-04-08T01:27:33.813+0000] {logging_mixin.py:151} INFO - [2025-04-08T01:27:33.813+0000] {dag.py:2941} INFO - Sync 1 DAGs
[2025-04-08T01:27:33.824+0000] {logging_mixin.py:151} INFO - [2025-04-08T01:27:33.824+0000] {dag.py:3722} INFO - Setting next_dagrun for extract_exchange_rates to 2025-04-08T00:00:00+00:00, run_after=2025-04-09T00:00:00+00:00
[2025-04-08T01:27:33.832+0000] {processor.py:179} INFO - Processing /opt/airflow/dags/extract_exchange_rates.py took 0.052 seconds
[2025-04-08T01:28:04.052+0000] {processor.py:157} INFO - Started process (PID=1334) to work on /opt/airflow/dags/extract_exchange_rates.py
[2025-04-08T01:28:04.052+0000] {processor.py:829} INFO - Processing file /opt/airflow/dags/extract_exchange_rates.py for tasks to queue
[2025-04-08T01:28:04.053+0000] {logging_mixin.py:151} INFO - [2025-04-08T01:28:04.053+0000] {dagbag.py:536} INFO - Filling up the DagBag from /opt/airflow/dags/extract_exchange_rates.py
[2025-04-08T01:28:04.064+0000] {processor.py:839} INFO - DAG(s) dict_keys(['extract_exchange_rates']) retrieved from /opt/airflow/dags/extract_exchange_rates.py
[2025-04-08T01:28:04.078+0000] {logging_mixin.py:151} INFO - [2025-04-08T01:28:04.078+0000] {dag.py:2941} INFO - Sync 1 DAGs
[2025-04-08T01:28:04.088+0000] {logging_mixin.py:151} INFO - [2025-04-08T01:28:04.088+0000] {dag.py:3722} INFO - Setting next_dagrun for extract_exchange_rates to 2025-04-08T00:00:00+00:00, run_after=2025-04-09T00:00:00+00:00
[2025-04-08T01:28:04.095+0000] {processor.py:179} INFO - Processing /opt/airflow/dags/extract_exchange_rates.py took 0.046 seconds
[2025-04-08T01:28:34.252+0000] {processor.py:157} INFO - Started process (PID=1339) to work on /opt/airflow/dags/extract_exchange_rates.py
[2025-04-08T01:28:34.252+0000] {processor.py:829} INFO - Processing file /opt/airflow/dags/extract_exchange_rates.py for tasks to queue
[2025-04-08T01:28:34.253+0000] {logging_mixin.py:151} INFO - [2025-04-08T01:28:34.253+0000] {dagbag.py:536} INFO - Filling up the DagBag from /opt/airflow/dags/extract_exchange_rates.py
[2025-04-08T01:28:34.262+0000] {processor.py:839} INFO - DAG(s) dict_keys(['extract_exchange_rates']) retrieved from /opt/airflow/dags/extract_exchange_rates.py
[2025-04-08T01:28:34.275+0000] {logging_mixin.py:151} INFO - [2025-04-08T01:28:34.275+0000] {dag.py:2941} INFO - Sync 1 DAGs
[2025-04-08T01:28:34.284+0000] {logging_mixin.py:151} INFO - [2025-04-08T01:28:34.284+0000] {dag.py:3722} INFO - Setting next_dagrun for extract_exchange_rates to 2025-04-08T00:00:00+00:00, run_after=2025-04-09T00:00:00+00:00
[2025-04-08T01:28:34.292+0000] {processor.py:179} INFO - Processing /opt/airflow/dags/extract_exchange_rates.py took 0.042 seconds
[2025-04-08T01:29:04.510+0000] {processor.py:157} INFO - Started process (PID=1344) to work on /opt/airflow/dags/extract_exchange_rates.py
[2025-04-08T01:29:04.511+0000] {processor.py:829} INFO - Processing file /opt/airflow/dags/extract_exchange_rates.py for tasks to queue
[2025-04-08T01:29:04.511+0000] {logging_mixin.py:151} INFO - [2025-04-08T01:29:04.511+0000] {dagbag.py:536} INFO - Filling up the DagBag from /opt/airflow/dags/extract_exchange_rates.py
[2025-04-08T01:29:04.518+0000] {processor.py:839} INFO - DAG(s) dict_keys(['extract_exchange_rates']) retrieved from /opt/airflow/dags/extract_exchange_rates.py
[2025-04-08T01:29:04.528+0000] {logging_mixin.py:151} INFO - [2025-04-08T01:29:04.528+0000] {dag.py:2941} INFO - Sync 1 DAGs
[2025-04-08T01:29:04.537+0000] {logging_mixin.py:151} INFO - [2025-04-08T01:29:04.537+0000] {dag.py:3722} INFO - Setting next_dagrun for extract_exchange_rates to 2025-04-08T00:00:00+00:00, run_after=2025-04-09T00:00:00+00:00
[2025-04-08T01:29:04.544+0000] {processor.py:179} INFO - Processing /opt/airflow/dags/extract_exchange_rates.py took 0.035 seconds
[2025-04-08T01:29:34.893+0000] {processor.py:157} INFO - Started process (PID=1349) to work on /opt/airflow/dags/extract_exchange_rates.py
[2025-04-08T01:29:34.893+0000] {processor.py:829} INFO - Processing file /opt/airflow/dags/extract_exchange_rates.py for tasks to queue
[2025-04-08T01:29:34.893+0000] {logging_mixin.py:151} INFO - [2025-04-08T01:29:34.893+0000] {dagbag.py:536} INFO - Filling up the DagBag from /opt/airflow/dags/extract_exchange_rates.py
[2025-04-08T01:29:34.901+0000] {processor.py:839} INFO - DAG(s) dict_keys(['extract_exchange_rates']) retrieved from /opt/airflow/dags/extract_exchange_rates.py
[2025-04-08T01:29:34.915+0000] {logging_mixin.py:151} INFO - [2025-04-08T01:29:34.915+0000] {dag.py:2941} INFO - Sync 1 DAGs
[2025-04-08T01:29:34.926+0000] {logging_mixin.py:151} INFO - [2025-04-08T01:29:34.926+0000] {dag.py:3722} INFO - Setting next_dagrun for extract_exchange_rates to 2025-04-08T00:00:00+00:00, run_after=2025-04-09T00:00:00+00:00
[2025-04-08T01:29:34.934+0000] {processor.py:179} INFO - Processing /opt/airflow/dags/extract_exchange_rates.py took 0.043 seconds
[2025-04-08T01:30:05.146+0000] {processor.py:157} INFO - Started process (PID=1354) to work on /opt/airflow/dags/extract_exchange_rates.py
[2025-04-08T01:30:05.147+0000] {processor.py:829} INFO - Processing file /opt/airflow/dags/extract_exchange_rates.py for tasks to queue
[2025-04-08T01:30:05.148+0000] {logging_mixin.py:151} INFO - [2025-04-08T01:30:05.147+0000] {dagbag.py:536} INFO - Filling up the DagBag from /opt/airflow/dags/extract_exchange_rates.py
[2025-04-08T01:30:05.156+0000] {processor.py:839} INFO - DAG(s) dict_keys(['extract_exchange_rates']) retrieved from /opt/airflow/dags/extract_exchange_rates.py
[2025-04-08T01:30:05.170+0000] {logging_mixin.py:151} INFO - [2025-04-08T01:30:05.170+0000] {dag.py:2941} INFO - Sync 1 DAGs
[2025-04-08T01:30:05.179+0000] {logging_mixin.py:151} INFO - [2025-04-08T01:30:05.179+0000] {dag.py:3722} INFO - Setting next_dagrun for extract_exchange_rates to 2025-04-08T00:00:00+00:00, run_after=2025-04-09T00:00:00+00:00
[2025-04-08T01:30:05.186+0000] {processor.py:179} INFO - Processing /opt/airflow/dags/extract_exchange_rates.py took 0.042 seconds
[2025-04-08T01:30:35.368+0000] {processor.py:157} INFO - Started process (PID=1359) to work on /opt/airflow/dags/extract_exchange_rates.py
[2025-04-08T01:30:35.369+0000] {processor.py:829} INFO - Processing file /opt/airflow/dags/extract_exchange_rates.py for tasks to queue
[2025-04-08T01:30:35.369+0000] {logging_mixin.py:151} INFO - [2025-04-08T01:30:35.369+0000] {dagbag.py:536} INFO - Filling up the DagBag from /opt/airflow/dags/extract_exchange_rates.py
[2025-04-08T01:30:35.378+0000] {processor.py:839} INFO - DAG(s) dict_keys(['extract_exchange_rates']) retrieved from /opt/airflow/dags/extract_exchange_rates.py
[2025-04-08T01:30:35.391+0000] {logging_mixin.py:151} INFO - [2025-04-08T01:30:35.391+0000] {dag.py:2941} INFO - Sync 1 DAGs
[2025-04-08T01:30:35.401+0000] {logging_mixin.py:151} INFO - [2025-04-08T01:30:35.401+0000] {dag.py:3722} INFO - Setting next_dagrun for extract_exchange_rates to 2025-04-08T00:00:00+00:00, run_after=2025-04-09T00:00:00+00:00
[2025-04-08T01:30:35.407+0000] {processor.py:179} INFO - Processing /opt/airflow/dags/extract_exchange_rates.py took 0.041 seconds
[2025-04-08T01:31:05.594+0000] {processor.py:157} INFO - Started process (PID=1364) to work on /opt/airflow/dags/extract_exchange_rates.py
[2025-04-08T01:31:05.595+0000] {processor.py:829} INFO - Processing file /opt/airflow/dags/extract_exchange_rates.py for tasks to queue
[2025-04-08T01:31:05.596+0000] {logging_mixin.py:151} INFO - [2025-04-08T01:31:05.595+0000] {dagbag.py:536} INFO - Filling up the DagBag from /opt/airflow/dags/extract_exchange_rates.py
[2025-04-08T01:31:05.604+0000] {processor.py:839} INFO - DAG(s) dict_keys(['extract_exchange_rates']) retrieved from /opt/airflow/dags/extract_exchange_rates.py
[2025-04-08T01:31:05.618+0000] {logging_mixin.py:151} INFO - [2025-04-08T01:31:05.617+0000] {dag.py:2941} INFO - Sync 1 DAGs
[2025-04-08T01:31:05.627+0000] {logging_mixin.py:151} INFO - [2025-04-08T01:31:05.627+0000] {dag.py:3722} INFO - Setting next_dagrun for extract_exchange_rates to 2025-04-08T00:00:00+00:00, run_after=2025-04-09T00:00:00+00:00
[2025-04-08T01:31:05.634+0000] {processor.py:179} INFO - Processing /opt/airflow/dags/extract_exchange_rates.py took 0.041 seconds
[2025-04-08T01:31:35.834+0000] {processor.py:157} INFO - Started process (PID=1369) to work on /opt/airflow/dags/extract_exchange_rates.py
[2025-04-08T01:31:35.834+0000] {processor.py:829} INFO - Processing file /opt/airflow/dags/extract_exchange_rates.py for tasks to queue
[2025-04-08T01:31:35.835+0000] {logging_mixin.py:151} INFO - [2025-04-08T01:31:35.835+0000] {dagbag.py:536} INFO - Filling up the DagBag from /opt/airflow/dags/extract_exchange_rates.py
[2025-04-08T01:31:35.845+0000] {processor.py:839} INFO - DAG(s) dict_keys(['extract_exchange_rates']) retrieved from /opt/airflow/dags/extract_exchange_rates.py
[2025-04-08T01:31:35.860+0000] {logging_mixin.py:151} INFO - [2025-04-08T01:31:35.860+0000] {dag.py:2941} INFO - Sync 1 DAGs
[2025-04-08T01:31:35.872+0000] {logging_mixin.py:151} INFO - [2025-04-08T01:31:35.871+0000] {dag.py:3722} INFO - Setting next_dagrun for extract_exchange_rates to 2025-04-08T00:00:00+00:00, run_after=2025-04-09T00:00:00+00:00
[2025-04-08T01:31:35.880+0000] {processor.py:179} INFO - Processing /opt/airflow/dags/extract_exchange_rates.py took 0.048 seconds
[2025-04-08T01:32:06.076+0000] {processor.py:157} INFO - Started process (PID=1374) to work on /opt/airflow/dags/extract_exchange_rates.py
[2025-04-08T01:32:06.077+0000] {processor.py:829} INFO - Processing file /opt/airflow/dags/extract_exchange_rates.py for tasks to queue
[2025-04-08T01:32:06.077+0000] {logging_mixin.py:151} INFO - [2025-04-08T01:32:06.077+0000] {dagbag.py:536} INFO - Filling up the DagBag from /opt/airflow/dags/extract_exchange_rates.py
[2025-04-08T01:32:06.083+0000] {processor.py:839} INFO - DAG(s) dict_keys(['extract_exchange_rates']) retrieved from /opt/airflow/dags/extract_exchange_rates.py
[2025-04-08T01:32:06.094+0000] {logging_mixin.py:151} INFO - [2025-04-08T01:32:06.094+0000] {dag.py:2941} INFO - Sync 1 DAGs
[2025-04-08T01:32:06.102+0000] {logging_mixin.py:151} INFO - [2025-04-08T01:32:06.102+0000] {dag.py:3722} INFO - Setting next_dagrun for extract_exchange_rates to 2025-04-08T00:00:00+00:00, run_after=2025-04-09T00:00:00+00:00
[2025-04-08T01:32:06.108+0000] {processor.py:179} INFO - Processing /opt/airflow/dags/extract_exchange_rates.py took 0.033 seconds
[2025-04-08T01:32:36.327+0000] {processor.py:157} INFO - Started process (PID=1379) to work on /opt/airflow/dags/extract_exchange_rates.py
[2025-04-08T01:32:36.327+0000] {processor.py:829} INFO - Processing file /opt/airflow/dags/extract_exchange_rates.py for tasks to queue
[2025-04-08T01:32:36.328+0000] {logging_mixin.py:151} INFO - [2025-04-08T01:32:36.328+0000] {dagbag.py:536} INFO - Filling up the DagBag from /opt/airflow/dags/extract_exchange_rates.py
[2025-04-08T01:32:36.338+0000] {processor.py:839} INFO - DAG(s) dict_keys(['extract_exchange_rates']) retrieved from /opt/airflow/dags/extract_exchange_rates.py
[2025-04-08T01:32:36.352+0000] {logging_mixin.py:151} INFO - [2025-04-08T01:32:36.352+0000] {dag.py:2941} INFO - Sync 1 DAGs
[2025-04-08T01:32:36.362+0000] {logging_mixin.py:151} INFO - [2025-04-08T01:32:36.362+0000] {dag.py:3722} INFO - Setting next_dagrun for extract_exchange_rates to 2025-04-08T00:00:00+00:00, run_after=2025-04-09T00:00:00+00:00
[2025-04-08T01:32:36.369+0000] {processor.py:179} INFO - Processing /opt/airflow/dags/extract_exchange_rates.py took 0.045 seconds
[2025-04-08T01:33:06.566+0000] {processor.py:157} INFO - Started process (PID=1384) to work on /opt/airflow/dags/extract_exchange_rates.py
[2025-04-08T01:33:06.566+0000] {processor.py:829} INFO - Processing file /opt/airflow/dags/extract_exchange_rates.py for tasks to queue
[2025-04-08T01:33:06.567+0000] {logging_mixin.py:151} INFO - [2025-04-08T01:33:06.567+0000] {dagbag.py:536} INFO - Filling up the DagBag from /opt/airflow/dags/extract_exchange_rates.py
[2025-04-08T01:33:06.577+0000] {processor.py:839} INFO - DAG(s) dict_keys(['extract_exchange_rates']) retrieved from /opt/airflow/dags/extract_exchange_rates.py
[2025-04-08T01:33:06.591+0000] {logging_mixin.py:151} INFO - [2025-04-08T01:33:06.591+0000] {dag.py:2941} INFO - Sync 1 DAGs
[2025-04-08T01:33:06.602+0000] {logging_mixin.py:151} INFO - [2025-04-08T01:33:06.602+0000] {dag.py:3722} INFO - Setting next_dagrun for extract_exchange_rates to 2025-04-08T00:00:00+00:00, run_after=2025-04-09T00:00:00+00:00
[2025-04-08T01:33:06.609+0000] {processor.py:179} INFO - Processing /opt/airflow/dags/extract_exchange_rates.py took 0.048 seconds
[2025-04-08T01:33:36.825+0000] {processor.py:157} INFO - Started process (PID=1389) to work on /opt/airflow/dags/extract_exchange_rates.py
[2025-04-08T01:33:36.825+0000] {processor.py:829} INFO - Processing file /opt/airflow/dags/extract_exchange_rates.py for tasks to queue
[2025-04-08T01:33:36.826+0000] {logging_mixin.py:151} INFO - [2025-04-08T01:33:36.826+0000] {dagbag.py:536} INFO - Filling up the DagBag from /opt/airflow/dags/extract_exchange_rates.py
[2025-04-08T01:33:36.840+0000] {processor.py:839} INFO - DAG(s) dict_keys(['extract_exchange_rates']) retrieved from /opt/airflow/dags/extract_exchange_rates.py
[2025-04-08T01:33:36.857+0000] {logging_mixin.py:151} INFO - [2025-04-08T01:33:36.857+0000] {dag.py:2941} INFO - Sync 1 DAGs
[2025-04-08T01:33:36.868+0000] {logging_mixin.py:151} INFO - [2025-04-08T01:33:36.868+0000] {dag.py:3722} INFO - Setting next_dagrun for extract_exchange_rates to 2025-04-08T00:00:00+00:00, run_after=2025-04-09T00:00:00+00:00
[2025-04-08T01:33:36.875+0000] {processor.py:179} INFO - Processing /opt/airflow/dags/extract_exchange_rates.py took 0.055 seconds
[2025-04-08T01:34:07.047+0000] {processor.py:157} INFO - Started process (PID=1394) to work on /opt/airflow/dags/extract_exchange_rates.py
[2025-04-08T01:34:07.048+0000] {processor.py:829} INFO - Processing file /opt/airflow/dags/extract_exchange_rates.py for tasks to queue
[2025-04-08T01:34:07.048+0000] {logging_mixin.py:151} INFO - [2025-04-08T01:34:07.048+0000] {dagbag.py:536} INFO - Filling up the DagBag from /opt/airflow/dags/extract_exchange_rates.py
[2025-04-08T01:34:07.057+0000] {processor.py:839} INFO - DAG(s) dict_keys(['extract_exchange_rates']) retrieved from /opt/airflow/dags/extract_exchange_rates.py
[2025-04-08T01:34:07.073+0000] {logging_mixin.py:151} INFO - [2025-04-08T01:34:07.073+0000] {dag.py:2941} INFO - Sync 1 DAGs
[2025-04-08T01:34:07.084+0000] {logging_mixin.py:151} INFO - [2025-04-08T01:34:07.084+0000] {dag.py:3722} INFO - Setting next_dagrun for extract_exchange_rates to 2025-04-08T00:00:00+00:00, run_after=2025-04-09T00:00:00+00:00
[2025-04-08T01:34:07.091+0000] {processor.py:179} INFO - Processing /opt/airflow/dags/extract_exchange_rates.py took 0.047 seconds
[2025-04-08T01:34:37.287+0000] {processor.py:157} INFO - Started process (PID=1399) to work on /opt/airflow/dags/extract_exchange_rates.py
[2025-04-08T01:34:37.287+0000] {processor.py:829} INFO - Processing file /opt/airflow/dags/extract_exchange_rates.py for tasks to queue
[2025-04-08T01:34:37.288+0000] {logging_mixin.py:151} INFO - [2025-04-08T01:34:37.288+0000] {dagbag.py:536} INFO - Filling up the DagBag from /opt/airflow/dags/extract_exchange_rates.py
[2025-04-08T01:34:37.298+0000] {processor.py:839} INFO - DAG(s) dict_keys(['extract_exchange_rates']) retrieved from /opt/airflow/dags/extract_exchange_rates.py
[2025-04-08T01:34:37.311+0000] {logging_mixin.py:151} INFO - [2025-04-08T01:34:37.311+0000] {dag.py:2941} INFO - Sync 1 DAGs
[2025-04-08T01:34:37.320+0000] {logging_mixin.py:151} INFO - [2025-04-08T01:34:37.320+0000] {dag.py:3722} INFO - Setting next_dagrun for extract_exchange_rates to 2025-04-08T00:00:00+00:00, run_after=2025-04-09T00:00:00+00:00
[2025-04-08T01:34:37.327+0000] {processor.py:179} INFO - Processing /opt/airflow/dags/extract_exchange_rates.py took 0.043 seconds
[2025-04-08T01:35:07.535+0000] {processor.py:157} INFO - Started process (PID=1404) to work on /opt/airflow/dags/extract_exchange_rates.py
[2025-04-08T01:35:07.536+0000] {processor.py:829} INFO - Processing file /opt/airflow/dags/extract_exchange_rates.py for tasks to queue
[2025-04-08T01:35:07.537+0000] {logging_mixin.py:151} INFO - [2025-04-08T01:35:07.537+0000] {dagbag.py:536} INFO - Filling up the DagBag from /opt/airflow/dags/extract_exchange_rates.py
[2025-04-08T01:35:07.549+0000] {processor.py:839} INFO - DAG(s) dict_keys(['extract_exchange_rates']) retrieved from /opt/airflow/dags/extract_exchange_rates.py
[2025-04-08T01:35:07.565+0000] {logging_mixin.py:151} INFO - [2025-04-08T01:35:07.564+0000] {dag.py:2941} INFO - Sync 1 DAGs
[2025-04-08T01:35:07.576+0000] {logging_mixin.py:151} INFO - [2025-04-08T01:35:07.576+0000] {dag.py:3722} INFO - Setting next_dagrun for extract_exchange_rates to 2025-04-08T00:00:00+00:00, run_after=2025-04-09T00:00:00+00:00
[2025-04-08T01:35:07.583+0000] {processor.py:179} INFO - Processing /opt/airflow/dags/extract_exchange_rates.py took 0.050 seconds
[2025-04-08T01:35:37.750+0000] {processor.py:157} INFO - Started process (PID=1409) to work on /opt/airflow/dags/extract_exchange_rates.py
[2025-04-08T01:35:37.751+0000] {processor.py:829} INFO - Processing file /opt/airflow/dags/extract_exchange_rates.py for tasks to queue
[2025-04-08T01:35:37.752+0000] {logging_mixin.py:151} INFO - [2025-04-08T01:35:37.752+0000] {dagbag.py:536} INFO - Filling up the DagBag from /opt/airflow/dags/extract_exchange_rates.py
[2025-04-08T01:35:37.761+0000] {processor.py:839} INFO - DAG(s) dict_keys(['extract_exchange_rates']) retrieved from /opt/airflow/dags/extract_exchange_rates.py
[2025-04-08T01:35:37.774+0000] {logging_mixin.py:151} INFO - [2025-04-08T01:35:37.774+0000] {dag.py:2941} INFO - Sync 1 DAGs
[2025-04-08T01:35:37.784+0000] {logging_mixin.py:151} INFO - [2025-04-08T01:35:37.784+0000] {dag.py:3722} INFO - Setting next_dagrun for extract_exchange_rates to 2025-04-08T00:00:00+00:00, run_after=2025-04-09T00:00:00+00:00
[2025-04-08T01:35:37.792+0000] {processor.py:179} INFO - Processing /opt/airflow/dags/extract_exchange_rates.py took 0.044 seconds
[2025-04-08T01:36:07.995+0000] {processor.py:157} INFO - Started process (PID=1414) to work on /opt/airflow/dags/extract_exchange_rates.py
[2025-04-08T01:36:07.995+0000] {processor.py:829} INFO - Processing file /opt/airflow/dags/extract_exchange_rates.py for tasks to queue
[2025-04-08T01:36:07.996+0000] {logging_mixin.py:151} INFO - [2025-04-08T01:36:07.996+0000] {dagbag.py:536} INFO - Filling up the DagBag from /opt/airflow/dags/extract_exchange_rates.py
[2025-04-08T01:36:08.005+0000] {processor.py:839} INFO - DAG(s) dict_keys(['extract_exchange_rates']) retrieved from /opt/airflow/dags/extract_exchange_rates.py
[2025-04-08T01:36:08.018+0000] {logging_mixin.py:151} INFO - [2025-04-08T01:36:08.018+0000] {dag.py:2941} INFO - Sync 1 DAGs
[2025-04-08T01:36:08.028+0000] {logging_mixin.py:151} INFO - [2025-04-08T01:36:08.028+0000] {dag.py:3722} INFO - Setting next_dagrun for extract_exchange_rates to 2025-04-08T00:00:00+00:00, run_after=2025-04-09T00:00:00+00:00
[2025-04-08T01:36:08.034+0000] {processor.py:179} INFO - Processing /opt/airflow/dags/extract_exchange_rates.py took 0.042 seconds
[2025-04-08T01:36:38.224+0000] {processor.py:157} INFO - Started process (PID=1419) to work on /opt/airflow/dags/extract_exchange_rates.py
[2025-04-08T01:36:38.225+0000] {processor.py:829} INFO - Processing file /opt/airflow/dags/extract_exchange_rates.py for tasks to queue
[2025-04-08T01:36:38.225+0000] {logging_mixin.py:151} INFO - [2025-04-08T01:36:38.225+0000] {dagbag.py:536} INFO - Filling up the DagBag from /opt/airflow/dags/extract_exchange_rates.py
[2025-04-08T01:36:38.234+0000] {processor.py:839} INFO - DAG(s) dict_keys(['extract_exchange_rates']) retrieved from /opt/airflow/dags/extract_exchange_rates.py
[2025-04-08T01:36:38.247+0000] {logging_mixin.py:151} INFO - [2025-04-08T01:36:38.247+0000] {dag.py:2941} INFO - Sync 1 DAGs
[2025-04-08T01:36:38.257+0000] {logging_mixin.py:151} INFO - [2025-04-08T01:36:38.257+0000] {dag.py:3722} INFO - Setting next_dagrun for extract_exchange_rates to 2025-04-08T00:00:00+00:00, run_after=2025-04-09T00:00:00+00:00
[2025-04-08T01:36:38.263+0000] {processor.py:179} INFO - Processing /opt/airflow/dags/extract_exchange_rates.py took 0.041 seconds
[2025-04-08T01:37:08.477+0000] {processor.py:157} INFO - Started process (PID=1424) to work on /opt/airflow/dags/extract_exchange_rates.py
[2025-04-08T01:37:08.478+0000] {processor.py:829} INFO - Processing file /opt/airflow/dags/extract_exchange_rates.py for tasks to queue
[2025-04-08T01:37:08.478+0000] {logging_mixin.py:151} INFO - [2025-04-08T01:37:08.478+0000] {dagbag.py:536} INFO - Filling up the DagBag from /opt/airflow/dags/extract_exchange_rates.py
[2025-04-08T01:37:08.487+0000] {processor.py:839} INFO - DAG(s) dict_keys(['extract_exchange_rates']) retrieved from /opt/airflow/dags/extract_exchange_rates.py
[2025-04-08T01:37:08.500+0000] {logging_mixin.py:151} INFO - [2025-04-08T01:37:08.499+0000] {dag.py:2941} INFO - Sync 1 DAGs
[2025-04-08T01:37:08.509+0000] {logging_mixin.py:151} INFO - [2025-04-08T01:37:08.509+0000] {dag.py:3722} INFO - Setting next_dagrun for extract_exchange_rates to 2025-04-08T00:00:00+00:00, run_after=2025-04-09T00:00:00+00:00
[2025-04-08T01:37:08.517+0000] {processor.py:179} INFO - Processing /opt/airflow/dags/extract_exchange_rates.py took 0.043 seconds
[2025-04-08T01:37:38.707+0000] {processor.py:157} INFO - Started process (PID=1429) to work on /opt/airflow/dags/extract_exchange_rates.py
[2025-04-08T01:37:38.707+0000] {processor.py:829} INFO - Processing file /opt/airflow/dags/extract_exchange_rates.py for tasks to queue
[2025-04-08T01:37:38.708+0000] {logging_mixin.py:151} INFO - [2025-04-08T01:37:38.708+0000] {dagbag.py:536} INFO - Filling up the DagBag from /opt/airflow/dags/extract_exchange_rates.py
[2025-04-08T01:37:38.718+0000] {processor.py:839} INFO - DAG(s) dict_keys(['extract_exchange_rates']) retrieved from /opt/airflow/dags/extract_exchange_rates.py
[2025-04-08T01:37:38.732+0000] {logging_mixin.py:151} INFO - [2025-04-08T01:37:38.732+0000] {dag.py:2941} INFO - Sync 1 DAGs
[2025-04-08T01:37:38.743+0000] {logging_mixin.py:151} INFO - [2025-04-08T01:37:38.742+0000] {dag.py:3722} INFO - Setting next_dagrun for extract_exchange_rates to 2025-04-08T00:00:00+00:00, run_after=2025-04-09T00:00:00+00:00
[2025-04-08T01:37:38.749+0000] {processor.py:179} INFO - Processing /opt/airflow/dags/extract_exchange_rates.py took 0.044 seconds
[2025-04-08T01:38:08.951+0000] {processor.py:157} INFO - Started process (PID=1434) to work on /opt/airflow/dags/extract_exchange_rates.py
[2025-04-08T01:38:08.952+0000] {processor.py:829} INFO - Processing file /opt/airflow/dags/extract_exchange_rates.py for tasks to queue
[2025-04-08T01:38:08.952+0000] {logging_mixin.py:151} INFO - [2025-04-08T01:38:08.952+0000] {dagbag.py:536} INFO - Filling up the DagBag from /opt/airflow/dags/extract_exchange_rates.py
[2025-04-08T01:38:08.961+0000] {processor.py:839} INFO - DAG(s) dict_keys(['extract_exchange_rates']) retrieved from /opt/airflow/dags/extract_exchange_rates.py
[2025-04-08T01:38:08.975+0000] {logging_mixin.py:151} INFO - [2025-04-08T01:38:08.975+0000] {dag.py:2941} INFO - Sync 1 DAGs
[2025-04-08T01:38:08.985+0000] {logging_mixin.py:151} INFO - [2025-04-08T01:38:08.985+0000] {dag.py:3722} INFO - Setting next_dagrun for extract_exchange_rates to 2025-04-08T00:00:00+00:00, run_after=2025-04-09T00:00:00+00:00
[2025-04-08T01:38:08.992+0000] {processor.py:179} INFO - Processing /opt/airflow/dags/extract_exchange_rates.py took 0.044 seconds
[2025-04-08T01:38:39.186+0000] {processor.py:157} INFO - Started process (PID=1439) to work on /opt/airflow/dags/extract_exchange_rates.py
[2025-04-08T01:38:39.187+0000] {processor.py:829} INFO - Processing file /opt/airflow/dags/extract_exchange_rates.py for tasks to queue
[2025-04-08T01:38:39.187+0000] {logging_mixin.py:151} INFO - [2025-04-08T01:38:39.187+0000] {dagbag.py:536} INFO - Filling up the DagBag from /opt/airflow/dags/extract_exchange_rates.py
[2025-04-08T01:38:39.196+0000] {processor.py:839} INFO - DAG(s) dict_keys(['extract_exchange_rates']) retrieved from /opt/airflow/dags/extract_exchange_rates.py
[2025-04-08T01:38:39.210+0000] {logging_mixin.py:151} INFO - [2025-04-08T01:38:39.209+0000] {dag.py:2941} INFO - Sync 1 DAGs
[2025-04-08T01:38:39.220+0000] {logging_mixin.py:151} INFO - [2025-04-08T01:38:39.220+0000] {dag.py:3722} INFO - Setting next_dagrun for extract_exchange_rates to 2025-04-08T00:00:00+00:00, run_after=2025-04-09T00:00:00+00:00
[2025-04-08T01:38:39.227+0000] {processor.py:179} INFO - Processing /opt/airflow/dags/extract_exchange_rates.py took 0.043 seconds
[2025-04-08T01:39:09.431+0000] {processor.py:157} INFO - Started process (PID=1444) to work on /opt/airflow/dags/extract_exchange_rates.py
[2025-04-08T01:39:09.432+0000] {processor.py:829} INFO - Processing file /opt/airflow/dags/extract_exchange_rates.py for tasks to queue
[2025-04-08T01:39:09.432+0000] {logging_mixin.py:151} INFO - [2025-04-08T01:39:09.432+0000] {dagbag.py:536} INFO - Filling up the DagBag from /opt/airflow/dags/extract_exchange_rates.py
[2025-04-08T01:39:09.440+0000] {processor.py:839} INFO - DAG(s) dict_keys(['extract_exchange_rates']) retrieved from /opt/airflow/dags/extract_exchange_rates.py
[2025-04-08T01:39:09.454+0000] {logging_mixin.py:151} INFO - [2025-04-08T01:39:09.454+0000] {dag.py:2941} INFO - Sync 1 DAGs
[2025-04-08T01:39:09.464+0000] {logging_mixin.py:151} INFO - [2025-04-08T01:39:09.464+0000] {dag.py:3722} INFO - Setting next_dagrun for extract_exchange_rates to 2025-04-08T00:00:00+00:00, run_after=2025-04-09T00:00:00+00:00
[2025-04-08T01:39:09.471+0000] {processor.py:179} INFO - Processing /opt/airflow/dags/extract_exchange_rates.py took 0.043 seconds
[2025-04-08T01:39:39.674+0000] {processor.py:157} INFO - Started process (PID=1449) to work on /opt/airflow/dags/extract_exchange_rates.py
[2025-04-08T01:39:39.675+0000] {processor.py:829} INFO - Processing file /opt/airflow/dags/extract_exchange_rates.py for tasks to queue
[2025-04-08T01:39:39.675+0000] {logging_mixin.py:151} INFO - [2025-04-08T01:39:39.675+0000] {dagbag.py:536} INFO - Filling up the DagBag from /opt/airflow/dags/extract_exchange_rates.py
[2025-04-08T01:39:39.684+0000] {processor.py:839} INFO - DAG(s) dict_keys(['extract_exchange_rates']) retrieved from /opt/airflow/dags/extract_exchange_rates.py
[2025-04-08T01:39:39.697+0000] {logging_mixin.py:151} INFO - [2025-04-08T01:39:39.697+0000] {dag.py:2941} INFO - Sync 1 DAGs
[2025-04-08T01:39:39.707+0000] {logging_mixin.py:151} INFO - [2025-04-08T01:39:39.707+0000] {dag.py:3722} INFO - Setting next_dagrun for extract_exchange_rates to 2025-04-08T00:00:00+00:00, run_after=2025-04-09T00:00:00+00:00
[2025-04-08T01:39:39.714+0000] {processor.py:179} INFO - Processing /opt/airflow/dags/extract_exchange_rates.py took 0.043 seconds
[2025-04-08T01:40:09.893+0000] {processor.py:157} INFO - Started process (PID=1454) to work on /opt/airflow/dags/extract_exchange_rates.py
[2025-04-08T01:40:09.894+0000] {processor.py:829} INFO - Processing file /opt/airflow/dags/extract_exchange_rates.py for tasks to queue
[2025-04-08T01:40:09.894+0000] {logging_mixin.py:151} INFO - [2025-04-08T01:40:09.894+0000] {dagbag.py:536} INFO - Filling up the DagBag from /opt/airflow/dags/extract_exchange_rates.py
[2025-04-08T01:40:09.900+0000] {processor.py:839} INFO - DAG(s) dict_keys(['extract_exchange_rates']) retrieved from /opt/airflow/dags/extract_exchange_rates.py
[2025-04-08T01:40:09.911+0000] {logging_mixin.py:151} INFO - [2025-04-08T01:40:09.911+0000] {dag.py:2941} INFO - Sync 1 DAGs
[2025-04-08T01:40:09.919+0000] {logging_mixin.py:151} INFO - [2025-04-08T01:40:09.919+0000] {dag.py:3722} INFO - Setting next_dagrun for extract_exchange_rates to 2025-04-08T00:00:00+00:00, run_after=2025-04-09T00:00:00+00:00
[2025-04-08T01:40:09.926+0000] {processor.py:179} INFO - Processing /opt/airflow/dags/extract_exchange_rates.py took 0.034 seconds
[2025-04-08T01:40:40.143+0000] {processor.py:157} INFO - Started process (PID=1459) to work on /opt/airflow/dags/extract_exchange_rates.py
[2025-04-08T01:40:40.143+0000] {processor.py:829} INFO - Processing file /opt/airflow/dags/extract_exchange_rates.py for tasks to queue
[2025-04-08T01:40:40.144+0000] {logging_mixin.py:151} INFO - [2025-04-08T01:40:40.144+0000] {dagbag.py:536} INFO - Filling up the DagBag from /opt/airflow/dags/extract_exchange_rates.py
[2025-04-08T01:40:40.159+0000] {processor.py:839} INFO - DAG(s) dict_keys(['extract_exchange_rates']) retrieved from /opt/airflow/dags/extract_exchange_rates.py
[2025-04-08T01:40:40.179+0000] {logging_mixin.py:151} INFO - [2025-04-08T01:40:40.179+0000] {dag.py:2941} INFO - Sync 1 DAGs
[2025-04-08T01:40:40.192+0000] {logging_mixin.py:151} INFO - [2025-04-08T01:40:40.192+0000] {dag.py:3722} INFO - Setting next_dagrun for extract_exchange_rates to 2025-04-08T00:00:00+00:00, run_after=2025-04-09T00:00:00+00:00
[2025-04-08T01:40:40.200+0000] {processor.py:179} INFO - Processing /opt/airflow/dags/extract_exchange_rates.py took 0.061 seconds
[2025-04-08T01:41:10.380+0000] {processor.py:157} INFO - Started process (PID=1464) to work on /opt/airflow/dags/extract_exchange_rates.py
[2025-04-08T01:41:10.381+0000] {processor.py:829} INFO - Processing file /opt/airflow/dags/extract_exchange_rates.py for tasks to queue
[2025-04-08T01:41:10.382+0000] {logging_mixin.py:151} INFO - [2025-04-08T01:41:10.381+0000] {dagbag.py:536} INFO - Filling up the DagBag from /opt/airflow/dags/extract_exchange_rates.py
[2025-04-08T01:41:10.390+0000] {processor.py:839} INFO - DAG(s) dict_keys(['extract_exchange_rates']) retrieved from /opt/airflow/dags/extract_exchange_rates.py
[2025-04-08T01:41:10.403+0000] {logging_mixin.py:151} INFO - [2025-04-08T01:41:10.403+0000] {dag.py:2941} INFO - Sync 1 DAGs
[2025-04-08T01:41:10.414+0000] {logging_mixin.py:151} INFO - [2025-04-08T01:41:10.414+0000] {dag.py:3722} INFO - Setting next_dagrun for extract_exchange_rates to 2025-04-08T00:00:00+00:00, run_after=2025-04-09T00:00:00+00:00
[2025-04-08T01:41:10.421+0000] {processor.py:179} INFO - Processing /opt/airflow/dags/extract_exchange_rates.py took 0.044 seconds
[2025-04-08T01:41:40.625+0000] {processor.py:157} INFO - Started process (PID=1469) to work on /opt/airflow/dags/extract_exchange_rates.py
[2025-04-08T01:41:40.626+0000] {processor.py:829} INFO - Processing file /opt/airflow/dags/extract_exchange_rates.py for tasks to queue
[2025-04-08T01:41:40.627+0000] {logging_mixin.py:151} INFO - [2025-04-08T01:41:40.627+0000] {dagbag.py:536} INFO - Filling up the DagBag from /opt/airflow/dags/extract_exchange_rates.py
[2025-04-08T01:41:40.639+0000] {processor.py:839} INFO - DAG(s) dict_keys(['extract_exchange_rates']) retrieved from /opt/airflow/dags/extract_exchange_rates.py
[2025-04-08T01:41:40.654+0000] {logging_mixin.py:151} INFO - [2025-04-08T01:41:40.654+0000] {dag.py:2941} INFO - Sync 1 DAGs
[2025-04-08T01:41:40.664+0000] {logging_mixin.py:151} INFO - [2025-04-08T01:41:40.664+0000] {dag.py:3722} INFO - Setting next_dagrun for extract_exchange_rates to 2025-04-08T00:00:00+00:00, run_after=2025-04-09T00:00:00+00:00
[2025-04-08T01:41:40.671+0000] {processor.py:179} INFO - Processing /opt/airflow/dags/extract_exchange_rates.py took 0.050 seconds
[2025-04-08T01:42:10.865+0000] {processor.py:157} INFO - Started process (PID=1474) to work on /opt/airflow/dags/extract_exchange_rates.py
[2025-04-08T01:42:10.866+0000] {processor.py:829} INFO - Processing file /opt/airflow/dags/extract_exchange_rates.py for tasks to queue
[2025-04-08T01:42:10.866+0000] {logging_mixin.py:151} INFO - [2025-04-08T01:42:10.866+0000] {dagbag.py:536} INFO - Filling up the DagBag from /opt/airflow/dags/extract_exchange_rates.py
[2025-04-08T01:42:10.875+0000] {processor.py:839} INFO - DAG(s) dict_keys(['extract_exchange_rates']) retrieved from /opt/airflow/dags/extract_exchange_rates.py
[2025-04-08T01:42:10.889+0000] {logging_mixin.py:151} INFO - [2025-04-08T01:42:10.889+0000] {dag.py:2941} INFO - Sync 1 DAGs
[2025-04-08T01:42:10.899+0000] {logging_mixin.py:151} INFO - [2025-04-08T01:42:10.899+0000] {dag.py:3722} INFO - Setting next_dagrun for extract_exchange_rates to 2025-04-08T00:00:00+00:00, run_after=2025-04-09T00:00:00+00:00
[2025-04-08T01:42:10.906+0000] {processor.py:179} INFO - Processing /opt/airflow/dags/extract_exchange_rates.py took 0.042 seconds
[2025-04-08T01:42:41.101+0000] {processor.py:157} INFO - Started process (PID=1479) to work on /opt/airflow/dags/extract_exchange_rates.py
[2025-04-08T01:42:41.101+0000] {processor.py:829} INFO - Processing file /opt/airflow/dags/extract_exchange_rates.py for tasks to queue
[2025-04-08T01:42:41.102+0000] {logging_mixin.py:151} INFO - [2025-04-08T01:42:41.102+0000] {dagbag.py:536} INFO - Filling up the DagBag from /opt/airflow/dags/extract_exchange_rates.py
[2025-04-08T01:42:41.112+0000] {processor.py:839} INFO - DAG(s) dict_keys(['extract_exchange_rates']) retrieved from /opt/airflow/dags/extract_exchange_rates.py
[2025-04-08T01:42:41.125+0000] {logging_mixin.py:151} INFO - [2025-04-08T01:42:41.124+0000] {dag.py:2941} INFO - Sync 1 DAGs
[2025-04-08T01:42:41.134+0000] {logging_mixin.py:151} INFO - [2025-04-08T01:42:41.134+0000] {dag.py:3722} INFO - Setting next_dagrun for extract_exchange_rates to 2025-04-08T00:00:00+00:00, run_after=2025-04-09T00:00:00+00:00
[2025-04-08T01:42:41.141+0000] {processor.py:179} INFO - Processing /opt/airflow/dags/extract_exchange_rates.py took 0.042 seconds
[2025-04-08T01:43:11.333+0000] {processor.py:157} INFO - Started process (PID=1484) to work on /opt/airflow/dags/extract_exchange_rates.py
[2025-04-08T01:43:11.333+0000] {processor.py:829} INFO - Processing file /opt/airflow/dags/extract_exchange_rates.py for tasks to queue
[2025-04-08T01:43:11.334+0000] {logging_mixin.py:151} INFO - [2025-04-08T01:43:11.334+0000] {dagbag.py:536} INFO - Filling up the DagBag from /opt/airflow/dags/extract_exchange_rates.py
[2025-04-08T01:43:11.343+0000] {processor.py:839} INFO - DAG(s) dict_keys(['extract_exchange_rates']) retrieved from /opt/airflow/dags/extract_exchange_rates.py
[2025-04-08T01:43:11.357+0000] {logging_mixin.py:151} INFO - [2025-04-08T01:43:11.357+0000] {dag.py:2941} INFO - Sync 1 DAGs
[2025-04-08T01:43:11.368+0000] {logging_mixin.py:151} INFO - [2025-04-08T01:43:11.368+0000] {dag.py:3722} INFO - Setting next_dagrun for extract_exchange_rates to 2025-04-08T00:00:00+00:00, run_after=2025-04-09T00:00:00+00:00
[2025-04-08T01:43:11.375+0000] {processor.py:179} INFO - Processing /opt/airflow/dags/extract_exchange_rates.py took 0.045 seconds
[2025-04-08T01:43:41.559+0000] {processor.py:157} INFO - Started process (PID=1489) to work on /opt/airflow/dags/extract_exchange_rates.py
[2025-04-08T01:43:41.560+0000] {processor.py:829} INFO - Processing file /opt/airflow/dags/extract_exchange_rates.py for tasks to queue
[2025-04-08T01:43:41.560+0000] {logging_mixin.py:151} INFO - [2025-04-08T01:43:41.560+0000] {dagbag.py:536} INFO - Filling up the DagBag from /opt/airflow/dags/extract_exchange_rates.py
[2025-04-08T01:43:41.570+0000] {processor.py:839} INFO - DAG(s) dict_keys(['extract_exchange_rates']) retrieved from /opt/airflow/dags/extract_exchange_rates.py
[2025-04-08T01:43:41.585+0000] {logging_mixin.py:151} INFO - [2025-04-08T01:43:41.585+0000] {dag.py:2941} INFO - Sync 1 DAGs
[2025-04-08T01:43:41.596+0000] {logging_mixin.py:151} INFO - [2025-04-08T01:43:41.596+0000] {dag.py:3722} INFO - Setting next_dagrun for extract_exchange_rates to 2025-04-08T00:00:00+00:00, run_after=2025-04-09T00:00:00+00:00
[2025-04-08T01:43:41.603+0000] {processor.py:179} INFO - Processing /opt/airflow/dags/extract_exchange_rates.py took 0.047 seconds
[2025-04-08T01:44:11.794+0000] {processor.py:157} INFO - Started process (PID=1494) to work on /opt/airflow/dags/extract_exchange_rates.py
[2025-04-08T01:44:11.795+0000] {processor.py:829} INFO - Processing file /opt/airflow/dags/extract_exchange_rates.py for tasks to queue
[2025-04-08T01:44:11.795+0000] {logging_mixin.py:151} INFO - [2025-04-08T01:44:11.795+0000] {dagbag.py:536} INFO - Filling up the DagBag from /opt/airflow/dags/extract_exchange_rates.py
[2025-04-08T01:44:11.808+0000] {processor.py:839} INFO - DAG(s) dict_keys(['extract_exchange_rates']) retrieved from /opt/airflow/dags/extract_exchange_rates.py
[2025-04-08T01:44:11.827+0000] {logging_mixin.py:151} INFO - [2025-04-08T01:44:11.827+0000] {dag.py:2941} INFO - Sync 1 DAGs
[2025-04-08T01:44:11.839+0000] {logging_mixin.py:151} INFO - [2025-04-08T01:44:11.839+0000] {dag.py:3722} INFO - Setting next_dagrun for extract_exchange_rates to 2025-04-08T00:00:00+00:00, run_after=2025-04-09T00:00:00+00:00
[2025-04-08T01:44:11.846+0000] {processor.py:179} INFO - Processing /opt/airflow/dags/extract_exchange_rates.py took 0.056 seconds
[2025-04-08T01:44:42.031+0000] {processor.py:157} INFO - Started process (PID=1499) to work on /opt/airflow/dags/extract_exchange_rates.py
[2025-04-08T01:44:42.031+0000] {processor.py:829} INFO - Processing file /opt/airflow/dags/extract_exchange_rates.py for tasks to queue
[2025-04-08T01:44:42.032+0000] {logging_mixin.py:151} INFO - [2025-04-08T01:44:42.032+0000] {dagbag.py:536} INFO - Filling up the DagBag from /opt/airflow/dags/extract_exchange_rates.py
[2025-04-08T01:44:42.042+0000] {processor.py:839} INFO - DAG(s) dict_keys(['extract_exchange_rates']) retrieved from /opt/airflow/dags/extract_exchange_rates.py
[2025-04-08T01:44:42.058+0000] {logging_mixin.py:151} INFO - [2025-04-08T01:44:42.058+0000] {dag.py:2941} INFO - Sync 1 DAGs
[2025-04-08T01:44:42.070+0000] {logging_mixin.py:151} INFO - [2025-04-08T01:44:42.070+0000] {dag.py:3722} INFO - Setting next_dagrun for extract_exchange_rates to 2025-04-08T00:00:00+00:00, run_after=2025-04-09T00:00:00+00:00
[2025-04-08T01:44:42.078+0000] {processor.py:179} INFO - Processing /opt/airflow/dags/extract_exchange_rates.py took 0.050 seconds
[2025-04-08T01:45:12.276+0000] {processor.py:157} INFO - Started process (PID=1504) to work on /opt/airflow/dags/extract_exchange_rates.py
[2025-04-08T01:45:12.277+0000] {processor.py:829} INFO - Processing file /opt/airflow/dags/extract_exchange_rates.py for tasks to queue
[2025-04-08T01:45:12.278+0000] {logging_mixin.py:151} INFO - [2025-04-08T01:45:12.278+0000] {dagbag.py:536} INFO - Filling up the DagBag from /opt/airflow/dags/extract_exchange_rates.py
[2025-04-08T01:45:12.290+0000] {processor.py:839} INFO - DAG(s) dict_keys(['extract_exchange_rates']) retrieved from /opt/airflow/dags/extract_exchange_rates.py
[2025-04-08T01:45:12.305+0000] {logging_mixin.py:151} INFO - [2025-04-08T01:45:12.305+0000] {dag.py:2941} INFO - Sync 1 DAGs
[2025-04-08T01:45:12.317+0000] {logging_mixin.py:151} INFO - [2025-04-08T01:45:12.317+0000] {dag.py:3722} INFO - Setting next_dagrun for extract_exchange_rates to 2025-04-08T00:00:00+00:00, run_after=2025-04-09T00:00:00+00:00
[2025-04-08T01:45:12.324+0000] {processor.py:179} INFO - Processing /opt/airflow/dags/extract_exchange_rates.py took 0.051 seconds
[2025-04-08T01:45:42.526+0000] {processor.py:157} INFO - Started process (PID=1509) to work on /opt/airflow/dags/extract_exchange_rates.py
[2025-04-08T01:45:42.527+0000] {processor.py:829} INFO - Processing file /opt/airflow/dags/extract_exchange_rates.py for tasks to queue
[2025-04-08T01:45:42.527+0000] {logging_mixin.py:151} INFO - [2025-04-08T01:45:42.527+0000] {dagbag.py:536} INFO - Filling up the DagBag from /opt/airflow/dags/extract_exchange_rates.py
[2025-04-08T01:45:42.538+0000] {processor.py:839} INFO - DAG(s) dict_keys(['extract_exchange_rates']) retrieved from /opt/airflow/dags/extract_exchange_rates.py
[2025-04-08T01:45:42.553+0000] {logging_mixin.py:151} INFO - [2025-04-08T01:45:42.552+0000] {dag.py:2941} INFO - Sync 1 DAGs
[2025-04-08T01:45:42.563+0000] {logging_mixin.py:151} INFO - [2025-04-08T01:45:42.563+0000] {dag.py:3722} INFO - Setting next_dagrun for extract_exchange_rates to 2025-04-08T00:00:00+00:00, run_after=2025-04-09T00:00:00+00:00
[2025-04-08T01:45:42.570+0000] {processor.py:179} INFO - Processing /opt/airflow/dags/extract_exchange_rates.py took 0.047 seconds
[2025-04-08T01:46:12.770+0000] {processor.py:157} INFO - Started process (PID=1514) to work on /opt/airflow/dags/extract_exchange_rates.py
[2025-04-08T01:46:12.771+0000] {processor.py:829} INFO - Processing file /opt/airflow/dags/extract_exchange_rates.py for tasks to queue
[2025-04-08T01:46:12.772+0000] {logging_mixin.py:151} INFO - [2025-04-08T01:46:12.772+0000] {dagbag.py:536} INFO - Filling up the DagBag from /opt/airflow/dags/extract_exchange_rates.py
[2025-04-08T01:46:12.781+0000] {processor.py:839} INFO - DAG(s) dict_keys(['extract_exchange_rates']) retrieved from /opt/airflow/dags/extract_exchange_rates.py
[2025-04-08T01:46:12.794+0000] {logging_mixin.py:151} INFO - [2025-04-08T01:46:12.794+0000] {dag.py:2941} INFO - Sync 1 DAGs
[2025-04-08T01:46:12.805+0000] {logging_mixin.py:151} INFO - [2025-04-08T01:46:12.805+0000] {dag.py:3722} INFO - Setting next_dagrun for extract_exchange_rates to 2025-04-08T00:00:00+00:00, run_after=2025-04-09T00:00:00+00:00
[2025-04-08T01:46:12.813+0000] {processor.py:179} INFO - Processing /opt/airflow/dags/extract_exchange_rates.py took 0.044 seconds
[2025-04-08T01:46:43.002+0000] {processor.py:157} INFO - Started process (PID=1519) to work on /opt/airflow/dags/extract_exchange_rates.py
[2025-04-08T01:46:43.003+0000] {processor.py:829} INFO - Processing file /opt/airflow/dags/extract_exchange_rates.py for tasks to queue
[2025-04-08T01:46:43.003+0000] {logging_mixin.py:151} INFO - [2025-04-08T01:46:43.003+0000] {dagbag.py:536} INFO - Filling up the DagBag from /opt/airflow/dags/extract_exchange_rates.py
[2025-04-08T01:46:43.013+0000] {processor.py:839} INFO - DAG(s) dict_keys(['extract_exchange_rates']) retrieved from /opt/airflow/dags/extract_exchange_rates.py
[2025-04-08T01:46:43.026+0000] {logging_mixin.py:151} INFO - [2025-04-08T01:46:43.026+0000] {dag.py:2941} INFO - Sync 1 DAGs
[2025-04-08T01:46:43.036+0000] {logging_mixin.py:151} INFO - [2025-04-08T01:46:43.036+0000] {dag.py:3722} INFO - Setting next_dagrun for extract_exchange_rates to 2025-04-08T00:00:00+00:00, run_after=2025-04-09T00:00:00+00:00
[2025-04-08T01:46:43.043+0000] {processor.py:179} INFO - Processing /opt/airflow/dags/extract_exchange_rates.py took 0.043 seconds
[2025-04-08T01:47:13.254+0000] {processor.py:157} INFO - Started process (PID=1524) to work on /opt/airflow/dags/extract_exchange_rates.py
[2025-04-08T01:47:13.254+0000] {processor.py:829} INFO - Processing file /opt/airflow/dags/extract_exchange_rates.py for tasks to queue
[2025-04-08T01:47:13.255+0000] {logging_mixin.py:151} INFO - [2025-04-08T01:47:13.255+0000] {dagbag.py:536} INFO - Filling up the DagBag from /opt/airflow/dags/extract_exchange_rates.py
[2025-04-08T01:47:13.264+0000] {processor.py:839} INFO - DAG(s) dict_keys(['extract_exchange_rates']) retrieved from /opt/airflow/dags/extract_exchange_rates.py
[2025-04-08T01:47:13.277+0000] {logging_mixin.py:151} INFO - [2025-04-08T01:47:13.277+0000] {dag.py:2941} INFO - Sync 1 DAGs
[2025-04-08T01:47:13.288+0000] {logging_mixin.py:151} INFO - [2025-04-08T01:47:13.288+0000] {dag.py:3722} INFO - Setting next_dagrun for extract_exchange_rates to 2025-04-08T00:00:00+00:00, run_after=2025-04-09T00:00:00+00:00
[2025-04-08T01:47:13.295+0000] {processor.py:179} INFO - Processing /opt/airflow/dags/extract_exchange_rates.py took 0.043 seconds
[2025-04-08T01:47:43.533+0000] {processor.py:157} INFO - Started process (PID=1529) to work on /opt/airflow/dags/extract_exchange_rates.py
[2025-04-08T01:47:43.534+0000] {processor.py:829} INFO - Processing file /opt/airflow/dags/extract_exchange_rates.py for tasks to queue
[2025-04-08T01:47:43.534+0000] {logging_mixin.py:151} INFO - [2025-04-08T01:47:43.534+0000] {dagbag.py:536} INFO - Filling up the DagBag from /opt/airflow/dags/extract_exchange_rates.py
[2025-04-08T01:47:43.545+0000] {processor.py:839} INFO - DAG(s) dict_keys(['extract_exchange_rates']) retrieved from /opt/airflow/dags/extract_exchange_rates.py
[2025-04-08T01:47:43.557+0000] {logging_mixin.py:151} INFO - [2025-04-08T01:47:43.557+0000] {dag.py:2941} INFO - Sync 1 DAGs
[2025-04-08T01:47:43.566+0000] {logging_mixin.py:151} INFO - [2025-04-08T01:47:43.566+0000] {dag.py:3722} INFO - Setting next_dagrun for extract_exchange_rates to 2025-04-08T00:00:00+00:00, run_after=2025-04-09T00:00:00+00:00
[2025-04-08T01:47:43.573+0000] {processor.py:179} INFO - Processing /opt/airflow/dags/extract_exchange_rates.py took 0.041 seconds
[2025-04-08T01:48:13.761+0000] {processor.py:157} INFO - Started process (PID=1534) to work on /opt/airflow/dags/extract_exchange_rates.py
[2025-04-08T01:48:13.762+0000] {processor.py:829} INFO - Processing file /opt/airflow/dags/extract_exchange_rates.py for tasks to queue
[2025-04-08T01:48:13.762+0000] {logging_mixin.py:151} INFO - [2025-04-08T01:48:13.762+0000] {dagbag.py:536} INFO - Filling up the DagBag from /opt/airflow/dags/extract_exchange_rates.py
[2025-04-08T01:48:13.774+0000] {processor.py:839} INFO - DAG(s) dict_keys(['extract_exchange_rates']) retrieved from /opt/airflow/dags/extract_exchange_rates.py
[2025-04-08T01:48:13.789+0000] {logging_mixin.py:151} INFO - [2025-04-08T01:48:13.789+0000] {dag.py:2941} INFO - Sync 1 DAGs
[2025-04-08T01:48:13.800+0000] {logging_mixin.py:151} INFO - [2025-04-08T01:48:13.800+0000] {dag.py:3722} INFO - Setting next_dagrun for extract_exchange_rates to 2025-04-08T00:00:00+00:00, run_after=2025-04-09T00:00:00+00:00
[2025-04-08T01:48:13.811+0000] {processor.py:179} INFO - Processing /opt/airflow/dags/extract_exchange_rates.py took 0.053 seconds
[2025-04-08T01:48:43.993+0000] {processor.py:157} INFO - Started process (PID=1539) to work on /opt/airflow/dags/extract_exchange_rates.py
[2025-04-08T01:48:43.994+0000] {processor.py:829} INFO - Processing file /opt/airflow/dags/extract_exchange_rates.py for tasks to queue
[2025-04-08T01:48:43.994+0000] {logging_mixin.py:151} INFO - [2025-04-08T01:48:43.994+0000] {dagbag.py:536} INFO - Filling up the DagBag from /opt/airflow/dags/extract_exchange_rates.py
[2025-04-08T01:48:44.003+0000] {processor.py:839} INFO - DAG(s) dict_keys(['extract_exchange_rates']) retrieved from /opt/airflow/dags/extract_exchange_rates.py
[2025-04-08T01:48:44.017+0000] {logging_mixin.py:151} INFO - [2025-04-08T01:48:44.017+0000] {dag.py:2941} INFO - Sync 1 DAGs
[2025-04-08T01:48:44.028+0000] {logging_mixin.py:151} INFO - [2025-04-08T01:48:44.028+0000] {dag.py:3722} INFO - Setting next_dagrun for extract_exchange_rates to 2025-04-08T00:00:00+00:00, run_after=2025-04-09T00:00:00+00:00
[2025-04-08T01:48:44.036+0000] {processor.py:179} INFO - Processing /opt/airflow/dags/extract_exchange_rates.py took 0.045 seconds
[2025-04-08T01:49:14.242+0000] {processor.py:157} INFO - Started process (PID=1544) to work on /opt/airflow/dags/extract_exchange_rates.py
[2025-04-08T01:49:14.242+0000] {processor.py:829} INFO - Processing file /opt/airflow/dags/extract_exchange_rates.py for tasks to queue
[2025-04-08T01:49:14.243+0000] {logging_mixin.py:151} INFO - [2025-04-08T01:49:14.243+0000] {dagbag.py:536} INFO - Filling up the DagBag from /opt/airflow/dags/extract_exchange_rates.py
[2025-04-08T01:49:14.252+0000] {processor.py:839} INFO - DAG(s) dict_keys(['extract_exchange_rates']) retrieved from /opt/airflow/dags/extract_exchange_rates.py
[2025-04-08T01:49:14.266+0000] {logging_mixin.py:151} INFO - [2025-04-08T01:49:14.266+0000] {dag.py:2941} INFO - Sync 1 DAGs
[2025-04-08T01:49:14.276+0000] {logging_mixin.py:151} INFO - [2025-04-08T01:49:14.276+0000] {dag.py:3722} INFO - Setting next_dagrun for extract_exchange_rates to 2025-04-08T00:00:00+00:00, run_after=2025-04-09T00:00:00+00:00
[2025-04-08T01:49:14.283+0000] {processor.py:179} INFO - Processing /opt/airflow/dags/extract_exchange_rates.py took 0.044 seconds
[2025-04-08T01:49:44.491+0000] {processor.py:157} INFO - Started process (PID=1549) to work on /opt/airflow/dags/extract_exchange_rates.py
[2025-04-08T01:49:44.492+0000] {processor.py:829} INFO - Processing file /opt/airflow/dags/extract_exchange_rates.py for tasks to queue
[2025-04-08T01:49:44.492+0000] {logging_mixin.py:151} INFO - [2025-04-08T01:49:44.492+0000] {dagbag.py:536} INFO - Filling up the DagBag from /opt/airflow/dags/extract_exchange_rates.py
[2025-04-08T01:49:44.505+0000] {processor.py:839} INFO - DAG(s) dict_keys(['extract_exchange_rates']) retrieved from /opt/airflow/dags/extract_exchange_rates.py
[2025-04-08T01:49:44.520+0000] {logging_mixin.py:151} INFO - [2025-04-08T01:49:44.520+0000] {dag.py:2941} INFO - Sync 1 DAGs
[2025-04-08T01:49:44.532+0000] {logging_mixin.py:151} INFO - [2025-04-08T01:49:44.532+0000] {dag.py:3722} INFO - Setting next_dagrun for extract_exchange_rates to 2025-04-08T00:00:00+00:00, run_after=2025-04-09T00:00:00+00:00
[2025-04-08T01:49:44.539+0000] {processor.py:179} INFO - Processing /opt/airflow/dags/extract_exchange_rates.py took 0.052 seconds
[2025-04-08T01:50:14.721+0000] {processor.py:157} INFO - Started process (PID=1554) to work on /opt/airflow/dags/extract_exchange_rates.py
[2025-04-08T01:50:14.722+0000] {processor.py:829} INFO - Processing file /opt/airflow/dags/extract_exchange_rates.py for tasks to queue
[2025-04-08T01:50:14.723+0000] {logging_mixin.py:151} INFO - [2025-04-08T01:50:14.723+0000] {dagbag.py:536} INFO - Filling up the DagBag from /opt/airflow/dags/extract_exchange_rates.py
[2025-04-08T01:50:14.736+0000] {processor.py:839} INFO - DAG(s) dict_keys(['extract_exchange_rates']) retrieved from /opt/airflow/dags/extract_exchange_rates.py
[2025-04-08T01:50:14.758+0000] {logging_mixin.py:151} INFO - [2025-04-08T01:50:14.757+0000] {dag.py:2941} INFO - Sync 1 DAGs
[2025-04-08T01:50:14.769+0000] {logging_mixin.py:151} INFO - [2025-04-08T01:50:14.769+0000] {dag.py:3722} INFO - Setting next_dagrun for extract_exchange_rates to 2025-04-08T00:00:00+00:00, run_after=2025-04-09T00:00:00+00:00
[2025-04-08T01:50:14.777+0000] {processor.py:179} INFO - Processing /opt/airflow/dags/extract_exchange_rates.py took 0.059 seconds
[2025-04-08T01:50:44.926+0000] {processor.py:157} INFO - Started process (PID=1559) to work on /opt/airflow/dags/extract_exchange_rates.py
[2025-04-08T01:50:44.927+0000] {processor.py:829} INFO - Processing file /opt/airflow/dags/extract_exchange_rates.py for tasks to queue
[2025-04-08T01:50:44.927+0000] {logging_mixin.py:151} INFO - [2025-04-08T01:50:44.927+0000] {dagbag.py:536} INFO - Filling up the DagBag from /opt/airflow/dags/extract_exchange_rates.py
[2025-04-08T01:50:44.939+0000] {processor.py:839} INFO - DAG(s) dict_keys(['extract_exchange_rates']) retrieved from /opt/airflow/dags/extract_exchange_rates.py
[2025-04-08T01:50:44.955+0000] {logging_mixin.py:151} INFO - [2025-04-08T01:50:44.955+0000] {dag.py:2941} INFO - Sync 1 DAGs
[2025-04-08T01:50:44.967+0000] {logging_mixin.py:151} INFO - [2025-04-08T01:50:44.966+0000] {dag.py:3722} INFO - Setting next_dagrun for extract_exchange_rates to 2025-04-08T00:00:00+00:00, run_after=2025-04-09T00:00:00+00:00
[2025-04-08T01:50:44.977+0000] {processor.py:179} INFO - Processing /opt/airflow/dags/extract_exchange_rates.py took 0.054 seconds
[2025-04-08T01:51:15.161+0000] {processor.py:157} INFO - Started process (PID=1564) to work on /opt/airflow/dags/extract_exchange_rates.py
[2025-04-08T01:51:15.162+0000] {processor.py:829} INFO - Processing file /opt/airflow/dags/extract_exchange_rates.py for tasks to queue
[2025-04-08T01:51:15.162+0000] {logging_mixin.py:151} INFO - [2025-04-08T01:51:15.162+0000] {dagbag.py:536} INFO - Filling up the DagBag from /opt/airflow/dags/extract_exchange_rates.py
[2025-04-08T01:51:15.169+0000] {processor.py:839} INFO - DAG(s) dict_keys(['extract_exchange_rates']) retrieved from /opt/airflow/dags/extract_exchange_rates.py
[2025-04-08T01:51:15.183+0000] {logging_mixin.py:151} INFO - [2025-04-08T01:51:15.183+0000] {dag.py:2941} INFO - Sync 1 DAGs
[2025-04-08T01:51:15.191+0000] {logging_mixin.py:151} INFO - [2025-04-08T01:51:15.191+0000] {dag.py:3722} INFO - Setting next_dagrun for extract_exchange_rates to 2025-04-08T00:00:00+00:00, run_after=2025-04-09T00:00:00+00:00
[2025-04-08T01:51:15.198+0000] {processor.py:179} INFO - Processing /opt/airflow/dags/extract_exchange_rates.py took 0.039 seconds
[2025-04-08T01:51:45.394+0000] {processor.py:157} INFO - Started process (PID=1569) to work on /opt/airflow/dags/extract_exchange_rates.py
[2025-04-08T01:51:45.395+0000] {processor.py:829} INFO - Processing file /opt/airflow/dags/extract_exchange_rates.py for tasks to queue
[2025-04-08T01:51:45.396+0000] {logging_mixin.py:151} INFO - [2025-04-08T01:51:45.395+0000] {dagbag.py:536} INFO - Filling up the DagBag from /opt/airflow/dags/extract_exchange_rates.py
[2025-04-08T01:51:45.406+0000] {processor.py:839} INFO - DAG(s) dict_keys(['extract_exchange_rates']) retrieved from /opt/airflow/dags/extract_exchange_rates.py
[2025-04-08T01:51:45.419+0000] {logging_mixin.py:151} INFO - [2025-04-08T01:51:45.419+0000] {dag.py:2941} INFO - Sync 1 DAGs
[2025-04-08T01:51:45.430+0000] {logging_mixin.py:151} INFO - [2025-04-08T01:51:45.430+0000] {dag.py:3722} INFO - Setting next_dagrun for extract_exchange_rates to 2025-04-08T00:00:00+00:00, run_after=2025-04-09T00:00:00+00:00
[2025-04-08T01:51:45.439+0000] {processor.py:179} INFO - Processing /opt/airflow/dags/extract_exchange_rates.py took 0.048 seconds
[2025-04-08T01:52:15.630+0000] {processor.py:157} INFO - Started process (PID=1574) to work on /opt/airflow/dags/extract_exchange_rates.py
[2025-04-08T01:52:15.631+0000] {processor.py:829} INFO - Processing file /opt/airflow/dags/extract_exchange_rates.py for tasks to queue
[2025-04-08T01:52:15.631+0000] {logging_mixin.py:151} INFO - [2025-04-08T01:52:15.631+0000] {dagbag.py:536} INFO - Filling up the DagBag from /opt/airflow/dags/extract_exchange_rates.py
[2025-04-08T01:52:15.645+0000] {processor.py:839} INFO - DAG(s) dict_keys(['extract_exchange_rates']) retrieved from /opt/airflow/dags/extract_exchange_rates.py
[2025-04-08T01:52:15.663+0000] {logging_mixin.py:151} INFO - [2025-04-08T01:52:15.663+0000] {dag.py:2941} INFO - Sync 1 DAGs
[2025-04-08T01:52:15.675+0000] {logging_mixin.py:151} INFO - [2025-04-08T01:52:15.675+0000] {dag.py:3722} INFO - Setting next_dagrun for extract_exchange_rates to 2025-04-08T00:00:00+00:00, run_after=2025-04-09T00:00:00+00:00
[2025-04-08T01:52:15.682+0000] {processor.py:179} INFO - Processing /opt/airflow/dags/extract_exchange_rates.py took 0.055 seconds
[2025-04-08T01:52:45.860+0000] {processor.py:157} INFO - Started process (PID=1579) to work on /opt/airflow/dags/extract_exchange_rates.py
[2025-04-08T01:52:45.860+0000] {processor.py:829} INFO - Processing file /opt/airflow/dags/extract_exchange_rates.py for tasks to queue
[2025-04-08T01:52:45.861+0000] {logging_mixin.py:151} INFO - [2025-04-08T01:52:45.861+0000] {dagbag.py:536} INFO - Filling up the DagBag from /opt/airflow/dags/extract_exchange_rates.py
[2025-04-08T01:52:45.870+0000] {processor.py:839} INFO - DAG(s) dict_keys(['extract_exchange_rates']) retrieved from /opt/airflow/dags/extract_exchange_rates.py
[2025-04-08T01:52:45.884+0000] {logging_mixin.py:151} INFO - [2025-04-08T01:52:45.884+0000] {dag.py:2941} INFO - Sync 1 DAGs
[2025-04-08T01:52:45.894+0000] {logging_mixin.py:151} INFO - [2025-04-08T01:52:45.894+0000] {dag.py:3722} INFO - Setting next_dagrun for extract_exchange_rates to 2025-04-08T00:00:00+00:00, run_after=2025-04-09T00:00:00+00:00
[2025-04-08T01:52:45.901+0000] {processor.py:179} INFO - Processing /opt/airflow/dags/extract_exchange_rates.py took 0.044 seconds
[2025-04-08T01:53:16.109+0000] {processor.py:157} INFO - Started process (PID=1584) to work on /opt/airflow/dags/extract_exchange_rates.py
[2025-04-08T01:53:16.110+0000] {processor.py:829} INFO - Processing file /opt/airflow/dags/extract_exchange_rates.py for tasks to queue
[2025-04-08T01:53:16.110+0000] {logging_mixin.py:151} INFO - [2025-04-08T01:53:16.110+0000] {dagbag.py:536} INFO - Filling up the DagBag from /opt/airflow/dags/extract_exchange_rates.py
[2025-04-08T01:53:16.121+0000] {processor.py:839} INFO - DAG(s) dict_keys(['extract_exchange_rates']) retrieved from /opt/airflow/dags/extract_exchange_rates.py
[2025-04-08T01:53:16.139+0000] {logging_mixin.py:151} INFO - [2025-04-08T01:53:16.139+0000] {dag.py:2941} INFO - Sync 1 DAGs
[2025-04-08T01:53:16.151+0000] {logging_mixin.py:151} INFO - [2025-04-08T01:53:16.151+0000] {dag.py:3722} INFO - Setting next_dagrun for extract_exchange_rates to 2025-04-08T00:00:00+00:00, run_after=2025-04-09T00:00:00+00:00
[2025-04-08T01:53:16.160+0000] {processor.py:179} INFO - Processing /opt/airflow/dags/extract_exchange_rates.py took 0.054 seconds
[2025-04-08T01:53:46.346+0000] {processor.py:157} INFO - Started process (PID=1589) to work on /opt/airflow/dags/extract_exchange_rates.py
[2025-04-08T01:53:46.347+0000] {processor.py:829} INFO - Processing file /opt/airflow/dags/extract_exchange_rates.py for tasks to queue
[2025-04-08T01:53:46.348+0000] {logging_mixin.py:151} INFO - [2025-04-08T01:53:46.348+0000] {dagbag.py:536} INFO - Filling up the DagBag from /opt/airflow/dags/extract_exchange_rates.py
[2025-04-08T01:53:46.357+0000] {processor.py:839} INFO - DAG(s) dict_keys(['extract_exchange_rates']) retrieved from /opt/airflow/dags/extract_exchange_rates.py
[2025-04-08T01:53:46.372+0000] {logging_mixin.py:151} INFO - [2025-04-08T01:53:46.372+0000] {dag.py:2941} INFO - Sync 1 DAGs
[2025-04-08T01:53:46.382+0000] {logging_mixin.py:151} INFO - [2025-04-08T01:53:46.382+0000] {dag.py:3722} INFO - Setting next_dagrun for extract_exchange_rates to 2025-04-08T00:00:00+00:00, run_after=2025-04-09T00:00:00+00:00
[2025-04-08T01:53:46.389+0000] {processor.py:179} INFO - Processing /opt/airflow/dags/extract_exchange_rates.py took 0.046 seconds
[2025-04-08T01:54:16.584+0000] {processor.py:157} INFO - Started process (PID=1594) to work on /opt/airflow/dags/extract_exchange_rates.py
[2025-04-08T01:54:16.584+0000] {processor.py:829} INFO - Processing file /opt/airflow/dags/extract_exchange_rates.py for tasks to queue
[2025-04-08T01:54:16.585+0000] {logging_mixin.py:151} INFO - [2025-04-08T01:54:16.584+0000] {dagbag.py:536} INFO - Filling up the DagBag from /opt/airflow/dags/extract_exchange_rates.py
[2025-04-08T01:54:16.591+0000] {processor.py:839} INFO - DAG(s) dict_keys(['extract_exchange_rates']) retrieved from /opt/airflow/dags/extract_exchange_rates.py
[2025-04-08T01:54:16.603+0000] {logging_mixin.py:151} INFO - [2025-04-08T01:54:16.603+0000] {dag.py:2941} INFO - Sync 1 DAGs
[2025-04-08T01:54:16.612+0000] {logging_mixin.py:151} INFO - [2025-04-08T01:54:16.612+0000] {dag.py:3722} INFO - Setting next_dagrun for extract_exchange_rates to 2025-04-08T00:00:00+00:00, run_after=2025-04-09T00:00:00+00:00
[2025-04-08T01:54:16.618+0000] {processor.py:179} INFO - Processing /opt/airflow/dags/extract_exchange_rates.py took 0.036 seconds
[2025-04-08T01:54:46.819+0000] {processor.py:157} INFO - Started process (PID=1599) to work on /opt/airflow/dags/extract_exchange_rates.py
[2025-04-08T01:54:46.820+0000] {processor.py:829} INFO - Processing file /opt/airflow/dags/extract_exchange_rates.py for tasks to queue
[2025-04-08T01:54:46.821+0000] {logging_mixin.py:151} INFO - [2025-04-08T01:54:46.820+0000] {dagbag.py:536} INFO - Filling up the DagBag from /opt/airflow/dags/extract_exchange_rates.py
[2025-04-08T01:54:46.832+0000] {processor.py:839} INFO - DAG(s) dict_keys(['extract_exchange_rates']) retrieved from /opt/airflow/dags/extract_exchange_rates.py
[2025-04-08T01:54:46.848+0000] {logging_mixin.py:151} INFO - [2025-04-08T01:54:46.848+0000] {dag.py:2941} INFO - Sync 1 DAGs
[2025-04-08T01:54:46.858+0000] {logging_mixin.py:151} INFO - [2025-04-08T01:54:46.858+0000] {dag.py:3722} INFO - Setting next_dagrun for extract_exchange_rates to 2025-04-08T00:00:00+00:00, run_after=2025-04-09T00:00:00+00:00
[2025-04-08T01:54:46.866+0000] {processor.py:179} INFO - Processing /opt/airflow/dags/extract_exchange_rates.py took 0.050 seconds
[2025-04-08T01:55:17.038+0000] {processor.py:157} INFO - Started process (PID=1604) to work on /opt/airflow/dags/extract_exchange_rates.py
[2025-04-08T01:55:17.038+0000] {processor.py:829} INFO - Processing file /opt/airflow/dags/extract_exchange_rates.py for tasks to queue
[2025-04-08T01:55:17.039+0000] {logging_mixin.py:151} INFO - [2025-04-08T01:55:17.039+0000] {dagbag.py:536} INFO - Filling up the DagBag from /opt/airflow/dags/extract_exchange_rates.py
[2025-04-08T01:55:17.049+0000] {processor.py:839} INFO - DAG(s) dict_keys(['extract_exchange_rates']) retrieved from /opt/airflow/dags/extract_exchange_rates.py
[2025-04-08T01:55:17.063+0000] {logging_mixin.py:151} INFO - [2025-04-08T01:55:17.063+0000] {dag.py:2941} INFO - Sync 1 DAGs
[2025-04-08T01:55:17.074+0000] {logging_mixin.py:151} INFO - [2025-04-08T01:55:17.074+0000] {dag.py:3722} INFO - Setting next_dagrun for extract_exchange_rates to 2025-04-08T00:00:00+00:00, run_after=2025-04-09T00:00:00+00:00
[2025-04-08T01:55:17.081+0000] {processor.py:179} INFO - Processing /opt/airflow/dags/extract_exchange_rates.py took 0.046 seconds
[2025-04-08T01:55:47.277+0000] {processor.py:157} INFO - Started process (PID=1609) to work on /opt/airflow/dags/extract_exchange_rates.py
[2025-04-08T01:55:47.278+0000] {processor.py:829} INFO - Processing file /opt/airflow/dags/extract_exchange_rates.py for tasks to queue
[2025-04-08T01:55:47.279+0000] {logging_mixin.py:151} INFO - [2025-04-08T01:55:47.278+0000] {dagbag.py:536} INFO - Filling up the DagBag from /opt/airflow/dags/extract_exchange_rates.py
[2025-04-08T01:55:47.289+0000] {processor.py:839} INFO - DAG(s) dict_keys(['extract_exchange_rates']) retrieved from /opt/airflow/dags/extract_exchange_rates.py
[2025-04-08T01:55:47.303+0000] {logging_mixin.py:151} INFO - [2025-04-08T01:55:47.303+0000] {dag.py:2941} INFO - Sync 1 DAGs
[2025-04-08T01:55:47.314+0000] {logging_mixin.py:151} INFO - [2025-04-08T01:55:47.314+0000] {dag.py:3722} INFO - Setting next_dagrun for extract_exchange_rates to 2025-04-08T00:00:00+00:00, run_after=2025-04-09T00:00:00+00:00
[2025-04-08T01:55:47.320+0000] {processor.py:179} INFO - Processing /opt/airflow/dags/extract_exchange_rates.py took 0.046 seconds
[2025-04-08T01:56:17.514+0000] {processor.py:157} INFO - Started process (PID=1614) to work on /opt/airflow/dags/extract_exchange_rates.py
[2025-04-08T01:56:17.515+0000] {processor.py:829} INFO - Processing file /opt/airflow/dags/extract_exchange_rates.py for tasks to queue
[2025-04-08T01:56:17.516+0000] {logging_mixin.py:151} INFO - [2025-04-08T01:56:17.515+0000] {dagbag.py:536} INFO - Filling up the DagBag from /opt/airflow/dags/extract_exchange_rates.py
[2025-04-08T01:56:17.527+0000] {processor.py:839} INFO - DAG(s) dict_keys(['extract_exchange_rates']) retrieved from /opt/airflow/dags/extract_exchange_rates.py
[2025-04-08T01:56:17.542+0000] {logging_mixin.py:151} INFO - [2025-04-08T01:56:17.541+0000] {dag.py:2941} INFO - Sync 1 DAGs
[2025-04-08T01:56:17.552+0000] {logging_mixin.py:151} INFO - [2025-04-08T01:56:17.552+0000] {dag.py:3722} INFO - Setting next_dagrun for extract_exchange_rates to 2025-04-08T00:00:00+00:00, run_after=2025-04-09T00:00:00+00:00
[2025-04-08T01:56:17.560+0000] {processor.py:179} INFO - Processing /opt/airflow/dags/extract_exchange_rates.py took 0.048 seconds
[2025-04-08T01:56:47.756+0000] {processor.py:157} INFO - Started process (PID=1619) to work on /opt/airflow/dags/extract_exchange_rates.py
[2025-04-08T01:56:47.757+0000] {processor.py:829} INFO - Processing file /opt/airflow/dags/extract_exchange_rates.py for tasks to queue
[2025-04-08T01:56:47.757+0000] {logging_mixin.py:151} INFO - [2025-04-08T01:56:47.757+0000] {dagbag.py:536} INFO - Filling up the DagBag from /opt/airflow/dags/extract_exchange_rates.py
[2025-04-08T01:56:47.770+0000] {processor.py:839} INFO - DAG(s) dict_keys(['extract_exchange_rates']) retrieved from /opt/airflow/dags/extract_exchange_rates.py
[2025-04-08T01:56:47.783+0000] {logging_mixin.py:151} INFO - [2025-04-08T01:56:47.783+0000] {dag.py:2941} INFO - Sync 1 DAGs
[2025-04-08T01:56:47.794+0000] {logging_mixin.py:151} INFO - [2025-04-08T01:56:47.794+0000] {dag.py:3722} INFO - Setting next_dagrun for extract_exchange_rates to 2025-04-08T00:00:00+00:00, run_after=2025-04-09T00:00:00+00:00
[2025-04-08T01:56:47.801+0000] {processor.py:179} INFO - Processing /opt/airflow/dags/extract_exchange_rates.py took 0.047 seconds
[2025-04-08T01:57:18.011+0000] {processor.py:157} INFO - Started process (PID=1624) to work on /opt/airflow/dags/extract_exchange_rates.py
[2025-04-08T01:57:18.012+0000] {processor.py:829} INFO - Processing file /opt/airflow/dags/extract_exchange_rates.py for tasks to queue
[2025-04-08T01:57:18.012+0000] {logging_mixin.py:151} INFO - [2025-04-08T01:57:18.012+0000] {dagbag.py:536} INFO - Filling up the DagBag from /opt/airflow/dags/extract_exchange_rates.py
[2025-04-08T01:57:18.025+0000] {processor.py:839} INFO - DAG(s) dict_keys(['extract_exchange_rates']) retrieved from /opt/airflow/dags/extract_exchange_rates.py
[2025-04-08T01:57:18.043+0000] {logging_mixin.py:151} INFO - [2025-04-08T01:57:18.043+0000] {dag.py:2941} INFO - Sync 1 DAGs
[2025-04-08T01:57:18.055+0000] {logging_mixin.py:151} INFO - [2025-04-08T01:57:18.055+0000] {dag.py:3722} INFO - Setting next_dagrun for extract_exchange_rates to 2025-04-08T00:00:00+00:00, run_after=2025-04-09T00:00:00+00:00
[2025-04-08T01:57:18.062+0000] {processor.py:179} INFO - Processing /opt/airflow/dags/extract_exchange_rates.py took 0.054 seconds
[2025-04-08T01:57:48.251+0000] {processor.py:157} INFO - Started process (PID=1629) to work on /opt/airflow/dags/extract_exchange_rates.py
[2025-04-08T01:57:48.252+0000] {processor.py:829} INFO - Processing file /opt/airflow/dags/extract_exchange_rates.py for tasks to queue
[2025-04-08T01:57:48.252+0000] {logging_mixin.py:151} INFO - [2025-04-08T01:57:48.252+0000] {dagbag.py:536} INFO - Filling up the DagBag from /opt/airflow/dags/extract_exchange_rates.py
[2025-04-08T01:57:48.264+0000] {processor.py:839} INFO - DAG(s) dict_keys(['extract_exchange_rates']) retrieved from /opt/airflow/dags/extract_exchange_rates.py
[2025-04-08T01:57:48.279+0000] {logging_mixin.py:151} INFO - [2025-04-08T01:57:48.279+0000] {dag.py:2941} INFO - Sync 1 DAGs
[2025-04-08T01:57:48.290+0000] {logging_mixin.py:151} INFO - [2025-04-08T01:57:48.290+0000] {dag.py:3722} INFO - Setting next_dagrun for extract_exchange_rates to 2025-04-08T00:00:00+00:00, run_after=2025-04-09T00:00:00+00:00
[2025-04-08T01:57:48.297+0000] {processor.py:179} INFO - Processing /opt/airflow/dags/extract_exchange_rates.py took 0.049 seconds
[2025-04-08T01:58:18.482+0000] {processor.py:157} INFO - Started process (PID=1634) to work on /opt/airflow/dags/extract_exchange_rates.py
[2025-04-08T01:58:18.483+0000] {processor.py:829} INFO - Processing file /opt/airflow/dags/extract_exchange_rates.py for tasks to queue
[2025-04-08T01:58:18.483+0000] {logging_mixin.py:151} INFO - [2025-04-08T01:58:18.483+0000] {dagbag.py:536} INFO - Filling up the DagBag from /opt/airflow/dags/extract_exchange_rates.py
[2025-04-08T01:58:18.495+0000] {processor.py:839} INFO - DAG(s) dict_keys(['extract_exchange_rates']) retrieved from /opt/airflow/dags/extract_exchange_rates.py
[2025-04-08T01:58:18.511+0000] {logging_mixin.py:151} INFO - [2025-04-08T01:58:18.511+0000] {dag.py:2941} INFO - Sync 1 DAGs
[2025-04-08T01:58:18.523+0000] {logging_mixin.py:151} INFO - [2025-04-08T01:58:18.523+0000] {dag.py:3722} INFO - Setting next_dagrun for extract_exchange_rates to 2025-04-08T00:00:00+00:00, run_after=2025-04-09T00:00:00+00:00
[2025-04-08T01:58:18.533+0000] {processor.py:179} INFO - Processing /opt/airflow/dags/extract_exchange_rates.py took 0.055 seconds
[2025-04-08T01:58:48.700+0000] {processor.py:157} INFO - Started process (PID=1639) to work on /opt/airflow/dags/extract_exchange_rates.py
[2025-04-08T01:58:48.700+0000] {processor.py:829} INFO - Processing file /opt/airflow/dags/extract_exchange_rates.py for tasks to queue
[2025-04-08T01:58:48.701+0000] {logging_mixin.py:151} INFO - [2025-04-08T01:58:48.701+0000] {dagbag.py:536} INFO - Filling up the DagBag from /opt/airflow/dags/extract_exchange_rates.py
[2025-04-08T01:58:48.711+0000] {processor.py:839} INFO - DAG(s) dict_keys(['extract_exchange_rates']) retrieved from /opt/airflow/dags/extract_exchange_rates.py
[2025-04-08T01:58:48.725+0000] {logging_mixin.py:151} INFO - [2025-04-08T01:58:48.725+0000] {dag.py:2941} INFO - Sync 1 DAGs
[2025-04-08T01:58:48.736+0000] {logging_mixin.py:151} INFO - [2025-04-08T01:58:48.735+0000] {dag.py:3722} INFO - Setting next_dagrun for extract_exchange_rates to 2025-04-08T00:00:00+00:00, run_after=2025-04-09T00:00:00+00:00
[2025-04-08T01:58:48.743+0000] {processor.py:179} INFO - Processing /opt/airflow/dags/extract_exchange_rates.py took 0.045 seconds
[2025-04-08T01:59:18.908+0000] {processor.py:157} INFO - Started process (PID=1644) to work on /opt/airflow/dags/extract_exchange_rates.py
[2025-04-08T01:59:18.908+0000] {processor.py:829} INFO - Processing file /opt/airflow/dags/extract_exchange_rates.py for tasks to queue
[2025-04-08T01:59:18.909+0000] {logging_mixin.py:151} INFO - [2025-04-08T01:59:18.909+0000] {dagbag.py:536} INFO - Filling up the DagBag from /opt/airflow/dags/extract_exchange_rates.py
[2025-04-08T01:59:18.920+0000] {processor.py:839} INFO - DAG(s) dict_keys(['extract_exchange_rates']) retrieved from /opt/airflow/dags/extract_exchange_rates.py
[2025-04-08T01:59:18.934+0000] {logging_mixin.py:151} INFO - [2025-04-08T01:59:18.934+0000] {dag.py:2941} INFO - Sync 1 DAGs
[2025-04-08T01:59:18.944+0000] {logging_mixin.py:151} INFO - [2025-04-08T01:59:18.944+0000] {dag.py:3722} INFO - Setting next_dagrun for extract_exchange_rates to 2025-04-08T00:00:00+00:00, run_after=2025-04-09T00:00:00+00:00
[2025-04-08T01:59:18.951+0000] {processor.py:179} INFO - Processing /opt/airflow/dags/extract_exchange_rates.py took 0.046 seconds
[2025-04-08T01:59:49.119+0000] {processor.py:157} INFO - Started process (PID=1649) to work on /opt/airflow/dags/extract_exchange_rates.py
[2025-04-08T01:59:49.120+0000] {processor.py:829} INFO - Processing file /opt/airflow/dags/extract_exchange_rates.py for tasks to queue
[2025-04-08T01:59:49.120+0000] {logging_mixin.py:151} INFO - [2025-04-08T01:59:49.120+0000] {dagbag.py:536} INFO - Filling up the DagBag from /opt/airflow/dags/extract_exchange_rates.py
[2025-04-08T01:59:49.132+0000] {processor.py:839} INFO - DAG(s) dict_keys(['extract_exchange_rates']) retrieved from /opt/airflow/dags/extract_exchange_rates.py
[2025-04-08T01:59:49.148+0000] {logging_mixin.py:151} INFO - [2025-04-08T01:59:49.148+0000] {dag.py:2941} INFO - Sync 1 DAGs
[2025-04-08T01:59:49.160+0000] {logging_mixin.py:151} INFO - [2025-04-08T01:59:49.160+0000] {dag.py:3722} INFO - Setting next_dagrun for extract_exchange_rates to 2025-04-08T00:00:00+00:00, run_after=2025-04-09T00:00:00+00:00
[2025-04-08T01:59:49.168+0000] {processor.py:179} INFO - Processing /opt/airflow/dags/extract_exchange_rates.py took 0.051 seconds
[2025-04-08T02:00:19.336+0000] {processor.py:157} INFO - Started process (PID=1654) to work on /opt/airflow/dags/extract_exchange_rates.py
[2025-04-08T02:00:19.337+0000] {processor.py:829} INFO - Processing file /opt/airflow/dags/extract_exchange_rates.py for tasks to queue
[2025-04-08T02:00:19.337+0000] {logging_mixin.py:151} INFO - [2025-04-08T02:00:19.337+0000] {dagbag.py:536} INFO - Filling up the DagBag from /opt/airflow/dags/extract_exchange_rates.py
[2025-04-08T02:00:19.347+0000] {processor.py:839} INFO - DAG(s) dict_keys(['extract_exchange_rates']) retrieved from /opt/airflow/dags/extract_exchange_rates.py
[2025-04-08T02:00:19.360+0000] {logging_mixin.py:151} INFO - [2025-04-08T02:00:19.360+0000] {dag.py:2941} INFO - Sync 1 DAGs
[2025-04-08T02:00:19.370+0000] {logging_mixin.py:151} INFO - [2025-04-08T02:00:19.370+0000] {dag.py:3722} INFO - Setting next_dagrun for extract_exchange_rates to 2025-04-08T00:00:00+00:00, run_after=2025-04-09T00:00:00+00:00
[2025-04-08T02:00:19.378+0000] {processor.py:179} INFO - Processing /opt/airflow/dags/extract_exchange_rates.py took 0.044 seconds
[2025-04-08T02:00:49.581+0000] {processor.py:157} INFO - Started process (PID=1659) to work on /opt/airflow/dags/extract_exchange_rates.py
[2025-04-08T02:00:49.582+0000] {processor.py:829} INFO - Processing file /opt/airflow/dags/extract_exchange_rates.py for tasks to queue
[2025-04-08T02:00:49.582+0000] {logging_mixin.py:151} INFO - [2025-04-08T02:00:49.582+0000] {dagbag.py:536} INFO - Filling up the DagBag from /opt/airflow/dags/extract_exchange_rates.py
[2025-04-08T02:00:49.591+0000] {processor.py:839} INFO - DAG(s) dict_keys(['extract_exchange_rates']) retrieved from /opt/airflow/dags/extract_exchange_rates.py
[2025-04-08T02:00:49.605+0000] {logging_mixin.py:151} INFO - [2025-04-08T02:00:49.605+0000] {dag.py:2941} INFO - Sync 1 DAGs
[2025-04-08T02:00:49.617+0000] {logging_mixin.py:151} INFO - [2025-04-08T02:00:49.617+0000] {dag.py:3722} INFO - Setting next_dagrun for extract_exchange_rates to 2025-04-08T00:00:00+00:00, run_after=2025-04-09T00:00:00+00:00
[2025-04-08T02:00:49.624+0000] {processor.py:179} INFO - Processing /opt/airflow/dags/extract_exchange_rates.py took 0.045 seconds
[2025-04-08T02:01:19.827+0000] {processor.py:157} INFO - Started process (PID=1664) to work on /opt/airflow/dags/extract_exchange_rates.py
[2025-04-08T02:01:19.828+0000] {processor.py:829} INFO - Processing file /opt/airflow/dags/extract_exchange_rates.py for tasks to queue
[2025-04-08T02:01:19.828+0000] {logging_mixin.py:151} INFO - [2025-04-08T02:01:19.828+0000] {dagbag.py:536} INFO - Filling up the DagBag from /opt/airflow/dags/extract_exchange_rates.py
[2025-04-08T02:01:19.836+0000] {processor.py:839} INFO - DAG(s) dict_keys(['extract_exchange_rates']) retrieved from /opt/airflow/dags/extract_exchange_rates.py
[2025-04-08T02:01:19.850+0000] {logging_mixin.py:151} INFO - [2025-04-08T02:01:19.849+0000] {dag.py:2941} INFO - Sync 1 DAGs
[2025-04-08T02:01:19.860+0000] {logging_mixin.py:151} INFO - [2025-04-08T02:01:19.860+0000] {dag.py:3722} INFO - Setting next_dagrun for extract_exchange_rates to 2025-04-08T00:00:00+00:00, run_after=2025-04-09T00:00:00+00:00
[2025-04-08T02:01:19.867+0000] {processor.py:179} INFO - Processing /opt/airflow/dags/extract_exchange_rates.py took 0.041 seconds
[2025-04-08T02:01:50.066+0000] {processor.py:157} INFO - Started process (PID=1669) to work on /opt/airflow/dags/extract_exchange_rates.py
[2025-04-08T02:01:50.066+0000] {processor.py:829} INFO - Processing file /opt/airflow/dags/extract_exchange_rates.py for tasks to queue
[2025-04-08T02:01:50.067+0000] {logging_mixin.py:151} INFO - [2025-04-08T02:01:50.067+0000] {dagbag.py:536} INFO - Filling up the DagBag from /opt/airflow/dags/extract_exchange_rates.py
[2025-04-08T02:01:50.077+0000] {processor.py:839} INFO - DAG(s) dict_keys(['extract_exchange_rates']) retrieved from /opt/airflow/dags/extract_exchange_rates.py
[2025-04-08T02:01:50.091+0000] {logging_mixin.py:151} INFO - [2025-04-08T02:01:50.091+0000] {dag.py:2941} INFO - Sync 1 DAGs
[2025-04-08T02:01:50.102+0000] {logging_mixin.py:151} INFO - [2025-04-08T02:01:50.101+0000] {dag.py:3722} INFO - Setting next_dagrun for extract_exchange_rates to 2025-04-08T00:00:00+00:00, run_after=2025-04-09T00:00:00+00:00
[2025-04-08T02:01:50.109+0000] {processor.py:179} INFO - Processing /opt/airflow/dags/extract_exchange_rates.py took 0.045 seconds
[2025-04-08T02:02:20.311+0000] {processor.py:157} INFO - Started process (PID=1674) to work on /opt/airflow/dags/extract_exchange_rates.py
[2025-04-08T02:02:20.312+0000] {processor.py:829} INFO - Processing file /opt/airflow/dags/extract_exchange_rates.py for tasks to queue
[2025-04-08T02:02:20.313+0000] {logging_mixin.py:151} INFO - [2025-04-08T02:02:20.312+0000] {dagbag.py:536} INFO - Filling up the DagBag from /opt/airflow/dags/extract_exchange_rates.py
[2025-04-08T02:02:20.322+0000] {processor.py:839} INFO - DAG(s) dict_keys(['extract_exchange_rates']) retrieved from /opt/airflow/dags/extract_exchange_rates.py
[2025-04-08T02:02:20.334+0000] {logging_mixin.py:151} INFO - [2025-04-08T02:02:20.334+0000] {dag.py:2941} INFO - Sync 1 DAGs
[2025-04-08T02:02:20.344+0000] {logging_mixin.py:151} INFO - [2025-04-08T02:02:20.344+0000] {dag.py:3722} INFO - Setting next_dagrun for extract_exchange_rates to 2025-04-08T00:00:00+00:00, run_after=2025-04-09T00:00:00+00:00
[2025-04-08T02:02:20.351+0000] {processor.py:179} INFO - Processing /opt/airflow/dags/extract_exchange_rates.py took 0.042 seconds
[2025-04-08T02:02:50.545+0000] {processor.py:157} INFO - Started process (PID=1679) to work on /opt/airflow/dags/extract_exchange_rates.py
[2025-04-08T02:02:50.546+0000] {processor.py:829} INFO - Processing file /opt/airflow/dags/extract_exchange_rates.py for tasks to queue
[2025-04-08T02:02:50.546+0000] {logging_mixin.py:151} INFO - [2025-04-08T02:02:50.546+0000] {dagbag.py:536} INFO - Filling up the DagBag from /opt/airflow/dags/extract_exchange_rates.py
[2025-04-08T02:02:50.554+0000] {processor.py:839} INFO - DAG(s) dict_keys(['extract_exchange_rates']) retrieved from /opt/airflow/dags/extract_exchange_rates.py
[2025-04-08T02:02:50.567+0000] {logging_mixin.py:151} INFO - [2025-04-08T02:02:50.567+0000] {dag.py:2941} INFO - Sync 1 DAGs
[2025-04-08T02:02:50.576+0000] {logging_mixin.py:151} INFO - [2025-04-08T02:02:50.575+0000] {dag.py:3722} INFO - Setting next_dagrun for extract_exchange_rates to 2025-04-08T00:00:00+00:00, run_after=2025-04-09T00:00:00+00:00
[2025-04-08T02:02:50.582+0000] {processor.py:179} INFO - Processing /opt/airflow/dags/extract_exchange_rates.py took 0.039 seconds
[2025-04-08T02:03:20.782+0000] {processor.py:157} INFO - Started process (PID=1684) to work on /opt/airflow/dags/extract_exchange_rates.py
[2025-04-08T02:03:20.782+0000] {processor.py:829} INFO - Processing file /opt/airflow/dags/extract_exchange_rates.py for tasks to queue
[2025-04-08T02:03:20.783+0000] {logging_mixin.py:151} INFO - [2025-04-08T02:03:20.783+0000] {dagbag.py:536} INFO - Filling up the DagBag from /opt/airflow/dags/extract_exchange_rates.py
[2025-04-08T02:03:20.792+0000] {processor.py:839} INFO - DAG(s) dict_keys(['extract_exchange_rates']) retrieved from /opt/airflow/dags/extract_exchange_rates.py
[2025-04-08T02:03:20.805+0000] {logging_mixin.py:151} INFO - [2025-04-08T02:03:20.805+0000] {dag.py:2941} INFO - Sync 1 DAGs
[2025-04-08T02:03:20.815+0000] {logging_mixin.py:151} INFO - [2025-04-08T02:03:20.815+0000] {dag.py:3722} INFO - Setting next_dagrun for extract_exchange_rates to 2025-04-08T00:00:00+00:00, run_after=2025-04-09T00:00:00+00:00
[2025-04-08T02:03:20.823+0000] {processor.py:179} INFO - Processing /opt/airflow/dags/extract_exchange_rates.py took 0.044 seconds
[2025-04-08T02:03:51.030+0000] {processor.py:157} INFO - Started process (PID=1689) to work on /opt/airflow/dags/extract_exchange_rates.py
[2025-04-08T02:03:51.031+0000] {processor.py:829} INFO - Processing file /opt/airflow/dags/extract_exchange_rates.py for tasks to queue
[2025-04-08T02:03:51.032+0000] {logging_mixin.py:151} INFO - [2025-04-08T02:03:51.032+0000] {dagbag.py:536} INFO - Filling up the DagBag from /opt/airflow/dags/extract_exchange_rates.py
[2025-04-08T02:03:51.040+0000] {processor.py:839} INFO - DAG(s) dict_keys(['extract_exchange_rates']) retrieved from /opt/airflow/dags/extract_exchange_rates.py
[2025-04-08T02:03:51.054+0000] {logging_mixin.py:151} INFO - [2025-04-08T02:03:51.054+0000] {dag.py:2941} INFO - Sync 1 DAGs
[2025-04-08T02:03:51.064+0000] {logging_mixin.py:151} INFO - [2025-04-08T02:03:51.064+0000] {dag.py:3722} INFO - Setting next_dagrun for extract_exchange_rates to 2025-04-08T00:00:00+00:00, run_after=2025-04-09T00:00:00+00:00
[2025-04-08T02:03:51.071+0000] {processor.py:179} INFO - Processing /opt/airflow/dags/extract_exchange_rates.py took 0.043 seconds
[2025-04-08T02:04:21.264+0000] {processor.py:157} INFO - Started process (PID=1694) to work on /opt/airflow/dags/extract_exchange_rates.py
[2025-04-08T02:04:21.265+0000] {processor.py:829} INFO - Processing file /opt/airflow/dags/extract_exchange_rates.py for tasks to queue
[2025-04-08T02:04:21.265+0000] {logging_mixin.py:151} INFO - [2025-04-08T02:04:21.265+0000] {dagbag.py:536} INFO - Filling up the DagBag from /opt/airflow/dags/extract_exchange_rates.py
[2025-04-08T02:04:21.274+0000] {processor.py:839} INFO - DAG(s) dict_keys(['extract_exchange_rates']) retrieved from /opt/airflow/dags/extract_exchange_rates.py
[2025-04-08T02:04:21.287+0000] {logging_mixin.py:151} INFO - [2025-04-08T02:04:21.287+0000] {dag.py:2941} INFO - Sync 1 DAGs
[2025-04-08T02:04:21.297+0000] {logging_mixin.py:151} INFO - [2025-04-08T02:04:21.297+0000] {dag.py:3722} INFO - Setting next_dagrun for extract_exchange_rates to 2025-04-08T00:00:00+00:00, run_after=2025-04-09T00:00:00+00:00
[2025-04-08T02:04:21.303+0000] {processor.py:179} INFO - Processing /opt/airflow/dags/extract_exchange_rates.py took 0.042 seconds
[2025-04-08T02:04:51.507+0000] {processor.py:157} INFO - Started process (PID=1699) to work on /opt/airflow/dags/extract_exchange_rates.py
[2025-04-08T02:04:51.508+0000] {processor.py:829} INFO - Processing file /opt/airflow/dags/extract_exchange_rates.py for tasks to queue
[2025-04-08T02:04:51.508+0000] {logging_mixin.py:151} INFO - [2025-04-08T02:04:51.508+0000] {dagbag.py:536} INFO - Filling up the DagBag from /opt/airflow/dags/extract_exchange_rates.py
[2025-04-08T02:04:51.517+0000] {processor.py:839} INFO - DAG(s) dict_keys(['extract_exchange_rates']) retrieved from /opt/airflow/dags/extract_exchange_rates.py
[2025-04-08T02:04:51.531+0000] {logging_mixin.py:151} INFO - [2025-04-08T02:04:51.531+0000] {dag.py:2941} INFO - Sync 1 DAGs
[2025-04-08T02:04:51.540+0000] {logging_mixin.py:151} INFO - [2025-04-08T02:04:51.540+0000] {dag.py:3722} INFO - Setting next_dagrun for extract_exchange_rates to 2025-04-08T00:00:00+00:00, run_after=2025-04-09T00:00:00+00:00
[2025-04-08T02:04:51.547+0000] {processor.py:179} INFO - Processing /opt/airflow/dags/extract_exchange_rates.py took 0.043 seconds
[2025-04-08T02:05:21.737+0000] {processor.py:157} INFO - Started process (PID=1704) to work on /opt/airflow/dags/extract_exchange_rates.py
[2025-04-08T02:05:21.738+0000] {processor.py:829} INFO - Processing file /opt/airflow/dags/extract_exchange_rates.py for tasks to queue
[2025-04-08T02:05:21.738+0000] {logging_mixin.py:151} INFO - [2025-04-08T02:05:21.738+0000] {dagbag.py:536} INFO - Filling up the DagBag from /opt/airflow/dags/extract_exchange_rates.py
[2025-04-08T02:05:21.747+0000] {processor.py:839} INFO - DAG(s) dict_keys(['extract_exchange_rates']) retrieved from /opt/airflow/dags/extract_exchange_rates.py
[2025-04-08T02:05:21.760+0000] {logging_mixin.py:151} INFO - [2025-04-08T02:05:21.759+0000] {dag.py:2941} INFO - Sync 1 DAGs
[2025-04-08T02:05:21.769+0000] {logging_mixin.py:151} INFO - [2025-04-08T02:05:21.769+0000] {dag.py:3722} INFO - Setting next_dagrun for extract_exchange_rates to 2025-04-08T00:00:00+00:00, run_after=2025-04-09T00:00:00+00:00
[2025-04-08T02:05:21.776+0000] {processor.py:179} INFO - Processing /opt/airflow/dags/extract_exchange_rates.py took 0.040 seconds
[2025-04-08T02:05:51.962+0000] {processor.py:157} INFO - Started process (PID=1709) to work on /opt/airflow/dags/extract_exchange_rates.py
[2025-04-08T02:05:51.963+0000] {processor.py:829} INFO - Processing file /opt/airflow/dags/extract_exchange_rates.py for tasks to queue
[2025-04-08T02:05:51.963+0000] {logging_mixin.py:151} INFO - [2025-04-08T02:05:51.963+0000] {dagbag.py:536} INFO - Filling up the DagBag from /opt/airflow/dags/extract_exchange_rates.py
[2025-04-08T02:05:51.972+0000] {processor.py:839} INFO - DAG(s) dict_keys(['extract_exchange_rates']) retrieved from /opt/airflow/dags/extract_exchange_rates.py
[2025-04-08T02:05:51.985+0000] {logging_mixin.py:151} INFO - [2025-04-08T02:05:51.985+0000] {dag.py:2941} INFO - Sync 1 DAGs
[2025-04-08T02:05:51.995+0000] {logging_mixin.py:151} INFO - [2025-04-08T02:05:51.995+0000] {dag.py:3722} INFO - Setting next_dagrun for extract_exchange_rates to 2025-04-08T00:00:00+00:00, run_after=2025-04-09T00:00:00+00:00
[2025-04-08T02:05:52.002+0000] {processor.py:179} INFO - Processing /opt/airflow/dags/extract_exchange_rates.py took 0.042 seconds
[2025-04-08T02:06:22.213+0000] {processor.py:157} INFO - Started process (PID=1714) to work on /opt/airflow/dags/extract_exchange_rates.py
[2025-04-08T02:06:22.214+0000] {processor.py:829} INFO - Processing file /opt/airflow/dags/extract_exchange_rates.py for tasks to queue
[2025-04-08T02:06:22.214+0000] {logging_mixin.py:151} INFO - [2025-04-08T02:06:22.214+0000] {dagbag.py:536} INFO - Filling up the DagBag from /opt/airflow/dags/extract_exchange_rates.py
[2025-04-08T02:06:22.223+0000] {processor.py:839} INFO - DAG(s) dict_keys(['extract_exchange_rates']) retrieved from /opt/airflow/dags/extract_exchange_rates.py
[2025-04-08T02:06:22.236+0000] {logging_mixin.py:151} INFO - [2025-04-08T02:06:22.236+0000] {dag.py:2941} INFO - Sync 1 DAGs
[2025-04-08T02:06:22.246+0000] {logging_mixin.py:151} INFO - [2025-04-08T02:06:22.246+0000] {dag.py:3722} INFO - Setting next_dagrun for extract_exchange_rates to 2025-04-08T00:00:00+00:00, run_after=2025-04-09T00:00:00+00:00
[2025-04-08T02:06:22.254+0000] {processor.py:179} INFO - Processing /opt/airflow/dags/extract_exchange_rates.py took 0.043 seconds
[2025-04-08T02:06:52.449+0000] {processor.py:157} INFO - Started process (PID=1719) to work on /opt/airflow/dags/extract_exchange_rates.py
[2025-04-08T02:06:52.450+0000] {processor.py:829} INFO - Processing file /opt/airflow/dags/extract_exchange_rates.py for tasks to queue
[2025-04-08T02:06:52.451+0000] {logging_mixin.py:151} INFO - [2025-04-08T02:06:52.450+0000] {dagbag.py:536} INFO - Filling up the DagBag from /opt/airflow/dags/extract_exchange_rates.py
[2025-04-08T02:06:52.462+0000] {processor.py:839} INFO - DAG(s) dict_keys(['extract_exchange_rates']) retrieved from /opt/airflow/dags/extract_exchange_rates.py
[2025-04-08T02:06:52.478+0000] {logging_mixin.py:151} INFO - [2025-04-08T02:06:52.478+0000] {dag.py:2941} INFO - Sync 1 DAGs
[2025-04-08T02:06:52.489+0000] {logging_mixin.py:151} INFO - [2025-04-08T02:06:52.489+0000] {dag.py:3722} INFO - Setting next_dagrun for extract_exchange_rates to 2025-04-08T00:00:00+00:00, run_after=2025-04-09T00:00:00+00:00
[2025-04-08T02:06:52.496+0000] {processor.py:179} INFO - Processing /opt/airflow/dags/extract_exchange_rates.py took 0.050 seconds
[2025-04-08T02:07:22.675+0000] {processor.py:157} INFO - Started process (PID=1724) to work on /opt/airflow/dags/extract_exchange_rates.py
[2025-04-08T02:07:22.676+0000] {processor.py:829} INFO - Processing file /opt/airflow/dags/extract_exchange_rates.py for tasks to queue
[2025-04-08T02:07:22.676+0000] {logging_mixin.py:151} INFO - [2025-04-08T02:07:22.676+0000] {dagbag.py:536} INFO - Filling up the DagBag from /opt/airflow/dags/extract_exchange_rates.py
[2025-04-08T02:07:22.685+0000] {processor.py:839} INFO - DAG(s) dict_keys(['extract_exchange_rates']) retrieved from /opt/airflow/dags/extract_exchange_rates.py
[2025-04-08T02:07:22.698+0000] {logging_mixin.py:151} INFO - [2025-04-08T02:07:22.698+0000] {dag.py:2941} INFO - Sync 1 DAGs
[2025-04-08T02:07:22.708+0000] {logging_mixin.py:151} INFO - [2025-04-08T02:07:22.708+0000] {dag.py:3722} INFO - Setting next_dagrun for extract_exchange_rates to 2025-04-08T00:00:00+00:00, run_after=2025-04-09T00:00:00+00:00
[2025-04-08T02:07:22.715+0000] {processor.py:179} INFO - Processing /opt/airflow/dags/extract_exchange_rates.py took 0.042 seconds
[2025-04-08T02:07:52.925+0000] {processor.py:157} INFO - Started process (PID=1729) to work on /opt/airflow/dags/extract_exchange_rates.py
[2025-04-08T02:07:52.926+0000] {processor.py:829} INFO - Processing file /opt/airflow/dags/extract_exchange_rates.py for tasks to queue
[2025-04-08T02:07:52.926+0000] {logging_mixin.py:151} INFO - [2025-04-08T02:07:52.926+0000] {dagbag.py:536} INFO - Filling up the DagBag from /opt/airflow/dags/extract_exchange_rates.py
[2025-04-08T02:07:52.936+0000] {processor.py:839} INFO - DAG(s) dict_keys(['extract_exchange_rates']) retrieved from /opt/airflow/dags/extract_exchange_rates.py
[2025-04-08T02:07:52.950+0000] {logging_mixin.py:151} INFO - [2025-04-08T02:07:52.950+0000] {dag.py:2941} INFO - Sync 1 DAGs
[2025-04-08T02:07:52.960+0000] {logging_mixin.py:151} INFO - [2025-04-08T02:07:52.960+0000] {dag.py:3722} INFO - Setting next_dagrun for extract_exchange_rates to 2025-04-08T00:00:00+00:00, run_after=2025-04-09T00:00:00+00:00
[2025-04-08T02:07:52.967+0000] {processor.py:179} INFO - Processing /opt/airflow/dags/extract_exchange_rates.py took 0.044 seconds
[2025-04-08T02:08:23.165+0000] {processor.py:157} INFO - Started process (PID=1734) to work on /opt/airflow/dags/extract_exchange_rates.py
[2025-04-08T02:08:23.165+0000] {processor.py:829} INFO - Processing file /opt/airflow/dags/extract_exchange_rates.py for tasks to queue
[2025-04-08T02:08:23.166+0000] {logging_mixin.py:151} INFO - [2025-04-08T02:08:23.166+0000] {dagbag.py:536} INFO - Filling up the DagBag from /opt/airflow/dags/extract_exchange_rates.py
[2025-04-08T02:08:23.176+0000] {processor.py:839} INFO - DAG(s) dict_keys(['extract_exchange_rates']) retrieved from /opt/airflow/dags/extract_exchange_rates.py
[2025-04-08T02:08:23.190+0000] {logging_mixin.py:151} INFO - [2025-04-08T02:08:23.189+0000] {dag.py:2941} INFO - Sync 1 DAGs
[2025-04-08T02:08:23.199+0000] {logging_mixin.py:151} INFO - [2025-04-08T02:08:23.199+0000] {dag.py:3722} INFO - Setting next_dagrun for extract_exchange_rates to 2025-04-08T00:00:00+00:00, run_after=2025-04-09T00:00:00+00:00
[2025-04-08T02:08:23.206+0000] {processor.py:179} INFO - Processing /opt/airflow/dags/extract_exchange_rates.py took 0.043 seconds
[2025-04-08T02:08:53.411+0000] {processor.py:157} INFO - Started process (PID=1739) to work on /opt/airflow/dags/extract_exchange_rates.py
[2025-04-08T02:08:53.411+0000] {processor.py:829} INFO - Processing file /opt/airflow/dags/extract_exchange_rates.py for tasks to queue
[2025-04-08T02:08:53.412+0000] {logging_mixin.py:151} INFO - [2025-04-08T02:08:53.412+0000] {dagbag.py:536} INFO - Filling up the DagBag from /opt/airflow/dags/extract_exchange_rates.py
[2025-04-08T02:08:53.421+0000] {processor.py:839} INFO - DAG(s) dict_keys(['extract_exchange_rates']) retrieved from /opt/airflow/dags/extract_exchange_rates.py
[2025-04-08T02:08:53.435+0000] {logging_mixin.py:151} INFO - [2025-04-08T02:08:53.435+0000] {dag.py:2941} INFO - Sync 1 DAGs
[2025-04-08T02:08:53.445+0000] {logging_mixin.py:151} INFO - [2025-04-08T02:08:53.445+0000] {dag.py:3722} INFO - Setting next_dagrun for extract_exchange_rates to 2025-04-08T00:00:00+00:00, run_after=2025-04-09T00:00:00+00:00
[2025-04-08T02:08:53.451+0000] {processor.py:179} INFO - Processing /opt/airflow/dags/extract_exchange_rates.py took 0.043 seconds
[2025-04-08T12:06:56.544+0000] {processor.py:157} INFO - Started process (PID=174) to work on /opt/airflow/dags/extract_exchange_rates.py
[2025-04-08T12:06:56.546+0000] {processor.py:829} INFO - Processing file /opt/airflow/dags/extract_exchange_rates.py for tasks to queue
[2025-04-08T12:06:56.547+0000] {logging_mixin.py:151} INFO - [2025-04-08T12:06:56.547+0000] {dagbag.py:536} INFO - Filling up the DagBag from /opt/airflow/dags/extract_exchange_rates.py
[2025-04-08T12:06:56.553+0000] {processor.py:839} INFO - DAG(s) dict_keys(['extract_exchange_rates']) retrieved from /opt/airflow/dags/extract_exchange_rates.py
[2025-04-08T12:06:56.564+0000] {logging_mixin.py:151} INFO - [2025-04-08T12:06:56.564+0000] {dag.py:2941} INFO - Sync 1 DAGs
[2025-04-08T12:06:56.574+0000] {logging_mixin.py:151} INFO - [2025-04-08T12:06:56.574+0000] {dag.py:3722} INFO - Setting next_dagrun for extract_exchange_rates to 2025-04-08T00:00:00+00:00, run_after=2025-04-09T00:00:00+00:00
[2025-04-08T12:06:56.581+0000] {processor.py:179} INFO - Processing /opt/airflow/dags/extract_exchange_rates.py took 0.038 seconds
[2025-04-08T12:07:26.832+0000] {processor.py:157} INFO - Started process (PID=203) to work on /opt/airflow/dags/extract_exchange_rates.py
[2025-04-08T12:07:26.833+0000] {processor.py:829} INFO - Processing file /opt/airflow/dags/extract_exchange_rates.py for tasks to queue
[2025-04-08T12:07:26.834+0000] {logging_mixin.py:151} INFO - [2025-04-08T12:07:26.834+0000] {dagbag.py:536} INFO - Filling up the DagBag from /opt/airflow/dags/extract_exchange_rates.py
[2025-04-08T12:07:26.845+0000] {processor.py:839} INFO - DAG(s) dict_keys(['extract_exchange_rates']) retrieved from /opt/airflow/dags/extract_exchange_rates.py
[2025-04-08T12:07:26.861+0000] {logging_mixin.py:151} INFO - [2025-04-08T12:07:26.861+0000] {dag.py:2941} INFO - Sync 1 DAGs
[2025-04-08T12:07:26.873+0000] {logging_mixin.py:151} INFO - [2025-04-08T12:07:26.873+0000] {dag.py:3722} INFO - Setting next_dagrun for extract_exchange_rates to 2025-04-08T00:00:00+00:00, run_after=2025-04-09T00:00:00+00:00
[2025-04-08T12:07:26.881+0000] {processor.py:179} INFO - Processing /opt/airflow/dags/extract_exchange_rates.py took 0.051 seconds
[2025-04-08T12:07:57.078+0000] {processor.py:157} INFO - Started process (PID=208) to work on /opt/airflow/dags/extract_exchange_rates.py
[2025-04-08T12:07:57.080+0000] {processor.py:829} INFO - Processing file /opt/airflow/dags/extract_exchange_rates.py for tasks to queue
[2025-04-08T12:07:57.081+0000] {logging_mixin.py:151} INFO - [2025-04-08T12:07:57.081+0000] {dagbag.py:536} INFO - Filling up the DagBag from /opt/airflow/dags/extract_exchange_rates.py
[2025-04-08T12:07:57.091+0000] {processor.py:839} INFO - DAG(s) dict_keys(['extract_exchange_rates']) retrieved from /opt/airflow/dags/extract_exchange_rates.py
[2025-04-08T12:07:57.105+0000] {logging_mixin.py:151} INFO - [2025-04-08T12:07:57.105+0000] {dag.py:2941} INFO - Sync 1 DAGs
[2025-04-08T12:07:57.115+0000] {logging_mixin.py:151} INFO - [2025-04-08T12:07:57.115+0000] {dag.py:3722} INFO - Setting next_dagrun for extract_exchange_rates to 2025-04-08T00:00:00+00:00, run_after=2025-04-09T00:00:00+00:00
[2025-04-08T12:07:57.121+0000] {processor.py:179} INFO - Processing /opt/airflow/dags/extract_exchange_rates.py took 0.047 seconds
[2025-04-08T17:39:34.165+0000] {processor.py:157} INFO - Started process (PID=175) to work on /opt/airflow/dags/extract_exchange_rates.py
[2025-04-08T17:39:34.167+0000] {processor.py:829} INFO - Processing file /opt/airflow/dags/extract_exchange_rates.py for tasks to queue
[2025-04-08T17:39:34.167+0000] {logging_mixin.py:151} INFO - [2025-04-08T17:39:34.167+0000] {dagbag.py:536} INFO - Filling up the DagBag from /opt/airflow/dags/extract_exchange_rates.py
[2025-04-08T17:39:34.176+0000] {processor.py:839} INFO - DAG(s) dict_keys(['extract_exchange_rates']) retrieved from /opt/airflow/dags/extract_exchange_rates.py
[2025-04-08T17:39:34.186+0000] {logging_mixin.py:151} INFO - [2025-04-08T17:39:34.186+0000] {dag.py:2941} INFO - Sync 1 DAGs
[2025-04-08T17:39:34.198+0000] {logging_mixin.py:151} INFO - [2025-04-08T17:39:34.197+0000] {dag.py:3722} INFO - Setting next_dagrun for extract_exchange_rates to 2025-04-08T00:00:00+00:00, run_after=2025-04-09T00:00:00+00:00
[2025-04-08T17:39:34.205+0000] {processor.py:179} INFO - Processing /opt/airflow/dags/extract_exchange_rates.py took 0.042 seconds
[2025-04-08T17:40:04.469+0000] {processor.py:157} INFO - Started process (PID=204) to work on /opt/airflow/dags/extract_exchange_rates.py
[2025-04-08T17:40:04.470+0000] {processor.py:829} INFO - Processing file /opt/airflow/dags/extract_exchange_rates.py for tasks to queue
[2025-04-08T17:40:04.470+0000] {logging_mixin.py:151} INFO - [2025-04-08T17:40:04.470+0000] {dagbag.py:536} INFO - Filling up the DagBag from /opt/airflow/dags/extract_exchange_rates.py
[2025-04-08T17:40:04.482+0000] {processor.py:839} INFO - DAG(s) dict_keys(['extract_exchange_rates']) retrieved from /opt/airflow/dags/extract_exchange_rates.py
[2025-04-08T17:40:04.497+0000] {logging_mixin.py:151} INFO - [2025-04-08T17:40:04.497+0000] {dag.py:2941} INFO - Sync 1 DAGs
[2025-04-08T17:40:04.508+0000] {logging_mixin.py:151} INFO - [2025-04-08T17:40:04.508+0000] {dag.py:3722} INFO - Setting next_dagrun for extract_exchange_rates to 2025-04-08T00:00:00+00:00, run_after=2025-04-09T00:00:00+00:00
[2025-04-08T17:40:04.515+0000] {processor.py:179} INFO - Processing /opt/airflow/dags/extract_exchange_rates.py took 0.049 seconds
[2025-04-08T17:40:34.787+0000] {processor.py:157} INFO - Started process (PID=209) to work on /opt/airflow/dags/extract_exchange_rates.py
[2025-04-08T17:40:34.788+0000] {processor.py:829} INFO - Processing file /opt/airflow/dags/extract_exchange_rates.py for tasks to queue
[2025-04-08T17:40:34.788+0000] {logging_mixin.py:151} INFO - [2025-04-08T17:40:34.788+0000] {dagbag.py:536} INFO - Filling up the DagBag from /opt/airflow/dags/extract_exchange_rates.py
[2025-04-08T17:40:34.801+0000] {processor.py:839} INFO - DAG(s) dict_keys(['extract_exchange_rates']) retrieved from /opt/airflow/dags/extract_exchange_rates.py
[2025-04-08T17:40:34.815+0000] {logging_mixin.py:151} INFO - [2025-04-08T17:40:34.815+0000] {dag.py:2941} INFO - Sync 1 DAGs
[2025-04-08T17:40:34.825+0000] {logging_mixin.py:151} INFO - [2025-04-08T17:40:34.825+0000] {dag.py:3722} INFO - Setting next_dagrun for extract_exchange_rates to 2025-04-08T00:00:00+00:00, run_after=2025-04-09T00:00:00+00:00
[2025-04-08T17:40:34.833+0000] {processor.py:179} INFO - Processing /opt/airflow/dags/extract_exchange_rates.py took 0.048 seconds
[2025-04-08T17:41:05.167+0000] {processor.py:157} INFO - Started process (PID=214) to work on /opt/airflow/dags/extract_exchange_rates.py
[2025-04-08T17:41:05.168+0000] {processor.py:829} INFO - Processing file /opt/airflow/dags/extract_exchange_rates.py for tasks to queue
[2025-04-08T17:41:05.168+0000] {logging_mixin.py:151} INFO - [2025-04-08T17:41:05.168+0000] {dagbag.py:536} INFO - Filling up the DagBag from /opt/airflow/dags/extract_exchange_rates.py
[2025-04-08T17:41:05.179+0000] {processor.py:839} INFO - DAG(s) dict_keys(['extract_exchange_rates']) retrieved from /opt/airflow/dags/extract_exchange_rates.py
[2025-04-08T17:41:05.193+0000] {logging_mixin.py:151} INFO - [2025-04-08T17:41:05.193+0000] {dag.py:2941} INFO - Sync 1 DAGs
[2025-04-08T17:41:05.202+0000] {logging_mixin.py:151} INFO - [2025-04-08T17:41:05.202+0000] {dag.py:3722} INFO - Setting next_dagrun for extract_exchange_rates to 2025-04-08T00:00:00+00:00, run_after=2025-04-09T00:00:00+00:00
[2025-04-08T17:41:05.209+0000] {processor.py:179} INFO - Processing /opt/airflow/dags/extract_exchange_rates.py took 0.045 seconds
[2025-04-08T17:41:35.534+0000] {processor.py:157} INFO - Started process (PID=219) to work on /opt/airflow/dags/extract_exchange_rates.py
[2025-04-08T17:41:35.534+0000] {processor.py:829} INFO - Processing file /opt/airflow/dags/extract_exchange_rates.py for tasks to queue
[2025-04-08T17:41:35.535+0000] {logging_mixin.py:151} INFO - [2025-04-08T17:41:35.535+0000] {dagbag.py:536} INFO - Filling up the DagBag from /opt/airflow/dags/extract_exchange_rates.py
[2025-04-08T17:41:35.546+0000] {processor.py:839} INFO - DAG(s) dict_keys(['extract_exchange_rates']) retrieved from /opt/airflow/dags/extract_exchange_rates.py
[2025-04-08T17:41:35.563+0000] {logging_mixin.py:151} INFO - [2025-04-08T17:41:35.563+0000] {dag.py:2941} INFO - Sync 1 DAGs
[2025-04-08T17:41:35.572+0000] {logging_mixin.py:151} INFO - [2025-04-08T17:41:35.572+0000] {dag.py:3722} INFO - Setting next_dagrun for extract_exchange_rates to 2025-04-08T00:00:00+00:00, run_after=2025-04-09T00:00:00+00:00
[2025-04-08T17:41:35.579+0000] {processor.py:179} INFO - Processing /opt/airflow/dags/extract_exchange_rates.py took 0.048 seconds
[2025-04-08T17:42:05.900+0000] {processor.py:157} INFO - Started process (PID=224) to work on /opt/airflow/dags/extract_exchange_rates.py
[2025-04-08T17:42:05.901+0000] {processor.py:829} INFO - Processing file /opt/airflow/dags/extract_exchange_rates.py for tasks to queue
[2025-04-08T17:42:05.902+0000] {logging_mixin.py:151} INFO - [2025-04-08T17:42:05.901+0000] {dagbag.py:536} INFO - Filling up the DagBag from /opt/airflow/dags/extract_exchange_rates.py
[2025-04-08T17:42:05.912+0000] {processor.py:839} INFO - DAG(s) dict_keys(['extract_exchange_rates']) retrieved from /opt/airflow/dags/extract_exchange_rates.py
[2025-04-08T17:42:05.927+0000] {logging_mixin.py:151} INFO - [2025-04-08T17:42:05.927+0000] {dag.py:2941} INFO - Sync 1 DAGs
[2025-04-08T17:42:05.937+0000] {logging_mixin.py:151} INFO - [2025-04-08T17:42:05.937+0000] {dag.py:3722} INFO - Setting next_dagrun for extract_exchange_rates to 2025-04-08T00:00:00+00:00, run_after=2025-04-09T00:00:00+00:00
[2025-04-08T17:42:05.944+0000] {processor.py:179} INFO - Processing /opt/airflow/dags/extract_exchange_rates.py took 0.046 seconds
[2025-04-08T17:42:36.269+0000] {processor.py:157} INFO - Started process (PID=229) to work on /opt/airflow/dags/extract_exchange_rates.py
[2025-04-08T17:42:36.270+0000] {processor.py:829} INFO - Processing file /opt/airflow/dags/extract_exchange_rates.py for tasks to queue
[2025-04-08T17:42:36.271+0000] {logging_mixin.py:151} INFO - [2025-04-08T17:42:36.271+0000] {dagbag.py:536} INFO - Filling up the DagBag from /opt/airflow/dags/extract_exchange_rates.py
[2025-04-08T17:42:36.281+0000] {processor.py:839} INFO - DAG(s) dict_keys(['extract_exchange_rates']) retrieved from /opt/airflow/dags/extract_exchange_rates.py
[2025-04-08T17:42:36.297+0000] {logging_mixin.py:151} INFO - [2025-04-08T17:42:36.297+0000] {dag.py:2941} INFO - Sync 1 DAGs
[2025-04-08T17:42:36.307+0000] {logging_mixin.py:151} INFO - [2025-04-08T17:42:36.307+0000] {dag.py:3722} INFO - Setting next_dagrun for extract_exchange_rates to 2025-04-08T00:00:00+00:00, run_after=2025-04-09T00:00:00+00:00
[2025-04-08T17:42:36.314+0000] {processor.py:179} INFO - Processing /opt/airflow/dags/extract_exchange_rates.py took 0.047 seconds
[2025-04-08T17:43:06.608+0000] {processor.py:157} INFO - Started process (PID=234) to work on /opt/airflow/dags/extract_exchange_rates.py
[2025-04-08T17:43:06.609+0000] {processor.py:829} INFO - Processing file /opt/airflow/dags/extract_exchange_rates.py for tasks to queue
[2025-04-08T17:43:06.610+0000] {logging_mixin.py:151} INFO - [2025-04-08T17:43:06.609+0000] {dagbag.py:536} INFO - Filling up the DagBag from /opt/airflow/dags/extract_exchange_rates.py
[2025-04-08T17:43:06.620+0000] {processor.py:839} INFO - DAG(s) dict_keys(['extract_exchange_rates']) retrieved from /opt/airflow/dags/extract_exchange_rates.py
[2025-04-08T17:43:06.636+0000] {logging_mixin.py:151} INFO - [2025-04-08T17:43:06.635+0000] {dag.py:2941} INFO - Sync 1 DAGs
[2025-04-08T17:43:06.645+0000] {logging_mixin.py:151} INFO - [2025-04-08T17:43:06.645+0000] {dag.py:3722} INFO - Setting next_dagrun for extract_exchange_rates to 2025-04-08T00:00:00+00:00, run_after=2025-04-09T00:00:00+00:00
[2025-04-08T17:43:06.652+0000] {processor.py:179} INFO - Processing /opt/airflow/dags/extract_exchange_rates.py took 0.047 seconds
[2025-04-08T17:43:36.884+0000] {processor.py:157} INFO - Started process (PID=239) to work on /opt/airflow/dags/extract_exchange_rates.py
[2025-04-08T17:43:36.885+0000] {processor.py:829} INFO - Processing file /opt/airflow/dags/extract_exchange_rates.py for tasks to queue
[2025-04-08T17:43:36.885+0000] {logging_mixin.py:151} INFO - [2025-04-08T17:43:36.885+0000] {dagbag.py:536} INFO - Filling up the DagBag from /opt/airflow/dags/extract_exchange_rates.py
[2025-04-08T17:43:36.897+0000] {processor.py:839} INFO - DAG(s) dict_keys(['extract_exchange_rates']) retrieved from /opt/airflow/dags/extract_exchange_rates.py
[2025-04-08T17:43:36.914+0000] {logging_mixin.py:151} INFO - [2025-04-08T17:43:36.914+0000] {dag.py:2941} INFO - Sync 1 DAGs
[2025-04-08T17:43:36.924+0000] {logging_mixin.py:151} INFO - [2025-04-08T17:43:36.923+0000] {dag.py:3722} INFO - Setting next_dagrun for extract_exchange_rates to 2025-04-08T00:00:00+00:00, run_after=2025-04-09T00:00:00+00:00
[2025-04-08T17:43:36.930+0000] {processor.py:179} INFO - Processing /opt/airflow/dags/extract_exchange_rates.py took 0.049 seconds
[2025-04-08T17:44:07.280+0000] {processor.py:157} INFO - Started process (PID=244) to work on /opt/airflow/dags/extract_exchange_rates.py
[2025-04-08T17:44:07.280+0000] {processor.py:829} INFO - Processing file /opt/airflow/dags/extract_exchange_rates.py for tasks to queue
[2025-04-08T17:44:07.281+0000] {logging_mixin.py:151} INFO - [2025-04-08T17:44:07.281+0000] {dagbag.py:536} INFO - Filling up the DagBag from /opt/airflow/dags/extract_exchange_rates.py
[2025-04-08T17:44:07.292+0000] {processor.py:839} INFO - DAG(s) dict_keys(['extract_exchange_rates']) retrieved from /opt/airflow/dags/extract_exchange_rates.py
[2025-04-08T17:44:07.307+0000] {logging_mixin.py:151} INFO - [2025-04-08T17:44:07.307+0000] {dag.py:2941} INFO - Sync 1 DAGs
[2025-04-08T17:44:07.316+0000] {logging_mixin.py:151} INFO - [2025-04-08T17:44:07.316+0000] {dag.py:3722} INFO - Setting next_dagrun for extract_exchange_rates to 2025-04-08T00:00:00+00:00, run_after=2025-04-09T00:00:00+00:00
[2025-04-08T17:44:07.323+0000] {processor.py:179} INFO - Processing /opt/airflow/dags/extract_exchange_rates.py took 0.047 seconds
[2025-04-08T17:44:37.671+0000] {processor.py:157} INFO - Started process (PID=249) to work on /opt/airflow/dags/extract_exchange_rates.py
[2025-04-08T17:44:37.672+0000] {processor.py:829} INFO - Processing file /opt/airflow/dags/extract_exchange_rates.py for tasks to queue
[2025-04-08T17:44:37.672+0000] {logging_mixin.py:151} INFO - [2025-04-08T17:44:37.672+0000] {dagbag.py:536} INFO - Filling up the DagBag from /opt/airflow/dags/extract_exchange_rates.py
[2025-04-08T17:44:37.685+0000] {processor.py:839} INFO - DAG(s) dict_keys(['extract_exchange_rates']) retrieved from /opt/airflow/dags/extract_exchange_rates.py
[2025-04-08T17:44:37.697+0000] {logging_mixin.py:151} INFO - [2025-04-08T17:44:37.697+0000] {dag.py:2941} INFO - Sync 1 DAGs
[2025-04-08T17:44:37.707+0000] {logging_mixin.py:151} INFO - [2025-04-08T17:44:37.707+0000] {dag.py:3722} INFO - Setting next_dagrun for extract_exchange_rates to 2025-04-08T00:00:00+00:00, run_after=2025-04-09T00:00:00+00:00
[2025-04-08T17:44:37.714+0000] {processor.py:179} INFO - Processing /opt/airflow/dags/extract_exchange_rates.py took 0.046 seconds
[2025-04-08T17:45:07.982+0000] {processor.py:157} INFO - Started process (PID=254) to work on /opt/airflow/dags/extract_exchange_rates.py
[2025-04-08T17:45:07.983+0000] {processor.py:829} INFO - Processing file /opt/airflow/dags/extract_exchange_rates.py for tasks to queue
[2025-04-08T17:45:07.983+0000] {logging_mixin.py:151} INFO - [2025-04-08T17:45:07.983+0000] {dagbag.py:536} INFO - Filling up the DagBag from /opt/airflow/dags/extract_exchange_rates.py
[2025-04-08T17:45:07.994+0000] {processor.py:839} INFO - DAG(s) dict_keys(['extract_exchange_rates']) retrieved from /opt/airflow/dags/extract_exchange_rates.py
[2025-04-08T17:45:08.006+0000] {logging_mixin.py:151} INFO - [2025-04-08T17:45:08.006+0000] {dag.py:2941} INFO - Sync 1 DAGs
[2025-04-08T17:45:08.017+0000] {logging_mixin.py:151} INFO - [2025-04-08T17:45:08.017+0000] {dag.py:3722} INFO - Setting next_dagrun for extract_exchange_rates to 2025-04-08T00:00:00+00:00, run_after=2025-04-09T00:00:00+00:00
[2025-04-08T17:45:08.023+0000] {processor.py:179} INFO - Processing /opt/airflow/dags/extract_exchange_rates.py took 0.044 seconds
[2025-04-08T17:45:38.294+0000] {processor.py:157} INFO - Started process (PID=259) to work on /opt/airflow/dags/extract_exchange_rates.py
[2025-04-08T17:45:38.295+0000] {processor.py:829} INFO - Processing file /opt/airflow/dags/extract_exchange_rates.py for tasks to queue
[2025-04-08T17:45:38.296+0000] {logging_mixin.py:151} INFO - [2025-04-08T17:45:38.296+0000] {dagbag.py:536} INFO - Filling up the DagBag from /opt/airflow/dags/extract_exchange_rates.py
[2025-04-08T17:45:38.307+0000] {processor.py:839} INFO - DAG(s) dict_keys(['extract_exchange_rates']) retrieved from /opt/airflow/dags/extract_exchange_rates.py
[2025-04-08T17:45:38.320+0000] {logging_mixin.py:151} INFO - [2025-04-08T17:45:38.320+0000] {dag.py:2941} INFO - Sync 1 DAGs
[2025-04-08T17:45:38.330+0000] {logging_mixin.py:151} INFO - [2025-04-08T17:45:38.330+0000] {dag.py:3722} INFO - Setting next_dagrun for extract_exchange_rates to 2025-04-08T00:00:00+00:00, run_after=2025-04-09T00:00:00+00:00
[2025-04-08T17:45:38.336+0000] {processor.py:179} INFO - Processing /opt/airflow/dags/extract_exchange_rates.py took 0.044 seconds
[2025-04-08T17:46:08.600+0000] {processor.py:157} INFO - Started process (PID=264) to work on /opt/airflow/dags/extract_exchange_rates.py
[2025-04-08T17:46:08.600+0000] {processor.py:829} INFO - Processing file /opt/airflow/dags/extract_exchange_rates.py for tasks to queue
[2025-04-08T17:46:08.601+0000] {logging_mixin.py:151} INFO - [2025-04-08T17:46:08.601+0000] {dagbag.py:536} INFO - Filling up the DagBag from /opt/airflow/dags/extract_exchange_rates.py
[2025-04-08T17:46:08.612+0000] {processor.py:839} INFO - DAG(s) dict_keys(['extract_exchange_rates']) retrieved from /opt/airflow/dags/extract_exchange_rates.py
[2025-04-08T17:46:08.626+0000] {logging_mixin.py:151} INFO - [2025-04-08T17:46:08.626+0000] {dag.py:2941} INFO - Sync 1 DAGs
[2025-04-08T17:46:08.638+0000] {logging_mixin.py:151} INFO - [2025-04-08T17:46:08.638+0000] {dag.py:3722} INFO - Setting next_dagrun for extract_exchange_rates to 2025-04-08T00:00:00+00:00, run_after=2025-04-09T00:00:00+00:00
[2025-04-08T17:46:08.644+0000] {processor.py:179} INFO - Processing /opt/airflow/dags/extract_exchange_rates.py took 0.047 seconds
[2025-04-08T17:46:38.889+0000] {processor.py:157} INFO - Started process (PID=269) to work on /opt/airflow/dags/extract_exchange_rates.py
[2025-04-08T17:46:38.889+0000] {processor.py:829} INFO - Processing file /opt/airflow/dags/extract_exchange_rates.py for tasks to queue
[2025-04-08T17:46:38.890+0000] {logging_mixin.py:151} INFO - [2025-04-08T17:46:38.890+0000] {dagbag.py:536} INFO - Filling up the DagBag from /opt/airflow/dags/extract_exchange_rates.py
[2025-04-08T17:46:38.898+0000] {processor.py:839} INFO - DAG(s) dict_keys(['extract_exchange_rates']) retrieved from /opt/airflow/dags/extract_exchange_rates.py
[2025-04-08T17:46:38.910+0000] {logging_mixin.py:151} INFO - [2025-04-08T17:46:38.910+0000] {dag.py:2941} INFO - Sync 1 DAGs
[2025-04-08T17:46:38.919+0000] {logging_mixin.py:151} INFO - [2025-04-08T17:46:38.919+0000] {dag.py:3722} INFO - Setting next_dagrun for extract_exchange_rates to 2025-04-08T00:00:00+00:00, run_after=2025-04-09T00:00:00+00:00
[2025-04-08T17:46:38.925+0000] {processor.py:179} INFO - Processing /opt/airflow/dags/extract_exchange_rates.py took 0.037 seconds
[2025-04-08T17:47:09.206+0000] {processor.py:157} INFO - Started process (PID=274) to work on /opt/airflow/dags/extract_exchange_rates.py
[2025-04-08T17:47:09.207+0000] {processor.py:829} INFO - Processing file /opt/airflow/dags/extract_exchange_rates.py for tasks to queue
[2025-04-08T17:47:09.207+0000] {logging_mixin.py:151} INFO - [2025-04-08T17:47:09.207+0000] {dagbag.py:536} INFO - Filling up the DagBag from /opt/airflow/dags/extract_exchange_rates.py
[2025-04-08T17:47:09.217+0000] {processor.py:839} INFO - DAG(s) dict_keys(['extract_exchange_rates']) retrieved from /opt/airflow/dags/extract_exchange_rates.py
[2025-04-08T17:47:09.229+0000] {logging_mixin.py:151} INFO - [2025-04-08T17:47:09.229+0000] {dag.py:2941} INFO - Sync 1 DAGs
[2025-04-08T17:47:09.238+0000] {logging_mixin.py:151} INFO - [2025-04-08T17:47:09.238+0000] {dag.py:3722} INFO - Setting next_dagrun for extract_exchange_rates to 2025-04-08T00:00:00+00:00, run_after=2025-04-09T00:00:00+00:00
[2025-04-08T17:47:09.244+0000] {processor.py:179} INFO - Processing /opt/airflow/dags/extract_exchange_rates.py took 0.040 seconds
[2025-04-08T17:47:39.544+0000] {processor.py:157} INFO - Started process (PID=279) to work on /opt/airflow/dags/extract_exchange_rates.py
[2025-04-08T17:47:39.545+0000] {processor.py:829} INFO - Processing file /opt/airflow/dags/extract_exchange_rates.py for tasks to queue
[2025-04-08T17:47:39.545+0000] {logging_mixin.py:151} INFO - [2025-04-08T17:47:39.545+0000] {dagbag.py:536} INFO - Filling up the DagBag from /opt/airflow/dags/extract_exchange_rates.py
[2025-04-08T17:47:39.556+0000] {processor.py:839} INFO - DAG(s) dict_keys(['extract_exchange_rates']) retrieved from /opt/airflow/dags/extract_exchange_rates.py
[2025-04-08T17:47:39.571+0000] {logging_mixin.py:151} INFO - [2025-04-08T17:47:39.571+0000] {dag.py:2941} INFO - Sync 1 DAGs
[2025-04-08T17:47:39.581+0000] {logging_mixin.py:151} INFO - [2025-04-08T17:47:39.581+0000] {dag.py:3722} INFO - Setting next_dagrun for extract_exchange_rates to 2025-04-08T00:00:00+00:00, run_after=2025-04-09T00:00:00+00:00
[2025-04-08T17:47:39.588+0000] {processor.py:179} INFO - Processing /opt/airflow/dags/extract_exchange_rates.py took 0.046 seconds
[2025-04-08T17:48:09.893+0000] {processor.py:157} INFO - Started process (PID=284) to work on /opt/airflow/dags/extract_exchange_rates.py
[2025-04-08T17:48:09.894+0000] {processor.py:829} INFO - Processing file /opt/airflow/dags/extract_exchange_rates.py for tasks to queue
[2025-04-08T17:48:09.895+0000] {logging_mixin.py:151} INFO - [2025-04-08T17:48:09.894+0000] {dagbag.py:536} INFO - Filling up the DagBag from /opt/airflow/dags/extract_exchange_rates.py
[2025-04-08T17:48:09.903+0000] {processor.py:839} INFO - DAG(s) dict_keys(['extract_exchange_rates']) retrieved from /opt/airflow/dags/extract_exchange_rates.py
[2025-04-08T17:48:09.915+0000] {logging_mixin.py:151} INFO - [2025-04-08T17:48:09.915+0000] {dag.py:2941} INFO - Sync 1 DAGs
[2025-04-08T17:48:09.925+0000] {logging_mixin.py:151} INFO - [2025-04-08T17:48:09.925+0000] {dag.py:3722} INFO - Setting next_dagrun for extract_exchange_rates to 2025-04-08T00:00:00+00:00, run_after=2025-04-09T00:00:00+00:00
[2025-04-08T17:48:09.932+0000] {processor.py:179} INFO - Processing /opt/airflow/dags/extract_exchange_rates.py took 0.040 seconds
[2025-04-08T17:48:40.261+0000] {processor.py:157} INFO - Started process (PID=289) to work on /opt/airflow/dags/extract_exchange_rates.py
[2025-04-08T17:48:40.262+0000] {processor.py:829} INFO - Processing file /opt/airflow/dags/extract_exchange_rates.py for tasks to queue
[2025-04-08T17:48:40.263+0000] {logging_mixin.py:151} INFO - [2025-04-08T17:48:40.263+0000] {dagbag.py:536} INFO - Filling up the DagBag from /opt/airflow/dags/extract_exchange_rates.py
[2025-04-08T17:48:40.274+0000] {processor.py:839} INFO - DAG(s) dict_keys(['extract_exchange_rates']) retrieved from /opt/airflow/dags/extract_exchange_rates.py
[2025-04-08T17:48:40.289+0000] {logging_mixin.py:151} INFO - [2025-04-08T17:48:40.289+0000] {dag.py:2941} INFO - Sync 1 DAGs
[2025-04-08T17:48:40.299+0000] {logging_mixin.py:151} INFO - [2025-04-08T17:48:40.299+0000] {dag.py:3722} INFO - Setting next_dagrun for extract_exchange_rates to 2025-04-08T00:00:00+00:00, run_after=2025-04-09T00:00:00+00:00
[2025-04-08T17:48:40.306+0000] {processor.py:179} INFO - Processing /opt/airflow/dags/extract_exchange_rates.py took 0.047 seconds
[2025-04-08T17:49:10.625+0000] {processor.py:157} INFO - Started process (PID=294) to work on /opt/airflow/dags/extract_exchange_rates.py
[2025-04-08T17:49:10.626+0000] {processor.py:829} INFO - Processing file /opt/airflow/dags/extract_exchange_rates.py for tasks to queue
[2025-04-08T17:49:10.627+0000] {logging_mixin.py:151} INFO - [2025-04-08T17:49:10.626+0000] {dagbag.py:536} INFO - Filling up the DagBag from /opt/airflow/dags/extract_exchange_rates.py
[2025-04-08T17:49:10.638+0000] {processor.py:839} INFO - DAG(s) dict_keys(['extract_exchange_rates']) retrieved from /opt/airflow/dags/extract_exchange_rates.py
[2025-04-08T17:49:10.651+0000] {logging_mixin.py:151} INFO - [2025-04-08T17:49:10.651+0000] {dag.py:2941} INFO - Sync 1 DAGs
[2025-04-08T17:49:10.661+0000] {logging_mixin.py:151} INFO - [2025-04-08T17:49:10.661+0000] {dag.py:3722} INFO - Setting next_dagrun for extract_exchange_rates to 2025-04-08T00:00:00+00:00, run_after=2025-04-09T00:00:00+00:00
[2025-04-08T17:49:10.669+0000] {processor.py:179} INFO - Processing /opt/airflow/dags/extract_exchange_rates.py took 0.046 seconds
[2025-04-08T17:49:40.992+0000] {processor.py:157} INFO - Started process (PID=299) to work on /opt/airflow/dags/extract_exchange_rates.py
[2025-04-08T17:49:40.993+0000] {processor.py:829} INFO - Processing file /opt/airflow/dags/extract_exchange_rates.py for tasks to queue
[2025-04-08T17:49:40.993+0000] {logging_mixin.py:151} INFO - [2025-04-08T17:49:40.993+0000] {dagbag.py:536} INFO - Filling up the DagBag from /opt/airflow/dags/extract_exchange_rates.py
[2025-04-08T17:49:41.005+0000] {processor.py:839} INFO - DAG(s) dict_keys(['extract_exchange_rates']) retrieved from /opt/airflow/dags/extract_exchange_rates.py
[2025-04-08T17:49:41.019+0000] {logging_mixin.py:151} INFO - [2025-04-08T17:49:41.019+0000] {dag.py:2941} INFO - Sync 1 DAGs
[2025-04-08T17:49:41.028+0000] {logging_mixin.py:151} INFO - [2025-04-08T17:49:41.028+0000] {dag.py:3722} INFO - Setting next_dagrun for extract_exchange_rates to 2025-04-08T00:00:00+00:00, run_after=2025-04-09T00:00:00+00:00
[2025-04-08T17:49:41.036+0000] {processor.py:179} INFO - Processing /opt/airflow/dags/extract_exchange_rates.py took 0.046 seconds
[2025-04-08T17:50:11.320+0000] {processor.py:157} INFO - Started process (PID=304) to work on /opt/airflow/dags/extract_exchange_rates.py
[2025-04-08T17:50:11.321+0000] {processor.py:829} INFO - Processing file /opt/airflow/dags/extract_exchange_rates.py for tasks to queue
[2025-04-08T17:50:11.322+0000] {logging_mixin.py:151} INFO - [2025-04-08T17:50:11.322+0000] {dagbag.py:536} INFO - Filling up the DagBag from /opt/airflow/dags/extract_exchange_rates.py
[2025-04-08T17:50:11.333+0000] {processor.py:839} INFO - DAG(s) dict_keys(['extract_exchange_rates']) retrieved from /opt/airflow/dags/extract_exchange_rates.py
[2025-04-08T17:50:11.348+0000] {logging_mixin.py:151} INFO - [2025-04-08T17:50:11.348+0000] {dag.py:2941} INFO - Sync 1 DAGs
[2025-04-08T17:50:11.358+0000] {logging_mixin.py:151} INFO - [2025-04-08T17:50:11.358+0000] {dag.py:3722} INFO - Setting next_dagrun for extract_exchange_rates to 2025-04-08T00:00:00+00:00, run_after=2025-04-09T00:00:00+00:00
[2025-04-08T17:50:11.365+0000] {processor.py:179} INFO - Processing /opt/airflow/dags/extract_exchange_rates.py took 0.047 seconds
[2025-04-08T17:50:41.696+0000] {processor.py:157} INFO - Started process (PID=309) to work on /opt/airflow/dags/extract_exchange_rates.py
[2025-04-08T17:50:41.696+0000] {processor.py:829} INFO - Processing file /opt/airflow/dags/extract_exchange_rates.py for tasks to queue
[2025-04-08T17:50:41.697+0000] {logging_mixin.py:151} INFO - [2025-04-08T17:50:41.697+0000] {dagbag.py:536} INFO - Filling up the DagBag from /opt/airflow/dags/extract_exchange_rates.py
[2025-04-08T17:50:41.707+0000] {processor.py:839} INFO - DAG(s) dict_keys(['extract_exchange_rates']) retrieved from /opt/airflow/dags/extract_exchange_rates.py
[2025-04-08T17:50:41.720+0000] {logging_mixin.py:151} INFO - [2025-04-08T17:50:41.720+0000] {dag.py:2941} INFO - Sync 1 DAGs
[2025-04-08T17:50:41.730+0000] {logging_mixin.py:151} INFO - [2025-04-08T17:50:41.730+0000] {dag.py:3722} INFO - Setting next_dagrun for extract_exchange_rates to 2025-04-08T00:00:00+00:00, run_after=2025-04-09T00:00:00+00:00
[2025-04-08T17:50:41.737+0000] {processor.py:179} INFO - Processing /opt/airflow/dags/extract_exchange_rates.py took 0.043 seconds
[2025-04-08T17:51:12.075+0000] {processor.py:157} INFO - Started process (PID=314) to work on /opt/airflow/dags/extract_exchange_rates.py
[2025-04-08T17:51:12.075+0000] {processor.py:829} INFO - Processing file /opt/airflow/dags/extract_exchange_rates.py for tasks to queue
[2025-04-08T17:51:12.076+0000] {logging_mixin.py:151} INFO - [2025-04-08T17:51:12.076+0000] {dagbag.py:536} INFO - Filling up the DagBag from /opt/airflow/dags/extract_exchange_rates.py
[2025-04-08T17:51:12.083+0000] {processor.py:839} INFO - DAG(s) dict_keys(['extract_exchange_rates']) retrieved from /opt/airflow/dags/extract_exchange_rates.py
[2025-04-08T17:51:12.095+0000] {logging_mixin.py:151} INFO - [2025-04-08T17:51:12.095+0000] {dag.py:2941} INFO - Sync 1 DAGs
[2025-04-08T17:51:12.104+0000] {logging_mixin.py:151} INFO - [2025-04-08T17:51:12.104+0000] {dag.py:3722} INFO - Setting next_dagrun for extract_exchange_rates to 2025-04-08T00:00:00+00:00, run_after=2025-04-09T00:00:00+00:00
[2025-04-08T17:51:12.111+0000] {processor.py:179} INFO - Processing /opt/airflow/dags/extract_exchange_rates.py took 0.038 seconds
[2025-04-08T17:51:42.375+0000] {processor.py:157} INFO - Started process (PID=319) to work on /opt/airflow/dags/extract_exchange_rates.py
[2025-04-08T17:51:42.376+0000] {processor.py:829} INFO - Processing file /opt/airflow/dags/extract_exchange_rates.py for tasks to queue
[2025-04-08T17:51:42.377+0000] {logging_mixin.py:151} INFO - [2025-04-08T17:51:42.377+0000] {dagbag.py:536} INFO - Filling up the DagBag from /opt/airflow/dags/extract_exchange_rates.py
[2025-04-08T17:51:42.388+0000] {processor.py:839} INFO - DAG(s) dict_keys(['extract_exchange_rates']) retrieved from /opt/airflow/dags/extract_exchange_rates.py
[2025-04-08T17:51:42.403+0000] {logging_mixin.py:151} INFO - [2025-04-08T17:51:42.403+0000] {dag.py:2941} INFO - Sync 1 DAGs
[2025-04-08T17:51:42.413+0000] {logging_mixin.py:151} INFO - [2025-04-08T17:51:42.412+0000] {dag.py:3722} INFO - Setting next_dagrun for extract_exchange_rates to 2025-04-08T00:00:00+00:00, run_after=2025-04-09T00:00:00+00:00
[2025-04-08T17:51:42.420+0000] {processor.py:179} INFO - Processing /opt/airflow/dags/extract_exchange_rates.py took 0.047 seconds
[2025-04-08T17:52:12.660+0000] {processor.py:157} INFO - Started process (PID=324) to work on /opt/airflow/dags/extract_exchange_rates.py
[2025-04-08T17:52:12.661+0000] {processor.py:829} INFO - Processing file /opt/airflow/dags/extract_exchange_rates.py for tasks to queue
[2025-04-08T17:52:12.662+0000] {logging_mixin.py:151} INFO - [2025-04-08T17:52:12.661+0000] {dagbag.py:536} INFO - Filling up the DagBag from /opt/airflow/dags/extract_exchange_rates.py
[2025-04-08T17:52:12.673+0000] {processor.py:839} INFO - DAG(s) dict_keys(['extract_exchange_rates']) retrieved from /opt/airflow/dags/extract_exchange_rates.py
[2025-04-08T17:52:12.689+0000] {logging_mixin.py:151} INFO - [2025-04-08T17:52:12.689+0000] {dag.py:2941} INFO - Sync 1 DAGs
[2025-04-08T17:52:12.699+0000] {logging_mixin.py:151} INFO - [2025-04-08T17:52:12.699+0000] {dag.py:3722} INFO - Setting next_dagrun for extract_exchange_rates to 2025-04-08T00:00:00+00:00, run_after=2025-04-09T00:00:00+00:00
[2025-04-08T17:52:12.706+0000] {processor.py:179} INFO - Processing /opt/airflow/dags/extract_exchange_rates.py took 0.048 seconds
[2025-04-08T17:52:42.986+0000] {processor.py:157} INFO - Started process (PID=329) to work on /opt/airflow/dags/extract_exchange_rates.py
[2025-04-08T17:52:42.987+0000] {processor.py:829} INFO - Processing file /opt/airflow/dags/extract_exchange_rates.py for tasks to queue
[2025-04-08T17:52:42.988+0000] {logging_mixin.py:151} INFO - [2025-04-08T17:52:42.988+0000] {dagbag.py:536} INFO - Filling up the DagBag from /opt/airflow/dags/extract_exchange_rates.py
[2025-04-08T17:52:42.998+0000] {processor.py:839} INFO - DAG(s) dict_keys(['extract_exchange_rates']) retrieved from /opt/airflow/dags/extract_exchange_rates.py
[2025-04-08T17:52:43.012+0000] {logging_mixin.py:151} INFO - [2025-04-08T17:52:43.012+0000] {dag.py:2941} INFO - Sync 1 DAGs
[2025-04-08T17:52:43.022+0000] {logging_mixin.py:151} INFO - [2025-04-08T17:52:43.022+0000] {dag.py:3722} INFO - Setting next_dagrun for extract_exchange_rates to 2025-04-08T00:00:00+00:00, run_after=2025-04-09T00:00:00+00:00
[2025-04-08T17:52:43.029+0000] {processor.py:179} INFO - Processing /opt/airflow/dags/extract_exchange_rates.py took 0.045 seconds
[2025-04-08T17:53:13.282+0000] {processor.py:157} INFO - Started process (PID=334) to work on /opt/airflow/dags/extract_exchange_rates.py
[2025-04-08T17:53:13.283+0000] {processor.py:829} INFO - Processing file /opt/airflow/dags/extract_exchange_rates.py for tasks to queue
[2025-04-08T17:53:13.284+0000] {logging_mixin.py:151} INFO - [2025-04-08T17:53:13.283+0000] {dagbag.py:536} INFO - Filling up the DagBag from /opt/airflow/dags/extract_exchange_rates.py
[2025-04-08T17:53:13.296+0000] {processor.py:839} INFO - DAG(s) dict_keys(['extract_exchange_rates']) retrieved from /opt/airflow/dags/extract_exchange_rates.py
[2025-04-08T17:53:13.309+0000] {logging_mixin.py:151} INFO - [2025-04-08T17:53:13.309+0000] {dag.py:2941} INFO - Sync 1 DAGs
[2025-04-08T17:53:13.318+0000] {logging_mixin.py:151} INFO - [2025-04-08T17:53:13.318+0000] {dag.py:3722} INFO - Setting next_dagrun for extract_exchange_rates to 2025-04-08T00:00:00+00:00, run_after=2025-04-09T00:00:00+00:00
[2025-04-08T17:53:13.326+0000] {processor.py:179} INFO - Processing /opt/airflow/dags/extract_exchange_rates.py took 0.047 seconds
[2025-04-08T17:53:43.626+0000] {processor.py:157} INFO - Started process (PID=339) to work on /opt/airflow/dags/extract_exchange_rates.py
[2025-04-08T17:53:43.627+0000] {processor.py:829} INFO - Processing file /opt/airflow/dags/extract_exchange_rates.py for tasks to queue
[2025-04-08T17:53:43.627+0000] {logging_mixin.py:151} INFO - [2025-04-08T17:53:43.627+0000] {dagbag.py:536} INFO - Filling up the DagBag from /opt/airflow/dags/extract_exchange_rates.py
[2025-04-08T17:53:43.638+0000] {processor.py:839} INFO - DAG(s) dict_keys(['extract_exchange_rates']) retrieved from /opt/airflow/dags/extract_exchange_rates.py
[2025-04-08T17:53:43.653+0000] {logging_mixin.py:151} INFO - [2025-04-08T17:53:43.653+0000] {dag.py:2941} INFO - Sync 1 DAGs
[2025-04-08T17:53:43.663+0000] {logging_mixin.py:151} INFO - [2025-04-08T17:53:43.663+0000] {dag.py:3722} INFO - Setting next_dagrun for extract_exchange_rates to 2025-04-08T00:00:00+00:00, run_after=2025-04-09T00:00:00+00:00
[2025-04-08T17:53:43.670+0000] {processor.py:179} INFO - Processing /opt/airflow/dags/extract_exchange_rates.py took 0.047 seconds
[2025-04-08T17:54:13.937+0000] {processor.py:157} INFO - Started process (PID=344) to work on /opt/airflow/dags/extract_exchange_rates.py
[2025-04-08T17:54:13.938+0000] {processor.py:829} INFO - Processing file /opt/airflow/dags/extract_exchange_rates.py for tasks to queue
[2025-04-08T17:54:13.939+0000] {logging_mixin.py:151} INFO - [2025-04-08T17:54:13.939+0000] {dagbag.py:536} INFO - Filling up the DagBag from /opt/airflow/dags/extract_exchange_rates.py
[2025-04-08T17:54:13.950+0000] {processor.py:839} INFO - DAG(s) dict_keys(['extract_exchange_rates']) retrieved from /opt/airflow/dags/extract_exchange_rates.py
[2025-04-08T17:54:13.965+0000] {logging_mixin.py:151} INFO - [2025-04-08T17:54:13.965+0000] {dag.py:2941} INFO - Sync 1 DAGs
[2025-04-08T17:54:13.975+0000] {logging_mixin.py:151} INFO - [2025-04-08T17:54:13.975+0000] {dag.py:3722} INFO - Setting next_dagrun for extract_exchange_rates to 2025-04-08T00:00:00+00:00, run_after=2025-04-09T00:00:00+00:00
[2025-04-08T17:54:13.982+0000] {processor.py:179} INFO - Processing /opt/airflow/dags/extract_exchange_rates.py took 0.047 seconds
[2025-04-08T17:54:44.269+0000] {processor.py:157} INFO - Started process (PID=349) to work on /opt/airflow/dags/extract_exchange_rates.py
[2025-04-08T17:54:44.270+0000] {processor.py:829} INFO - Processing file /opt/airflow/dags/extract_exchange_rates.py for tasks to queue
[2025-04-08T17:54:44.271+0000] {logging_mixin.py:151} INFO - [2025-04-08T17:54:44.271+0000] {dagbag.py:536} INFO - Filling up the DagBag from /opt/airflow/dags/extract_exchange_rates.py
[2025-04-08T17:54:44.282+0000] {processor.py:839} INFO - DAG(s) dict_keys(['extract_exchange_rates']) retrieved from /opt/airflow/dags/extract_exchange_rates.py
[2025-04-08T17:54:44.295+0000] {logging_mixin.py:151} INFO - [2025-04-08T17:54:44.295+0000] {dag.py:2941} INFO - Sync 1 DAGs
[2025-04-08T17:54:44.305+0000] {logging_mixin.py:151} INFO - [2025-04-08T17:54:44.305+0000] {dag.py:3722} INFO - Setting next_dagrun for extract_exchange_rates to 2025-04-08T00:00:00+00:00, run_after=2025-04-09T00:00:00+00:00
[2025-04-08T17:54:44.312+0000] {processor.py:179} INFO - Processing /opt/airflow/dags/extract_exchange_rates.py took 0.045 seconds
[2025-04-08T17:55:14.609+0000] {processor.py:157} INFO - Started process (PID=354) to work on /opt/airflow/dags/extract_exchange_rates.py
[2025-04-08T17:55:14.609+0000] {processor.py:829} INFO - Processing file /opt/airflow/dags/extract_exchange_rates.py for tasks to queue
[2025-04-08T17:55:14.610+0000] {logging_mixin.py:151} INFO - [2025-04-08T17:55:14.610+0000] {dagbag.py:536} INFO - Filling up the DagBag from /opt/airflow/dags/extract_exchange_rates.py
[2025-04-08T17:55:14.620+0000] {processor.py:839} INFO - DAG(s) dict_keys(['extract_exchange_rates']) retrieved from /opt/airflow/dags/extract_exchange_rates.py
[2025-04-08T17:55:14.633+0000] {logging_mixin.py:151} INFO - [2025-04-08T17:55:14.632+0000] {dag.py:2941} INFO - Sync 1 DAGs
[2025-04-08T17:55:14.642+0000] {logging_mixin.py:151} INFO - [2025-04-08T17:55:14.642+0000] {dag.py:3722} INFO - Setting next_dagrun for extract_exchange_rates to 2025-04-08T00:00:00+00:00, run_after=2025-04-09T00:00:00+00:00
[2025-04-08T17:55:14.649+0000] {processor.py:179} INFO - Processing /opt/airflow/dags/extract_exchange_rates.py took 0.043 seconds
[2025-04-08T17:55:44.979+0000] {processor.py:157} INFO - Started process (PID=359) to work on /opt/airflow/dags/extract_exchange_rates.py
[2025-04-08T17:55:44.979+0000] {processor.py:829} INFO - Processing file /opt/airflow/dags/extract_exchange_rates.py for tasks to queue
[2025-04-08T17:55:44.980+0000] {logging_mixin.py:151} INFO - [2025-04-08T17:55:44.980+0000] {dagbag.py:536} INFO - Filling up the DagBag from /opt/airflow/dags/extract_exchange_rates.py
[2025-04-08T17:55:44.990+0000] {processor.py:839} INFO - DAG(s) dict_keys(['extract_exchange_rates']) retrieved from /opt/airflow/dags/extract_exchange_rates.py
[2025-04-08T17:55:45.004+0000] {logging_mixin.py:151} INFO - [2025-04-08T17:55:45.004+0000] {dag.py:2941} INFO - Sync 1 DAGs
[2025-04-08T17:55:45.014+0000] {logging_mixin.py:151} INFO - [2025-04-08T17:55:45.014+0000] {dag.py:3722} INFO - Setting next_dagrun for extract_exchange_rates to 2025-04-08T00:00:00+00:00, run_after=2025-04-09T00:00:00+00:00
[2025-04-08T17:55:45.021+0000] {processor.py:179} INFO - Processing /opt/airflow/dags/extract_exchange_rates.py took 0.044 seconds
[2025-04-08T17:56:15.338+0000] {processor.py:157} INFO - Started process (PID=364) to work on /opt/airflow/dags/extract_exchange_rates.py
[2025-04-08T17:56:15.339+0000] {processor.py:829} INFO - Processing file /opt/airflow/dags/extract_exchange_rates.py for tasks to queue
[2025-04-08T17:56:15.340+0000] {logging_mixin.py:151} INFO - [2025-04-08T17:56:15.339+0000] {dagbag.py:536} INFO - Filling up the DagBag from /opt/airflow/dags/extract_exchange_rates.py
[2025-04-08T17:56:15.351+0000] {processor.py:839} INFO - DAG(s) dict_keys(['extract_exchange_rates']) retrieved from /opt/airflow/dags/extract_exchange_rates.py
[2025-04-08T17:56:15.366+0000] {logging_mixin.py:151} INFO - [2025-04-08T17:56:15.365+0000] {dag.py:2941} INFO - Sync 1 DAGs
[2025-04-08T17:56:15.375+0000] {logging_mixin.py:151} INFO - [2025-04-08T17:56:15.375+0000] {dag.py:3722} INFO - Setting next_dagrun for extract_exchange_rates to 2025-04-08T00:00:00+00:00, run_after=2025-04-09T00:00:00+00:00
[2025-04-08T17:56:15.383+0000] {processor.py:179} INFO - Processing /opt/airflow/dags/extract_exchange_rates.py took 0.047 seconds
[2025-04-08T17:56:45.689+0000] {processor.py:157} INFO - Started process (PID=369) to work on /opt/airflow/dags/extract_exchange_rates.py
[2025-04-08T17:56:45.690+0000] {processor.py:829} INFO - Processing file /opt/airflow/dags/extract_exchange_rates.py for tasks to queue
[2025-04-08T17:56:45.690+0000] {logging_mixin.py:151} INFO - [2025-04-08T17:56:45.690+0000] {dagbag.py:536} INFO - Filling up the DagBag from /opt/airflow/dags/extract_exchange_rates.py
[2025-04-08T17:56:45.701+0000] {processor.py:839} INFO - DAG(s) dict_keys(['extract_exchange_rates']) retrieved from /opt/airflow/dags/extract_exchange_rates.py
[2025-04-08T17:56:45.716+0000] {logging_mixin.py:151} INFO - [2025-04-08T17:56:45.716+0000] {dag.py:2941} INFO - Sync 1 DAGs
[2025-04-08T17:56:45.726+0000] {logging_mixin.py:151} INFO - [2025-04-08T17:56:45.726+0000] {dag.py:3722} INFO - Setting next_dagrun for extract_exchange_rates to 2025-04-08T00:00:00+00:00, run_after=2025-04-09T00:00:00+00:00
[2025-04-08T17:56:45.733+0000] {processor.py:179} INFO - Processing /opt/airflow/dags/extract_exchange_rates.py took 0.047 seconds
[2025-04-08T17:57:16.014+0000] {processor.py:157} INFO - Started process (PID=374) to work on /opt/airflow/dags/extract_exchange_rates.py
[2025-04-08T17:57:16.015+0000] {processor.py:829} INFO - Processing file /opt/airflow/dags/extract_exchange_rates.py for tasks to queue
[2025-04-08T17:57:16.015+0000] {logging_mixin.py:151} INFO - [2025-04-08T17:57:16.015+0000] {dagbag.py:536} INFO - Filling up the DagBag from /opt/airflow/dags/extract_exchange_rates.py
[2025-04-08T17:57:16.026+0000] {processor.py:839} INFO - DAG(s) dict_keys(['extract_exchange_rates']) retrieved from /opt/airflow/dags/extract_exchange_rates.py
[2025-04-08T17:57:16.041+0000] {logging_mixin.py:151} INFO - [2025-04-08T17:57:16.041+0000] {dag.py:2941} INFO - Sync 1 DAGs
[2025-04-08T17:57:16.051+0000] {logging_mixin.py:151} INFO - [2025-04-08T17:57:16.051+0000] {dag.py:3722} INFO - Setting next_dagrun for extract_exchange_rates to 2025-04-08T00:00:00+00:00, run_after=2025-04-09T00:00:00+00:00
[2025-04-08T17:57:16.058+0000] {processor.py:179} INFO - Processing /opt/airflow/dags/extract_exchange_rates.py took 0.046 seconds
[2025-04-08T17:57:46.414+0000] {processor.py:157} INFO - Started process (PID=379) to work on /opt/airflow/dags/extract_exchange_rates.py
[2025-04-08T17:57:46.415+0000] {processor.py:829} INFO - Processing file /opt/airflow/dags/extract_exchange_rates.py for tasks to queue
[2025-04-08T17:57:46.416+0000] {logging_mixin.py:151} INFO - [2025-04-08T17:57:46.416+0000] {dagbag.py:536} INFO - Filling up the DagBag from /opt/airflow/dags/extract_exchange_rates.py
[2025-04-08T17:57:46.426+0000] {processor.py:839} INFO - DAG(s) dict_keys(['extract_exchange_rates']) retrieved from /opt/airflow/dags/extract_exchange_rates.py
[2025-04-08T17:57:46.441+0000] {logging_mixin.py:151} INFO - [2025-04-08T17:57:46.441+0000] {dag.py:2941} INFO - Sync 1 DAGs
[2025-04-08T17:57:46.451+0000] {logging_mixin.py:151} INFO - [2025-04-08T17:57:46.451+0000] {dag.py:3722} INFO - Setting next_dagrun for extract_exchange_rates to 2025-04-08T00:00:00+00:00, run_after=2025-04-09T00:00:00+00:00
[2025-04-08T17:57:46.457+0000] {processor.py:179} INFO - Processing /opt/airflow/dags/extract_exchange_rates.py took 0.045 seconds
[2025-04-08T17:58:16.821+0000] {processor.py:157} INFO - Started process (PID=384) to work on /opt/airflow/dags/extract_exchange_rates.py
[2025-04-08T17:58:16.822+0000] {processor.py:829} INFO - Processing file /opt/airflow/dags/extract_exchange_rates.py for tasks to queue
[2025-04-08T17:58:16.823+0000] {logging_mixin.py:151} INFO - [2025-04-08T17:58:16.823+0000] {dagbag.py:536} INFO - Filling up the DagBag from /opt/airflow/dags/extract_exchange_rates.py
[2025-04-08T17:58:16.834+0000] {processor.py:839} INFO - DAG(s) dict_keys(['extract_exchange_rates']) retrieved from /opt/airflow/dags/extract_exchange_rates.py
[2025-04-08T17:58:16.848+0000] {logging_mixin.py:151} INFO - [2025-04-08T17:58:16.848+0000] {dag.py:2941} INFO - Sync 1 DAGs
[2025-04-08T17:58:16.858+0000] {logging_mixin.py:151} INFO - [2025-04-08T17:58:16.858+0000] {dag.py:3722} INFO - Setting next_dagrun for extract_exchange_rates to 2025-04-08T00:00:00+00:00, run_after=2025-04-09T00:00:00+00:00
[2025-04-08T17:58:16.865+0000] {processor.py:179} INFO - Processing /opt/airflow/dags/extract_exchange_rates.py took 0.046 seconds
[2025-04-08T17:58:47.175+0000] {processor.py:157} INFO - Started process (PID=389) to work on /opt/airflow/dags/extract_exchange_rates.py
[2025-04-08T17:58:47.176+0000] {processor.py:829} INFO - Processing file /opt/airflow/dags/extract_exchange_rates.py for tasks to queue
[2025-04-08T17:58:47.176+0000] {logging_mixin.py:151} INFO - [2025-04-08T17:58:47.176+0000] {dagbag.py:536} INFO - Filling up the DagBag from /opt/airflow/dags/extract_exchange_rates.py
[2025-04-08T17:58:47.187+0000] {processor.py:839} INFO - DAG(s) dict_keys(['extract_exchange_rates']) retrieved from /opt/airflow/dags/extract_exchange_rates.py
[2025-04-08T17:58:47.200+0000] {logging_mixin.py:151} INFO - [2025-04-08T17:58:47.200+0000] {dag.py:2941} INFO - Sync 1 DAGs
[2025-04-08T17:58:47.210+0000] {logging_mixin.py:151} INFO - [2025-04-08T17:58:47.210+0000] {dag.py:3722} INFO - Setting next_dagrun for extract_exchange_rates to 2025-04-08T00:00:00+00:00, run_after=2025-04-09T00:00:00+00:00
[2025-04-08T17:58:47.217+0000] {processor.py:179} INFO - Processing /opt/airflow/dags/extract_exchange_rates.py took 0.044 seconds
[2025-04-08T17:59:17.531+0000] {processor.py:157} INFO - Started process (PID=394) to work on /opt/airflow/dags/extract_exchange_rates.py
[2025-04-08T17:59:17.532+0000] {processor.py:829} INFO - Processing file /opt/airflow/dags/extract_exchange_rates.py for tasks to queue
[2025-04-08T17:59:17.533+0000] {logging_mixin.py:151} INFO - [2025-04-08T17:59:17.533+0000] {dagbag.py:536} INFO - Filling up the DagBag from /opt/airflow/dags/extract_exchange_rates.py
[2025-04-08T17:59:17.543+0000] {processor.py:839} INFO - DAG(s) dict_keys(['extract_exchange_rates']) retrieved from /opt/airflow/dags/extract_exchange_rates.py
[2025-04-08T17:59:17.556+0000] {logging_mixin.py:151} INFO - [2025-04-08T17:59:17.556+0000] {dag.py:2941} INFO - Sync 1 DAGs
[2025-04-08T17:59:17.566+0000] {logging_mixin.py:151} INFO - [2025-04-08T17:59:17.566+0000] {dag.py:3722} INFO - Setting next_dagrun for extract_exchange_rates to 2025-04-08T00:00:00+00:00, run_after=2025-04-09T00:00:00+00:00
[2025-04-08T17:59:17.574+0000] {processor.py:179} INFO - Processing /opt/airflow/dags/extract_exchange_rates.py took 0.045 seconds
[2025-04-08T17:59:47.943+0000] {processor.py:157} INFO - Started process (PID=399) to work on /opt/airflow/dags/extract_exchange_rates.py
[2025-04-08T17:59:47.944+0000] {processor.py:829} INFO - Processing file /opt/airflow/dags/extract_exchange_rates.py for tasks to queue
[2025-04-08T17:59:47.944+0000] {logging_mixin.py:151} INFO - [2025-04-08T17:59:47.944+0000] {dagbag.py:536} INFO - Filling up the DagBag from /opt/airflow/dags/extract_exchange_rates.py
[2025-04-08T17:59:47.957+0000] {processor.py:839} INFO - DAG(s) dict_keys(['extract_exchange_rates']) retrieved from /opt/airflow/dags/extract_exchange_rates.py
[2025-04-08T17:59:47.970+0000] {logging_mixin.py:151} INFO - [2025-04-08T17:59:47.970+0000] {dag.py:2941} INFO - Sync 1 DAGs
[2025-04-08T17:59:47.980+0000] {logging_mixin.py:151} INFO - [2025-04-08T17:59:47.980+0000] {dag.py:3722} INFO - Setting next_dagrun for extract_exchange_rates to 2025-04-08T00:00:00+00:00, run_after=2025-04-09T00:00:00+00:00
[2025-04-08T17:59:47.987+0000] {processor.py:179} INFO - Processing /opt/airflow/dags/extract_exchange_rates.py took 0.046 seconds
[2025-04-08T18:00:18.299+0000] {processor.py:157} INFO - Started process (PID=404) to work on /opt/airflow/dags/extract_exchange_rates.py
[2025-04-08T18:00:18.300+0000] {processor.py:829} INFO - Processing file /opt/airflow/dags/extract_exchange_rates.py for tasks to queue
[2025-04-08T18:00:18.300+0000] {logging_mixin.py:151} INFO - [2025-04-08T18:00:18.300+0000] {dagbag.py:536} INFO - Filling up the DagBag from /opt/airflow/dags/extract_exchange_rates.py
[2025-04-08T18:00:18.310+0000] {processor.py:839} INFO - DAG(s) dict_keys(['extract_exchange_rates']) retrieved from /opt/airflow/dags/extract_exchange_rates.py
[2025-04-08T18:00:18.323+0000] {logging_mixin.py:151} INFO - [2025-04-08T18:00:18.323+0000] {dag.py:2941} INFO - Sync 1 DAGs
[2025-04-08T18:00:18.333+0000] {logging_mixin.py:151} INFO - [2025-04-08T18:00:18.333+0000] {dag.py:3722} INFO - Setting next_dagrun for extract_exchange_rates to 2025-04-08T00:00:00+00:00, run_after=2025-04-09T00:00:00+00:00
[2025-04-08T18:00:18.340+0000] {processor.py:179} INFO - Processing /opt/airflow/dags/extract_exchange_rates.py took 0.044 seconds
[2025-04-08T18:00:48.610+0000] {processor.py:157} INFO - Started process (PID=409) to work on /opt/airflow/dags/extract_exchange_rates.py
[2025-04-08T18:00:48.610+0000] {processor.py:829} INFO - Processing file /opt/airflow/dags/extract_exchange_rates.py for tasks to queue
[2025-04-08T18:00:48.610+0000] {logging_mixin.py:151} INFO - [2025-04-08T18:00:48.610+0000] {dagbag.py:536} INFO - Filling up the DagBag from /opt/airflow/dags/extract_exchange_rates.py
[2025-04-08T18:00:48.618+0000] {processor.py:839} INFO - DAG(s) dict_keys(['extract_exchange_rates']) retrieved from /opt/airflow/dags/extract_exchange_rates.py
[2025-04-08T18:00:48.630+0000] {logging_mixin.py:151} INFO - [2025-04-08T18:00:48.630+0000] {dag.py:2941} INFO - Sync 1 DAGs
[2025-04-08T18:00:48.639+0000] {logging_mixin.py:151} INFO - [2025-04-08T18:00:48.639+0000] {dag.py:3722} INFO - Setting next_dagrun for extract_exchange_rates to 2025-04-08T00:00:00+00:00, run_after=2025-04-09T00:00:00+00:00
[2025-04-08T18:00:48.646+0000] {processor.py:179} INFO - Processing /opt/airflow/dags/extract_exchange_rates.py took 0.038 seconds
[2025-04-08T18:01:18.916+0000] {processor.py:157} INFO - Started process (PID=414) to work on /opt/airflow/dags/extract_exchange_rates.py
[2025-04-08T18:01:18.917+0000] {processor.py:829} INFO - Processing file /opt/airflow/dags/extract_exchange_rates.py for tasks to queue
[2025-04-08T18:01:18.918+0000] {logging_mixin.py:151} INFO - [2025-04-08T18:01:18.918+0000] {dagbag.py:536} INFO - Filling up the DagBag from /opt/airflow/dags/extract_exchange_rates.py
[2025-04-08T18:01:18.928+0000] {processor.py:839} INFO - DAG(s) dict_keys(['extract_exchange_rates']) retrieved from /opt/airflow/dags/extract_exchange_rates.py
[2025-04-08T18:01:18.943+0000] {logging_mixin.py:151} INFO - [2025-04-08T18:01:18.943+0000] {dag.py:2941} INFO - Sync 1 DAGs
[2025-04-08T18:01:18.953+0000] {logging_mixin.py:151} INFO - [2025-04-08T18:01:18.953+0000] {dag.py:3722} INFO - Setting next_dagrun for extract_exchange_rates to 2025-04-08T00:00:00+00:00, run_after=2025-04-09T00:00:00+00:00
[2025-04-08T18:01:18.960+0000] {processor.py:179} INFO - Processing /opt/airflow/dags/extract_exchange_rates.py took 0.046 seconds
[2025-04-08T18:01:49.356+0000] {processor.py:157} INFO - Started process (PID=419) to work on /opt/airflow/dags/extract_exchange_rates.py
[2025-04-08T18:01:49.356+0000] {processor.py:829} INFO - Processing file /opt/airflow/dags/extract_exchange_rates.py for tasks to queue
[2025-04-08T18:01:49.357+0000] {logging_mixin.py:151} INFO - [2025-04-08T18:01:49.357+0000] {dagbag.py:536} INFO - Filling up the DagBag from /opt/airflow/dags/extract_exchange_rates.py
[2025-04-08T18:01:49.367+0000] {processor.py:839} INFO - DAG(s) dict_keys(['extract_exchange_rates']) retrieved from /opt/airflow/dags/extract_exchange_rates.py
[2025-04-08T18:01:49.381+0000] {logging_mixin.py:151} INFO - [2025-04-08T18:01:49.381+0000] {dag.py:2941} INFO - Sync 1 DAGs
[2025-04-08T18:01:49.391+0000] {logging_mixin.py:151} INFO - [2025-04-08T18:01:49.391+0000] {dag.py:3722} INFO - Setting next_dagrun for extract_exchange_rates to 2025-04-08T00:00:00+00:00, run_after=2025-04-09T00:00:00+00:00
[2025-04-08T18:01:49.398+0000] {processor.py:179} INFO - Processing /opt/airflow/dags/extract_exchange_rates.py took 0.045 seconds
[2025-04-08T18:02:19.689+0000] {processor.py:157} INFO - Started process (PID=424) to work on /opt/airflow/dags/extract_exchange_rates.py
[2025-04-08T18:02:19.690+0000] {processor.py:829} INFO - Processing file /opt/airflow/dags/extract_exchange_rates.py for tasks to queue
[2025-04-08T18:02:19.691+0000] {logging_mixin.py:151} INFO - [2025-04-08T18:02:19.690+0000] {dagbag.py:536} INFO - Filling up the DagBag from /opt/airflow/dags/extract_exchange_rates.py
[2025-04-08T18:02:19.701+0000] {processor.py:839} INFO - DAG(s) dict_keys(['extract_exchange_rates']) retrieved from /opt/airflow/dags/extract_exchange_rates.py
[2025-04-08T18:02:19.716+0000] {logging_mixin.py:151} INFO - [2025-04-08T18:02:19.716+0000] {dag.py:2941} INFO - Sync 1 DAGs
[2025-04-08T18:02:19.727+0000] {logging_mixin.py:151} INFO - [2025-04-08T18:02:19.727+0000] {dag.py:3722} INFO - Setting next_dagrun for extract_exchange_rates to 2025-04-08T00:00:00+00:00, run_after=2025-04-09T00:00:00+00:00
[2025-04-08T18:02:19.734+0000] {processor.py:179} INFO - Processing /opt/airflow/dags/extract_exchange_rates.py took 0.047 seconds
[2025-04-08T18:02:50.073+0000] {processor.py:157} INFO - Started process (PID=429) to work on /opt/airflow/dags/extract_exchange_rates.py
[2025-04-08T18:02:50.074+0000] {processor.py:829} INFO - Processing file /opt/airflow/dags/extract_exchange_rates.py for tasks to queue
[2025-04-08T18:02:50.075+0000] {logging_mixin.py:151} INFO - [2025-04-08T18:02:50.074+0000] {dagbag.py:536} INFO - Filling up the DagBag from /opt/airflow/dags/extract_exchange_rates.py
[2025-04-08T18:02:50.084+0000] {processor.py:839} INFO - DAG(s) dict_keys(['extract_exchange_rates']) retrieved from /opt/airflow/dags/extract_exchange_rates.py
[2025-04-08T18:02:50.098+0000] {logging_mixin.py:151} INFO - [2025-04-08T18:02:50.098+0000] {dag.py:2941} INFO - Sync 1 DAGs
[2025-04-08T18:02:50.108+0000] {logging_mixin.py:151} INFO - [2025-04-08T18:02:50.108+0000] {dag.py:3722} INFO - Setting next_dagrun for extract_exchange_rates to 2025-04-08T00:00:00+00:00, run_after=2025-04-09T00:00:00+00:00
[2025-04-08T18:02:50.115+0000] {processor.py:179} INFO - Processing /opt/airflow/dags/extract_exchange_rates.py took 0.044 seconds
[2025-04-08T18:03:20.442+0000] {processor.py:157} INFO - Started process (PID=434) to work on /opt/airflow/dags/extract_exchange_rates.py
[2025-04-08T18:03:20.443+0000] {processor.py:829} INFO - Processing file /opt/airflow/dags/extract_exchange_rates.py for tasks to queue
[2025-04-08T18:03:20.443+0000] {logging_mixin.py:151} INFO - [2025-04-08T18:03:20.443+0000] {dagbag.py:536} INFO - Filling up the DagBag from /opt/airflow/dags/extract_exchange_rates.py
[2025-04-08T18:03:20.454+0000] {processor.py:839} INFO - DAG(s) dict_keys(['extract_exchange_rates']) retrieved from /opt/airflow/dags/extract_exchange_rates.py
[2025-04-08T18:03:20.469+0000] {logging_mixin.py:151} INFO - [2025-04-08T18:03:20.469+0000] {dag.py:2941} INFO - Sync 1 DAGs
[2025-04-08T18:03:20.478+0000] {logging_mixin.py:151} INFO - [2025-04-08T18:03:20.478+0000] {dag.py:3722} INFO - Setting next_dagrun for extract_exchange_rates to 2025-04-08T00:00:00+00:00, run_after=2025-04-09T00:00:00+00:00
[2025-04-08T18:03:20.486+0000] {processor.py:179} INFO - Processing /opt/airflow/dags/extract_exchange_rates.py took 0.046 seconds
[2025-04-08T18:03:50.845+0000] {processor.py:157} INFO - Started process (PID=439) to work on /opt/airflow/dags/extract_exchange_rates.py
[2025-04-08T18:03:50.845+0000] {processor.py:829} INFO - Processing file /opt/airflow/dags/extract_exchange_rates.py for tasks to queue
[2025-04-08T18:03:50.846+0000] {logging_mixin.py:151} INFO - [2025-04-08T18:03:50.846+0000] {dagbag.py:536} INFO - Filling up the DagBag from /opt/airflow/dags/extract_exchange_rates.py
[2025-04-08T18:03:50.856+0000] {processor.py:839} INFO - DAG(s) dict_keys(['extract_exchange_rates']) retrieved from /opt/airflow/dags/extract_exchange_rates.py
[2025-04-08T18:03:50.870+0000] {logging_mixin.py:151} INFO - [2025-04-08T18:03:50.870+0000] {dag.py:2941} INFO - Sync 1 DAGs
[2025-04-08T18:03:50.879+0000] {logging_mixin.py:151} INFO - [2025-04-08T18:03:50.879+0000] {dag.py:3722} INFO - Setting next_dagrun for extract_exchange_rates to 2025-04-08T00:00:00+00:00, run_after=2025-04-09T00:00:00+00:00
[2025-04-08T18:03:50.887+0000] {processor.py:179} INFO - Processing /opt/airflow/dags/extract_exchange_rates.py took 0.044 seconds
[2025-04-08T18:04:21.187+0000] {processor.py:157} INFO - Started process (PID=444) to work on /opt/airflow/dags/extract_exchange_rates.py
[2025-04-08T18:04:21.187+0000] {processor.py:829} INFO - Processing file /opt/airflow/dags/extract_exchange_rates.py for tasks to queue
[2025-04-08T18:04:21.188+0000] {logging_mixin.py:151} INFO - [2025-04-08T18:04:21.188+0000] {dagbag.py:536} INFO - Filling up the DagBag from /opt/airflow/dags/extract_exchange_rates.py
[2025-04-08T18:04:21.199+0000] {processor.py:839} INFO - DAG(s) dict_keys(['extract_exchange_rates']) retrieved from /opt/airflow/dags/extract_exchange_rates.py
[2025-04-08T18:04:21.214+0000] {logging_mixin.py:151} INFO - [2025-04-08T18:04:21.214+0000] {dag.py:2941} INFO - Sync 1 DAGs
[2025-04-08T18:04:21.224+0000] {logging_mixin.py:151} INFO - [2025-04-08T18:04:21.224+0000] {dag.py:3722} INFO - Setting next_dagrun for extract_exchange_rates to 2025-04-08T00:00:00+00:00, run_after=2025-04-09T00:00:00+00:00
[2025-04-08T18:04:21.231+0000] {processor.py:179} INFO - Processing /opt/airflow/dags/extract_exchange_rates.py took 0.047 seconds
[2025-04-08T18:04:51.587+0000] {processor.py:157} INFO - Started process (PID=449) to work on /opt/airflow/dags/extract_exchange_rates.py
[2025-04-08T18:04:51.587+0000] {processor.py:829} INFO - Processing file /opt/airflow/dags/extract_exchange_rates.py for tasks to queue
[2025-04-08T18:04:51.588+0000] {logging_mixin.py:151} INFO - [2025-04-08T18:04:51.588+0000] {dagbag.py:536} INFO - Filling up the DagBag from /opt/airflow/dags/extract_exchange_rates.py
[2025-04-08T18:04:51.598+0000] {processor.py:839} INFO - DAG(s) dict_keys(['extract_exchange_rates']) retrieved from /opt/airflow/dags/extract_exchange_rates.py
[2025-04-08T18:04:51.611+0000] {logging_mixin.py:151} INFO - [2025-04-08T18:04:51.610+0000] {dag.py:2941} INFO - Sync 1 DAGs
[2025-04-08T18:04:51.620+0000] {logging_mixin.py:151} INFO - [2025-04-08T18:04:51.620+0000] {dag.py:3722} INFO - Setting next_dagrun for extract_exchange_rates to 2025-04-08T00:00:00+00:00, run_after=2025-04-09T00:00:00+00:00
[2025-04-08T18:04:51.627+0000] {processor.py:179} INFO - Processing /opt/airflow/dags/extract_exchange_rates.py took 0.043 seconds
[2025-04-08T18:05:21.846+0000] {processor.py:157} INFO - Started process (PID=454) to work on /opt/airflow/dags/extract_exchange_rates.py
[2025-04-08T18:05:21.846+0000] {processor.py:829} INFO - Processing file /opt/airflow/dags/extract_exchange_rates.py for tasks to queue
[2025-04-08T18:05:21.847+0000] {logging_mixin.py:151} INFO - [2025-04-08T18:05:21.847+0000] {dagbag.py:536} INFO - Filling up the DagBag from /opt/airflow/dags/extract_exchange_rates.py
[2025-04-08T18:05:21.858+0000] {processor.py:839} INFO - DAG(s) dict_keys(['extract_exchange_rates']) retrieved from /opt/airflow/dags/extract_exchange_rates.py
[2025-04-08T18:05:21.873+0000] {logging_mixin.py:151} INFO - [2025-04-08T18:05:21.873+0000] {dag.py:2941} INFO - Sync 1 DAGs
[2025-04-08T18:05:21.883+0000] {logging_mixin.py:151} INFO - [2025-04-08T18:05:21.883+0000] {dag.py:3722} INFO - Setting next_dagrun for extract_exchange_rates to 2025-04-08T00:00:00+00:00, run_after=2025-04-09T00:00:00+00:00
[2025-04-08T18:05:21.890+0000] {processor.py:179} INFO - Processing /opt/airflow/dags/extract_exchange_rates.py took 0.047 seconds
[2025-04-08T18:05:52.216+0000] {processor.py:157} INFO - Started process (PID=459) to work on /opt/airflow/dags/extract_exchange_rates.py
[2025-04-08T18:05:52.216+0000] {processor.py:829} INFO - Processing file /opt/airflow/dags/extract_exchange_rates.py for tasks to queue
[2025-04-08T18:05:52.217+0000] {logging_mixin.py:151} INFO - [2025-04-08T18:05:52.217+0000] {dagbag.py:536} INFO - Filling up the DagBag from /opt/airflow/dags/extract_exchange_rates.py
[2025-04-08T18:05:52.228+0000] {processor.py:839} INFO - DAG(s) dict_keys(['extract_exchange_rates']) retrieved from /opt/airflow/dags/extract_exchange_rates.py
[2025-04-08T18:05:52.241+0000] {logging_mixin.py:151} INFO - [2025-04-08T18:05:52.241+0000] {dag.py:2941} INFO - Sync 1 DAGs
[2025-04-08T18:05:52.251+0000] {logging_mixin.py:151} INFO - [2025-04-08T18:05:52.251+0000] {dag.py:3722} INFO - Setting next_dagrun for extract_exchange_rates to 2025-04-08T00:00:00+00:00, run_after=2025-04-09T00:00:00+00:00
[2025-04-08T18:05:52.259+0000] {processor.py:179} INFO - Processing /opt/airflow/dags/extract_exchange_rates.py took 0.045 seconds
[2025-04-08T18:06:22.584+0000] {processor.py:157} INFO - Started process (PID=464) to work on /opt/airflow/dags/extract_exchange_rates.py
[2025-04-08T18:06:22.585+0000] {processor.py:829} INFO - Processing file /opt/airflow/dags/extract_exchange_rates.py for tasks to queue
[2025-04-08T18:06:22.585+0000] {logging_mixin.py:151} INFO - [2025-04-08T18:06:22.585+0000] {dagbag.py:536} INFO - Filling up the DagBag from /opt/airflow/dags/extract_exchange_rates.py
[2025-04-08T18:06:22.596+0000] {processor.py:839} INFO - DAG(s) dict_keys(['extract_exchange_rates']) retrieved from /opt/airflow/dags/extract_exchange_rates.py
[2025-04-08T18:06:22.607+0000] {logging_mixin.py:151} INFO - [2025-04-08T18:06:22.607+0000] {dag.py:2941} INFO - Sync 1 DAGs
[2025-04-08T18:06:22.616+0000] {logging_mixin.py:151} INFO - [2025-04-08T18:06:22.616+0000] {dag.py:3722} INFO - Setting next_dagrun for extract_exchange_rates to 2025-04-08T00:00:00+00:00, run_after=2025-04-09T00:00:00+00:00
[2025-04-08T18:06:22.622+0000] {processor.py:179} INFO - Processing /opt/airflow/dags/extract_exchange_rates.py took 0.040 seconds
[2025-04-08T18:06:52.950+0000] {processor.py:157} INFO - Started process (PID=469) to work on /opt/airflow/dags/extract_exchange_rates.py
[2025-04-08T18:06:52.951+0000] {processor.py:829} INFO - Processing file /opt/airflow/dags/extract_exchange_rates.py for tasks to queue
[2025-04-08T18:06:52.952+0000] {logging_mixin.py:151} INFO - [2025-04-08T18:06:52.952+0000] {dagbag.py:536} INFO - Filling up the DagBag from /opt/airflow/dags/extract_exchange_rates.py
[2025-04-08T18:06:52.962+0000] {processor.py:839} INFO - DAG(s) dict_keys(['extract_exchange_rates']) retrieved from /opt/airflow/dags/extract_exchange_rates.py
[2025-04-08T18:06:52.976+0000] {logging_mixin.py:151} INFO - [2025-04-08T18:06:52.976+0000] {dag.py:2941} INFO - Sync 1 DAGs
[2025-04-08T18:06:52.985+0000] {logging_mixin.py:151} INFO - [2025-04-08T18:06:52.985+0000] {dag.py:3722} INFO - Setting next_dagrun for extract_exchange_rates to 2025-04-08T00:00:00+00:00, run_after=2025-04-09T00:00:00+00:00
[2025-04-08T18:06:52.992+0000] {processor.py:179} INFO - Processing /opt/airflow/dags/extract_exchange_rates.py took 0.044 seconds
[2025-04-08T18:07:23.275+0000] {processor.py:157} INFO - Started process (PID=474) to work on /opt/airflow/dags/extract_exchange_rates.py
[2025-04-08T18:07:23.275+0000] {processor.py:829} INFO - Processing file /opt/airflow/dags/extract_exchange_rates.py for tasks to queue
[2025-04-08T18:07:23.276+0000] {logging_mixin.py:151} INFO - [2025-04-08T18:07:23.276+0000] {dagbag.py:536} INFO - Filling up the DagBag from /opt/airflow/dags/extract_exchange_rates.py
[2025-04-08T18:07:23.285+0000] {processor.py:839} INFO - DAG(s) dict_keys(['extract_exchange_rates']) retrieved from /opt/airflow/dags/extract_exchange_rates.py
[2025-04-08T18:07:23.298+0000] {logging_mixin.py:151} INFO - [2025-04-08T18:07:23.298+0000] {dag.py:2941} INFO - Sync 1 DAGs
[2025-04-08T18:07:23.308+0000] {logging_mixin.py:151} INFO - [2025-04-08T18:07:23.308+0000] {dag.py:3722} INFO - Setting next_dagrun for extract_exchange_rates to 2025-04-08T00:00:00+00:00, run_after=2025-04-09T00:00:00+00:00
[2025-04-08T18:07:23.315+0000] {processor.py:179} INFO - Processing /opt/airflow/dags/extract_exchange_rates.py took 0.043 seconds
[2025-04-08T18:07:53.701+0000] {processor.py:157} INFO - Started process (PID=479) to work on /opt/airflow/dags/extract_exchange_rates.py
[2025-04-08T18:07:53.701+0000] {processor.py:829} INFO - Processing file /opt/airflow/dags/extract_exchange_rates.py for tasks to queue
[2025-04-08T18:07:53.702+0000] {logging_mixin.py:151} INFO - [2025-04-08T18:07:53.702+0000] {dagbag.py:536} INFO - Filling up the DagBag from /opt/airflow/dags/extract_exchange_rates.py
[2025-04-08T18:07:53.713+0000] {processor.py:839} INFO - DAG(s) dict_keys(['extract_exchange_rates']) retrieved from /opt/airflow/dags/extract_exchange_rates.py
[2025-04-08T18:07:53.726+0000] {logging_mixin.py:151} INFO - [2025-04-08T18:07:53.726+0000] {dag.py:2941} INFO - Sync 1 DAGs
[2025-04-08T18:07:53.736+0000] {logging_mixin.py:151} INFO - [2025-04-08T18:07:53.736+0000] {dag.py:3722} INFO - Setting next_dagrun for extract_exchange_rates to 2025-04-08T00:00:00+00:00, run_after=2025-04-09T00:00:00+00:00
[2025-04-08T18:07:53.743+0000] {processor.py:179} INFO - Processing /opt/airflow/dags/extract_exchange_rates.py took 0.045 seconds
[2025-04-08T18:08:24.076+0000] {processor.py:157} INFO - Started process (PID=484) to work on /opt/airflow/dags/extract_exchange_rates.py
[2025-04-08T18:08:24.078+0000] {processor.py:829} INFO - Processing file /opt/airflow/dags/extract_exchange_rates.py for tasks to queue
[2025-04-08T18:08:24.078+0000] {logging_mixin.py:151} INFO - [2025-04-08T18:08:24.078+0000] {dagbag.py:536} INFO - Filling up the DagBag from /opt/airflow/dags/extract_exchange_rates.py
[2025-04-08T18:08:24.087+0000] {processor.py:839} INFO - DAG(s) dict_keys(['extract_exchange_rates']) retrieved from /opt/airflow/dags/extract_exchange_rates.py
[2025-04-08T18:08:24.100+0000] {logging_mixin.py:151} INFO - [2025-04-08T18:08:24.100+0000] {dag.py:2941} INFO - Sync 1 DAGs
[2025-04-08T18:08:24.111+0000] {logging_mixin.py:151} INFO - [2025-04-08T18:08:24.110+0000] {dag.py:3722} INFO - Setting next_dagrun for extract_exchange_rates to 2025-04-08T00:00:00+00:00, run_after=2025-04-09T00:00:00+00:00
[2025-04-08T18:08:24.117+0000] {processor.py:179} INFO - Processing /opt/airflow/dags/extract_exchange_rates.py took 0.043 seconds
[2025-04-08T18:08:54.443+0000] {processor.py:157} INFO - Started process (PID=489) to work on /opt/airflow/dags/extract_exchange_rates.py
[2025-04-08T18:08:54.444+0000] {processor.py:829} INFO - Processing file /opt/airflow/dags/extract_exchange_rates.py for tasks to queue
[2025-04-08T18:08:54.444+0000] {logging_mixin.py:151} INFO - [2025-04-08T18:08:54.444+0000] {dagbag.py:536} INFO - Filling up the DagBag from /opt/airflow/dags/extract_exchange_rates.py
[2025-04-08T18:08:54.455+0000] {processor.py:839} INFO - DAG(s) dict_keys(['extract_exchange_rates']) retrieved from /opt/airflow/dags/extract_exchange_rates.py
[2025-04-08T18:08:54.469+0000] {logging_mixin.py:151} INFO - [2025-04-08T18:08:54.469+0000] {dag.py:2941} INFO - Sync 1 DAGs
[2025-04-08T18:08:54.478+0000] {logging_mixin.py:151} INFO - [2025-04-08T18:08:54.478+0000] {dag.py:3722} INFO - Setting next_dagrun for extract_exchange_rates to 2025-04-08T00:00:00+00:00, run_after=2025-04-09T00:00:00+00:00
[2025-04-08T18:08:54.485+0000] {processor.py:179} INFO - Processing /opt/airflow/dags/extract_exchange_rates.py took 0.045 seconds
[2025-04-08T18:09:24.771+0000] {processor.py:157} INFO - Started process (PID=494) to work on /opt/airflow/dags/extract_exchange_rates.py
[2025-04-08T18:09:24.772+0000] {processor.py:829} INFO - Processing file /opt/airflow/dags/extract_exchange_rates.py for tasks to queue
[2025-04-08T18:09:24.773+0000] {logging_mixin.py:151} INFO - [2025-04-08T18:09:24.773+0000] {dagbag.py:536} INFO - Filling up the DagBag from /opt/airflow/dags/extract_exchange_rates.py
[2025-04-08T18:09:24.783+0000] {processor.py:839} INFO - DAG(s) dict_keys(['extract_exchange_rates']) retrieved from /opt/airflow/dags/extract_exchange_rates.py
[2025-04-08T18:09:24.798+0000] {logging_mixin.py:151} INFO - [2025-04-08T18:09:24.797+0000] {dag.py:2941} INFO - Sync 1 DAGs
[2025-04-08T18:09:24.807+0000] {logging_mixin.py:151} INFO - [2025-04-08T18:09:24.807+0000] {dag.py:3722} INFO - Setting next_dagrun for extract_exchange_rates to 2025-04-08T00:00:00+00:00, run_after=2025-04-09T00:00:00+00:00
[2025-04-08T18:09:24.814+0000] {processor.py:179} INFO - Processing /opt/airflow/dags/extract_exchange_rates.py took 0.045 seconds
[2025-04-08T18:09:55.142+0000] {processor.py:157} INFO - Started process (PID=499) to work on /opt/airflow/dags/extract_exchange_rates.py
[2025-04-08T18:09:55.143+0000] {processor.py:829} INFO - Processing file /opt/airflow/dags/extract_exchange_rates.py for tasks to queue
[2025-04-08T18:09:55.144+0000] {logging_mixin.py:151} INFO - [2025-04-08T18:09:55.144+0000] {dagbag.py:536} INFO - Filling up the DagBag from /opt/airflow/dags/extract_exchange_rates.py
[2025-04-08T18:09:55.158+0000] {processor.py:839} INFO - DAG(s) dict_keys(['extract_exchange_rates']) retrieved from /opt/airflow/dags/extract_exchange_rates.py
[2025-04-08T18:09:55.171+0000] {logging_mixin.py:151} INFO - [2025-04-08T18:09:55.171+0000] {dag.py:2941} INFO - Sync 1 DAGs
[2025-04-08T18:09:55.181+0000] {logging_mixin.py:151} INFO - [2025-04-08T18:09:55.181+0000] {dag.py:3722} INFO - Setting next_dagrun for extract_exchange_rates to 2025-04-08T00:00:00+00:00, run_after=2025-04-09T00:00:00+00:00
[2025-04-08T18:09:55.188+0000] {processor.py:179} INFO - Processing /opt/airflow/dags/extract_exchange_rates.py took 0.048 seconds
[2025-04-08T18:10:25.530+0000] {processor.py:157} INFO - Started process (PID=504) to work on /opt/airflow/dags/extract_exchange_rates.py
[2025-04-08T18:10:25.531+0000] {processor.py:829} INFO - Processing file /opt/airflow/dags/extract_exchange_rates.py for tasks to queue
[2025-04-08T18:10:25.531+0000] {logging_mixin.py:151} INFO - [2025-04-08T18:10:25.531+0000] {dagbag.py:536} INFO - Filling up the DagBag from /opt/airflow/dags/extract_exchange_rates.py
[2025-04-08T18:10:25.540+0000] {processor.py:839} INFO - DAG(s) dict_keys(['extract_exchange_rates']) retrieved from /opt/airflow/dags/extract_exchange_rates.py
[2025-04-08T18:10:25.553+0000] {logging_mixin.py:151} INFO - [2025-04-08T18:10:25.553+0000] {dag.py:2941} INFO - Sync 1 DAGs
[2025-04-08T18:10:25.562+0000] {logging_mixin.py:151} INFO - [2025-04-08T18:10:25.562+0000] {dag.py:3722} INFO - Setting next_dagrun for extract_exchange_rates to 2025-04-08T00:00:00+00:00, run_after=2025-04-09T00:00:00+00:00
[2025-04-08T18:10:25.569+0000] {processor.py:179} INFO - Processing /opt/airflow/dags/extract_exchange_rates.py took 0.041 seconds
[2025-04-08T18:10:55.880+0000] {processor.py:157} INFO - Started process (PID=509) to work on /opt/airflow/dags/extract_exchange_rates.py
[2025-04-08T18:10:55.880+0000] {processor.py:829} INFO - Processing file /opt/airflow/dags/extract_exchange_rates.py for tasks to queue
[2025-04-08T18:10:55.881+0000] {logging_mixin.py:151} INFO - [2025-04-08T18:10:55.880+0000] {dagbag.py:536} INFO - Filling up the DagBag from /opt/airflow/dags/extract_exchange_rates.py
[2025-04-08T18:10:55.889+0000] {processor.py:839} INFO - DAG(s) dict_keys(['extract_exchange_rates']) retrieved from /opt/airflow/dags/extract_exchange_rates.py
[2025-04-08T18:10:55.902+0000] {logging_mixin.py:151} INFO - [2025-04-08T18:10:55.902+0000] {dag.py:2941} INFO - Sync 1 DAGs
[2025-04-08T18:10:55.912+0000] {logging_mixin.py:151} INFO - [2025-04-08T18:10:55.912+0000] {dag.py:3722} INFO - Setting next_dagrun for extract_exchange_rates to 2025-04-08T00:00:00+00:00, run_after=2025-04-09T00:00:00+00:00
[2025-04-08T18:10:55.919+0000] {processor.py:179} INFO - Processing /opt/airflow/dags/extract_exchange_rates.py took 0.042 seconds
[2025-04-08T18:11:26.211+0000] {processor.py:157} INFO - Started process (PID=514) to work on /opt/airflow/dags/extract_exchange_rates.py
[2025-04-08T18:11:26.212+0000] {processor.py:829} INFO - Processing file /opt/airflow/dags/extract_exchange_rates.py for tasks to queue
[2025-04-08T18:11:26.212+0000] {logging_mixin.py:151} INFO - [2025-04-08T18:11:26.212+0000] {dagbag.py:536} INFO - Filling up the DagBag from /opt/airflow/dags/extract_exchange_rates.py
[2025-04-08T18:11:26.222+0000] {processor.py:839} INFO - DAG(s) dict_keys(['extract_exchange_rates']) retrieved from /opt/airflow/dags/extract_exchange_rates.py
[2025-04-08T18:11:26.235+0000] {logging_mixin.py:151} INFO - [2025-04-08T18:11:26.235+0000] {dag.py:2941} INFO - Sync 1 DAGs
[2025-04-08T18:11:26.245+0000] {logging_mixin.py:151} INFO - [2025-04-08T18:11:26.245+0000] {dag.py:3722} INFO - Setting next_dagrun for extract_exchange_rates to 2025-04-08T00:00:00+00:00, run_after=2025-04-09T00:00:00+00:00
[2025-04-08T18:11:26.252+0000] {processor.py:179} INFO - Processing /opt/airflow/dags/extract_exchange_rates.py took 0.044 seconds
[2025-04-08T18:11:56.487+0000] {processor.py:157} INFO - Started process (PID=519) to work on /opt/airflow/dags/extract_exchange_rates.py
[2025-04-08T18:11:56.488+0000] {processor.py:829} INFO - Processing file /opt/airflow/dags/extract_exchange_rates.py for tasks to queue
[2025-04-08T18:11:56.489+0000] {logging_mixin.py:151} INFO - [2025-04-08T18:11:56.489+0000] {dagbag.py:536} INFO - Filling up the DagBag from /opt/airflow/dags/extract_exchange_rates.py
[2025-04-08T18:11:56.499+0000] {processor.py:839} INFO - DAG(s) dict_keys(['extract_exchange_rates']) retrieved from /opt/airflow/dags/extract_exchange_rates.py
[2025-04-08T18:11:56.512+0000] {logging_mixin.py:151} INFO - [2025-04-08T18:11:56.511+0000] {dag.py:2941} INFO - Sync 1 DAGs
[2025-04-08T18:11:56.521+0000] {logging_mixin.py:151} INFO - [2025-04-08T18:11:56.521+0000] {dag.py:3722} INFO - Setting next_dagrun for extract_exchange_rates to 2025-04-08T00:00:00+00:00, run_after=2025-04-09T00:00:00+00:00
[2025-04-08T18:11:56.528+0000] {processor.py:179} INFO - Processing /opt/airflow/dags/extract_exchange_rates.py took 0.043 seconds
[2025-04-08T18:12:26.801+0000] {processor.py:157} INFO - Started process (PID=524) to work on /opt/airflow/dags/extract_exchange_rates.py
[2025-04-08T18:12:26.801+0000] {processor.py:829} INFO - Processing file /opt/airflow/dags/extract_exchange_rates.py for tasks to queue
[2025-04-08T18:12:26.801+0000] {logging_mixin.py:151} INFO - [2025-04-08T18:12:26.801+0000] {dagbag.py:536} INFO - Filling up the DagBag from /opt/airflow/dags/extract_exchange_rates.py
[2025-04-08T18:12:26.809+0000] {processor.py:839} INFO - DAG(s) dict_keys(['extract_exchange_rates']) retrieved from /opt/airflow/dags/extract_exchange_rates.py
[2025-04-08T18:12:26.822+0000] {logging_mixin.py:151} INFO - [2025-04-08T18:12:26.822+0000] {dag.py:2941} INFO - Sync 1 DAGs
[2025-04-08T18:12:26.831+0000] {logging_mixin.py:151} INFO - [2025-04-08T18:12:26.831+0000] {dag.py:3722} INFO - Setting next_dagrun for extract_exchange_rates to 2025-04-08T00:00:00+00:00, run_after=2025-04-09T00:00:00+00:00
[2025-04-08T18:12:26.838+0000] {processor.py:179} INFO - Processing /opt/airflow/dags/extract_exchange_rates.py took 0.039 seconds
[2025-04-08T18:12:57.154+0000] {processor.py:157} INFO - Started process (PID=529) to work on /opt/airflow/dags/extract_exchange_rates.py
[2025-04-08T18:12:57.155+0000] {processor.py:829} INFO - Processing file /opt/airflow/dags/extract_exchange_rates.py for tasks to queue
[2025-04-08T18:12:57.156+0000] {logging_mixin.py:151} INFO - [2025-04-08T18:12:57.155+0000] {dagbag.py:536} INFO - Filling up the DagBag from /opt/airflow/dags/extract_exchange_rates.py
[2025-04-08T18:12:57.167+0000] {processor.py:839} INFO - DAG(s) dict_keys(['extract_exchange_rates']) retrieved from /opt/airflow/dags/extract_exchange_rates.py
[2025-04-08T18:12:57.181+0000] {logging_mixin.py:151} INFO - [2025-04-08T18:12:57.181+0000] {dag.py:2941} INFO - Sync 1 DAGs
[2025-04-08T18:12:57.190+0000] {logging_mixin.py:151} INFO - [2025-04-08T18:12:57.190+0000] {dag.py:3722} INFO - Setting next_dagrun for extract_exchange_rates to 2025-04-08T00:00:00+00:00, run_after=2025-04-09T00:00:00+00:00
[2025-04-08T18:12:57.197+0000] {processor.py:179} INFO - Processing /opt/airflow/dags/extract_exchange_rates.py took 0.046 seconds
[2025-04-08T18:13:27.524+0000] {processor.py:157} INFO - Started process (PID=534) to work on /opt/airflow/dags/extract_exchange_rates.py
[2025-04-08T18:13:27.525+0000] {processor.py:829} INFO - Processing file /opt/airflow/dags/extract_exchange_rates.py for tasks to queue
[2025-04-08T18:13:27.525+0000] {logging_mixin.py:151} INFO - [2025-04-08T18:13:27.525+0000] {dagbag.py:536} INFO - Filling up the DagBag from /opt/airflow/dags/extract_exchange_rates.py
[2025-04-08T18:13:27.537+0000] {processor.py:839} INFO - DAG(s) dict_keys(['extract_exchange_rates']) retrieved from /opt/airflow/dags/extract_exchange_rates.py
[2025-04-08T18:13:27.551+0000] {logging_mixin.py:151} INFO - [2025-04-08T18:13:27.551+0000] {dag.py:2941} INFO - Sync 1 DAGs
[2025-04-08T18:13:27.561+0000] {logging_mixin.py:151} INFO - [2025-04-08T18:13:27.561+0000] {dag.py:3722} INFO - Setting next_dagrun for extract_exchange_rates to 2025-04-08T00:00:00+00:00, run_after=2025-04-09T00:00:00+00:00
[2025-04-08T18:13:27.568+0000] {processor.py:179} INFO - Processing /opt/airflow/dags/extract_exchange_rates.py took 0.046 seconds
[2025-04-08T18:13:57.879+0000] {processor.py:157} INFO - Started process (PID=539) to work on /opt/airflow/dags/extract_exchange_rates.py
[2025-04-08T18:13:57.880+0000] {processor.py:829} INFO - Processing file /opt/airflow/dags/extract_exchange_rates.py for tasks to queue
[2025-04-08T18:13:57.881+0000] {logging_mixin.py:151} INFO - [2025-04-08T18:13:57.881+0000] {dagbag.py:536} INFO - Filling up the DagBag from /opt/airflow/dags/extract_exchange_rates.py
[2025-04-08T18:13:57.892+0000] {processor.py:839} INFO - DAG(s) dict_keys(['extract_exchange_rates']) retrieved from /opt/airflow/dags/extract_exchange_rates.py
[2025-04-08T18:13:57.906+0000] {logging_mixin.py:151} INFO - [2025-04-08T18:13:57.906+0000] {dag.py:2941} INFO - Sync 1 DAGs
[2025-04-08T18:13:57.916+0000] {logging_mixin.py:151} INFO - [2025-04-08T18:13:57.916+0000] {dag.py:3722} INFO - Setting next_dagrun for extract_exchange_rates to 2025-04-08T00:00:00+00:00, run_after=2025-04-09T00:00:00+00:00
[2025-04-08T18:13:57.924+0000] {processor.py:179} INFO - Processing /opt/airflow/dags/extract_exchange_rates.py took 0.046 seconds
[2025-04-08T18:14:28.187+0000] {processor.py:157} INFO - Started process (PID=544) to work on /opt/airflow/dags/extract_exchange_rates.py
[2025-04-08T18:14:28.188+0000] {processor.py:829} INFO - Processing file /opt/airflow/dags/extract_exchange_rates.py for tasks to queue
[2025-04-08T18:14:28.188+0000] {logging_mixin.py:151} INFO - [2025-04-08T18:14:28.188+0000] {dagbag.py:536} INFO - Filling up the DagBag from /opt/airflow/dags/extract_exchange_rates.py
[2025-04-08T18:14:28.199+0000] {processor.py:839} INFO - DAG(s) dict_keys(['extract_exchange_rates']) retrieved from /opt/airflow/dags/extract_exchange_rates.py
[2025-04-08T18:14:28.214+0000] {logging_mixin.py:151} INFO - [2025-04-08T18:14:28.214+0000] {dag.py:2941} INFO - Sync 1 DAGs
[2025-04-08T18:14:28.224+0000] {logging_mixin.py:151} INFO - [2025-04-08T18:14:28.224+0000] {dag.py:3722} INFO - Setting next_dagrun for extract_exchange_rates to 2025-04-08T00:00:00+00:00, run_after=2025-04-09T00:00:00+00:00
[2025-04-08T18:14:28.231+0000] {processor.py:179} INFO - Processing /opt/airflow/dags/extract_exchange_rates.py took 0.047 seconds
[2025-04-08T18:14:58.570+0000] {processor.py:157} INFO - Started process (PID=549) to work on /opt/airflow/dags/extract_exchange_rates.py
[2025-04-08T18:14:58.571+0000] {processor.py:829} INFO - Processing file /opt/airflow/dags/extract_exchange_rates.py for tasks to queue
[2025-04-08T18:14:58.571+0000] {logging_mixin.py:151} INFO - [2025-04-08T18:14:58.571+0000] {dagbag.py:536} INFO - Filling up the DagBag from /opt/airflow/dags/extract_exchange_rates.py
[2025-04-08T18:14:58.584+0000] {processor.py:839} INFO - DAG(s) dict_keys(['extract_exchange_rates']) retrieved from /opt/airflow/dags/extract_exchange_rates.py
[2025-04-08T18:14:58.598+0000] {logging_mixin.py:151} INFO - [2025-04-08T18:14:58.598+0000] {dag.py:2941} INFO - Sync 1 DAGs
[2025-04-08T18:14:58.608+0000] {logging_mixin.py:151} INFO - [2025-04-08T18:14:58.608+0000] {dag.py:3722} INFO - Setting next_dagrun for extract_exchange_rates to 2025-04-08T00:00:00+00:00, run_after=2025-04-09T00:00:00+00:00
[2025-04-08T18:14:58.614+0000] {processor.py:179} INFO - Processing /opt/airflow/dags/extract_exchange_rates.py took 0.047 seconds
[2025-04-08T18:15:28.951+0000] {processor.py:157} INFO - Started process (PID=554) to work on /opt/airflow/dags/extract_exchange_rates.py
[2025-04-08T18:15:28.953+0000] {processor.py:829} INFO - Processing file /opt/airflow/dags/extract_exchange_rates.py for tasks to queue
[2025-04-08T18:15:28.954+0000] {logging_mixin.py:151} INFO - [2025-04-08T18:15:28.953+0000] {dagbag.py:536} INFO - Filling up the DagBag from /opt/airflow/dags/extract_exchange_rates.py
[2025-04-08T18:15:28.964+0000] {processor.py:839} INFO - DAG(s) dict_keys(['extract_exchange_rates']) retrieved from /opt/airflow/dags/extract_exchange_rates.py
[2025-04-08T18:15:28.977+0000] {logging_mixin.py:151} INFO - [2025-04-08T18:15:28.977+0000] {dag.py:2941} INFO - Sync 1 DAGs
[2025-04-08T18:15:28.987+0000] {logging_mixin.py:151} INFO - [2025-04-08T18:15:28.987+0000] {dag.py:3722} INFO - Setting next_dagrun for extract_exchange_rates to 2025-04-08T00:00:00+00:00, run_after=2025-04-09T00:00:00+00:00
[2025-04-08T18:15:28.994+0000] {processor.py:179} INFO - Processing /opt/airflow/dags/extract_exchange_rates.py took 0.045 seconds
[2025-04-08T18:15:59.341+0000] {processor.py:157} INFO - Started process (PID=559) to work on /opt/airflow/dags/extract_exchange_rates.py
[2025-04-08T18:15:59.342+0000] {processor.py:829} INFO - Processing file /opt/airflow/dags/extract_exchange_rates.py for tasks to queue
[2025-04-08T18:15:59.343+0000] {logging_mixin.py:151} INFO - [2025-04-08T18:15:59.342+0000] {dagbag.py:536} INFO - Filling up the DagBag from /opt/airflow/dags/extract_exchange_rates.py
[2025-04-08T18:15:59.353+0000] {processor.py:839} INFO - DAG(s) dict_keys(['extract_exchange_rates']) retrieved from /opt/airflow/dags/extract_exchange_rates.py
[2025-04-08T18:15:59.367+0000] {logging_mixin.py:151} INFO - [2025-04-08T18:15:59.367+0000] {dag.py:2941} INFO - Sync 1 DAGs
[2025-04-08T18:15:59.376+0000] {logging_mixin.py:151} INFO - [2025-04-08T18:15:59.376+0000] {dag.py:3722} INFO - Setting next_dagrun for extract_exchange_rates to 2025-04-08T00:00:00+00:00, run_after=2025-04-09T00:00:00+00:00
[2025-04-08T18:15:59.383+0000] {processor.py:179} INFO - Processing /opt/airflow/dags/extract_exchange_rates.py took 0.045 seconds
[2025-04-08T18:16:29.715+0000] {processor.py:157} INFO - Started process (PID=564) to work on /opt/airflow/dags/extract_exchange_rates.py
[2025-04-08T18:16:29.716+0000] {processor.py:829} INFO - Processing file /opt/airflow/dags/extract_exchange_rates.py for tasks to queue
[2025-04-08T18:16:29.717+0000] {logging_mixin.py:151} INFO - [2025-04-08T18:16:29.716+0000] {dagbag.py:536} INFO - Filling up the DagBag from /opt/airflow/dags/extract_exchange_rates.py
[2025-04-08T18:16:29.726+0000] {processor.py:839} INFO - DAG(s) dict_keys(['extract_exchange_rates']) retrieved from /opt/airflow/dags/extract_exchange_rates.py
[2025-04-08T18:16:29.739+0000] {logging_mixin.py:151} INFO - [2025-04-08T18:16:29.739+0000] {dag.py:2941} INFO - Sync 1 DAGs
[2025-04-08T18:16:29.749+0000] {logging_mixin.py:151} INFO - [2025-04-08T18:16:29.749+0000] {dag.py:3722} INFO - Setting next_dagrun for extract_exchange_rates to 2025-04-08T00:00:00+00:00, run_after=2025-04-09T00:00:00+00:00
[2025-04-08T18:16:29.756+0000] {processor.py:179} INFO - Processing /opt/airflow/dags/extract_exchange_rates.py took 0.044 seconds
[2025-04-08T18:17:00.023+0000] {processor.py:157} INFO - Started process (PID=569) to work on /opt/airflow/dags/extract_exchange_rates.py
[2025-04-08T18:17:00.024+0000] {processor.py:829} INFO - Processing file /opt/airflow/dags/extract_exchange_rates.py for tasks to queue
[2025-04-08T18:17:00.024+0000] {logging_mixin.py:151} INFO - [2025-04-08T18:17:00.024+0000] {dagbag.py:536} INFO - Filling up the DagBag from /opt/airflow/dags/extract_exchange_rates.py
[2025-04-08T18:17:00.033+0000] {processor.py:839} INFO - DAG(s) dict_keys(['extract_exchange_rates']) retrieved from /opt/airflow/dags/extract_exchange_rates.py
[2025-04-08T18:17:00.046+0000] {logging_mixin.py:151} INFO - [2025-04-08T18:17:00.046+0000] {dag.py:2941} INFO - Sync 1 DAGs
[2025-04-08T18:17:00.056+0000] {logging_mixin.py:151} INFO - [2025-04-08T18:17:00.056+0000] {dag.py:3722} INFO - Setting next_dagrun for extract_exchange_rates to 2025-04-08T00:00:00+00:00, run_after=2025-04-09T00:00:00+00:00
[2025-04-08T18:17:00.063+0000] {processor.py:179} INFO - Processing /opt/airflow/dags/extract_exchange_rates.py took 0.042 seconds
[2025-04-08T18:17:30.327+0000] {processor.py:157} INFO - Started process (PID=574) to work on /opt/airflow/dags/extract_exchange_rates.py
[2025-04-08T18:17:30.328+0000] {processor.py:829} INFO - Processing file /opt/airflow/dags/extract_exchange_rates.py for tasks to queue
[2025-04-08T18:17:30.329+0000] {logging_mixin.py:151} INFO - [2025-04-08T18:17:30.328+0000] {dagbag.py:536} INFO - Filling up the DagBag from /opt/airflow/dags/extract_exchange_rates.py
[2025-04-08T18:17:30.339+0000] {processor.py:839} INFO - DAG(s) dict_keys(['extract_exchange_rates']) retrieved from /opt/airflow/dags/extract_exchange_rates.py
[2025-04-08T18:17:30.355+0000] {logging_mixin.py:151} INFO - [2025-04-08T18:17:30.355+0000] {dag.py:2941} INFO - Sync 1 DAGs
[2025-04-08T18:17:30.364+0000] {logging_mixin.py:151} INFO - [2025-04-08T18:17:30.364+0000] {dag.py:3722} INFO - Setting next_dagrun for extract_exchange_rates to 2025-04-08T00:00:00+00:00, run_after=2025-04-09T00:00:00+00:00
[2025-04-08T18:17:30.371+0000] {processor.py:179} INFO - Processing /opt/airflow/dags/extract_exchange_rates.py took 0.046 seconds
[2025-04-08T18:18:00.659+0000] {processor.py:157} INFO - Started process (PID=579) to work on /opt/airflow/dags/extract_exchange_rates.py
[2025-04-08T18:18:00.660+0000] {processor.py:829} INFO - Processing file /opt/airflow/dags/extract_exchange_rates.py for tasks to queue
[2025-04-08T18:18:00.661+0000] {logging_mixin.py:151} INFO - [2025-04-08T18:18:00.660+0000] {dagbag.py:536} INFO - Filling up the DagBag from /opt/airflow/dags/extract_exchange_rates.py
[2025-04-08T18:18:00.671+0000] {processor.py:839} INFO - DAG(s) dict_keys(['extract_exchange_rates']) retrieved from /opt/airflow/dags/extract_exchange_rates.py
[2025-04-08T18:18:00.687+0000] {logging_mixin.py:151} INFO - [2025-04-08T18:18:00.687+0000] {dag.py:2941} INFO - Sync 1 DAGs
[2025-04-08T18:18:00.696+0000] {logging_mixin.py:151} INFO - [2025-04-08T18:18:00.696+0000] {dag.py:3722} INFO - Setting next_dagrun for extract_exchange_rates to 2025-04-08T00:00:00+00:00, run_after=2025-04-09T00:00:00+00:00
[2025-04-08T18:18:00.703+0000] {processor.py:179} INFO - Processing /opt/airflow/dags/extract_exchange_rates.py took 0.047 seconds
[2025-04-08T18:18:30.928+0000] {processor.py:157} INFO - Started process (PID=584) to work on /opt/airflow/dags/extract_exchange_rates.py
[2025-04-08T18:18:30.929+0000] {processor.py:829} INFO - Processing file /opt/airflow/dags/extract_exchange_rates.py for tasks to queue
[2025-04-08T18:18:30.930+0000] {logging_mixin.py:151} INFO - [2025-04-08T18:18:30.929+0000] {dagbag.py:536} INFO - Filling up the DagBag from /opt/airflow/dags/extract_exchange_rates.py
[2025-04-08T18:18:30.943+0000] {processor.py:839} INFO - DAG(s) dict_keys(['extract_exchange_rates']) retrieved from /opt/airflow/dags/extract_exchange_rates.py
[2025-04-08T18:18:30.957+0000] {logging_mixin.py:151} INFO - [2025-04-08T18:18:30.957+0000] {dag.py:2941} INFO - Sync 1 DAGs
[2025-04-08T18:18:30.967+0000] {logging_mixin.py:151} INFO - [2025-04-08T18:18:30.967+0000] {dag.py:3722} INFO - Setting next_dagrun for extract_exchange_rates to 2025-04-08T00:00:00+00:00, run_after=2025-04-09T00:00:00+00:00
[2025-04-08T18:18:30.973+0000] {processor.py:179} INFO - Processing /opt/airflow/dags/extract_exchange_rates.py took 0.048 seconds
[2025-04-08T18:19:01.238+0000] {processor.py:157} INFO - Started process (PID=589) to work on /opt/airflow/dags/extract_exchange_rates.py
[2025-04-08T18:19:01.239+0000] {processor.py:829} INFO - Processing file /opt/airflow/dags/extract_exchange_rates.py for tasks to queue
[2025-04-08T18:19:01.239+0000] {logging_mixin.py:151} INFO - [2025-04-08T18:19:01.239+0000] {dagbag.py:536} INFO - Filling up the DagBag from /opt/airflow/dags/extract_exchange_rates.py
[2025-04-08T18:19:01.251+0000] {processor.py:839} INFO - DAG(s) dict_keys(['extract_exchange_rates']) retrieved from /opt/airflow/dags/extract_exchange_rates.py
[2025-04-08T18:19:01.263+0000] {logging_mixin.py:151} INFO - [2025-04-08T18:19:01.263+0000] {dag.py:2941} INFO - Sync 1 DAGs
[2025-04-08T18:19:01.273+0000] {logging_mixin.py:151} INFO - [2025-04-08T18:19:01.273+0000] {dag.py:3722} INFO - Setting next_dagrun for extract_exchange_rates to 2025-04-08T00:00:00+00:00, run_after=2025-04-09T00:00:00+00:00
[2025-04-08T18:19:01.280+0000] {processor.py:179} INFO - Processing /opt/airflow/dags/extract_exchange_rates.py took 0.045 seconds
[2025-04-08T18:19:38.565+0000] {processor.py:157} INFO - Started process (PID=594) to work on /opt/airflow/dags/extract_exchange_rates.py
[2025-04-08T18:19:38.567+0000] {processor.py:829} INFO - Processing file /opt/airflow/dags/extract_exchange_rates.py for tasks to queue
[2025-04-08T18:19:38.568+0000] {logging_mixin.py:151} INFO - [2025-04-08T18:19:38.567+0000] {dagbag.py:536} INFO - Filling up the DagBag from /opt/airflow/dags/extract_exchange_rates.py
[2025-04-08T18:19:38.584+0000] {processor.py:839} INFO - DAG(s) dict_keys(['extract_exchange_rates']) retrieved from /opt/airflow/dags/extract_exchange_rates.py
[2025-04-08T18:19:38.604+0000] {logging_mixin.py:151} INFO - [2025-04-08T18:19:38.604+0000] {dag.py:2941} INFO - Sync 1 DAGs
[2025-04-08T18:19:38.620+0000] {logging_mixin.py:151} INFO - [2025-04-08T18:19:38.619+0000] {dag.py:3722} INFO - Setting next_dagrun for extract_exchange_rates to 2025-04-08T00:00:00+00:00, run_after=2025-04-09T00:00:00+00:00
[2025-04-08T18:19:38.629+0000] {processor.py:179} INFO - Processing /opt/airflow/dags/extract_exchange_rates.py took 0.068 seconds
[2025-04-08T18:20:08.866+0000] {processor.py:157} INFO - Started process (PID=599) to work on /opt/airflow/dags/extract_exchange_rates.py
[2025-04-08T18:20:08.867+0000] {processor.py:829} INFO - Processing file /opt/airflow/dags/extract_exchange_rates.py for tasks to queue
[2025-04-08T18:20:08.868+0000] {logging_mixin.py:151} INFO - [2025-04-08T18:20:08.867+0000] {dagbag.py:536} INFO - Filling up the DagBag from /opt/airflow/dags/extract_exchange_rates.py
[2025-04-08T18:20:08.879+0000] {processor.py:839} INFO - DAG(s) dict_keys(['extract_exchange_rates']) retrieved from /opt/airflow/dags/extract_exchange_rates.py
[2025-04-08T18:20:08.895+0000] {logging_mixin.py:151} INFO - [2025-04-08T18:20:08.895+0000] {dag.py:2941} INFO - Sync 1 DAGs
[2025-04-08T18:20:08.906+0000] {logging_mixin.py:151} INFO - [2025-04-08T18:20:08.906+0000] {dag.py:3722} INFO - Setting next_dagrun for extract_exchange_rates to 2025-04-08T00:00:00+00:00, run_after=2025-04-09T00:00:00+00:00
[2025-04-08T18:20:08.914+0000] {processor.py:179} INFO - Processing /opt/airflow/dags/extract_exchange_rates.py took 0.050 seconds
[2025-04-08T18:20:39.192+0000] {processor.py:157} INFO - Started process (PID=604) to work on /opt/airflow/dags/extract_exchange_rates.py
[2025-04-08T18:20:39.193+0000] {processor.py:829} INFO - Processing file /opt/airflow/dags/extract_exchange_rates.py for tasks to queue
[2025-04-08T18:20:39.194+0000] {logging_mixin.py:151} INFO - [2025-04-08T18:20:39.193+0000] {dagbag.py:536} INFO - Filling up the DagBag from /opt/airflow/dags/extract_exchange_rates.py
[2025-04-08T18:20:39.204+0000] {processor.py:839} INFO - DAG(s) dict_keys(['extract_exchange_rates']) retrieved from /opt/airflow/dags/extract_exchange_rates.py
[2025-04-08T18:20:39.217+0000] {logging_mixin.py:151} INFO - [2025-04-08T18:20:39.217+0000] {dag.py:2941} INFO - Sync 1 DAGs
[2025-04-08T18:20:39.227+0000] {logging_mixin.py:151} INFO - [2025-04-08T18:20:39.227+0000] {dag.py:3722} INFO - Setting next_dagrun for extract_exchange_rates to 2025-04-08T00:00:00+00:00, run_after=2025-04-09T00:00:00+00:00
[2025-04-08T18:20:39.234+0000] {processor.py:179} INFO - Processing /opt/airflow/dags/extract_exchange_rates.py took 0.045 seconds
[2025-04-08T18:21:09.475+0000] {processor.py:157} INFO - Started process (PID=609) to work on /opt/airflow/dags/extract_exchange_rates.py
[2025-04-08T18:21:09.476+0000] {processor.py:829} INFO - Processing file /opt/airflow/dags/extract_exchange_rates.py for tasks to queue
[2025-04-08T18:21:09.477+0000] {logging_mixin.py:151} INFO - [2025-04-08T18:21:09.477+0000] {dagbag.py:536} INFO - Filling up the DagBag from /opt/airflow/dags/extract_exchange_rates.py
[2025-04-08T18:21:09.488+0000] {processor.py:839} INFO - DAG(s) dict_keys(['extract_exchange_rates']) retrieved from /opt/airflow/dags/extract_exchange_rates.py
[2025-04-08T18:21:09.506+0000] {logging_mixin.py:151} INFO - [2025-04-08T18:21:09.505+0000] {dag.py:2941} INFO - Sync 1 DAGs
[2025-04-08T18:21:09.517+0000] {logging_mixin.py:151} INFO - [2025-04-08T18:21:09.517+0000] {dag.py:3722} INFO - Setting next_dagrun for extract_exchange_rates to 2025-04-08T00:00:00+00:00, run_after=2025-04-09T00:00:00+00:00
[2025-04-08T18:21:09.525+0000] {processor.py:179} INFO - Processing /opt/airflow/dags/extract_exchange_rates.py took 0.053 seconds
[2025-04-08T18:21:39.735+0000] {processor.py:157} INFO - Started process (PID=614) to work on /opt/airflow/dags/extract_exchange_rates.py
[2025-04-08T18:21:39.735+0000] {processor.py:829} INFO - Processing file /opt/airflow/dags/extract_exchange_rates.py for tasks to queue
[2025-04-08T18:21:39.736+0000] {logging_mixin.py:151} INFO - [2025-04-08T18:21:39.736+0000] {dagbag.py:536} INFO - Filling up the DagBag from /opt/airflow/dags/extract_exchange_rates.py
[2025-04-08T18:21:39.749+0000] {processor.py:839} INFO - DAG(s) dict_keys(['extract_exchange_rates']) retrieved from /opt/airflow/dags/extract_exchange_rates.py
[2025-04-08T18:21:39.762+0000] {logging_mixin.py:151} INFO - [2025-04-08T18:21:39.762+0000] {dag.py:2941} INFO - Sync 1 DAGs
[2025-04-08T18:21:39.772+0000] {logging_mixin.py:151} INFO - [2025-04-08T18:21:39.772+0000] {dag.py:3722} INFO - Setting next_dagrun for extract_exchange_rates to 2025-04-08T00:00:00+00:00, run_after=2025-04-09T00:00:00+00:00
[2025-04-08T18:21:39.779+0000] {processor.py:179} INFO - Processing /opt/airflow/dags/extract_exchange_rates.py took 0.047 seconds
[2025-04-08T18:22:10.030+0000] {processor.py:157} INFO - Started process (PID=619) to work on /opt/airflow/dags/extract_exchange_rates.py
[2025-04-08T18:22:10.031+0000] {processor.py:829} INFO - Processing file /opt/airflow/dags/extract_exchange_rates.py for tasks to queue
[2025-04-08T18:22:10.032+0000] {logging_mixin.py:151} INFO - [2025-04-08T18:22:10.032+0000] {dagbag.py:536} INFO - Filling up the DagBag from /opt/airflow/dags/extract_exchange_rates.py
[2025-04-08T18:22:10.042+0000] {processor.py:839} INFO - DAG(s) dict_keys(['extract_exchange_rates']) retrieved from /opt/airflow/dags/extract_exchange_rates.py
[2025-04-08T18:22:10.056+0000] {logging_mixin.py:151} INFO - [2025-04-08T18:22:10.056+0000] {dag.py:2941} INFO - Sync 1 DAGs
[2025-04-08T18:22:10.066+0000] {logging_mixin.py:151} INFO - [2025-04-08T18:22:10.066+0000] {dag.py:3722} INFO - Setting next_dagrun for extract_exchange_rates to 2025-04-08T00:00:00+00:00, run_after=2025-04-09T00:00:00+00:00
[2025-04-08T18:22:10.073+0000] {processor.py:179} INFO - Processing /opt/airflow/dags/extract_exchange_rates.py took 0.045 seconds
[2025-04-08T18:22:40.300+0000] {processor.py:157} INFO - Started process (PID=624) to work on /opt/airflow/dags/extract_exchange_rates.py
[2025-04-08T18:22:40.301+0000] {processor.py:829} INFO - Processing file /opt/airflow/dags/extract_exchange_rates.py for tasks to queue
[2025-04-08T18:22:40.301+0000] {logging_mixin.py:151} INFO - [2025-04-08T18:22:40.301+0000] {dagbag.py:536} INFO - Filling up the DagBag from /opt/airflow/dags/extract_exchange_rates.py
[2025-04-08T18:22:40.312+0000] {processor.py:839} INFO - DAG(s) dict_keys(['extract_exchange_rates']) retrieved from /opt/airflow/dags/extract_exchange_rates.py
[2025-04-08T18:22:40.327+0000] {logging_mixin.py:151} INFO - [2025-04-08T18:22:40.327+0000] {dag.py:2941} INFO - Sync 1 DAGs
[2025-04-08T18:22:40.337+0000] {logging_mixin.py:151} INFO - [2025-04-08T18:22:40.337+0000] {dag.py:3722} INFO - Setting next_dagrun for extract_exchange_rates to 2025-04-08T00:00:00+00:00, run_after=2025-04-09T00:00:00+00:00
[2025-04-08T18:22:40.344+0000] {processor.py:179} INFO - Processing /opt/airflow/dags/extract_exchange_rates.py took 0.047 seconds
[2025-04-08T18:23:10.629+0000] {processor.py:157} INFO - Started process (PID=629) to work on /opt/airflow/dags/extract_exchange_rates.py
[2025-04-08T18:23:10.630+0000] {processor.py:829} INFO - Processing file /opt/airflow/dags/extract_exchange_rates.py for tasks to queue
[2025-04-08T18:23:10.631+0000] {logging_mixin.py:151} INFO - [2025-04-08T18:23:10.631+0000] {dagbag.py:536} INFO - Filling up the DagBag from /opt/airflow/dags/extract_exchange_rates.py
[2025-04-08T18:23:10.642+0000] {processor.py:839} INFO - DAG(s) dict_keys(['extract_exchange_rates']) retrieved from /opt/airflow/dags/extract_exchange_rates.py
[2025-04-08T18:23:10.655+0000] {logging_mixin.py:151} INFO - [2025-04-08T18:23:10.654+0000] {dag.py:2941} INFO - Sync 1 DAGs
[2025-04-08T18:23:10.666+0000] {logging_mixin.py:151} INFO - [2025-04-08T18:23:10.666+0000] {dag.py:3722} INFO - Setting next_dagrun for extract_exchange_rates to 2025-04-08T00:00:00+00:00, run_after=2025-04-09T00:00:00+00:00
[2025-04-08T18:23:10.674+0000] {processor.py:179} INFO - Processing /opt/airflow/dags/extract_exchange_rates.py took 0.047 seconds
[2025-04-08T18:23:40.973+0000] {processor.py:157} INFO - Started process (PID=634) to work on /opt/airflow/dags/extract_exchange_rates.py
[2025-04-08T18:23:40.974+0000] {processor.py:829} INFO - Processing file /opt/airflow/dags/extract_exchange_rates.py for tasks to queue
[2025-04-08T18:23:40.974+0000] {logging_mixin.py:151} INFO - [2025-04-08T18:23:40.974+0000] {dagbag.py:536} INFO - Filling up the DagBag from /opt/airflow/dags/extract_exchange_rates.py
[2025-04-08T18:23:40.984+0000] {processor.py:839} INFO - DAG(s) dict_keys(['extract_exchange_rates']) retrieved from /opt/airflow/dags/extract_exchange_rates.py
[2025-04-08T18:23:40.998+0000] {logging_mixin.py:151} INFO - [2025-04-08T18:23:40.998+0000] {dag.py:2941} INFO - Sync 1 DAGs
[2025-04-08T18:23:41.009+0000] {logging_mixin.py:151} INFO - [2025-04-08T18:23:41.008+0000] {dag.py:3722} INFO - Setting next_dagrun for extract_exchange_rates to 2025-04-08T00:00:00+00:00, run_after=2025-04-09T00:00:00+00:00
[2025-04-08T18:23:41.016+0000] {processor.py:179} INFO - Processing /opt/airflow/dags/extract_exchange_rates.py took 0.045 seconds
[2025-04-08T18:24:11.283+0000] {processor.py:157} INFO - Started process (PID=639) to work on /opt/airflow/dags/extract_exchange_rates.py
[2025-04-08T18:24:11.284+0000] {processor.py:829} INFO - Processing file /opt/airflow/dags/extract_exchange_rates.py for tasks to queue
[2025-04-08T18:24:11.285+0000] {logging_mixin.py:151} INFO - [2025-04-08T18:24:11.284+0000] {dagbag.py:536} INFO - Filling up the DagBag from /opt/airflow/dags/extract_exchange_rates.py
[2025-04-08T18:24:11.296+0000] {processor.py:839} INFO - DAG(s) dict_keys(['extract_exchange_rates']) retrieved from /opt/airflow/dags/extract_exchange_rates.py
[2025-04-08T18:24:11.312+0000] {logging_mixin.py:151} INFO - [2025-04-08T18:24:11.311+0000] {dag.py:2941} INFO - Sync 1 DAGs
[2025-04-08T18:24:11.322+0000] {logging_mixin.py:151} INFO - [2025-04-08T18:24:11.322+0000] {dag.py:3722} INFO - Setting next_dagrun for extract_exchange_rates to 2025-04-08T00:00:00+00:00, run_after=2025-04-09T00:00:00+00:00
[2025-04-08T18:24:11.328+0000] {processor.py:179} INFO - Processing /opt/airflow/dags/extract_exchange_rates.py took 0.048 seconds
[2025-04-08T18:24:41.580+0000] {processor.py:157} INFO - Started process (PID=644) to work on /opt/airflow/dags/extract_exchange_rates.py
[2025-04-08T18:24:41.581+0000] {processor.py:829} INFO - Processing file /opt/airflow/dags/extract_exchange_rates.py for tasks to queue
[2025-04-08T18:24:41.582+0000] {logging_mixin.py:151} INFO - [2025-04-08T18:24:41.582+0000] {dagbag.py:536} INFO - Filling up the DagBag from /opt/airflow/dags/extract_exchange_rates.py
[2025-04-08T18:24:41.593+0000] {processor.py:839} INFO - DAG(s) dict_keys(['extract_exchange_rates']) retrieved from /opt/airflow/dags/extract_exchange_rates.py
[2025-04-08T18:24:41.608+0000] {logging_mixin.py:151} INFO - [2025-04-08T18:24:41.608+0000] {dag.py:2941} INFO - Sync 1 DAGs
[2025-04-08T18:24:41.618+0000] {logging_mixin.py:151} INFO - [2025-04-08T18:24:41.618+0000] {dag.py:3722} INFO - Setting next_dagrun for extract_exchange_rates to 2025-04-08T00:00:00+00:00, run_after=2025-04-09T00:00:00+00:00
[2025-04-08T18:24:41.625+0000] {processor.py:179} INFO - Processing /opt/airflow/dags/extract_exchange_rates.py took 0.048 seconds
[2025-04-08T18:25:11.888+0000] {processor.py:157} INFO - Started process (PID=649) to work on /opt/airflow/dags/extract_exchange_rates.py
[2025-04-08T18:25:11.888+0000] {processor.py:829} INFO - Processing file /opt/airflow/dags/extract_exchange_rates.py for tasks to queue
[2025-04-08T18:25:11.889+0000] {logging_mixin.py:151} INFO - [2025-04-08T18:25:11.889+0000] {dagbag.py:536} INFO - Filling up the DagBag from /opt/airflow/dags/extract_exchange_rates.py
[2025-04-08T18:25:11.902+0000] {processor.py:839} INFO - DAG(s) dict_keys(['extract_exchange_rates']) retrieved from /opt/airflow/dags/extract_exchange_rates.py
[2025-04-08T18:25:11.917+0000] {logging_mixin.py:151} INFO - [2025-04-08T18:25:11.917+0000] {dag.py:2941} INFO - Sync 1 DAGs
[2025-04-08T18:25:11.927+0000] {logging_mixin.py:151} INFO - [2025-04-08T18:25:11.926+0000] {dag.py:3722} INFO - Setting next_dagrun for extract_exchange_rates to 2025-04-08T00:00:00+00:00, run_after=2025-04-09T00:00:00+00:00
[2025-04-08T18:25:11.934+0000] {processor.py:179} INFO - Processing /opt/airflow/dags/extract_exchange_rates.py took 0.049 seconds
[2025-04-08T18:25:42.181+0000] {processor.py:157} INFO - Started process (PID=654) to work on /opt/airflow/dags/extract_exchange_rates.py
[2025-04-08T18:25:42.182+0000] {processor.py:829} INFO - Processing file /opt/airflow/dags/extract_exchange_rates.py for tasks to queue
[2025-04-08T18:25:42.184+0000] {logging_mixin.py:151} INFO - [2025-04-08T18:25:42.184+0000] {dagbag.py:536} INFO - Filling up the DagBag from /opt/airflow/dags/extract_exchange_rates.py
[2025-04-08T18:25:42.198+0000] {processor.py:839} INFO - DAG(s) dict_keys(['extract_exchange_rates']) retrieved from /opt/airflow/dags/extract_exchange_rates.py
[2025-04-08T18:25:42.214+0000] {logging_mixin.py:151} INFO - [2025-04-08T18:25:42.214+0000] {dag.py:2941} INFO - Sync 1 DAGs
[2025-04-08T18:25:42.225+0000] {logging_mixin.py:151} INFO - [2025-04-08T18:25:42.225+0000] {dag.py:3722} INFO - Setting next_dagrun for extract_exchange_rates to 2025-04-08T00:00:00+00:00, run_after=2025-04-09T00:00:00+00:00
[2025-04-08T18:25:42.232+0000] {processor.py:179} INFO - Processing /opt/airflow/dags/extract_exchange_rates.py took 0.054 seconds
[2025-04-08T18:26:12.480+0000] {processor.py:157} INFO - Started process (PID=659) to work on /opt/airflow/dags/extract_exchange_rates.py
[2025-04-08T18:26:12.480+0000] {processor.py:829} INFO - Processing file /opt/airflow/dags/extract_exchange_rates.py for tasks to queue
[2025-04-08T18:26:12.481+0000] {logging_mixin.py:151} INFO - [2025-04-08T18:26:12.481+0000] {dagbag.py:536} INFO - Filling up the DagBag from /opt/airflow/dags/extract_exchange_rates.py
[2025-04-08T18:26:12.495+0000] {processor.py:839} INFO - DAG(s) dict_keys(['extract_exchange_rates']) retrieved from /opt/airflow/dags/extract_exchange_rates.py
[2025-04-08T18:26:12.514+0000] {logging_mixin.py:151} INFO - [2025-04-08T18:26:12.514+0000] {dag.py:2941} INFO - Sync 1 DAGs
[2025-04-08T18:26:12.525+0000] {logging_mixin.py:151} INFO - [2025-04-08T18:26:12.525+0000] {dag.py:3722} INFO - Setting next_dagrun for extract_exchange_rates to 2025-04-08T00:00:00+00:00, run_after=2025-04-09T00:00:00+00:00
[2025-04-08T18:26:12.532+0000] {processor.py:179} INFO - Processing /opt/airflow/dags/extract_exchange_rates.py took 0.056 seconds
[2025-04-08T18:26:42.731+0000] {processor.py:157} INFO - Started process (PID=664) to work on /opt/airflow/dags/extract_exchange_rates.py
[2025-04-08T18:26:42.731+0000] {processor.py:829} INFO - Processing file /opt/airflow/dags/extract_exchange_rates.py for tasks to queue
[2025-04-08T18:26:42.732+0000] {logging_mixin.py:151} INFO - [2025-04-08T18:26:42.732+0000] {dagbag.py:536} INFO - Filling up the DagBag from /opt/airflow/dags/extract_exchange_rates.py
[2025-04-08T18:26:42.740+0000] {processor.py:839} INFO - DAG(s) dict_keys(['extract_exchange_rates']) retrieved from /opt/airflow/dags/extract_exchange_rates.py
[2025-04-08T18:26:42.752+0000] {logging_mixin.py:151} INFO - [2025-04-08T18:26:42.752+0000] {dag.py:2941} INFO - Sync 1 DAGs
[2025-04-08T18:26:42.761+0000] {logging_mixin.py:151} INFO - [2025-04-08T18:26:42.761+0000] {dag.py:3722} INFO - Setting next_dagrun for extract_exchange_rates to 2025-04-08T00:00:00+00:00, run_after=2025-04-09T00:00:00+00:00
[2025-04-08T18:26:42.768+0000] {processor.py:179} INFO - Processing /opt/airflow/dags/extract_exchange_rates.py took 0.039 seconds
[2025-04-08T18:27:13.003+0000] {processor.py:157} INFO - Started process (PID=669) to work on /opt/airflow/dags/extract_exchange_rates.py
[2025-04-08T18:27:13.004+0000] {processor.py:829} INFO - Processing file /opt/airflow/dags/extract_exchange_rates.py for tasks to queue
[2025-04-08T18:27:13.005+0000] {logging_mixin.py:151} INFO - [2025-04-08T18:27:13.005+0000] {dagbag.py:536} INFO - Filling up the DagBag from /opt/airflow/dags/extract_exchange_rates.py
[2025-04-08T18:27:13.020+0000] {processor.py:839} INFO - DAG(s) dict_keys(['extract_exchange_rates']) retrieved from /opt/airflow/dags/extract_exchange_rates.py
[2025-04-08T18:27:13.036+0000] {logging_mixin.py:151} INFO - [2025-04-08T18:27:13.036+0000] {dag.py:2941} INFO - Sync 1 DAGs
[2025-04-08T18:27:13.046+0000] {logging_mixin.py:151} INFO - [2025-04-08T18:27:13.046+0000] {dag.py:3722} INFO - Setting next_dagrun for extract_exchange_rates to 2025-04-08T00:00:00+00:00, run_after=2025-04-09T00:00:00+00:00
[2025-04-08T18:27:13.053+0000] {processor.py:179} INFO - Processing /opt/airflow/dags/extract_exchange_rates.py took 0.054 seconds
[2025-04-08T18:27:43.276+0000] {processor.py:157} INFO - Started process (PID=674) to work on /opt/airflow/dags/extract_exchange_rates.py
[2025-04-08T18:27:43.277+0000] {processor.py:829} INFO - Processing file /opt/airflow/dags/extract_exchange_rates.py for tasks to queue
[2025-04-08T18:27:43.278+0000] {logging_mixin.py:151} INFO - [2025-04-08T18:27:43.277+0000] {dagbag.py:536} INFO - Filling up the DagBag from /opt/airflow/dags/extract_exchange_rates.py
[2025-04-08T18:27:43.289+0000] {processor.py:839} INFO - DAG(s) dict_keys(['extract_exchange_rates']) retrieved from /opt/airflow/dags/extract_exchange_rates.py
[2025-04-08T18:27:43.305+0000] {logging_mixin.py:151} INFO - [2025-04-08T18:27:43.305+0000] {dag.py:2941} INFO - Sync 1 DAGs
[2025-04-08T18:27:43.316+0000] {logging_mixin.py:151} INFO - [2025-04-08T18:27:43.316+0000] {dag.py:3722} INFO - Setting next_dagrun for extract_exchange_rates to 2025-04-08T00:00:00+00:00, run_after=2025-04-09T00:00:00+00:00
[2025-04-08T18:27:43.323+0000] {processor.py:179} INFO - Processing /opt/airflow/dags/extract_exchange_rates.py took 0.050 seconds
[2025-04-08T18:28:13.531+0000] {processor.py:157} INFO - Started process (PID=679) to work on /opt/airflow/dags/extract_exchange_rates.py
[2025-04-08T18:28:13.533+0000] {processor.py:829} INFO - Processing file /opt/airflow/dags/extract_exchange_rates.py for tasks to queue
[2025-04-08T18:28:13.533+0000] {logging_mixin.py:151} INFO - [2025-04-08T18:28:13.533+0000] {dagbag.py:536} INFO - Filling up the DagBag from /opt/airflow/dags/extract_exchange_rates.py
[2025-04-08T18:28:13.543+0000] {processor.py:839} INFO - DAG(s) dict_keys(['extract_exchange_rates']) retrieved from /opt/airflow/dags/extract_exchange_rates.py
[2025-04-08T18:28:13.556+0000] {logging_mixin.py:151} INFO - [2025-04-08T18:28:13.556+0000] {dag.py:2941} INFO - Sync 1 DAGs
[2025-04-08T18:28:13.566+0000] {logging_mixin.py:151} INFO - [2025-04-08T18:28:13.566+0000] {dag.py:3722} INFO - Setting next_dagrun for extract_exchange_rates to 2025-04-08T00:00:00+00:00, run_after=2025-04-09T00:00:00+00:00
[2025-04-08T18:28:13.574+0000] {processor.py:179} INFO - Processing /opt/airflow/dags/extract_exchange_rates.py took 0.045 seconds
[2025-04-08T18:28:43.789+0000] {processor.py:157} INFO - Started process (PID=684) to work on /opt/airflow/dags/extract_exchange_rates.py
[2025-04-08T18:28:43.790+0000] {processor.py:829} INFO - Processing file /opt/airflow/dags/extract_exchange_rates.py for tasks to queue
[2025-04-08T18:28:43.791+0000] {logging_mixin.py:151} INFO - [2025-04-08T18:28:43.791+0000] {dagbag.py:536} INFO - Filling up the DagBag from /opt/airflow/dags/extract_exchange_rates.py
[2025-04-08T18:28:43.799+0000] {processor.py:839} INFO - DAG(s) dict_keys(['extract_exchange_rates']) retrieved from /opt/airflow/dags/extract_exchange_rates.py
[2025-04-08T18:28:43.812+0000] {logging_mixin.py:151} INFO - [2025-04-08T18:28:43.812+0000] {dag.py:2941} INFO - Sync 1 DAGs
[2025-04-08T18:28:43.824+0000] {logging_mixin.py:151} INFO - [2025-04-08T18:28:43.824+0000] {dag.py:3722} INFO - Setting next_dagrun for extract_exchange_rates to 2025-04-08T00:00:00+00:00, run_after=2025-04-09T00:00:00+00:00
[2025-04-08T18:28:43.833+0000] {processor.py:179} INFO - Processing /opt/airflow/dags/extract_exchange_rates.py took 0.045 seconds
[2025-04-08T18:29:14.064+0000] {processor.py:157} INFO - Started process (PID=689) to work on /opt/airflow/dags/extract_exchange_rates.py
[2025-04-08T18:29:14.064+0000] {processor.py:829} INFO - Processing file /opt/airflow/dags/extract_exchange_rates.py for tasks to queue
[2025-04-08T18:29:14.065+0000] {logging_mixin.py:151} INFO - [2025-04-08T18:29:14.065+0000] {dagbag.py:536} INFO - Filling up the DagBag from /opt/airflow/dags/extract_exchange_rates.py
[2025-04-08T18:29:14.074+0000] {processor.py:839} INFO - DAG(s) dict_keys(['extract_exchange_rates']) retrieved from /opt/airflow/dags/extract_exchange_rates.py
[2025-04-08T18:29:14.088+0000] {logging_mixin.py:151} INFO - [2025-04-08T18:29:14.088+0000] {dag.py:2941} INFO - Sync 1 DAGs
[2025-04-08T18:29:14.098+0000] {logging_mixin.py:151} INFO - [2025-04-08T18:29:14.098+0000] {dag.py:3722} INFO - Setting next_dagrun for extract_exchange_rates to 2025-04-08T00:00:00+00:00, run_after=2025-04-09T00:00:00+00:00
[2025-04-08T18:29:14.106+0000] {processor.py:179} INFO - Processing /opt/airflow/dags/extract_exchange_rates.py took 0.045 seconds
[2025-04-08T18:29:44.346+0000] {processor.py:157} INFO - Started process (PID=694) to work on /opt/airflow/dags/extract_exchange_rates.py
[2025-04-08T18:29:44.346+0000] {processor.py:829} INFO - Processing file /opt/airflow/dags/extract_exchange_rates.py for tasks to queue
[2025-04-08T18:29:44.347+0000] {logging_mixin.py:151} INFO - [2025-04-08T18:29:44.346+0000] {dagbag.py:536} INFO - Filling up the DagBag from /opt/airflow/dags/extract_exchange_rates.py
[2025-04-08T18:29:44.355+0000] {processor.py:839} INFO - DAG(s) dict_keys(['extract_exchange_rates']) retrieved from /opt/airflow/dags/extract_exchange_rates.py
[2025-04-08T18:29:44.368+0000] {logging_mixin.py:151} INFO - [2025-04-08T18:29:44.368+0000] {dag.py:2941} INFO - Sync 1 DAGs
[2025-04-08T18:29:44.378+0000] {logging_mixin.py:151} INFO - [2025-04-08T18:29:44.378+0000] {dag.py:3722} INFO - Setting next_dagrun for extract_exchange_rates to 2025-04-08T00:00:00+00:00, run_after=2025-04-09T00:00:00+00:00
[2025-04-08T18:29:44.389+0000] {processor.py:179} INFO - Processing /opt/airflow/dags/extract_exchange_rates.py took 0.045 seconds
[2025-04-08T18:30:14.609+0000] {processor.py:157} INFO - Started process (PID=699) to work on /opt/airflow/dags/extract_exchange_rates.py
[2025-04-08T18:30:14.610+0000] {processor.py:829} INFO - Processing file /opt/airflow/dags/extract_exchange_rates.py for tasks to queue
[2025-04-08T18:30:14.610+0000] {logging_mixin.py:151} INFO - [2025-04-08T18:30:14.610+0000] {dagbag.py:536} INFO - Filling up the DagBag from /opt/airflow/dags/extract_exchange_rates.py
[2025-04-08T18:30:14.619+0000] {processor.py:839} INFO - DAG(s) dict_keys(['extract_exchange_rates']) retrieved from /opt/airflow/dags/extract_exchange_rates.py
[2025-04-08T18:30:14.629+0000] {logging_mixin.py:151} INFO - [2025-04-08T18:30:14.629+0000] {dag.py:2941} INFO - Sync 1 DAGs
[2025-04-08T18:30:14.638+0000] {logging_mixin.py:151} INFO - [2025-04-08T18:30:14.638+0000] {dag.py:3722} INFO - Setting next_dagrun for extract_exchange_rates to 2025-04-08T00:00:00+00:00, run_after=2025-04-09T00:00:00+00:00
[2025-04-08T18:30:14.644+0000] {processor.py:179} INFO - Processing /opt/airflow/dags/extract_exchange_rates.py took 0.036 seconds
[2025-04-08T18:30:44.885+0000] {processor.py:157} INFO - Started process (PID=704) to work on /opt/airflow/dags/extract_exchange_rates.py
[2025-04-08T18:30:44.887+0000] {processor.py:829} INFO - Processing file /opt/airflow/dags/extract_exchange_rates.py for tasks to queue
[2025-04-08T18:30:44.887+0000] {logging_mixin.py:151} INFO - [2025-04-08T18:30:44.887+0000] {dagbag.py:536} INFO - Filling up the DagBag from /opt/airflow/dags/extract_exchange_rates.py
[2025-04-08T18:30:44.898+0000] {processor.py:839} INFO - DAG(s) dict_keys(['extract_exchange_rates']) retrieved from /opt/airflow/dags/extract_exchange_rates.py
[2025-04-08T18:30:44.914+0000] {logging_mixin.py:151} INFO - [2025-04-08T18:30:44.914+0000] {dag.py:2941} INFO - Sync 1 DAGs
[2025-04-08T18:30:44.923+0000] {logging_mixin.py:151} INFO - [2025-04-08T18:30:44.923+0000] {dag.py:3722} INFO - Setting next_dagrun for extract_exchange_rates to 2025-04-08T00:00:00+00:00, run_after=2025-04-09T00:00:00+00:00
[2025-04-08T18:30:44.930+0000] {processor.py:179} INFO - Processing /opt/airflow/dags/extract_exchange_rates.py took 0.048 seconds
[2025-04-08T18:31:15.161+0000] {processor.py:157} INFO - Started process (PID=709) to work on /opt/airflow/dags/extract_exchange_rates.py
[2025-04-08T18:31:15.162+0000] {processor.py:829} INFO - Processing file /opt/airflow/dags/extract_exchange_rates.py for tasks to queue
[2025-04-08T18:31:15.163+0000] {logging_mixin.py:151} INFO - [2025-04-08T18:31:15.163+0000] {dagbag.py:536} INFO - Filling up the DagBag from /opt/airflow/dags/extract_exchange_rates.py
[2025-04-08T18:31:15.172+0000] {processor.py:839} INFO - DAG(s) dict_keys(['extract_exchange_rates']) retrieved from /opt/airflow/dags/extract_exchange_rates.py
[2025-04-08T18:31:15.184+0000] {logging_mixin.py:151} INFO - [2025-04-08T18:31:15.184+0000] {dag.py:2941} INFO - Sync 1 DAGs
[2025-04-08T18:31:15.194+0000] {logging_mixin.py:151} INFO - [2025-04-08T18:31:15.194+0000] {dag.py:3722} INFO - Setting next_dagrun for extract_exchange_rates to 2025-04-08T00:00:00+00:00, run_after=2025-04-09T00:00:00+00:00
[2025-04-08T18:31:15.201+0000] {processor.py:179} INFO - Processing /opt/airflow/dags/extract_exchange_rates.py took 0.042 seconds
[2025-04-08T18:31:45.497+0000] {processor.py:157} INFO - Started process (PID=714) to work on /opt/airflow/dags/extract_exchange_rates.py
[2025-04-08T18:31:45.498+0000] {processor.py:829} INFO - Processing file /opt/airflow/dags/extract_exchange_rates.py for tasks to queue
[2025-04-08T18:31:45.498+0000] {logging_mixin.py:151} INFO - [2025-04-08T18:31:45.498+0000] {dagbag.py:536} INFO - Filling up the DagBag from /opt/airflow/dags/extract_exchange_rates.py
[2025-04-08T18:31:45.509+0000] {processor.py:839} INFO - DAG(s) dict_keys(['extract_exchange_rates']) retrieved from /opt/airflow/dags/extract_exchange_rates.py
[2025-04-08T18:31:45.523+0000] {logging_mixin.py:151} INFO - [2025-04-08T18:31:45.523+0000] {dag.py:2941} INFO - Sync 1 DAGs
[2025-04-08T18:31:45.533+0000] {logging_mixin.py:151} INFO - [2025-04-08T18:31:45.533+0000] {dag.py:3722} INFO - Setting next_dagrun for extract_exchange_rates to 2025-04-08T00:00:00+00:00, run_after=2025-04-09T00:00:00+00:00
[2025-04-08T18:31:45.541+0000] {processor.py:179} INFO - Processing /opt/airflow/dags/extract_exchange_rates.py took 0.047 seconds
[2025-04-08T18:32:15.808+0000] {processor.py:157} INFO - Started process (PID=719) to work on /opt/airflow/dags/extract_exchange_rates.py
[2025-04-08T18:32:15.808+0000] {processor.py:829} INFO - Processing file /opt/airflow/dags/extract_exchange_rates.py for tasks to queue
[2025-04-08T18:32:15.809+0000] {logging_mixin.py:151} INFO - [2025-04-08T18:32:15.809+0000] {dagbag.py:536} INFO - Filling up the DagBag from /opt/airflow/dags/extract_exchange_rates.py
[2025-04-08T18:32:15.825+0000] {processor.py:839} INFO - DAG(s) dict_keys(['extract_exchange_rates']) retrieved from /opt/airflow/dags/extract_exchange_rates.py
[2025-04-08T18:32:15.847+0000] {logging_mixin.py:151} INFO - [2025-04-08T18:32:15.846+0000] {dag.py:2941} INFO - Sync 1 DAGs
[2025-04-08T18:32:15.861+0000] {logging_mixin.py:151} INFO - [2025-04-08T18:32:15.861+0000] {dag.py:3722} INFO - Setting next_dagrun for extract_exchange_rates to 2025-04-08T00:00:00+00:00, run_after=2025-04-09T00:00:00+00:00
[2025-04-08T18:32:15.869+0000] {processor.py:179} INFO - Processing /opt/airflow/dags/extract_exchange_rates.py took 0.065 seconds
[2025-04-08T18:32:46.084+0000] {processor.py:157} INFO - Started process (PID=724) to work on /opt/airflow/dags/extract_exchange_rates.py
[2025-04-08T18:32:46.085+0000] {processor.py:829} INFO - Processing file /opt/airflow/dags/extract_exchange_rates.py for tasks to queue
[2025-04-08T18:32:46.086+0000] {logging_mixin.py:151} INFO - [2025-04-08T18:32:46.086+0000] {dagbag.py:536} INFO - Filling up the DagBag from /opt/airflow/dags/extract_exchange_rates.py
[2025-04-08T18:32:46.096+0000] {processor.py:839} INFO - DAG(s) dict_keys(['extract_exchange_rates']) retrieved from /opt/airflow/dags/extract_exchange_rates.py
[2025-04-08T18:32:46.111+0000] {logging_mixin.py:151} INFO - [2025-04-08T18:32:46.111+0000] {dag.py:2941} INFO - Sync 1 DAGs
[2025-04-08T18:32:46.120+0000] {logging_mixin.py:151} INFO - [2025-04-08T18:32:46.120+0000] {dag.py:3722} INFO - Setting next_dagrun for extract_exchange_rates to 2025-04-08T00:00:00+00:00, run_after=2025-04-09T00:00:00+00:00
[2025-04-08T18:32:46.127+0000] {processor.py:179} INFO - Processing /opt/airflow/dags/extract_exchange_rates.py took 0.046 seconds
[2025-04-08T18:33:16.391+0000] {processor.py:157} INFO - Started process (PID=729) to work on /opt/airflow/dags/extract_exchange_rates.py
[2025-04-08T18:33:16.392+0000] {processor.py:829} INFO - Processing file /opt/airflow/dags/extract_exchange_rates.py for tasks to queue
[2025-04-08T18:33:16.393+0000] {logging_mixin.py:151} INFO - [2025-04-08T18:33:16.393+0000] {dagbag.py:536} INFO - Filling up the DagBag from /opt/airflow/dags/extract_exchange_rates.py
[2025-04-08T18:33:16.403+0000] {processor.py:839} INFO - DAG(s) dict_keys(['extract_exchange_rates']) retrieved from /opt/airflow/dags/extract_exchange_rates.py
[2025-04-08T18:33:16.418+0000] {logging_mixin.py:151} INFO - [2025-04-08T18:33:16.418+0000] {dag.py:2941} INFO - Sync 1 DAGs
[2025-04-08T18:33:16.428+0000] {logging_mixin.py:151} INFO - [2025-04-08T18:33:16.428+0000] {dag.py:3722} INFO - Setting next_dagrun for extract_exchange_rates to 2025-04-08T00:00:00+00:00, run_after=2025-04-09T00:00:00+00:00
[2025-04-08T18:33:16.435+0000] {processor.py:179} INFO - Processing /opt/airflow/dags/extract_exchange_rates.py took 0.046 seconds
[2025-04-08T18:33:46.676+0000] {processor.py:157} INFO - Started process (PID=734) to work on /opt/airflow/dags/extract_exchange_rates.py
[2025-04-08T18:33:46.676+0000] {processor.py:829} INFO - Processing file /opt/airflow/dags/extract_exchange_rates.py for tasks to queue
[2025-04-08T18:33:46.677+0000] {logging_mixin.py:151} INFO - [2025-04-08T18:33:46.677+0000] {dagbag.py:536} INFO - Filling up the DagBag from /opt/airflow/dags/extract_exchange_rates.py
[2025-04-08T18:33:46.683+0000] {processor.py:839} INFO - DAG(s) dict_keys(['extract_exchange_rates']) retrieved from /opt/airflow/dags/extract_exchange_rates.py
[2025-04-08T18:33:46.695+0000] {logging_mixin.py:151} INFO - [2025-04-08T18:33:46.695+0000] {dag.py:2941} INFO - Sync 1 DAGs
[2025-04-08T18:33:46.704+0000] {logging_mixin.py:151} INFO - [2025-04-08T18:33:46.703+0000] {dag.py:3722} INFO - Setting next_dagrun for extract_exchange_rates to 2025-04-08T00:00:00+00:00, run_after=2025-04-09T00:00:00+00:00
[2025-04-08T18:33:46.710+0000] {processor.py:179} INFO - Processing /opt/airflow/dags/extract_exchange_rates.py took 0.036 seconds
[2025-04-08T18:34:16.964+0000] {processor.py:157} INFO - Started process (PID=739) to work on /opt/airflow/dags/extract_exchange_rates.py
[2025-04-08T18:34:16.965+0000] {processor.py:829} INFO - Processing file /opt/airflow/dags/extract_exchange_rates.py for tasks to queue
[2025-04-08T18:34:16.966+0000] {logging_mixin.py:151} INFO - [2025-04-08T18:34:16.965+0000] {dagbag.py:536} INFO - Filling up the DagBag from /opt/airflow/dags/extract_exchange_rates.py
[2025-04-08T18:34:16.976+0000] {processor.py:839} INFO - DAG(s) dict_keys(['extract_exchange_rates']) retrieved from /opt/airflow/dags/extract_exchange_rates.py
[2025-04-08T18:34:16.990+0000] {logging_mixin.py:151} INFO - [2025-04-08T18:34:16.990+0000] {dag.py:2941} INFO - Sync 1 DAGs
[2025-04-08T18:34:17.000+0000] {logging_mixin.py:151} INFO - [2025-04-08T18:34:16.999+0000] {dag.py:3722} INFO - Setting next_dagrun for extract_exchange_rates to 2025-04-08T00:00:00+00:00, run_after=2025-04-09T00:00:00+00:00
[2025-04-08T18:34:17.007+0000] {processor.py:179} INFO - Processing /opt/airflow/dags/extract_exchange_rates.py took 0.045 seconds
[2025-04-08T18:34:47.264+0000] {processor.py:157} INFO - Started process (PID=744) to work on /opt/airflow/dags/extract_exchange_rates.py
[2025-04-08T18:34:47.265+0000] {processor.py:829} INFO - Processing file /opt/airflow/dags/extract_exchange_rates.py for tasks to queue
[2025-04-08T18:34:47.266+0000] {logging_mixin.py:151} INFO - [2025-04-08T18:34:47.266+0000] {dagbag.py:536} INFO - Filling up the DagBag from /opt/airflow/dags/extract_exchange_rates.py
[2025-04-08T18:34:47.277+0000] {processor.py:839} INFO - DAG(s) dict_keys(['extract_exchange_rates']) retrieved from /opt/airflow/dags/extract_exchange_rates.py
[2025-04-08T18:34:47.292+0000] {logging_mixin.py:151} INFO - [2025-04-08T18:34:47.292+0000] {dag.py:2941} INFO - Sync 1 DAGs
[2025-04-08T18:34:47.302+0000] {logging_mixin.py:151} INFO - [2025-04-08T18:34:47.302+0000] {dag.py:3722} INFO - Setting next_dagrun for extract_exchange_rates to 2025-04-08T00:00:00+00:00, run_after=2025-04-09T00:00:00+00:00
[2025-04-08T18:34:47.309+0000] {processor.py:179} INFO - Processing /opt/airflow/dags/extract_exchange_rates.py took 0.047 seconds
[2025-04-08T18:35:17.579+0000] {processor.py:157} INFO - Started process (PID=749) to work on /opt/airflow/dags/extract_exchange_rates.py
[2025-04-08T18:35:17.580+0000] {processor.py:829} INFO - Processing file /opt/airflow/dags/extract_exchange_rates.py for tasks to queue
[2025-04-08T18:35:17.581+0000] {logging_mixin.py:151} INFO - [2025-04-08T18:35:17.580+0000] {dagbag.py:536} INFO - Filling up the DagBag from /opt/airflow/dags/extract_exchange_rates.py
[2025-04-08T18:35:17.591+0000] {processor.py:839} INFO - DAG(s) dict_keys(['extract_exchange_rates']) retrieved from /opt/airflow/dags/extract_exchange_rates.py
[2025-04-08T18:35:17.606+0000] {logging_mixin.py:151} INFO - [2025-04-08T18:35:17.605+0000] {dag.py:2941} INFO - Sync 1 DAGs
[2025-04-08T18:35:17.617+0000] {logging_mixin.py:151} INFO - [2025-04-08T18:35:17.617+0000] {dag.py:3722} INFO - Setting next_dagrun for extract_exchange_rates to 2025-04-08T00:00:00+00:00, run_after=2025-04-09T00:00:00+00:00
[2025-04-08T18:35:17.625+0000] {processor.py:179} INFO - Processing /opt/airflow/dags/extract_exchange_rates.py took 0.048 seconds
[2025-04-08T18:35:47.897+0000] {processor.py:157} INFO - Started process (PID=754) to work on /opt/airflow/dags/extract_exchange_rates.py
[2025-04-08T18:35:47.898+0000] {processor.py:829} INFO - Processing file /opt/airflow/dags/extract_exchange_rates.py for tasks to queue
[2025-04-08T18:35:47.899+0000] {logging_mixin.py:151} INFO - [2025-04-08T18:35:47.899+0000] {dagbag.py:536} INFO - Filling up the DagBag from /opt/airflow/dags/extract_exchange_rates.py
[2025-04-08T18:35:47.908+0000] {processor.py:839} INFO - DAG(s) dict_keys(['extract_exchange_rates']) retrieved from /opt/airflow/dags/extract_exchange_rates.py
[2025-04-08T18:35:47.924+0000] {logging_mixin.py:151} INFO - [2025-04-08T18:35:47.923+0000] {dag.py:2941} INFO - Sync 1 DAGs
[2025-04-08T18:35:47.935+0000] {logging_mixin.py:151} INFO - [2025-04-08T18:35:47.935+0000] {dag.py:3722} INFO - Setting next_dagrun for extract_exchange_rates to 2025-04-08T00:00:00+00:00, run_after=2025-04-09T00:00:00+00:00
[2025-04-08T18:35:47.942+0000] {processor.py:179} INFO - Processing /opt/airflow/dags/extract_exchange_rates.py took 0.047 seconds
[2025-04-08T18:36:18.227+0000] {processor.py:157} INFO - Started process (PID=759) to work on /opt/airflow/dags/extract_exchange_rates.py
[2025-04-08T18:36:18.227+0000] {processor.py:829} INFO - Processing file /opt/airflow/dags/extract_exchange_rates.py for tasks to queue
[2025-04-08T18:36:18.228+0000] {logging_mixin.py:151} INFO - [2025-04-08T18:36:18.228+0000] {dagbag.py:536} INFO - Filling up the DagBag from /opt/airflow/dags/extract_exchange_rates.py
[2025-04-08T18:36:18.239+0000] {processor.py:839} INFO - DAG(s) dict_keys(['extract_exchange_rates']) retrieved from /opt/airflow/dags/extract_exchange_rates.py
[2025-04-08T18:36:18.252+0000] {logging_mixin.py:151} INFO - [2025-04-08T18:36:18.252+0000] {dag.py:2941} INFO - Sync 1 DAGs
[2025-04-08T18:36:18.261+0000] {logging_mixin.py:151} INFO - [2025-04-08T18:36:18.261+0000] {dag.py:3722} INFO - Setting next_dagrun for extract_exchange_rates to 2025-04-08T00:00:00+00:00, run_after=2025-04-09T00:00:00+00:00
[2025-04-08T18:36:18.269+0000] {processor.py:179} INFO - Processing /opt/airflow/dags/extract_exchange_rates.py took 0.044 seconds
[2025-04-08T18:36:48.524+0000] {processor.py:157} INFO - Started process (PID=764) to work on /opt/airflow/dags/extract_exchange_rates.py
[2025-04-08T18:36:48.524+0000] {processor.py:829} INFO - Processing file /opt/airflow/dags/extract_exchange_rates.py for tasks to queue
[2025-04-08T18:36:48.525+0000] {logging_mixin.py:151} INFO - [2025-04-08T18:36:48.525+0000] {dagbag.py:536} INFO - Filling up the DagBag from /opt/airflow/dags/extract_exchange_rates.py
[2025-04-08T18:36:48.536+0000] {processor.py:839} INFO - DAG(s) dict_keys(['extract_exchange_rates']) retrieved from /opt/airflow/dags/extract_exchange_rates.py
[2025-04-08T18:36:48.551+0000] {logging_mixin.py:151} INFO - [2025-04-08T18:36:48.550+0000] {dag.py:2941} INFO - Sync 1 DAGs
[2025-04-08T18:36:48.560+0000] {logging_mixin.py:151} INFO - [2025-04-08T18:36:48.560+0000] {dag.py:3722} INFO - Setting next_dagrun for extract_exchange_rates to 2025-04-08T00:00:00+00:00, run_after=2025-04-09T00:00:00+00:00
[2025-04-08T18:36:48.567+0000] {processor.py:179} INFO - Processing /opt/airflow/dags/extract_exchange_rates.py took 0.046 seconds
[2025-04-08T18:37:18.832+0000] {processor.py:157} INFO - Started process (PID=769) to work on /opt/airflow/dags/extract_exchange_rates.py
[2025-04-08T18:37:18.833+0000] {processor.py:829} INFO - Processing file /opt/airflow/dags/extract_exchange_rates.py for tasks to queue
[2025-04-08T18:37:18.834+0000] {logging_mixin.py:151} INFO - [2025-04-08T18:37:18.834+0000] {dagbag.py:536} INFO - Filling up the DagBag from /opt/airflow/dags/extract_exchange_rates.py
[2025-04-08T18:37:18.845+0000] {processor.py:839} INFO - DAG(s) dict_keys(['extract_exchange_rates']) retrieved from /opt/airflow/dags/extract_exchange_rates.py
[2025-04-08T18:37:18.860+0000] {logging_mixin.py:151} INFO - [2025-04-08T18:37:18.860+0000] {dag.py:2941} INFO - Sync 1 DAGs
[2025-04-08T18:37:18.870+0000] {logging_mixin.py:151} INFO - [2025-04-08T18:37:18.870+0000] {dag.py:3722} INFO - Setting next_dagrun for extract_exchange_rates to 2025-04-08T00:00:00+00:00, run_after=2025-04-09T00:00:00+00:00
[2025-04-08T18:37:18.876+0000] {processor.py:179} INFO - Processing /opt/airflow/dags/extract_exchange_rates.py took 0.046 seconds
[2025-04-08T18:37:49.155+0000] {processor.py:157} INFO - Started process (PID=774) to work on /opt/airflow/dags/extract_exchange_rates.py
[2025-04-08T18:37:49.156+0000] {processor.py:829} INFO - Processing file /opt/airflow/dags/extract_exchange_rates.py for tasks to queue
[2025-04-08T18:37:49.157+0000] {logging_mixin.py:151} INFO - [2025-04-08T18:37:49.156+0000] {dagbag.py:536} INFO - Filling up the DagBag from /opt/airflow/dags/extract_exchange_rates.py
[2025-04-08T18:37:49.167+0000] {processor.py:839} INFO - DAG(s) dict_keys(['extract_exchange_rates']) retrieved from /opt/airflow/dags/extract_exchange_rates.py
[2025-04-08T18:37:49.181+0000] {logging_mixin.py:151} INFO - [2025-04-08T18:37:49.181+0000] {dag.py:2941} INFO - Sync 1 DAGs
[2025-04-08T18:37:49.191+0000] {logging_mixin.py:151} INFO - [2025-04-08T18:37:49.191+0000] {dag.py:3722} INFO - Setting next_dagrun for extract_exchange_rates to 2025-04-08T00:00:00+00:00, run_after=2025-04-09T00:00:00+00:00
[2025-04-08T18:37:49.198+0000] {processor.py:179} INFO - Processing /opt/airflow/dags/extract_exchange_rates.py took 0.045 seconds
[2025-04-08T18:38:19.469+0000] {processor.py:157} INFO - Started process (PID=779) to work on /opt/airflow/dags/extract_exchange_rates.py
[2025-04-08T18:38:19.470+0000] {processor.py:829} INFO - Processing file /opt/airflow/dags/extract_exchange_rates.py for tasks to queue
[2025-04-08T18:38:19.470+0000] {logging_mixin.py:151} INFO - [2025-04-08T18:38:19.470+0000] {dagbag.py:536} INFO - Filling up the DagBag from /opt/airflow/dags/extract_exchange_rates.py
[2025-04-08T18:38:19.481+0000] {processor.py:839} INFO - DAG(s) dict_keys(['extract_exchange_rates']) retrieved from /opt/airflow/dags/extract_exchange_rates.py
[2025-04-08T18:38:19.498+0000] {logging_mixin.py:151} INFO - [2025-04-08T18:38:19.498+0000] {dag.py:2941} INFO - Sync 1 DAGs
[2025-04-08T18:38:19.508+0000] {logging_mixin.py:151} INFO - [2025-04-08T18:38:19.508+0000] {dag.py:3722} INFO - Setting next_dagrun for extract_exchange_rates to 2025-04-08T00:00:00+00:00, run_after=2025-04-09T00:00:00+00:00
[2025-04-08T18:38:19.516+0000] {processor.py:179} INFO - Processing /opt/airflow/dags/extract_exchange_rates.py took 0.049 seconds
[2025-04-08T18:38:49.747+0000] {processor.py:157} INFO - Started process (PID=784) to work on /opt/airflow/dags/extract_exchange_rates.py
[2025-04-08T18:38:49.748+0000] {processor.py:829} INFO - Processing file /opt/airflow/dags/extract_exchange_rates.py for tasks to queue
[2025-04-08T18:38:49.748+0000] {logging_mixin.py:151} INFO - [2025-04-08T18:38:49.748+0000] {dagbag.py:536} INFO - Filling up the DagBag from /opt/airflow/dags/extract_exchange_rates.py
[2025-04-08T18:38:49.759+0000] {processor.py:839} INFO - DAG(s) dict_keys(['extract_exchange_rates']) retrieved from /opt/airflow/dags/extract_exchange_rates.py
[2025-04-08T18:38:49.775+0000] {logging_mixin.py:151} INFO - [2025-04-08T18:38:49.774+0000] {dag.py:2941} INFO - Sync 1 DAGs
[2025-04-08T18:38:49.784+0000] {logging_mixin.py:151} INFO - [2025-04-08T18:38:49.784+0000] {dag.py:3722} INFO - Setting next_dagrun for extract_exchange_rates to 2025-04-08T00:00:00+00:00, run_after=2025-04-09T00:00:00+00:00
[2025-04-08T18:38:49.791+0000] {processor.py:179} INFO - Processing /opt/airflow/dags/extract_exchange_rates.py took 0.047 seconds
[2025-04-08T18:39:19.984+0000] {processor.py:157} INFO - Started process (PID=789) to work on /opt/airflow/dags/extract_exchange_rates.py
[2025-04-08T18:39:19.985+0000] {processor.py:829} INFO - Processing file /opt/airflow/dags/extract_exchange_rates.py for tasks to queue
[2025-04-08T18:39:19.985+0000] {logging_mixin.py:151} INFO - [2025-04-08T18:39:19.985+0000] {dagbag.py:536} INFO - Filling up the DagBag from /opt/airflow/dags/extract_exchange_rates.py
[2025-04-08T18:39:19.995+0000] {processor.py:839} INFO - DAG(s) dict_keys(['extract_exchange_rates']) retrieved from /opt/airflow/dags/extract_exchange_rates.py
[2025-04-08T18:39:20.009+0000] {logging_mixin.py:151} INFO - [2025-04-08T18:39:20.009+0000] {dag.py:2941} INFO - Sync 1 DAGs
[2025-04-08T18:39:20.019+0000] {logging_mixin.py:151} INFO - [2025-04-08T18:39:20.019+0000] {dag.py:3722} INFO - Setting next_dagrun for extract_exchange_rates to 2025-04-08T00:00:00+00:00, run_after=2025-04-09T00:00:00+00:00
[2025-04-08T18:39:20.027+0000] {processor.py:179} INFO - Processing /opt/airflow/dags/extract_exchange_rates.py took 0.045 seconds
[2025-04-08T18:39:50.224+0000] {processor.py:157} INFO - Started process (PID=794) to work on /opt/airflow/dags/extract_exchange_rates.py
[2025-04-08T18:39:50.226+0000] {processor.py:829} INFO - Processing file /opt/airflow/dags/extract_exchange_rates.py for tasks to queue
[2025-04-08T18:39:50.227+0000] {logging_mixin.py:151} INFO - [2025-04-08T18:39:50.226+0000] {dagbag.py:536} INFO - Filling up the DagBag from /opt/airflow/dags/extract_exchange_rates.py
[2025-04-08T18:39:50.238+0000] {processor.py:839} INFO - DAG(s) dict_keys(['extract_exchange_rates']) retrieved from /opt/airflow/dags/extract_exchange_rates.py
[2025-04-08T18:39:50.254+0000] {logging_mixin.py:151} INFO - [2025-04-08T18:39:50.254+0000] {dag.py:2941} INFO - Sync 1 DAGs
[2025-04-08T18:39:50.264+0000] {logging_mixin.py:151} INFO - [2025-04-08T18:39:50.264+0000] {dag.py:3722} INFO - Setting next_dagrun for extract_exchange_rates to 2025-04-08T00:00:00+00:00, run_after=2025-04-09T00:00:00+00:00
[2025-04-08T18:39:50.272+0000] {processor.py:179} INFO - Processing /opt/airflow/dags/extract_exchange_rates.py took 0.051 seconds
[2025-04-08T18:40:20.447+0000] {processor.py:157} INFO - Started process (PID=799) to work on /opt/airflow/dags/extract_exchange_rates.py
[2025-04-08T18:40:20.447+0000] {processor.py:829} INFO - Processing file /opt/airflow/dags/extract_exchange_rates.py for tasks to queue
[2025-04-08T18:40:20.448+0000] {logging_mixin.py:151} INFO - [2025-04-08T18:40:20.447+0000] {dagbag.py:536} INFO - Filling up the DagBag from /opt/airflow/dags/extract_exchange_rates.py
[2025-04-08T18:40:20.457+0000] {processor.py:839} INFO - DAG(s) dict_keys(['extract_exchange_rates']) retrieved from /opt/airflow/dags/extract_exchange_rates.py
[2025-04-08T18:40:20.469+0000] {logging_mixin.py:151} INFO - [2025-04-08T18:40:20.469+0000] {dag.py:2941} INFO - Sync 1 DAGs
[2025-04-08T18:40:20.479+0000] {logging_mixin.py:151} INFO - [2025-04-08T18:40:20.479+0000] {dag.py:3722} INFO - Setting next_dagrun for extract_exchange_rates to 2025-04-08T00:00:00+00:00, run_after=2025-04-09T00:00:00+00:00
[2025-04-08T18:40:20.486+0000] {processor.py:179} INFO - Processing /opt/airflow/dags/extract_exchange_rates.py took 0.042 seconds
[2025-04-08T18:40:50.697+0000] {processor.py:157} INFO - Started process (PID=804) to work on /opt/airflow/dags/extract_exchange_rates.py
[2025-04-08T18:40:50.698+0000] {processor.py:829} INFO - Processing file /opt/airflow/dags/extract_exchange_rates.py for tasks to queue
[2025-04-08T18:40:50.699+0000] {logging_mixin.py:151} INFO - [2025-04-08T18:40:50.699+0000] {dagbag.py:536} INFO - Filling up the DagBag from /opt/airflow/dags/extract_exchange_rates.py
[2025-04-08T18:40:50.710+0000] {processor.py:839} INFO - DAG(s) dict_keys(['extract_exchange_rates']) retrieved from /opt/airflow/dags/extract_exchange_rates.py
[2025-04-08T18:40:50.725+0000] {logging_mixin.py:151} INFO - [2025-04-08T18:40:50.725+0000] {dag.py:2941} INFO - Sync 1 DAGs
[2025-04-08T18:40:50.735+0000] {logging_mixin.py:151} INFO - [2025-04-08T18:40:50.735+0000] {dag.py:3722} INFO - Setting next_dagrun for extract_exchange_rates to 2025-04-08T00:00:00+00:00, run_after=2025-04-09T00:00:00+00:00
[2025-04-08T18:40:50.743+0000] {processor.py:179} INFO - Processing /opt/airflow/dags/extract_exchange_rates.py took 0.048 seconds
[2025-04-08T18:41:20.944+0000] {processor.py:157} INFO - Started process (PID=809) to work on /opt/airflow/dags/extract_exchange_rates.py
[2025-04-08T18:41:20.945+0000] {processor.py:829} INFO - Processing file /opt/airflow/dags/extract_exchange_rates.py for tasks to queue
[2025-04-08T18:41:20.947+0000] {logging_mixin.py:151} INFO - [2025-04-08T18:41:20.946+0000] {dagbag.py:536} INFO - Filling up the DagBag from /opt/airflow/dags/extract_exchange_rates.py
[2025-04-08T18:41:20.960+0000] {processor.py:839} INFO - DAG(s) dict_keys(['extract_exchange_rates']) retrieved from /opt/airflow/dags/extract_exchange_rates.py
[2025-04-08T18:41:20.980+0000] {logging_mixin.py:151} INFO - [2025-04-08T18:41:20.979+0000] {dag.py:2941} INFO - Sync 1 DAGs
[2025-04-08T18:41:20.990+0000] {logging_mixin.py:151} INFO - [2025-04-08T18:41:20.989+0000] {dag.py:3722} INFO - Setting next_dagrun for extract_exchange_rates to 2025-04-08T00:00:00+00:00, run_after=2025-04-09T00:00:00+00:00
[2025-04-08T18:41:20.997+0000] {processor.py:179} INFO - Processing /opt/airflow/dags/extract_exchange_rates.py took 0.056 seconds
[2025-04-08T18:41:51.202+0000] {processor.py:157} INFO - Started process (PID=814) to work on /opt/airflow/dags/extract_exchange_rates.py
[2025-04-08T18:41:51.203+0000] {processor.py:829} INFO - Processing file /opt/airflow/dags/extract_exchange_rates.py for tasks to queue
[2025-04-08T18:41:51.203+0000] {logging_mixin.py:151} INFO - [2025-04-08T18:41:51.203+0000] {dagbag.py:536} INFO - Filling up the DagBag from /opt/airflow/dags/extract_exchange_rates.py
[2025-04-08T18:41:51.214+0000] {processor.py:839} INFO - DAG(s) dict_keys(['extract_exchange_rates']) retrieved from /opt/airflow/dags/extract_exchange_rates.py
[2025-04-08T18:41:51.228+0000] {logging_mixin.py:151} INFO - [2025-04-08T18:41:51.228+0000] {dag.py:2941} INFO - Sync 1 DAGs
[2025-04-08T18:41:51.238+0000] {logging_mixin.py:151} INFO - [2025-04-08T18:41:51.237+0000] {dag.py:3722} INFO - Setting next_dagrun for extract_exchange_rates to 2025-04-08T00:00:00+00:00, run_after=2025-04-09T00:00:00+00:00
[2025-04-08T18:41:51.245+0000] {processor.py:179} INFO - Processing /opt/airflow/dags/extract_exchange_rates.py took 0.045 seconds
[2025-04-08T18:42:21.448+0000] {processor.py:157} INFO - Started process (PID=819) to work on /opt/airflow/dags/extract_exchange_rates.py
[2025-04-08T18:42:21.449+0000] {processor.py:829} INFO - Processing file /opt/airflow/dags/extract_exchange_rates.py for tasks to queue
[2025-04-08T18:42:21.450+0000] {logging_mixin.py:151} INFO - [2025-04-08T18:42:21.450+0000] {dagbag.py:536} INFO - Filling up the DagBag from /opt/airflow/dags/extract_exchange_rates.py
[2025-04-08T18:42:21.461+0000] {processor.py:839} INFO - DAG(s) dict_keys(['extract_exchange_rates']) retrieved from /opt/airflow/dags/extract_exchange_rates.py
[2025-04-08T18:42:21.475+0000] {logging_mixin.py:151} INFO - [2025-04-08T18:42:21.475+0000] {dag.py:2941} INFO - Sync 1 DAGs
[2025-04-08T18:42:21.486+0000] {logging_mixin.py:151} INFO - [2025-04-08T18:42:21.485+0000] {dag.py:3722} INFO - Setting next_dagrun for extract_exchange_rates to 2025-04-08T00:00:00+00:00, run_after=2025-04-09T00:00:00+00:00
[2025-04-08T18:42:21.493+0000] {processor.py:179} INFO - Processing /opt/airflow/dags/extract_exchange_rates.py took 0.048 seconds
[2025-04-08T18:42:51.682+0000] {processor.py:157} INFO - Started process (PID=824) to work on /opt/airflow/dags/extract_exchange_rates.py
[2025-04-08T18:42:51.683+0000] {processor.py:829} INFO - Processing file /opt/airflow/dags/extract_exchange_rates.py for tasks to queue
[2025-04-08T18:42:51.684+0000] {logging_mixin.py:151} INFO - [2025-04-08T18:42:51.683+0000] {dagbag.py:536} INFO - Filling up the DagBag from /opt/airflow/dags/extract_exchange_rates.py
[2025-04-08T18:42:51.694+0000] {processor.py:839} INFO - DAG(s) dict_keys(['extract_exchange_rates']) retrieved from /opt/airflow/dags/extract_exchange_rates.py
[2025-04-08T18:42:51.709+0000] {logging_mixin.py:151} INFO - [2025-04-08T18:42:51.709+0000] {dag.py:2941} INFO - Sync 1 DAGs
[2025-04-08T18:42:51.719+0000] {logging_mixin.py:151} INFO - [2025-04-08T18:42:51.719+0000] {dag.py:3722} INFO - Setting next_dagrun for extract_exchange_rates to 2025-04-08T00:00:00+00:00, run_after=2025-04-09T00:00:00+00:00
[2025-04-08T18:42:51.727+0000] {processor.py:179} INFO - Processing /opt/airflow/dags/extract_exchange_rates.py took 0.048 seconds
[2025-04-08T18:43:21.949+0000] {processor.py:157} INFO - Started process (PID=829) to work on /opt/airflow/dags/extract_exchange_rates.py
[2025-04-08T18:43:21.949+0000] {processor.py:829} INFO - Processing file /opt/airflow/dags/extract_exchange_rates.py for tasks to queue
[2025-04-08T18:43:21.950+0000] {logging_mixin.py:151} INFO - [2025-04-08T18:43:21.950+0000] {dagbag.py:536} INFO - Filling up the DagBag from /opt/airflow/dags/extract_exchange_rates.py
[2025-04-08T18:43:21.961+0000] {processor.py:839} INFO - DAG(s) dict_keys(['extract_exchange_rates']) retrieved from /opt/airflow/dags/extract_exchange_rates.py
[2025-04-08T18:43:21.975+0000] {logging_mixin.py:151} INFO - [2025-04-08T18:43:21.975+0000] {dag.py:2941} INFO - Sync 1 DAGs
[2025-04-08T18:43:21.987+0000] {logging_mixin.py:151} INFO - [2025-04-08T18:43:21.986+0000] {dag.py:3722} INFO - Setting next_dagrun for extract_exchange_rates to 2025-04-08T00:00:00+00:00, run_after=2025-04-09T00:00:00+00:00
[2025-04-08T18:43:21.995+0000] {processor.py:179} INFO - Processing /opt/airflow/dags/extract_exchange_rates.py took 0.050 seconds
[2025-04-08T18:43:52.199+0000] {processor.py:157} INFO - Started process (PID=834) to work on /opt/airflow/dags/extract_exchange_rates.py
[2025-04-08T18:43:52.199+0000] {processor.py:829} INFO - Processing file /opt/airflow/dags/extract_exchange_rates.py for tasks to queue
[2025-04-08T18:43:52.200+0000] {logging_mixin.py:151} INFO - [2025-04-08T18:43:52.200+0000] {dagbag.py:536} INFO - Filling up the DagBag from /opt/airflow/dags/extract_exchange_rates.py
[2025-04-08T18:43:52.209+0000] {processor.py:839} INFO - DAG(s) dict_keys(['extract_exchange_rates']) retrieved from /opt/airflow/dags/extract_exchange_rates.py
[2025-04-08T18:43:52.224+0000] {logging_mixin.py:151} INFO - [2025-04-08T18:43:52.224+0000] {dag.py:2941} INFO - Sync 1 DAGs
[2025-04-08T18:43:52.235+0000] {logging_mixin.py:151} INFO - [2025-04-08T18:43:52.234+0000] {dag.py:3722} INFO - Setting next_dagrun for extract_exchange_rates to 2025-04-08T00:00:00+00:00, run_after=2025-04-09T00:00:00+00:00
[2025-04-08T18:43:52.243+0000] {processor.py:179} INFO - Processing /opt/airflow/dags/extract_exchange_rates.py took 0.046 seconds
[2025-04-08T18:44:22.463+0000] {processor.py:157} INFO - Started process (PID=839) to work on /opt/airflow/dags/extract_exchange_rates.py
[2025-04-08T18:44:22.464+0000] {processor.py:829} INFO - Processing file /opt/airflow/dags/extract_exchange_rates.py for tasks to queue
[2025-04-08T18:44:22.464+0000] {logging_mixin.py:151} INFO - [2025-04-08T18:44:22.464+0000] {dagbag.py:536} INFO - Filling up the DagBag from /opt/airflow/dags/extract_exchange_rates.py
[2025-04-08T18:44:22.478+0000] {processor.py:839} INFO - DAG(s) dict_keys(['extract_exchange_rates']) retrieved from /opt/airflow/dags/extract_exchange_rates.py
[2025-04-08T18:44:22.497+0000] {logging_mixin.py:151} INFO - [2025-04-08T18:44:22.496+0000] {dag.py:2941} INFO - Sync 1 DAGs
[2025-04-08T18:44:22.510+0000] {logging_mixin.py:151} INFO - [2025-04-08T18:44:22.510+0000] {dag.py:3722} INFO - Setting next_dagrun for extract_exchange_rates to 2025-04-08T00:00:00+00:00, run_after=2025-04-09T00:00:00+00:00
[2025-04-08T18:44:22.517+0000] {processor.py:179} INFO - Processing /opt/airflow/dags/extract_exchange_rates.py took 0.058 seconds
[2025-04-08T18:44:52.729+0000] {processor.py:157} INFO - Started process (PID=844) to work on /opt/airflow/dags/extract_exchange_rates.py
[2025-04-08T18:44:52.730+0000] {processor.py:829} INFO - Processing file /opt/airflow/dags/extract_exchange_rates.py for tasks to queue
[2025-04-08T18:44:52.731+0000] {logging_mixin.py:151} INFO - [2025-04-08T18:44:52.731+0000] {dagbag.py:536} INFO - Filling up the DagBag from /opt/airflow/dags/extract_exchange_rates.py
[2025-04-08T18:44:52.743+0000] {processor.py:839} INFO - DAG(s) dict_keys(['extract_exchange_rates']) retrieved from /opt/airflow/dags/extract_exchange_rates.py
[2025-04-08T18:44:52.759+0000] {logging_mixin.py:151} INFO - [2025-04-08T18:44:52.759+0000] {dag.py:2941} INFO - Sync 1 DAGs
[2025-04-08T18:44:52.770+0000] {logging_mixin.py:151} INFO - [2025-04-08T18:44:52.769+0000] {dag.py:3722} INFO - Setting next_dagrun for extract_exchange_rates to 2025-04-08T00:00:00+00:00, run_after=2025-04-09T00:00:00+00:00
[2025-04-08T18:44:52.777+0000] {processor.py:179} INFO - Processing /opt/airflow/dags/extract_exchange_rates.py took 0.050 seconds
[2025-04-08T18:45:22.964+0000] {processor.py:157} INFO - Started process (PID=849) to work on /opt/airflow/dags/extract_exchange_rates.py
[2025-04-08T18:45:22.965+0000] {processor.py:829} INFO - Processing file /opt/airflow/dags/extract_exchange_rates.py for tasks to queue
[2025-04-08T18:45:22.966+0000] {logging_mixin.py:151} INFO - [2025-04-08T18:45:22.966+0000] {dagbag.py:536} INFO - Filling up the DagBag from /opt/airflow/dags/extract_exchange_rates.py
[2025-04-08T18:45:22.979+0000] {processor.py:839} INFO - DAG(s) dict_keys(['extract_exchange_rates']) retrieved from /opt/airflow/dags/extract_exchange_rates.py
[2025-04-08T18:45:22.994+0000] {logging_mixin.py:151} INFO - [2025-04-08T18:45:22.994+0000] {dag.py:2941} INFO - Sync 1 DAGs
[2025-04-08T18:45:23.003+0000] {logging_mixin.py:151} INFO - [2025-04-08T18:45:23.003+0000] {dag.py:3722} INFO - Setting next_dagrun for extract_exchange_rates to 2025-04-08T00:00:00+00:00, run_after=2025-04-09T00:00:00+00:00
[2025-04-08T18:45:23.010+0000] {processor.py:179} INFO - Processing /opt/airflow/dags/extract_exchange_rates.py took 0.049 seconds
[2025-04-08T18:45:53.302+0000] {processor.py:157} INFO - Started process (PID=854) to work on /opt/airflow/dags/extract_exchange_rates.py
[2025-04-08T18:45:53.303+0000] {processor.py:829} INFO - Processing file /opt/airflow/dags/extract_exchange_rates.py for tasks to queue
[2025-04-08T18:45:53.303+0000] {logging_mixin.py:151} INFO - [2025-04-08T18:45:53.303+0000] {dagbag.py:536} INFO - Filling up the DagBag from /opt/airflow/dags/extract_exchange_rates.py
[2025-04-08T18:45:53.312+0000] {processor.py:839} INFO - DAG(s) dict_keys(['extract_exchange_rates']) retrieved from /opt/airflow/dags/extract_exchange_rates.py
[2025-04-08T18:45:53.327+0000] {logging_mixin.py:151} INFO - [2025-04-08T18:45:53.327+0000] {dag.py:2941} INFO - Sync 1 DAGs
[2025-04-08T18:45:53.338+0000] {logging_mixin.py:151} INFO - [2025-04-08T18:45:53.338+0000] {dag.py:3722} INFO - Setting next_dagrun for extract_exchange_rates to 2025-04-08T00:00:00+00:00, run_after=2025-04-09T00:00:00+00:00
[2025-04-08T18:45:53.347+0000] {processor.py:179} INFO - Processing /opt/airflow/dags/extract_exchange_rates.py took 0.048 seconds
[2025-04-08T18:46:23.610+0000] {processor.py:157} INFO - Started process (PID=859) to work on /opt/airflow/dags/extract_exchange_rates.py
[2025-04-08T18:46:23.612+0000] {processor.py:829} INFO - Processing file /opt/airflow/dags/extract_exchange_rates.py for tasks to queue
[2025-04-08T18:46:23.613+0000] {logging_mixin.py:151} INFO - [2025-04-08T18:46:23.612+0000] {dagbag.py:536} INFO - Filling up the DagBag from /opt/airflow/dags/extract_exchange_rates.py
[2025-04-08T18:46:23.626+0000] {processor.py:839} INFO - DAG(s) dict_keys(['extract_exchange_rates']) retrieved from /opt/airflow/dags/extract_exchange_rates.py
[2025-04-08T18:46:23.642+0000] {logging_mixin.py:151} INFO - [2025-04-08T18:46:23.642+0000] {dag.py:2941} INFO - Sync 1 DAGs
[2025-04-08T18:46:23.654+0000] {logging_mixin.py:151} INFO - [2025-04-08T18:46:23.654+0000] {dag.py:3722} INFO - Setting next_dagrun for extract_exchange_rates to 2025-04-08T00:00:00+00:00, run_after=2025-04-09T00:00:00+00:00
[2025-04-08T18:46:23.661+0000] {processor.py:179} INFO - Processing /opt/airflow/dags/extract_exchange_rates.py took 0.053 seconds
[2025-04-08T18:46:53.917+0000] {processor.py:157} INFO - Started process (PID=864) to work on /opt/airflow/dags/extract_exchange_rates.py
[2025-04-08T18:46:53.918+0000] {processor.py:829} INFO - Processing file /opt/airflow/dags/extract_exchange_rates.py for tasks to queue
[2025-04-08T18:46:53.918+0000] {logging_mixin.py:151} INFO - [2025-04-08T18:46:53.918+0000] {dagbag.py:536} INFO - Filling up the DagBag from /opt/airflow/dags/extract_exchange_rates.py
[2025-04-08T18:46:53.928+0000] {processor.py:839} INFO - DAG(s) dict_keys(['extract_exchange_rates']) retrieved from /opt/airflow/dags/extract_exchange_rates.py
[2025-04-08T18:46:53.942+0000] {logging_mixin.py:151} INFO - [2025-04-08T18:46:53.942+0000] {dag.py:2941} INFO - Sync 1 DAGs
[2025-04-08T18:46:53.953+0000] {logging_mixin.py:151} INFO - [2025-04-08T18:46:53.953+0000] {dag.py:3722} INFO - Setting next_dagrun for extract_exchange_rates to 2025-04-08T00:00:00+00:00, run_after=2025-04-09T00:00:00+00:00
[2025-04-08T18:46:53.961+0000] {processor.py:179} INFO - Processing /opt/airflow/dags/extract_exchange_rates.py took 0.046 seconds
[2025-04-08T18:47:24.238+0000] {processor.py:157} INFO - Started process (PID=869) to work on /opt/airflow/dags/extract_exchange_rates.py
[2025-04-08T18:47:24.239+0000] {processor.py:829} INFO - Processing file /opt/airflow/dags/extract_exchange_rates.py for tasks to queue
[2025-04-08T18:47:24.240+0000] {logging_mixin.py:151} INFO - [2025-04-08T18:47:24.240+0000] {dagbag.py:536} INFO - Filling up the DagBag from /opt/airflow/dags/extract_exchange_rates.py
[2025-04-08T18:47:24.251+0000] {processor.py:839} INFO - DAG(s) dict_keys(['extract_exchange_rates']) retrieved from /opt/airflow/dags/extract_exchange_rates.py
[2025-04-08T18:47:24.265+0000] {logging_mixin.py:151} INFO - [2025-04-08T18:47:24.264+0000] {dag.py:2941} INFO - Sync 1 DAGs
[2025-04-08T18:47:24.274+0000] {logging_mixin.py:151} INFO - [2025-04-08T18:47:24.274+0000] {dag.py:3722} INFO - Setting next_dagrun for extract_exchange_rates to 2025-04-08T00:00:00+00:00, run_after=2025-04-09T00:00:00+00:00
[2025-04-08T18:47:24.281+0000] {processor.py:179} INFO - Processing /opt/airflow/dags/extract_exchange_rates.py took 0.045 seconds
[2025-04-08T18:47:54.541+0000] {processor.py:157} INFO - Started process (PID=874) to work on /opt/airflow/dags/extract_exchange_rates.py
[2025-04-08T18:47:54.542+0000] {processor.py:829} INFO - Processing file /opt/airflow/dags/extract_exchange_rates.py for tasks to queue
[2025-04-08T18:47:54.542+0000] {logging_mixin.py:151} INFO - [2025-04-08T18:47:54.542+0000] {dagbag.py:536} INFO - Filling up the DagBag from /opt/airflow/dags/extract_exchange_rates.py
[2025-04-08T18:47:54.553+0000] {processor.py:839} INFO - DAG(s) dict_keys(['extract_exchange_rates']) retrieved from /opt/airflow/dags/extract_exchange_rates.py
[2025-04-08T18:47:54.568+0000] {logging_mixin.py:151} INFO - [2025-04-08T18:47:54.568+0000] {dag.py:2941} INFO - Sync 1 DAGs
[2025-04-08T18:47:54.577+0000] {logging_mixin.py:151} INFO - [2025-04-08T18:47:54.577+0000] {dag.py:3722} INFO - Setting next_dagrun for extract_exchange_rates to 2025-04-08T00:00:00+00:00, run_after=2025-04-09T00:00:00+00:00
[2025-04-08T18:47:54.587+0000] {processor.py:179} INFO - Processing /opt/airflow/dags/extract_exchange_rates.py took 0.048 seconds
[2025-04-08T18:48:24.834+0000] {processor.py:157} INFO - Started process (PID=879) to work on /opt/airflow/dags/extract_exchange_rates.py
[2025-04-08T18:48:24.835+0000] {processor.py:829} INFO - Processing file /opt/airflow/dags/extract_exchange_rates.py for tasks to queue
[2025-04-08T18:48:24.836+0000] {logging_mixin.py:151} INFO - [2025-04-08T18:48:24.836+0000] {dagbag.py:536} INFO - Filling up the DagBag from /opt/airflow/dags/extract_exchange_rates.py
[2025-04-08T18:48:24.848+0000] {processor.py:839} INFO - DAG(s) dict_keys(['extract_exchange_rates']) retrieved from /opt/airflow/dags/extract_exchange_rates.py
[2025-04-08T18:48:24.866+0000] {logging_mixin.py:151} INFO - [2025-04-08T18:48:24.866+0000] {dag.py:2941} INFO - Sync 1 DAGs
[2025-04-08T18:48:24.877+0000] {logging_mixin.py:151} INFO - [2025-04-08T18:48:24.877+0000] {dag.py:3722} INFO - Setting next_dagrun for extract_exchange_rates to 2025-04-08T00:00:00+00:00, run_after=2025-04-09T00:00:00+00:00
[2025-04-08T18:48:24.884+0000] {processor.py:179} INFO - Processing /opt/airflow/dags/extract_exchange_rates.py took 0.053 seconds
[2025-04-08T18:48:55.108+0000] {processor.py:157} INFO - Started process (PID=884) to work on /opt/airflow/dags/extract_exchange_rates.py
[2025-04-08T18:48:55.109+0000] {processor.py:829} INFO - Processing file /opt/airflow/dags/extract_exchange_rates.py for tasks to queue
[2025-04-08T18:48:55.110+0000] {logging_mixin.py:151} INFO - [2025-04-08T18:48:55.109+0000] {dagbag.py:536} INFO - Filling up the DagBag from /opt/airflow/dags/extract_exchange_rates.py
[2025-04-08T18:48:55.120+0000] {processor.py:839} INFO - DAG(s) dict_keys(['extract_exchange_rates']) retrieved from /opt/airflow/dags/extract_exchange_rates.py
[2025-04-08T18:48:55.135+0000] {logging_mixin.py:151} INFO - [2025-04-08T18:48:55.135+0000] {dag.py:2941} INFO - Sync 1 DAGs
[2025-04-08T18:48:55.146+0000] {logging_mixin.py:151} INFO - [2025-04-08T18:48:55.146+0000] {dag.py:3722} INFO - Setting next_dagrun for extract_exchange_rates to 2025-04-08T00:00:00+00:00, run_after=2025-04-09T00:00:00+00:00
[2025-04-08T18:48:55.153+0000] {processor.py:179} INFO - Processing /opt/airflow/dags/extract_exchange_rates.py took 0.047 seconds
[2025-04-08T18:49:25.414+0000] {processor.py:157} INFO - Started process (PID=889) to work on /opt/airflow/dags/extract_exchange_rates.py
[2025-04-08T18:49:25.415+0000] {processor.py:829} INFO - Processing file /opt/airflow/dags/extract_exchange_rates.py for tasks to queue
[2025-04-08T18:49:25.416+0000] {logging_mixin.py:151} INFO - [2025-04-08T18:49:25.415+0000] {dagbag.py:536} INFO - Filling up the DagBag from /opt/airflow/dags/extract_exchange_rates.py
[2025-04-08T18:49:25.426+0000] {processor.py:839} INFO - DAG(s) dict_keys(['extract_exchange_rates']) retrieved from /opt/airflow/dags/extract_exchange_rates.py
[2025-04-08T18:49:25.440+0000] {logging_mixin.py:151} INFO - [2025-04-08T18:49:25.439+0000] {dag.py:2941} INFO - Sync 1 DAGs
[2025-04-08T18:49:25.450+0000] {logging_mixin.py:151} INFO - [2025-04-08T18:49:25.449+0000] {dag.py:3722} INFO - Setting next_dagrun for extract_exchange_rates to 2025-04-08T00:00:00+00:00, run_after=2025-04-09T00:00:00+00:00
[2025-04-08T18:49:25.457+0000] {processor.py:179} INFO - Processing /opt/airflow/dags/extract_exchange_rates.py took 0.046 seconds
[2025-04-08T18:49:55.711+0000] {processor.py:157} INFO - Started process (PID=894) to work on /opt/airflow/dags/extract_exchange_rates.py
[2025-04-08T18:49:55.712+0000] {processor.py:829} INFO - Processing file /opt/airflow/dags/extract_exchange_rates.py for tasks to queue
[2025-04-08T18:49:55.713+0000] {logging_mixin.py:151} INFO - [2025-04-08T18:49:55.713+0000] {dagbag.py:536} INFO - Filling up the DagBag from /opt/airflow/dags/extract_exchange_rates.py
[2025-04-08T18:49:55.724+0000] {processor.py:839} INFO - DAG(s) dict_keys(['extract_exchange_rates']) retrieved from /opt/airflow/dags/extract_exchange_rates.py
[2025-04-08T18:49:55.739+0000] {logging_mixin.py:151} INFO - [2025-04-08T18:49:55.739+0000] {dag.py:2941} INFO - Sync 1 DAGs
[2025-04-08T18:49:55.749+0000] {logging_mixin.py:151} INFO - [2025-04-08T18:49:55.749+0000] {dag.py:3722} INFO - Setting next_dagrun for extract_exchange_rates to 2025-04-08T00:00:00+00:00, run_after=2025-04-09T00:00:00+00:00
[2025-04-08T18:49:55.757+0000] {processor.py:179} INFO - Processing /opt/airflow/dags/extract_exchange_rates.py took 0.048 seconds
[2025-04-08T18:50:26.004+0000] {processor.py:157} INFO - Started process (PID=899) to work on /opt/airflow/dags/extract_exchange_rates.py
[2025-04-08T18:50:26.005+0000] {processor.py:829} INFO - Processing file /opt/airflow/dags/extract_exchange_rates.py for tasks to queue
[2025-04-08T18:50:26.006+0000] {logging_mixin.py:151} INFO - [2025-04-08T18:50:26.006+0000] {dagbag.py:536} INFO - Filling up the DagBag from /opt/airflow/dags/extract_exchange_rates.py
[2025-04-08T18:50:26.019+0000] {processor.py:839} INFO - DAG(s) dict_keys(['extract_exchange_rates']) retrieved from /opt/airflow/dags/extract_exchange_rates.py
[2025-04-08T18:50:26.037+0000] {logging_mixin.py:151} INFO - [2025-04-08T18:50:26.037+0000] {dag.py:2941} INFO - Sync 1 DAGs
[2025-04-08T18:50:26.047+0000] {logging_mixin.py:151} INFO - [2025-04-08T18:50:26.047+0000] {dag.py:3722} INFO - Setting next_dagrun for extract_exchange_rates to 2025-04-08T00:00:00+00:00, run_after=2025-04-09T00:00:00+00:00
[2025-04-08T18:50:26.055+0000] {processor.py:179} INFO - Processing /opt/airflow/dags/extract_exchange_rates.py took 0.053 seconds
[2025-04-08T18:50:56.326+0000] {processor.py:157} INFO - Started process (PID=904) to work on /opt/airflow/dags/extract_exchange_rates.py
[2025-04-08T18:50:56.327+0000] {processor.py:829} INFO - Processing file /opt/airflow/dags/extract_exchange_rates.py for tasks to queue
[2025-04-08T18:50:56.328+0000] {logging_mixin.py:151} INFO - [2025-04-08T18:50:56.328+0000] {dagbag.py:536} INFO - Filling up the DagBag from /opt/airflow/dags/extract_exchange_rates.py
[2025-04-08T18:50:56.337+0000] {processor.py:839} INFO - DAG(s) dict_keys(['extract_exchange_rates']) retrieved from /opt/airflow/dags/extract_exchange_rates.py
[2025-04-08T18:50:56.350+0000] {logging_mixin.py:151} INFO - [2025-04-08T18:50:56.350+0000] {dag.py:2941} INFO - Sync 1 DAGs
[2025-04-08T18:50:56.360+0000] {logging_mixin.py:151} INFO - [2025-04-08T18:50:56.359+0000] {dag.py:3722} INFO - Setting next_dagrun for extract_exchange_rates to 2025-04-08T00:00:00+00:00, run_after=2025-04-09T00:00:00+00:00
[2025-04-08T18:50:56.366+0000] {processor.py:179} INFO - Processing /opt/airflow/dags/extract_exchange_rates.py took 0.043 seconds
[2025-04-08T18:51:26.637+0000] {processor.py:157} INFO - Started process (PID=909) to work on /opt/airflow/dags/extract_exchange_rates.py
[2025-04-08T18:51:26.637+0000] {processor.py:829} INFO - Processing file /opt/airflow/dags/extract_exchange_rates.py for tasks to queue
[2025-04-08T18:51:26.638+0000] {logging_mixin.py:151} INFO - [2025-04-08T18:51:26.638+0000] {dagbag.py:536} INFO - Filling up the DagBag from /opt/airflow/dags/extract_exchange_rates.py
[2025-04-08T18:51:26.648+0000] {processor.py:839} INFO - DAG(s) dict_keys(['extract_exchange_rates']) retrieved from /opt/airflow/dags/extract_exchange_rates.py
[2025-04-08T18:51:26.661+0000] {logging_mixin.py:151} INFO - [2025-04-08T18:51:26.661+0000] {dag.py:2941} INFO - Sync 1 DAGs
[2025-04-08T18:51:26.671+0000] {logging_mixin.py:151} INFO - [2025-04-08T18:51:26.671+0000] {dag.py:3722} INFO - Setting next_dagrun for extract_exchange_rates to 2025-04-08T00:00:00+00:00, run_after=2025-04-09T00:00:00+00:00
[2025-04-08T18:51:26.679+0000] {processor.py:179} INFO - Processing /opt/airflow/dags/extract_exchange_rates.py took 0.045 seconds
[2025-04-08T18:51:56.957+0000] {processor.py:157} INFO - Started process (PID=914) to work on /opt/airflow/dags/extract_exchange_rates.py
[2025-04-08T18:51:56.958+0000] {processor.py:829} INFO - Processing file /opt/airflow/dags/extract_exchange_rates.py for tasks to queue
[2025-04-08T18:51:56.959+0000] {logging_mixin.py:151} INFO - [2025-04-08T18:51:56.959+0000] {dagbag.py:536} INFO - Filling up the DagBag from /opt/airflow/dags/extract_exchange_rates.py
[2025-04-08T18:51:56.969+0000] {processor.py:839} INFO - DAG(s) dict_keys(['extract_exchange_rates']) retrieved from /opt/airflow/dags/extract_exchange_rates.py
[2025-04-08T18:51:56.983+0000] {logging_mixin.py:151} INFO - [2025-04-08T18:51:56.983+0000] {dag.py:2941} INFO - Sync 1 DAGs
[2025-04-08T18:51:56.993+0000] {logging_mixin.py:151} INFO - [2025-04-08T18:51:56.993+0000] {dag.py:3722} INFO - Setting next_dagrun for extract_exchange_rates to 2025-04-08T00:00:00+00:00, run_after=2025-04-09T00:00:00+00:00
[2025-04-08T18:51:57.000+0000] {processor.py:179} INFO - Processing /opt/airflow/dags/extract_exchange_rates.py took 0.045 seconds
[2025-04-08T18:52:27.275+0000] {processor.py:157} INFO - Started process (PID=919) to work on /opt/airflow/dags/extract_exchange_rates.py
[2025-04-08T18:52:27.276+0000] {processor.py:829} INFO - Processing file /opt/airflow/dags/extract_exchange_rates.py for tasks to queue
[2025-04-08T18:52:27.276+0000] {logging_mixin.py:151} INFO - [2025-04-08T18:52:27.276+0000] {dagbag.py:536} INFO - Filling up the DagBag from /opt/airflow/dags/extract_exchange_rates.py
[2025-04-08T18:52:27.287+0000] {processor.py:839} INFO - DAG(s) dict_keys(['extract_exchange_rates']) retrieved from /opt/airflow/dags/extract_exchange_rates.py
[2025-04-08T18:52:27.300+0000] {logging_mixin.py:151} INFO - [2025-04-08T18:52:27.300+0000] {dag.py:2941} INFO - Sync 1 DAGs
[2025-04-08T18:52:27.313+0000] {logging_mixin.py:151} INFO - [2025-04-08T18:52:27.313+0000] {dag.py:3722} INFO - Setting next_dagrun for extract_exchange_rates to 2025-04-08T00:00:00+00:00, run_after=2025-04-09T00:00:00+00:00
[2025-04-08T18:52:27.320+0000] {processor.py:179} INFO - Processing /opt/airflow/dags/extract_exchange_rates.py took 0.048 seconds
[2025-04-08T18:52:57.594+0000] {processor.py:157} INFO - Started process (PID=924) to work on /opt/airflow/dags/extract_exchange_rates.py
[2025-04-08T18:52:57.595+0000] {processor.py:829} INFO - Processing file /opt/airflow/dags/extract_exchange_rates.py for tasks to queue
[2025-04-08T18:52:57.595+0000] {logging_mixin.py:151} INFO - [2025-04-08T18:52:57.595+0000] {dagbag.py:536} INFO - Filling up the DagBag from /opt/airflow/dags/extract_exchange_rates.py
[2025-04-08T18:52:57.607+0000] {processor.py:839} INFO - DAG(s) dict_keys(['extract_exchange_rates']) retrieved from /opt/airflow/dags/extract_exchange_rates.py
[2025-04-08T18:52:57.624+0000] {logging_mixin.py:151} INFO - [2025-04-08T18:52:57.624+0000] {dag.py:2941} INFO - Sync 1 DAGs
[2025-04-08T18:52:57.636+0000] {logging_mixin.py:151} INFO - [2025-04-08T18:52:57.636+0000] {dag.py:3722} INFO - Setting next_dagrun for extract_exchange_rates to 2025-04-08T00:00:00+00:00, run_after=2025-04-09T00:00:00+00:00
[2025-04-08T18:52:57.647+0000] {processor.py:179} INFO - Processing /opt/airflow/dags/extract_exchange_rates.py took 0.056 seconds
[2025-04-08T18:53:27.866+0000] {processor.py:157} INFO - Started process (PID=929) to work on /opt/airflow/dags/extract_exchange_rates.py
[2025-04-08T18:53:27.867+0000] {processor.py:829} INFO - Processing file /opt/airflow/dags/extract_exchange_rates.py for tasks to queue
[2025-04-08T18:53:27.868+0000] {logging_mixin.py:151} INFO - [2025-04-08T18:53:27.867+0000] {dagbag.py:536} INFO - Filling up the DagBag from /opt/airflow/dags/extract_exchange_rates.py
[2025-04-08T18:53:27.878+0000] {processor.py:839} INFO - DAG(s) dict_keys(['extract_exchange_rates']) retrieved from /opt/airflow/dags/extract_exchange_rates.py
[2025-04-08T18:53:27.892+0000] {logging_mixin.py:151} INFO - [2025-04-08T18:53:27.892+0000] {dag.py:2941} INFO - Sync 1 DAGs
[2025-04-08T18:53:27.901+0000] {logging_mixin.py:151} INFO - [2025-04-08T18:53:27.901+0000] {dag.py:3722} INFO - Setting next_dagrun for extract_exchange_rates to 2025-04-08T00:00:00+00:00, run_after=2025-04-09T00:00:00+00:00
[2025-04-08T18:53:27.909+0000] {processor.py:179} INFO - Processing /opt/airflow/dags/extract_exchange_rates.py took 0.045 seconds
[2025-04-08T18:53:58.158+0000] {processor.py:157} INFO - Started process (PID=934) to work on /opt/airflow/dags/extract_exchange_rates.py
[2025-04-08T18:53:58.158+0000] {processor.py:829} INFO - Processing file /opt/airflow/dags/extract_exchange_rates.py for tasks to queue
[2025-04-08T18:53:58.159+0000] {logging_mixin.py:151} INFO - [2025-04-08T18:53:58.159+0000] {dagbag.py:536} INFO - Filling up the DagBag from /opt/airflow/dags/extract_exchange_rates.py
[2025-04-08T18:53:58.170+0000] {processor.py:839} INFO - DAG(s) dict_keys(['extract_exchange_rates']) retrieved from /opt/airflow/dags/extract_exchange_rates.py
[2025-04-08T18:53:58.184+0000] {logging_mixin.py:151} INFO - [2025-04-08T18:53:58.184+0000] {dag.py:2941} INFO - Sync 1 DAGs
[2025-04-08T18:53:58.194+0000] {logging_mixin.py:151} INFO - [2025-04-08T18:53:58.194+0000] {dag.py:3722} INFO - Setting next_dagrun for extract_exchange_rates to 2025-04-08T00:00:00+00:00, run_after=2025-04-09T00:00:00+00:00
[2025-04-08T18:53:58.201+0000] {processor.py:179} INFO - Processing /opt/airflow/dags/extract_exchange_rates.py took 0.046 seconds
[2025-04-08T18:54:28.428+0000] {processor.py:157} INFO - Started process (PID=939) to work on /opt/airflow/dags/extract_exchange_rates.py
[2025-04-08T18:54:28.428+0000] {processor.py:829} INFO - Processing file /opt/airflow/dags/extract_exchange_rates.py for tasks to queue
[2025-04-08T18:54:28.429+0000] {logging_mixin.py:151} INFO - [2025-04-08T18:54:28.429+0000] {dagbag.py:536} INFO - Filling up the DagBag from /opt/airflow/dags/extract_exchange_rates.py
[2025-04-08T18:54:28.439+0000] {processor.py:839} INFO - DAG(s) dict_keys(['extract_exchange_rates']) retrieved from /opt/airflow/dags/extract_exchange_rates.py
[2025-04-08T18:54:28.452+0000] {logging_mixin.py:151} INFO - [2025-04-08T18:54:28.452+0000] {dag.py:2941} INFO - Sync 1 DAGs
[2025-04-08T18:54:28.462+0000] {logging_mixin.py:151} INFO - [2025-04-08T18:54:28.462+0000] {dag.py:3722} INFO - Setting next_dagrun for extract_exchange_rates to 2025-04-08T00:00:00+00:00, run_after=2025-04-09T00:00:00+00:00
[2025-04-08T18:54:28.470+0000] {processor.py:179} INFO - Processing /opt/airflow/dags/extract_exchange_rates.py took 0.045 seconds
[2025-04-08T18:54:58.677+0000] {processor.py:157} INFO - Started process (PID=944) to work on /opt/airflow/dags/extract_exchange_rates.py
[2025-04-08T18:54:58.679+0000] {processor.py:829} INFO - Processing file /opt/airflow/dags/extract_exchange_rates.py for tasks to queue
[2025-04-08T18:54:58.680+0000] {logging_mixin.py:151} INFO - [2025-04-08T18:54:58.680+0000] {dagbag.py:536} INFO - Filling up the DagBag from /opt/airflow/dags/extract_exchange_rates.py
[2025-04-08T18:54:58.691+0000] {processor.py:839} INFO - DAG(s) dict_keys(['extract_exchange_rates']) retrieved from /opt/airflow/dags/extract_exchange_rates.py
[2025-04-08T18:54:58.705+0000] {logging_mixin.py:151} INFO - [2025-04-08T18:54:58.705+0000] {dag.py:2941} INFO - Sync 1 DAGs
[2025-04-08T18:54:58.714+0000] {logging_mixin.py:151} INFO - [2025-04-08T18:54:58.714+0000] {dag.py:3722} INFO - Setting next_dagrun for extract_exchange_rates to 2025-04-08T00:00:00+00:00, run_after=2025-04-09T00:00:00+00:00
[2025-04-08T18:54:58.721+0000] {processor.py:179} INFO - Processing /opt/airflow/dags/extract_exchange_rates.py took 0.047 seconds
[2025-04-08T18:55:28.931+0000] {processor.py:157} INFO - Started process (PID=949) to work on /opt/airflow/dags/extract_exchange_rates.py
[2025-04-08T18:55:28.931+0000] {processor.py:829} INFO - Processing file /opt/airflow/dags/extract_exchange_rates.py for tasks to queue
[2025-04-08T18:55:28.932+0000] {logging_mixin.py:151} INFO - [2025-04-08T18:55:28.932+0000] {dagbag.py:536} INFO - Filling up the DagBag from /opt/airflow/dags/extract_exchange_rates.py
[2025-04-08T18:55:28.944+0000] {processor.py:839} INFO - DAG(s) dict_keys(['extract_exchange_rates']) retrieved from /opt/airflow/dags/extract_exchange_rates.py
[2025-04-08T18:55:28.960+0000] {logging_mixin.py:151} INFO - [2025-04-08T18:55:28.960+0000] {dag.py:2941} INFO - Sync 1 DAGs
[2025-04-08T18:55:28.971+0000] {logging_mixin.py:151} INFO - [2025-04-08T18:55:28.971+0000] {dag.py:3722} INFO - Setting next_dagrun for extract_exchange_rates to 2025-04-08T00:00:00+00:00, run_after=2025-04-09T00:00:00+00:00
[2025-04-08T18:55:28.978+0000] {processor.py:179} INFO - Processing /opt/airflow/dags/extract_exchange_rates.py took 0.050 seconds
[2025-04-08T18:55:59.189+0000] {processor.py:157} INFO - Started process (PID=954) to work on /opt/airflow/dags/extract_exchange_rates.py
[2025-04-08T18:55:59.190+0000] {processor.py:829} INFO - Processing file /opt/airflow/dags/extract_exchange_rates.py for tasks to queue
[2025-04-08T18:55:59.190+0000] {logging_mixin.py:151} INFO - [2025-04-08T18:55:59.190+0000] {dagbag.py:536} INFO - Filling up the DagBag from /opt/airflow/dags/extract_exchange_rates.py
[2025-04-08T18:55:59.201+0000] {processor.py:839} INFO - DAG(s) dict_keys(['extract_exchange_rates']) retrieved from /opt/airflow/dags/extract_exchange_rates.py
[2025-04-08T18:55:59.215+0000] {logging_mixin.py:151} INFO - [2025-04-08T18:55:59.215+0000] {dag.py:2941} INFO - Sync 1 DAGs
[2025-04-08T18:55:59.225+0000] {logging_mixin.py:151} INFO - [2025-04-08T18:55:59.225+0000] {dag.py:3722} INFO - Setting next_dagrun for extract_exchange_rates to 2025-04-08T00:00:00+00:00, run_after=2025-04-09T00:00:00+00:00
[2025-04-08T18:55:59.231+0000] {processor.py:179} INFO - Processing /opt/airflow/dags/extract_exchange_rates.py took 0.045 seconds
[2025-04-08T18:56:29.436+0000] {processor.py:157} INFO - Started process (PID=959) to work on /opt/airflow/dags/extract_exchange_rates.py
[2025-04-08T18:56:29.437+0000] {processor.py:829} INFO - Processing file /opt/airflow/dags/extract_exchange_rates.py for tasks to queue
[2025-04-08T18:56:29.438+0000] {logging_mixin.py:151} INFO - [2025-04-08T18:56:29.438+0000] {dagbag.py:536} INFO - Filling up the DagBag from /opt/airflow/dags/extract_exchange_rates.py
[2025-04-08T18:56:29.449+0000] {processor.py:839} INFO - DAG(s) dict_keys(['extract_exchange_rates']) retrieved from /opt/airflow/dags/extract_exchange_rates.py
[2025-04-08T18:56:29.465+0000] {logging_mixin.py:151} INFO - [2025-04-08T18:56:29.465+0000] {dag.py:2941} INFO - Sync 1 DAGs
[2025-04-08T18:56:29.475+0000] {logging_mixin.py:151} INFO - [2025-04-08T18:56:29.475+0000] {dag.py:3722} INFO - Setting next_dagrun for extract_exchange_rates to 2025-04-08T00:00:00+00:00, run_after=2025-04-09T00:00:00+00:00
[2025-04-08T18:56:29.482+0000] {processor.py:179} INFO - Processing /opt/airflow/dags/extract_exchange_rates.py took 0.048 seconds
[2025-04-08T18:56:59.699+0000] {processor.py:157} INFO - Started process (PID=964) to work on /opt/airflow/dags/extract_exchange_rates.py
[2025-04-08T18:56:59.700+0000] {processor.py:829} INFO - Processing file /opt/airflow/dags/extract_exchange_rates.py for tasks to queue
[2025-04-08T18:56:59.701+0000] {logging_mixin.py:151} INFO - [2025-04-08T18:56:59.700+0000] {dagbag.py:536} INFO - Filling up the DagBag from /opt/airflow/dags/extract_exchange_rates.py
[2025-04-08T18:56:59.710+0000] {processor.py:839} INFO - DAG(s) dict_keys(['extract_exchange_rates']) retrieved from /opt/airflow/dags/extract_exchange_rates.py
[2025-04-08T18:56:59.725+0000] {logging_mixin.py:151} INFO - [2025-04-08T18:56:59.725+0000] {dag.py:2941} INFO - Sync 1 DAGs
[2025-04-08T18:56:59.735+0000] {logging_mixin.py:151} INFO - [2025-04-08T18:56:59.735+0000] {dag.py:3722} INFO - Setting next_dagrun for extract_exchange_rates to 2025-04-08T00:00:00+00:00, run_after=2025-04-09T00:00:00+00:00
[2025-04-08T18:56:59.742+0000] {processor.py:179} INFO - Processing /opt/airflow/dags/extract_exchange_rates.py took 0.045 seconds
[2025-04-08T18:57:29.951+0000] {processor.py:157} INFO - Started process (PID=969) to work on /opt/airflow/dags/extract_exchange_rates.py
[2025-04-08T18:57:29.951+0000] {processor.py:829} INFO - Processing file /opt/airflow/dags/extract_exchange_rates.py for tasks to queue
[2025-04-08T18:57:29.952+0000] {logging_mixin.py:151} INFO - [2025-04-08T18:57:29.952+0000] {dagbag.py:536} INFO - Filling up the DagBag from /opt/airflow/dags/extract_exchange_rates.py
[2025-04-08T18:57:29.963+0000] {processor.py:839} INFO - DAG(s) dict_keys(['extract_exchange_rates']) retrieved from /opt/airflow/dags/extract_exchange_rates.py
[2025-04-08T18:57:29.978+0000] {logging_mixin.py:151} INFO - [2025-04-08T18:57:29.978+0000] {dag.py:2941} INFO - Sync 1 DAGs
[2025-04-08T18:57:29.988+0000] {logging_mixin.py:151} INFO - [2025-04-08T18:57:29.988+0000] {dag.py:3722} INFO - Setting next_dagrun for extract_exchange_rates to 2025-04-08T00:00:00+00:00, run_after=2025-04-09T00:00:00+00:00
[2025-04-08T18:57:29.996+0000] {processor.py:179} INFO - Processing /opt/airflow/dags/extract_exchange_rates.py took 0.048 seconds
[2025-04-08T18:58:00.211+0000] {processor.py:157} INFO - Started process (PID=974) to work on /opt/airflow/dags/extract_exchange_rates.py
[2025-04-08T18:58:00.211+0000] {processor.py:829} INFO - Processing file /opt/airflow/dags/extract_exchange_rates.py for tasks to queue
[2025-04-08T18:58:00.212+0000] {logging_mixin.py:151} INFO - [2025-04-08T18:58:00.212+0000] {dagbag.py:536} INFO - Filling up the DagBag from /opt/airflow/dags/extract_exchange_rates.py
[2025-04-08T18:58:00.223+0000] {processor.py:839} INFO - DAG(s) dict_keys(['extract_exchange_rates']) retrieved from /opt/airflow/dags/extract_exchange_rates.py
[2025-04-08T18:58:00.238+0000] {logging_mixin.py:151} INFO - [2025-04-08T18:58:00.238+0000] {dag.py:2941} INFO - Sync 1 DAGs
[2025-04-08T18:58:00.248+0000] {logging_mixin.py:151} INFO - [2025-04-08T18:58:00.248+0000] {dag.py:3722} INFO - Setting next_dagrun for extract_exchange_rates to 2025-04-08T00:00:00+00:00, run_after=2025-04-09T00:00:00+00:00
[2025-04-08T18:58:00.255+0000] {processor.py:179} INFO - Processing /opt/airflow/dags/extract_exchange_rates.py took 0.047 seconds
[2025-04-08T18:58:30.493+0000] {processor.py:157} INFO - Started process (PID=979) to work on /opt/airflow/dags/extract_exchange_rates.py
[2025-04-08T18:58:30.495+0000] {processor.py:829} INFO - Processing file /opt/airflow/dags/extract_exchange_rates.py for tasks to queue
[2025-04-08T18:58:30.496+0000] {logging_mixin.py:151} INFO - [2025-04-08T18:58:30.496+0000] {dagbag.py:536} INFO - Filling up the DagBag from /opt/airflow/dags/extract_exchange_rates.py
[2025-04-08T18:58:30.507+0000] {processor.py:839} INFO - DAG(s) dict_keys(['extract_exchange_rates']) retrieved from /opt/airflow/dags/extract_exchange_rates.py
[2025-04-08T18:58:30.520+0000] {logging_mixin.py:151} INFO - [2025-04-08T18:58:30.519+0000] {dag.py:2941} INFO - Sync 1 DAGs
[2025-04-08T18:58:30.529+0000] {logging_mixin.py:151} INFO - [2025-04-08T18:58:30.529+0000] {dag.py:3722} INFO - Setting next_dagrun for extract_exchange_rates to 2025-04-08T00:00:00+00:00, run_after=2025-04-09T00:00:00+00:00
[2025-04-08T18:58:30.536+0000] {processor.py:179} INFO - Processing /opt/airflow/dags/extract_exchange_rates.py took 0.045 seconds
[2025-04-08T18:59:00.775+0000] {processor.py:157} INFO - Started process (PID=984) to work on /opt/airflow/dags/extract_exchange_rates.py
[2025-04-08T18:59:00.775+0000] {processor.py:829} INFO - Processing file /opt/airflow/dags/extract_exchange_rates.py for tasks to queue
[2025-04-08T18:59:00.776+0000] {logging_mixin.py:151} INFO - [2025-04-08T18:59:00.776+0000] {dagbag.py:536} INFO - Filling up the DagBag from /opt/airflow/dags/extract_exchange_rates.py
[2025-04-08T18:59:00.786+0000] {processor.py:839} INFO - DAG(s) dict_keys(['extract_exchange_rates']) retrieved from /opt/airflow/dags/extract_exchange_rates.py
[2025-04-08T18:59:00.799+0000] {logging_mixin.py:151} INFO - [2025-04-08T18:59:00.799+0000] {dag.py:2941} INFO - Sync 1 DAGs
[2025-04-08T18:59:00.810+0000] {logging_mixin.py:151} INFO - [2025-04-08T18:59:00.810+0000] {dag.py:3722} INFO - Setting next_dagrun for extract_exchange_rates to 2025-04-08T00:00:00+00:00, run_after=2025-04-09T00:00:00+00:00
[2025-04-08T18:59:00.817+0000] {processor.py:179} INFO - Processing /opt/airflow/dags/extract_exchange_rates.py took 0.044 seconds
[2025-04-08T18:59:31.093+0000] {processor.py:157} INFO - Started process (PID=989) to work on /opt/airflow/dags/extract_exchange_rates.py
[2025-04-08T18:59:31.094+0000] {processor.py:829} INFO - Processing file /opt/airflow/dags/extract_exchange_rates.py for tasks to queue
[2025-04-08T18:59:31.094+0000] {logging_mixin.py:151} INFO - [2025-04-08T18:59:31.094+0000] {dagbag.py:536} INFO - Filling up the DagBag from /opt/airflow/dags/extract_exchange_rates.py
[2025-04-08T18:59:31.105+0000] {processor.py:839} INFO - DAG(s) dict_keys(['extract_exchange_rates']) retrieved from /opt/airflow/dags/extract_exchange_rates.py
[2025-04-08T18:59:31.120+0000] {logging_mixin.py:151} INFO - [2025-04-08T18:59:31.120+0000] {dag.py:2941} INFO - Sync 1 DAGs
[2025-04-08T18:59:31.130+0000] {logging_mixin.py:151} INFO - [2025-04-08T18:59:31.130+0000] {dag.py:3722} INFO - Setting next_dagrun for extract_exchange_rates to 2025-04-08T00:00:00+00:00, run_after=2025-04-09T00:00:00+00:00
[2025-04-08T18:59:31.137+0000] {processor.py:179} INFO - Processing /opt/airflow/dags/extract_exchange_rates.py took 0.046 seconds
[2025-04-08T19:00:01.403+0000] {processor.py:157} INFO - Started process (PID=994) to work on /opt/airflow/dags/extract_exchange_rates.py
[2025-04-08T19:00:01.404+0000] {processor.py:829} INFO - Processing file /opt/airflow/dags/extract_exchange_rates.py for tasks to queue
[2025-04-08T19:00:01.404+0000] {logging_mixin.py:151} INFO - [2025-04-08T19:00:01.404+0000] {dagbag.py:536} INFO - Filling up the DagBag from /opt/airflow/dags/extract_exchange_rates.py
[2025-04-08T19:00:01.415+0000] {processor.py:839} INFO - DAG(s) dict_keys(['extract_exchange_rates']) retrieved from /opt/airflow/dags/extract_exchange_rates.py
[2025-04-08T19:00:01.429+0000] {logging_mixin.py:151} INFO - [2025-04-08T19:00:01.429+0000] {dag.py:2941} INFO - Sync 1 DAGs
[2025-04-08T19:00:01.440+0000] {logging_mixin.py:151} INFO - [2025-04-08T19:00:01.440+0000] {dag.py:3722} INFO - Setting next_dagrun for extract_exchange_rates to 2025-04-08T00:00:00+00:00, run_after=2025-04-09T00:00:00+00:00
[2025-04-08T19:00:01.447+0000] {processor.py:179} INFO - Processing /opt/airflow/dags/extract_exchange_rates.py took 0.046 seconds
[2025-04-08T19:00:31.706+0000] {processor.py:157} INFO - Started process (PID=999) to work on /opt/airflow/dags/extract_exchange_rates.py
[2025-04-08T19:00:31.707+0000] {processor.py:829} INFO - Processing file /opt/airflow/dags/extract_exchange_rates.py for tasks to queue
[2025-04-08T19:00:31.708+0000] {logging_mixin.py:151} INFO - [2025-04-08T19:00:31.707+0000] {dagbag.py:536} INFO - Filling up the DagBag from /opt/airflow/dags/extract_exchange_rates.py
[2025-04-08T19:00:31.719+0000] {processor.py:839} INFO - DAG(s) dict_keys(['extract_exchange_rates']) retrieved from /opt/airflow/dags/extract_exchange_rates.py
[2025-04-08T19:00:31.734+0000] {logging_mixin.py:151} INFO - [2025-04-08T19:00:31.734+0000] {dag.py:2941} INFO - Sync 1 DAGs
[2025-04-08T19:00:31.744+0000] {logging_mixin.py:151} INFO - [2025-04-08T19:00:31.744+0000] {dag.py:3722} INFO - Setting next_dagrun for extract_exchange_rates to 2025-04-08T00:00:00+00:00, run_after=2025-04-09T00:00:00+00:00
[2025-04-08T19:00:31.751+0000] {processor.py:179} INFO - Processing /opt/airflow/dags/extract_exchange_rates.py took 0.047 seconds
[2025-04-08T19:01:02.030+0000] {processor.py:157} INFO - Started process (PID=1004) to work on /opt/airflow/dags/extract_exchange_rates.py
[2025-04-08T19:01:02.031+0000] {processor.py:829} INFO - Processing file /opt/airflow/dags/extract_exchange_rates.py for tasks to queue
[2025-04-08T19:01:02.032+0000] {logging_mixin.py:151} INFO - [2025-04-08T19:01:02.032+0000] {dagbag.py:536} INFO - Filling up the DagBag from /opt/airflow/dags/extract_exchange_rates.py
[2025-04-08T19:01:02.046+0000] {processor.py:839} INFO - DAG(s) dict_keys(['extract_exchange_rates']) retrieved from /opt/airflow/dags/extract_exchange_rates.py
[2025-04-08T19:01:02.066+0000] {logging_mixin.py:151} INFO - [2025-04-08T19:01:02.066+0000] {dag.py:2941} INFO - Sync 1 DAGs
[2025-04-08T19:01:02.080+0000] {logging_mixin.py:151} INFO - [2025-04-08T19:01:02.080+0000] {dag.py:3722} INFO - Setting next_dagrun for extract_exchange_rates to 2025-04-08T00:00:00+00:00, run_after=2025-04-09T00:00:00+00:00
[2025-04-08T19:01:02.088+0000] {processor.py:179} INFO - Processing /opt/airflow/dags/extract_exchange_rates.py took 0.062 seconds
[2025-04-08T19:01:32.334+0000] {processor.py:157} INFO - Started process (PID=1009) to work on /opt/airflow/dags/extract_exchange_rates.py
[2025-04-08T19:01:32.335+0000] {processor.py:829} INFO - Processing file /opt/airflow/dags/extract_exchange_rates.py for tasks to queue
[2025-04-08T19:01:32.336+0000] {logging_mixin.py:151} INFO - [2025-04-08T19:01:32.336+0000] {dagbag.py:536} INFO - Filling up the DagBag from /opt/airflow/dags/extract_exchange_rates.py
[2025-04-08T19:01:32.348+0000] {processor.py:839} INFO - DAG(s) dict_keys(['extract_exchange_rates']) retrieved from /opt/airflow/dags/extract_exchange_rates.py
[2025-04-08T19:01:32.365+0000] {logging_mixin.py:151} INFO - [2025-04-08T19:01:32.365+0000] {dag.py:2941} INFO - Sync 1 DAGs
[2025-04-08T19:01:32.375+0000] {logging_mixin.py:151} INFO - [2025-04-08T19:01:32.375+0000] {dag.py:3722} INFO - Setting next_dagrun for extract_exchange_rates to 2025-04-08T00:00:00+00:00, run_after=2025-04-09T00:00:00+00:00
[2025-04-08T19:01:32.382+0000] {processor.py:179} INFO - Processing /opt/airflow/dags/extract_exchange_rates.py took 0.051 seconds
[2025-04-08T19:02:02.623+0000] {processor.py:157} INFO - Started process (PID=1014) to work on /opt/airflow/dags/extract_exchange_rates.py
[2025-04-08T19:02:02.625+0000] {processor.py:829} INFO - Processing file /opt/airflow/dags/extract_exchange_rates.py for tasks to queue
[2025-04-08T19:02:02.625+0000] {logging_mixin.py:151} INFO - [2025-04-08T19:02:02.625+0000] {dagbag.py:536} INFO - Filling up the DagBag from /opt/airflow/dags/extract_exchange_rates.py
[2025-04-08T19:02:02.637+0000] {processor.py:839} INFO - DAG(s) dict_keys(['extract_exchange_rates']) retrieved from /opt/airflow/dags/extract_exchange_rates.py
[2025-04-08T19:02:02.653+0000] {logging_mixin.py:151} INFO - [2025-04-08T19:02:02.653+0000] {dag.py:2941} INFO - Sync 1 DAGs
[2025-04-08T19:02:02.663+0000] {logging_mixin.py:151} INFO - [2025-04-08T19:02:02.663+0000] {dag.py:3722} INFO - Setting next_dagrun for extract_exchange_rates to 2025-04-08T00:00:00+00:00, run_after=2025-04-09T00:00:00+00:00
[2025-04-08T19:02:02.670+0000] {processor.py:179} INFO - Processing /opt/airflow/dags/extract_exchange_rates.py took 0.049 seconds
[2025-04-08T19:02:32.926+0000] {processor.py:157} INFO - Started process (PID=1019) to work on /opt/airflow/dags/extract_exchange_rates.py
[2025-04-08T19:02:32.927+0000] {processor.py:829} INFO - Processing file /opt/airflow/dags/extract_exchange_rates.py for tasks to queue
[2025-04-08T19:02:32.928+0000] {logging_mixin.py:151} INFO - [2025-04-08T19:02:32.928+0000] {dagbag.py:536} INFO - Filling up the DagBag from /opt/airflow/dags/extract_exchange_rates.py
[2025-04-08T19:02:32.938+0000] {processor.py:839} INFO - DAG(s) dict_keys(['extract_exchange_rates']) retrieved from /opt/airflow/dags/extract_exchange_rates.py
[2025-04-08T19:02:32.951+0000] {logging_mixin.py:151} INFO - [2025-04-08T19:02:32.951+0000] {dag.py:2941} INFO - Sync 1 DAGs
[2025-04-08T19:02:32.961+0000] {logging_mixin.py:151} INFO - [2025-04-08T19:02:32.961+0000] {dag.py:3722} INFO - Setting next_dagrun for extract_exchange_rates to 2025-04-08T00:00:00+00:00, run_after=2025-04-09T00:00:00+00:00
[2025-04-08T19:02:32.968+0000] {processor.py:179} INFO - Processing /opt/airflow/dags/extract_exchange_rates.py took 0.045 seconds
[2025-04-08T19:03:03.232+0000] {processor.py:157} INFO - Started process (PID=1024) to work on /opt/airflow/dags/extract_exchange_rates.py
[2025-04-08T19:03:03.233+0000] {processor.py:829} INFO - Processing file /opt/airflow/dags/extract_exchange_rates.py for tasks to queue
[2025-04-08T19:03:03.234+0000] {logging_mixin.py:151} INFO - [2025-04-08T19:03:03.234+0000] {dagbag.py:536} INFO - Filling up the DagBag from /opt/airflow/dags/extract_exchange_rates.py
[2025-04-08T19:03:03.245+0000] {processor.py:839} INFO - DAG(s) dict_keys(['extract_exchange_rates']) retrieved from /opt/airflow/dags/extract_exchange_rates.py
[2025-04-08T19:03:03.257+0000] {logging_mixin.py:151} INFO - [2025-04-08T19:03:03.257+0000] {dag.py:2941} INFO - Sync 1 DAGs
[2025-04-08T19:03:03.267+0000] {logging_mixin.py:151} INFO - [2025-04-08T19:03:03.267+0000] {dag.py:3722} INFO - Setting next_dagrun for extract_exchange_rates to 2025-04-08T00:00:00+00:00, run_after=2025-04-09T00:00:00+00:00
[2025-04-08T19:03:03.275+0000] {processor.py:179} INFO - Processing /opt/airflow/dags/extract_exchange_rates.py took 0.045 seconds
[2025-04-08T19:03:33.521+0000] {processor.py:157} INFO - Started process (PID=1029) to work on /opt/airflow/dags/extract_exchange_rates.py
[2025-04-08T19:03:33.522+0000] {processor.py:829} INFO - Processing file /opt/airflow/dags/extract_exchange_rates.py for tasks to queue
[2025-04-08T19:03:33.522+0000] {logging_mixin.py:151} INFO - [2025-04-08T19:03:33.522+0000] {dagbag.py:536} INFO - Filling up the DagBag from /opt/airflow/dags/extract_exchange_rates.py
[2025-04-08T19:03:33.533+0000] {processor.py:839} INFO - DAG(s) dict_keys(['extract_exchange_rates']) retrieved from /opt/airflow/dags/extract_exchange_rates.py
[2025-04-08T19:03:33.549+0000] {logging_mixin.py:151} INFO - [2025-04-08T19:03:33.549+0000] {dag.py:2941} INFO - Sync 1 DAGs
[2025-04-08T19:03:33.559+0000] {logging_mixin.py:151} INFO - [2025-04-08T19:03:33.559+0000] {dag.py:3722} INFO - Setting next_dagrun for extract_exchange_rates to 2025-04-08T00:00:00+00:00, run_after=2025-04-09T00:00:00+00:00
[2025-04-08T19:03:33.567+0000] {processor.py:179} INFO - Processing /opt/airflow/dags/extract_exchange_rates.py took 0.049 seconds
[2025-04-08T19:04:03.849+0000] {processor.py:157} INFO - Started process (PID=1034) to work on /opt/airflow/dags/extract_exchange_rates.py
[2025-04-08T19:04:03.849+0000] {processor.py:829} INFO - Processing file /opt/airflow/dags/extract_exchange_rates.py for tasks to queue
[2025-04-08T19:04:03.850+0000] {logging_mixin.py:151} INFO - [2025-04-08T19:04:03.850+0000] {dagbag.py:536} INFO - Filling up the DagBag from /opt/airflow/dags/extract_exchange_rates.py
[2025-04-08T19:04:03.860+0000] {processor.py:839} INFO - DAG(s) dict_keys(['extract_exchange_rates']) retrieved from /opt/airflow/dags/extract_exchange_rates.py
[2025-04-08T19:04:03.874+0000] {logging_mixin.py:151} INFO - [2025-04-08T19:04:03.874+0000] {dag.py:2941} INFO - Sync 1 DAGs
[2025-04-08T19:04:03.886+0000] {logging_mixin.py:151} INFO - [2025-04-08T19:04:03.886+0000] {dag.py:3722} INFO - Setting next_dagrun for extract_exchange_rates to 2025-04-08T00:00:00+00:00, run_after=2025-04-09T00:00:00+00:00
[2025-04-08T19:04:03.894+0000] {processor.py:179} INFO - Processing /opt/airflow/dags/extract_exchange_rates.py took 0.047 seconds
[2025-04-08T19:04:34.158+0000] {processor.py:157} INFO - Started process (PID=1039) to work on /opt/airflow/dags/extract_exchange_rates.py
[2025-04-08T19:04:34.159+0000] {processor.py:829} INFO - Processing file /opt/airflow/dags/extract_exchange_rates.py for tasks to queue
[2025-04-08T19:04:34.159+0000] {logging_mixin.py:151} INFO - [2025-04-08T19:04:34.159+0000] {dagbag.py:536} INFO - Filling up the DagBag from /opt/airflow/dags/extract_exchange_rates.py
[2025-04-08T19:04:34.170+0000] {processor.py:839} INFO - DAG(s) dict_keys(['extract_exchange_rates']) retrieved from /opt/airflow/dags/extract_exchange_rates.py
[2025-04-08T19:04:34.183+0000] {logging_mixin.py:151} INFO - [2025-04-08T19:04:34.183+0000] {dag.py:2941} INFO - Sync 1 DAGs
[2025-04-08T19:04:34.192+0000] {logging_mixin.py:151} INFO - [2025-04-08T19:04:34.192+0000] {dag.py:3722} INFO - Setting next_dagrun for extract_exchange_rates to 2025-04-08T00:00:00+00:00, run_after=2025-04-09T00:00:00+00:00
[2025-04-08T19:04:34.199+0000] {processor.py:179} INFO - Processing /opt/airflow/dags/extract_exchange_rates.py took 0.044 seconds
[2025-04-08T19:05:04.509+0000] {processor.py:157} INFO - Started process (PID=1044) to work on /opt/airflow/dags/extract_exchange_rates.py
[2025-04-08T19:05:04.509+0000] {processor.py:829} INFO - Processing file /opt/airflow/dags/extract_exchange_rates.py for tasks to queue
[2025-04-08T19:05:04.510+0000] {logging_mixin.py:151} INFO - [2025-04-08T19:05:04.510+0000] {dagbag.py:536} INFO - Filling up the DagBag from /opt/airflow/dags/extract_exchange_rates.py
[2025-04-08T19:05:04.519+0000] {processor.py:839} INFO - DAG(s) dict_keys(['extract_exchange_rates']) retrieved from /opt/airflow/dags/extract_exchange_rates.py
[2025-04-08T19:05:04.532+0000] {logging_mixin.py:151} INFO - [2025-04-08T19:05:04.532+0000] {dag.py:2941} INFO - Sync 1 DAGs
[2025-04-08T19:05:04.542+0000] {logging_mixin.py:151} INFO - [2025-04-08T19:05:04.542+0000] {dag.py:3722} INFO - Setting next_dagrun for extract_exchange_rates to 2025-04-08T00:00:00+00:00, run_after=2025-04-09T00:00:00+00:00
[2025-04-08T19:05:04.550+0000] {processor.py:179} INFO - Processing /opt/airflow/dags/extract_exchange_rates.py took 0.043 seconds
[2025-04-08T19:05:34.845+0000] {processor.py:157} INFO - Started process (PID=1049) to work on /opt/airflow/dags/extract_exchange_rates.py
[2025-04-08T19:05:34.846+0000] {processor.py:829} INFO - Processing file /opt/airflow/dags/extract_exchange_rates.py for tasks to queue
[2025-04-08T19:05:34.847+0000] {logging_mixin.py:151} INFO - [2025-04-08T19:05:34.847+0000] {dagbag.py:536} INFO - Filling up the DagBag from /opt/airflow/dags/extract_exchange_rates.py
[2025-04-08T19:05:34.861+0000] {processor.py:839} INFO - DAG(s) dict_keys(['extract_exchange_rates']) retrieved from /opt/airflow/dags/extract_exchange_rates.py
[2025-04-08T19:05:34.875+0000] {logging_mixin.py:151} INFO - [2025-04-08T19:05:34.875+0000] {dag.py:2941} INFO - Sync 1 DAGs
[2025-04-08T19:05:34.885+0000] {logging_mixin.py:151} INFO - [2025-04-08T19:05:34.885+0000] {dag.py:3722} INFO - Setting next_dagrun for extract_exchange_rates to 2025-04-08T00:00:00+00:00, run_after=2025-04-09T00:00:00+00:00
[2025-04-08T19:05:34.892+0000] {processor.py:179} INFO - Processing /opt/airflow/dags/extract_exchange_rates.py took 0.049 seconds
[2025-04-08T19:06:05.136+0000] {processor.py:157} INFO - Started process (PID=1054) to work on /opt/airflow/dags/extract_exchange_rates.py
[2025-04-08T19:06:05.136+0000] {processor.py:829} INFO - Processing file /opt/airflow/dags/extract_exchange_rates.py for tasks to queue
[2025-04-08T19:06:05.137+0000] {logging_mixin.py:151} INFO - [2025-04-08T19:06:05.137+0000] {dagbag.py:536} INFO - Filling up the DagBag from /opt/airflow/dags/extract_exchange_rates.py
[2025-04-08T19:06:05.144+0000] {processor.py:839} INFO - DAG(s) dict_keys(['extract_exchange_rates']) retrieved from /opt/airflow/dags/extract_exchange_rates.py
[2025-04-08T19:06:05.157+0000] {logging_mixin.py:151} INFO - [2025-04-08T19:06:05.157+0000] {dag.py:2941} INFO - Sync 1 DAGs
[2025-04-08T19:06:05.172+0000] {logging_mixin.py:151} INFO - [2025-04-08T19:06:05.171+0000] {dag.py:3722} INFO - Setting next_dagrun for extract_exchange_rates to 2025-04-08T00:00:00+00:00, run_after=2025-04-09T00:00:00+00:00
[2025-04-08T19:06:05.182+0000] {processor.py:179} INFO - Processing /opt/airflow/dags/extract_exchange_rates.py took 0.048 seconds
[2025-04-08T19:06:35.448+0000] {processor.py:157} INFO - Started process (PID=1059) to work on /opt/airflow/dags/extract_exchange_rates.py
[2025-04-08T19:06:35.449+0000] {processor.py:829} INFO - Processing file /opt/airflow/dags/extract_exchange_rates.py for tasks to queue
[2025-04-08T19:06:35.449+0000] {logging_mixin.py:151} INFO - [2025-04-08T19:06:35.449+0000] {dagbag.py:536} INFO - Filling up the DagBag from /opt/airflow/dags/extract_exchange_rates.py
[2025-04-08T19:06:35.457+0000] {processor.py:839} INFO - DAG(s) dict_keys(['extract_exchange_rates']) retrieved from /opt/airflow/dags/extract_exchange_rates.py
[2025-04-08T19:06:35.470+0000] {logging_mixin.py:151} INFO - [2025-04-08T19:06:35.470+0000] {dag.py:2941} INFO - Sync 1 DAGs
[2025-04-08T19:06:35.481+0000] {logging_mixin.py:151} INFO - [2025-04-08T19:06:35.481+0000] {dag.py:3722} INFO - Setting next_dagrun for extract_exchange_rates to 2025-04-08T00:00:00+00:00, run_after=2025-04-09T00:00:00+00:00
[2025-04-08T19:06:35.488+0000] {processor.py:179} INFO - Processing /opt/airflow/dags/extract_exchange_rates.py took 0.041 seconds
[2025-04-08T19:07:05.731+0000] {processor.py:157} INFO - Started process (PID=1064) to work on /opt/airflow/dags/extract_exchange_rates.py
[2025-04-08T19:07:05.731+0000] {processor.py:829} INFO - Processing file /opt/airflow/dags/extract_exchange_rates.py for tasks to queue
[2025-04-08T19:07:05.732+0000] {logging_mixin.py:151} INFO - [2025-04-08T19:07:05.732+0000] {dagbag.py:536} INFO - Filling up the DagBag from /opt/airflow/dags/extract_exchange_rates.py
[2025-04-08T19:07:05.740+0000] {processor.py:839} INFO - DAG(s) dict_keys(['extract_exchange_rates']) retrieved from /opt/airflow/dags/extract_exchange_rates.py
[2025-04-08T19:07:05.753+0000] {logging_mixin.py:151} INFO - [2025-04-08T19:07:05.753+0000] {dag.py:2941} INFO - Sync 1 DAGs
[2025-04-08T19:07:05.766+0000] {logging_mixin.py:151} INFO - [2025-04-08T19:07:05.766+0000] {dag.py:3722} INFO - Setting next_dagrun for extract_exchange_rates to 2025-04-08T00:00:00+00:00, run_after=2025-04-09T00:00:00+00:00
[2025-04-08T19:07:05.776+0000] {processor.py:179} INFO - Processing /opt/airflow/dags/extract_exchange_rates.py took 0.047 seconds
[2025-04-08T19:07:36.023+0000] {processor.py:157} INFO - Started process (PID=1069) to work on /opt/airflow/dags/extract_exchange_rates.py
[2025-04-08T19:07:36.024+0000] {processor.py:829} INFO - Processing file /opt/airflow/dags/extract_exchange_rates.py for tasks to queue
[2025-04-08T19:07:36.025+0000] {logging_mixin.py:151} INFO - [2025-04-08T19:07:36.024+0000] {dagbag.py:536} INFO - Filling up the DagBag from /opt/airflow/dags/extract_exchange_rates.py
[2025-04-08T19:07:36.033+0000] {processor.py:839} INFO - DAG(s) dict_keys(['extract_exchange_rates']) retrieved from /opt/airflow/dags/extract_exchange_rates.py
[2025-04-08T19:07:36.047+0000] {logging_mixin.py:151} INFO - [2025-04-08T19:07:36.047+0000] {dag.py:2941} INFO - Sync 1 DAGs
[2025-04-08T19:07:36.057+0000] {logging_mixin.py:151} INFO - [2025-04-08T19:07:36.057+0000] {dag.py:3722} INFO - Setting next_dagrun for extract_exchange_rates to 2025-04-08T00:00:00+00:00, run_after=2025-04-09T00:00:00+00:00
[2025-04-08T19:07:36.064+0000] {processor.py:179} INFO - Processing /opt/airflow/dags/extract_exchange_rates.py took 0.042 seconds
[2025-04-08T19:08:06.285+0000] {processor.py:157} INFO - Started process (PID=1074) to work on /opt/airflow/dags/extract_exchange_rates.py
[2025-04-08T19:08:06.286+0000] {processor.py:829} INFO - Processing file /opt/airflow/dags/extract_exchange_rates.py for tasks to queue
[2025-04-08T19:08:06.286+0000] {logging_mixin.py:151} INFO - [2025-04-08T19:08:06.286+0000] {dagbag.py:536} INFO - Filling up the DagBag from /opt/airflow/dags/extract_exchange_rates.py
[2025-04-08T19:08:06.296+0000] {processor.py:839} INFO - DAG(s) dict_keys(['extract_exchange_rates']) retrieved from /opt/airflow/dags/extract_exchange_rates.py
[2025-04-08T19:08:06.310+0000] {logging_mixin.py:151} INFO - [2025-04-08T19:08:06.310+0000] {dag.py:2941} INFO - Sync 1 DAGs
[2025-04-08T19:08:06.320+0000] {logging_mixin.py:151} INFO - [2025-04-08T19:08:06.320+0000] {dag.py:3722} INFO - Setting next_dagrun for extract_exchange_rates to 2025-04-08T00:00:00+00:00, run_after=2025-04-09T00:00:00+00:00
[2025-04-08T19:08:06.326+0000] {processor.py:179} INFO - Processing /opt/airflow/dags/extract_exchange_rates.py took 0.044 seconds
[2025-04-08T19:08:36.559+0000] {processor.py:157} INFO - Started process (PID=1079) to work on /opt/airflow/dags/extract_exchange_rates.py
[2025-04-08T19:08:36.560+0000] {processor.py:829} INFO - Processing file /opt/airflow/dags/extract_exchange_rates.py for tasks to queue
[2025-04-08T19:08:36.560+0000] {logging_mixin.py:151} INFO - [2025-04-08T19:08:36.560+0000] {dagbag.py:536} INFO - Filling up the DagBag from /opt/airflow/dags/extract_exchange_rates.py
[2025-04-08T19:08:36.569+0000] {processor.py:839} INFO - DAG(s) dict_keys(['extract_exchange_rates']) retrieved from /opt/airflow/dags/extract_exchange_rates.py
[2025-04-08T19:08:36.580+0000] {logging_mixin.py:151} INFO - [2025-04-08T19:08:36.580+0000] {dag.py:2941} INFO - Sync 1 DAGs
[2025-04-08T19:08:36.590+0000] {logging_mixin.py:151} INFO - [2025-04-08T19:08:36.590+0000] {dag.py:3722} INFO - Setting next_dagrun for extract_exchange_rates to 2025-04-08T00:00:00+00:00, run_after=2025-04-09T00:00:00+00:00
[2025-04-08T19:08:36.596+0000] {processor.py:179} INFO - Processing /opt/airflow/dags/extract_exchange_rates.py took 0.039 seconds
[2025-04-08T19:09:06.820+0000] {processor.py:157} INFO - Started process (PID=1084) to work on /opt/airflow/dags/extract_exchange_rates.py
[2025-04-08T19:09:06.821+0000] {processor.py:829} INFO - Processing file /opt/airflow/dags/extract_exchange_rates.py for tasks to queue
[2025-04-08T19:09:06.821+0000] {logging_mixin.py:151} INFO - [2025-04-08T19:09:06.821+0000] {dagbag.py:536} INFO - Filling up the DagBag from /opt/airflow/dags/extract_exchange_rates.py
[2025-04-08T19:09:06.830+0000] {processor.py:839} INFO - DAG(s) dict_keys(['extract_exchange_rates']) retrieved from /opt/airflow/dags/extract_exchange_rates.py
[2025-04-08T19:09:06.842+0000] {logging_mixin.py:151} INFO - [2025-04-08T19:09:06.842+0000] {dag.py:2941} INFO - Sync 1 DAGs
[2025-04-08T19:09:06.852+0000] {logging_mixin.py:151} INFO - [2025-04-08T19:09:06.852+0000] {dag.py:3722} INFO - Setting next_dagrun for extract_exchange_rates to 2025-04-08T00:00:00+00:00, run_after=2025-04-09T00:00:00+00:00
[2025-04-08T19:09:06.860+0000] {processor.py:179} INFO - Processing /opt/airflow/dags/extract_exchange_rates.py took 0.042 seconds
[2025-04-08T19:09:37.112+0000] {processor.py:157} INFO - Started process (PID=1089) to work on /opt/airflow/dags/extract_exchange_rates.py
[2025-04-08T19:09:37.112+0000] {processor.py:829} INFO - Processing file /opt/airflow/dags/extract_exchange_rates.py for tasks to queue
[2025-04-08T19:09:37.113+0000] {logging_mixin.py:151} INFO - [2025-04-08T19:09:37.113+0000] {dagbag.py:536} INFO - Filling up the DagBag from /opt/airflow/dags/extract_exchange_rates.py
[2025-04-08T19:09:37.123+0000] {processor.py:839} INFO - DAG(s) dict_keys(['extract_exchange_rates']) retrieved from /opt/airflow/dags/extract_exchange_rates.py
[2025-04-08T19:09:37.140+0000] {logging_mixin.py:151} INFO - [2025-04-08T19:09:37.140+0000] {dag.py:2941} INFO - Sync 1 DAGs
[2025-04-08T19:09:37.151+0000] {logging_mixin.py:151} INFO - [2025-04-08T19:09:37.151+0000] {dag.py:3722} INFO - Setting next_dagrun for extract_exchange_rates to 2025-04-08T00:00:00+00:00, run_after=2025-04-09T00:00:00+00:00
[2025-04-08T19:09:37.158+0000] {processor.py:179} INFO - Processing /opt/airflow/dags/extract_exchange_rates.py took 0.049 seconds
[2025-04-08T19:10:07.386+0000] {processor.py:157} INFO - Started process (PID=1094) to work on /opt/airflow/dags/extract_exchange_rates.py
[2025-04-08T19:10:07.387+0000] {processor.py:829} INFO - Processing file /opt/airflow/dags/extract_exchange_rates.py for tasks to queue
[2025-04-08T19:10:07.388+0000] {logging_mixin.py:151} INFO - [2025-04-08T19:10:07.388+0000] {dagbag.py:536} INFO - Filling up the DagBag from /opt/airflow/dags/extract_exchange_rates.py
[2025-04-08T19:10:07.398+0000] {processor.py:839} INFO - DAG(s) dict_keys(['extract_exchange_rates']) retrieved from /opt/airflow/dags/extract_exchange_rates.py
[2025-04-08T19:10:07.412+0000] {logging_mixin.py:151} INFO - [2025-04-08T19:10:07.412+0000] {dag.py:2941} INFO - Sync 1 DAGs
[2025-04-08T19:10:07.423+0000] {logging_mixin.py:151} INFO - [2025-04-08T19:10:07.423+0000] {dag.py:3722} INFO - Setting next_dagrun for extract_exchange_rates to 2025-04-08T00:00:00+00:00, run_after=2025-04-09T00:00:00+00:00
[2025-04-08T19:10:07.431+0000] {processor.py:179} INFO - Processing /opt/airflow/dags/extract_exchange_rates.py took 0.048 seconds
[2025-04-08T19:10:37.666+0000] {processor.py:157} INFO - Started process (PID=1099) to work on /opt/airflow/dags/extract_exchange_rates.py
[2025-04-08T19:10:37.667+0000] {processor.py:829} INFO - Processing file /opt/airflow/dags/extract_exchange_rates.py for tasks to queue
[2025-04-08T19:10:37.668+0000] {logging_mixin.py:151} INFO - [2025-04-08T19:10:37.668+0000] {dagbag.py:536} INFO - Filling up the DagBag from /opt/airflow/dags/extract_exchange_rates.py
[2025-04-08T19:10:37.680+0000] {processor.py:839} INFO - DAG(s) dict_keys(['extract_exchange_rates']) retrieved from /opt/airflow/dags/extract_exchange_rates.py
[2025-04-08T19:10:37.694+0000] {logging_mixin.py:151} INFO - [2025-04-08T19:10:37.694+0000] {dag.py:2941} INFO - Sync 1 DAGs
[2025-04-08T19:10:37.704+0000] {logging_mixin.py:151} INFO - [2025-04-08T19:10:37.704+0000] {dag.py:3722} INFO - Setting next_dagrun for extract_exchange_rates to 2025-04-08T00:00:00+00:00, run_after=2025-04-09T00:00:00+00:00
[2025-04-08T19:10:37.711+0000] {processor.py:179} INFO - Processing /opt/airflow/dags/extract_exchange_rates.py took 0.047 seconds
[2025-04-08T19:11:07.974+0000] {processor.py:157} INFO - Started process (PID=1104) to work on /opt/airflow/dags/extract_exchange_rates.py
[2025-04-08T19:11:07.974+0000] {processor.py:829} INFO - Processing file /opt/airflow/dags/extract_exchange_rates.py for tasks to queue
[2025-04-08T19:11:07.975+0000] {logging_mixin.py:151} INFO - [2025-04-08T19:11:07.975+0000] {dagbag.py:536} INFO - Filling up the DagBag from /opt/airflow/dags/extract_exchange_rates.py
[2025-04-08T19:11:07.985+0000] {processor.py:839} INFO - DAG(s) dict_keys(['extract_exchange_rates']) retrieved from /opt/airflow/dags/extract_exchange_rates.py
[2025-04-08T19:11:07.998+0000] {logging_mixin.py:151} INFO - [2025-04-08T19:11:07.998+0000] {dag.py:2941} INFO - Sync 1 DAGs
[2025-04-08T19:11:08.008+0000] {logging_mixin.py:151} INFO - [2025-04-08T19:11:08.008+0000] {dag.py:3722} INFO - Setting next_dagrun for extract_exchange_rates to 2025-04-08T00:00:00+00:00, run_after=2025-04-09T00:00:00+00:00
[2025-04-08T19:11:08.015+0000] {processor.py:179} INFO - Processing /opt/airflow/dags/extract_exchange_rates.py took 0.044 seconds
[2025-04-08T19:11:38.267+0000] {processor.py:157} INFO - Started process (PID=1109) to work on /opt/airflow/dags/extract_exchange_rates.py
[2025-04-08T19:11:38.268+0000] {processor.py:829} INFO - Processing file /opt/airflow/dags/extract_exchange_rates.py for tasks to queue
[2025-04-08T19:11:38.268+0000] {logging_mixin.py:151} INFO - [2025-04-08T19:11:38.268+0000] {dagbag.py:536} INFO - Filling up the DagBag from /opt/airflow/dags/extract_exchange_rates.py
[2025-04-08T19:11:38.279+0000] {processor.py:839} INFO - DAG(s) dict_keys(['extract_exchange_rates']) retrieved from /opt/airflow/dags/extract_exchange_rates.py
[2025-04-08T19:11:38.293+0000] {logging_mixin.py:151} INFO - [2025-04-08T19:11:38.293+0000] {dag.py:2941} INFO - Sync 1 DAGs
[2025-04-08T19:11:38.303+0000] {logging_mixin.py:151} INFO - [2025-04-08T19:11:38.303+0000] {dag.py:3722} INFO - Setting next_dagrun for extract_exchange_rates to 2025-04-08T00:00:00+00:00, run_after=2025-04-09T00:00:00+00:00
[2025-04-08T19:11:38.310+0000] {processor.py:179} INFO - Processing /opt/airflow/dags/extract_exchange_rates.py took 0.046 seconds
[2025-04-08T19:12:08.569+0000] {processor.py:157} INFO - Started process (PID=1114) to work on /opt/airflow/dags/extract_exchange_rates.py
[2025-04-08T19:12:08.570+0000] {processor.py:829} INFO - Processing file /opt/airflow/dags/extract_exchange_rates.py for tasks to queue
[2025-04-08T19:12:08.571+0000] {logging_mixin.py:151} INFO - [2025-04-08T19:12:08.570+0000] {dagbag.py:536} INFO - Filling up the DagBag from /opt/airflow/dags/extract_exchange_rates.py
[2025-04-08T19:12:08.581+0000] {processor.py:839} INFO - DAG(s) dict_keys(['extract_exchange_rates']) retrieved from /opt/airflow/dags/extract_exchange_rates.py
[2025-04-08T19:12:08.594+0000] {logging_mixin.py:151} INFO - [2025-04-08T19:12:08.594+0000] {dag.py:2941} INFO - Sync 1 DAGs
[2025-04-08T19:12:08.604+0000] {logging_mixin.py:151} INFO - [2025-04-08T19:12:08.604+0000] {dag.py:3722} INFO - Setting next_dagrun for extract_exchange_rates to 2025-04-08T00:00:00+00:00, run_after=2025-04-09T00:00:00+00:00
[2025-04-08T19:12:08.612+0000] {processor.py:179} INFO - Processing /opt/airflow/dags/extract_exchange_rates.py took 0.046 seconds
[2025-04-08T19:12:38.873+0000] {processor.py:157} INFO - Started process (PID=1119) to work on /opt/airflow/dags/extract_exchange_rates.py
[2025-04-08T19:12:38.874+0000] {processor.py:829} INFO - Processing file /opt/airflow/dags/extract_exchange_rates.py for tasks to queue
[2025-04-08T19:12:38.876+0000] {logging_mixin.py:151} INFO - [2025-04-08T19:12:38.875+0000] {dagbag.py:536} INFO - Filling up the DagBag from /opt/airflow/dags/extract_exchange_rates.py
[2025-04-08T19:12:38.886+0000] {processor.py:839} INFO - DAG(s) dict_keys(['extract_exchange_rates']) retrieved from /opt/airflow/dags/extract_exchange_rates.py
[2025-04-08T19:12:38.901+0000] {logging_mixin.py:151} INFO - [2025-04-08T19:12:38.901+0000] {dag.py:2941} INFO - Sync 1 DAGs
[2025-04-08T19:12:38.911+0000] {logging_mixin.py:151} INFO - [2025-04-08T19:12:38.911+0000] {dag.py:3722} INFO - Setting next_dagrun for extract_exchange_rates to 2025-04-08T00:00:00+00:00, run_after=2025-04-09T00:00:00+00:00
[2025-04-08T19:12:38.920+0000] {processor.py:179} INFO - Processing /opt/airflow/dags/extract_exchange_rates.py took 0.049 seconds
[2025-04-08T19:13:09.165+0000] {processor.py:157} INFO - Started process (PID=1124) to work on /opt/airflow/dags/extract_exchange_rates.py
[2025-04-08T19:13:09.166+0000] {processor.py:829} INFO - Processing file /opt/airflow/dags/extract_exchange_rates.py for tasks to queue
[2025-04-08T19:13:09.167+0000] {logging_mixin.py:151} INFO - [2025-04-08T19:13:09.166+0000] {dagbag.py:536} INFO - Filling up the DagBag from /opt/airflow/dags/extract_exchange_rates.py
[2025-04-08T19:13:09.181+0000] {processor.py:839} INFO - DAG(s) dict_keys(['extract_exchange_rates']) retrieved from /opt/airflow/dags/extract_exchange_rates.py
[2025-04-08T19:13:09.195+0000] {logging_mixin.py:151} INFO - [2025-04-08T19:13:09.195+0000] {dag.py:2941} INFO - Sync 1 DAGs
[2025-04-08T19:13:09.204+0000] {logging_mixin.py:151} INFO - [2025-04-08T19:13:09.204+0000] {dag.py:3722} INFO - Setting next_dagrun for extract_exchange_rates to 2025-04-08T00:00:00+00:00, run_after=2025-04-09T00:00:00+00:00
[2025-04-08T19:13:09.211+0000] {processor.py:179} INFO - Processing /opt/airflow/dags/extract_exchange_rates.py took 0.049 seconds
[2025-04-08T19:13:39.462+0000] {processor.py:157} INFO - Started process (PID=1129) to work on /opt/airflow/dags/extract_exchange_rates.py
[2025-04-08T19:13:39.462+0000] {processor.py:829} INFO - Processing file /opt/airflow/dags/extract_exchange_rates.py for tasks to queue
[2025-04-08T19:13:39.463+0000] {logging_mixin.py:151} INFO - [2025-04-08T19:13:39.463+0000] {dagbag.py:536} INFO - Filling up the DagBag from /opt/airflow/dags/extract_exchange_rates.py
[2025-04-08T19:13:39.473+0000] {processor.py:839} INFO - DAG(s) dict_keys(['extract_exchange_rates']) retrieved from /opt/airflow/dags/extract_exchange_rates.py
[2025-04-08T19:13:39.488+0000] {logging_mixin.py:151} INFO - [2025-04-08T19:13:39.488+0000] {dag.py:2941} INFO - Sync 1 DAGs
[2025-04-08T19:13:39.498+0000] {logging_mixin.py:151} INFO - [2025-04-08T19:13:39.498+0000] {dag.py:3722} INFO - Setting next_dagrun for extract_exchange_rates to 2025-04-08T00:00:00+00:00, run_after=2025-04-09T00:00:00+00:00
[2025-04-08T19:13:39.506+0000] {processor.py:179} INFO - Processing /opt/airflow/dags/extract_exchange_rates.py took 0.047 seconds
[2025-04-08T19:14:09.772+0000] {processor.py:157} INFO - Started process (PID=1134) to work on /opt/airflow/dags/extract_exchange_rates.py
[2025-04-08T19:14:09.773+0000] {processor.py:829} INFO - Processing file /opt/airflow/dags/extract_exchange_rates.py for tasks to queue
[2025-04-08T19:14:09.774+0000] {logging_mixin.py:151} INFO - [2025-04-08T19:14:09.774+0000] {dagbag.py:536} INFO - Filling up the DagBag from /opt/airflow/dags/extract_exchange_rates.py
[2025-04-08T19:14:09.784+0000] {processor.py:839} INFO - DAG(s) dict_keys(['extract_exchange_rates']) retrieved from /opt/airflow/dags/extract_exchange_rates.py
[2025-04-08T19:14:09.798+0000] {logging_mixin.py:151} INFO - [2025-04-08T19:14:09.798+0000] {dag.py:2941} INFO - Sync 1 DAGs
[2025-04-08T19:14:09.808+0000] {logging_mixin.py:151} INFO - [2025-04-08T19:14:09.808+0000] {dag.py:3722} INFO - Setting next_dagrun for extract_exchange_rates to 2025-04-08T00:00:00+00:00, run_after=2025-04-09T00:00:00+00:00
[2025-04-08T19:14:09.815+0000] {processor.py:179} INFO - Processing /opt/airflow/dags/extract_exchange_rates.py took 0.045 seconds
[2025-04-08T19:14:40.080+0000] {processor.py:157} INFO - Started process (PID=1139) to work on /opt/airflow/dags/extract_exchange_rates.py
[2025-04-08T19:14:40.081+0000] {processor.py:829} INFO - Processing file /opt/airflow/dags/extract_exchange_rates.py for tasks to queue
[2025-04-08T19:14:40.081+0000] {logging_mixin.py:151} INFO - [2025-04-08T19:14:40.081+0000] {dagbag.py:536} INFO - Filling up the DagBag from /opt/airflow/dags/extract_exchange_rates.py
[2025-04-08T19:14:40.092+0000] {processor.py:839} INFO - DAG(s) dict_keys(['extract_exchange_rates']) retrieved from /opt/airflow/dags/extract_exchange_rates.py
[2025-04-08T19:14:40.108+0000] {logging_mixin.py:151} INFO - [2025-04-08T19:14:40.108+0000] {dag.py:2941} INFO - Sync 1 DAGs
[2025-04-08T19:14:40.117+0000] {logging_mixin.py:151} INFO - [2025-04-08T19:14:40.117+0000] {dag.py:3722} INFO - Setting next_dagrun for extract_exchange_rates to 2025-04-08T00:00:00+00:00, run_after=2025-04-09T00:00:00+00:00
[2025-04-08T19:14:40.125+0000] {processor.py:179} INFO - Processing /opt/airflow/dags/extract_exchange_rates.py took 0.048 seconds
[2025-04-08T19:15:10.389+0000] {processor.py:157} INFO - Started process (PID=1144) to work on /opt/airflow/dags/extract_exchange_rates.py
[2025-04-08T19:15:10.390+0000] {processor.py:829} INFO - Processing file /opt/airflow/dags/extract_exchange_rates.py for tasks to queue
[2025-04-08T19:15:10.390+0000] {logging_mixin.py:151} INFO - [2025-04-08T19:15:10.390+0000] {dagbag.py:536} INFO - Filling up the DagBag from /opt/airflow/dags/extract_exchange_rates.py
[2025-04-08T19:15:10.398+0000] {processor.py:839} INFO - DAG(s) dict_keys(['extract_exchange_rates']) retrieved from /opt/airflow/dags/extract_exchange_rates.py
[2025-04-08T19:15:10.412+0000] {logging_mixin.py:151} INFO - [2025-04-08T19:15:10.412+0000] {dag.py:2941} INFO - Sync 1 DAGs
[2025-04-08T19:15:10.423+0000] {logging_mixin.py:151} INFO - [2025-04-08T19:15:10.423+0000] {dag.py:3722} INFO - Setting next_dagrun for extract_exchange_rates to 2025-04-08T00:00:00+00:00, run_after=2025-04-09T00:00:00+00:00
[2025-04-08T19:15:10.431+0000] {processor.py:179} INFO - Processing /opt/airflow/dags/extract_exchange_rates.py took 0.043 seconds
[2025-04-08T19:15:40.698+0000] {processor.py:157} INFO - Started process (PID=1149) to work on /opt/airflow/dags/extract_exchange_rates.py
[2025-04-08T19:15:40.699+0000] {processor.py:829} INFO - Processing file /opt/airflow/dags/extract_exchange_rates.py for tasks to queue
[2025-04-08T19:15:40.700+0000] {logging_mixin.py:151} INFO - [2025-04-08T19:15:40.700+0000] {dagbag.py:536} INFO - Filling up the DagBag from /opt/airflow/dags/extract_exchange_rates.py
[2025-04-08T19:15:40.716+0000] {processor.py:839} INFO - DAG(s) dict_keys(['extract_exchange_rates']) retrieved from /opt/airflow/dags/extract_exchange_rates.py
[2025-04-08T19:15:40.737+0000] {logging_mixin.py:151} INFO - [2025-04-08T19:15:40.737+0000] {dag.py:2941} INFO - Sync 1 DAGs
[2025-04-08T19:15:40.752+0000] {logging_mixin.py:151} INFO - [2025-04-08T19:15:40.752+0000] {dag.py:3722} INFO - Setting next_dagrun for extract_exchange_rates to 2025-04-08T00:00:00+00:00, run_after=2025-04-09T00:00:00+00:00
[2025-04-08T19:15:40.761+0000] {processor.py:179} INFO - Processing /opt/airflow/dags/extract_exchange_rates.py took 0.066 seconds
[2025-04-08T19:16:11.006+0000] {processor.py:157} INFO - Started process (PID=1154) to work on /opt/airflow/dags/extract_exchange_rates.py
[2025-04-08T19:16:11.007+0000] {processor.py:829} INFO - Processing file /opt/airflow/dags/extract_exchange_rates.py for tasks to queue
[2025-04-08T19:16:11.007+0000] {logging_mixin.py:151} INFO - [2025-04-08T19:16:11.007+0000] {dagbag.py:536} INFO - Filling up the DagBag from /opt/airflow/dags/extract_exchange_rates.py
[2025-04-08T19:16:11.017+0000] {processor.py:839} INFO - DAG(s) dict_keys(['extract_exchange_rates']) retrieved from /opt/airflow/dags/extract_exchange_rates.py
[2025-04-08T19:16:11.031+0000] {logging_mixin.py:151} INFO - [2025-04-08T19:16:11.031+0000] {dag.py:2941} INFO - Sync 1 DAGs
[2025-04-08T19:16:11.040+0000] {logging_mixin.py:151} INFO - [2025-04-08T19:16:11.040+0000] {dag.py:3722} INFO - Setting next_dagrun for extract_exchange_rates to 2025-04-08T00:00:00+00:00, run_after=2025-04-09T00:00:00+00:00
[2025-04-08T19:16:11.047+0000] {processor.py:179} INFO - Processing /opt/airflow/dags/extract_exchange_rates.py took 0.045 seconds
[2025-04-08T19:16:41.326+0000] {processor.py:157} INFO - Started process (PID=1159) to work on /opt/airflow/dags/extract_exchange_rates.py
[2025-04-08T19:16:41.327+0000] {processor.py:829} INFO - Processing file /opt/airflow/dags/extract_exchange_rates.py for tasks to queue
[2025-04-08T19:16:41.328+0000] {logging_mixin.py:151} INFO - [2025-04-08T19:16:41.328+0000] {dagbag.py:536} INFO - Filling up the DagBag from /opt/airflow/dags/extract_exchange_rates.py
[2025-04-08T19:16:41.340+0000] {processor.py:839} INFO - DAG(s) dict_keys(['extract_exchange_rates']) retrieved from /opt/airflow/dags/extract_exchange_rates.py
[2025-04-08T19:16:41.355+0000] {logging_mixin.py:151} INFO - [2025-04-08T19:16:41.355+0000] {dag.py:2941} INFO - Sync 1 DAGs
[2025-04-08T19:16:41.366+0000] {logging_mixin.py:151} INFO - [2025-04-08T19:16:41.366+0000] {dag.py:3722} INFO - Setting next_dagrun for extract_exchange_rates to 2025-04-08T00:00:00+00:00, run_after=2025-04-09T00:00:00+00:00
[2025-04-08T19:16:41.374+0000] {processor.py:179} INFO - Processing /opt/airflow/dags/extract_exchange_rates.py took 0.050 seconds
[2025-04-08T19:17:11.597+0000] {processor.py:157} INFO - Started process (PID=1164) to work on /opt/airflow/dags/extract_exchange_rates.py
[2025-04-08T19:17:11.598+0000] {processor.py:829} INFO - Processing file /opt/airflow/dags/extract_exchange_rates.py for tasks to queue
[2025-04-08T19:17:11.598+0000] {logging_mixin.py:151} INFO - [2025-04-08T19:17:11.598+0000] {dagbag.py:536} INFO - Filling up the DagBag from /opt/airflow/dags/extract_exchange_rates.py
[2025-04-08T19:17:11.608+0000] {processor.py:839} INFO - DAG(s) dict_keys(['extract_exchange_rates']) retrieved from /opt/airflow/dags/extract_exchange_rates.py
[2025-04-08T19:17:11.622+0000] {logging_mixin.py:151} INFO - [2025-04-08T19:17:11.622+0000] {dag.py:2941} INFO - Sync 1 DAGs
[2025-04-08T19:17:11.632+0000] {logging_mixin.py:151} INFO - [2025-04-08T19:17:11.631+0000] {dag.py:3722} INFO - Setting next_dagrun for extract_exchange_rates to 2025-04-08T00:00:00+00:00, run_after=2025-04-09T00:00:00+00:00
[2025-04-08T19:17:11.639+0000] {processor.py:179} INFO - Processing /opt/airflow/dags/extract_exchange_rates.py took 0.043 seconds
[2025-04-08T19:17:41.843+0000] {processor.py:157} INFO - Started process (PID=1169) to work on /opt/airflow/dags/extract_exchange_rates.py
[2025-04-08T19:17:41.843+0000] {processor.py:829} INFO - Processing file /opt/airflow/dags/extract_exchange_rates.py for tasks to queue
[2025-04-08T19:17:41.844+0000] {logging_mixin.py:151} INFO - [2025-04-08T19:17:41.844+0000] {dagbag.py:536} INFO - Filling up the DagBag from /opt/airflow/dags/extract_exchange_rates.py
[2025-04-08T19:17:41.856+0000] {processor.py:839} INFO - DAG(s) dict_keys(['extract_exchange_rates']) retrieved from /opt/airflow/dags/extract_exchange_rates.py
[2025-04-08T19:17:41.870+0000] {logging_mixin.py:151} INFO - [2025-04-08T19:17:41.870+0000] {dag.py:2941} INFO - Sync 1 DAGs
[2025-04-08T19:17:41.881+0000] {logging_mixin.py:151} INFO - [2025-04-08T19:17:41.881+0000] {dag.py:3722} INFO - Setting next_dagrun for extract_exchange_rates to 2025-04-08T00:00:00+00:00, run_after=2025-04-09T00:00:00+00:00
[2025-04-08T19:17:41.892+0000] {processor.py:179} INFO - Processing /opt/airflow/dags/extract_exchange_rates.py took 0.051 seconds
[2025-04-08T19:18:12.158+0000] {processor.py:157} INFO - Started process (PID=1174) to work on /opt/airflow/dags/extract_exchange_rates.py
[2025-04-08T19:18:12.159+0000] {processor.py:829} INFO - Processing file /opt/airflow/dags/extract_exchange_rates.py for tasks to queue
[2025-04-08T19:18:12.160+0000] {logging_mixin.py:151} INFO - [2025-04-08T19:18:12.159+0000] {dagbag.py:536} INFO - Filling up the DagBag from /opt/airflow/dags/extract_exchange_rates.py
[2025-04-08T19:18:12.171+0000] {processor.py:839} INFO - DAG(s) dict_keys(['extract_exchange_rates']) retrieved from /opt/airflow/dags/extract_exchange_rates.py
[2025-04-08T19:18:12.186+0000] {logging_mixin.py:151} INFO - [2025-04-08T19:18:12.186+0000] {dag.py:2941} INFO - Sync 1 DAGs
[2025-04-08T19:18:12.196+0000] {logging_mixin.py:151} INFO - [2025-04-08T19:18:12.196+0000] {dag.py:3722} INFO - Setting next_dagrun for extract_exchange_rates to 2025-04-08T00:00:00+00:00, run_after=2025-04-09T00:00:00+00:00
[2025-04-08T19:18:12.203+0000] {processor.py:179} INFO - Processing /opt/airflow/dags/extract_exchange_rates.py took 0.048 seconds
[2025-04-08T19:18:42.430+0000] {processor.py:157} INFO - Started process (PID=1179) to work on /opt/airflow/dags/extract_exchange_rates.py
[2025-04-08T19:18:42.430+0000] {processor.py:829} INFO - Processing file /opt/airflow/dags/extract_exchange_rates.py for tasks to queue
[2025-04-08T19:18:42.431+0000] {logging_mixin.py:151} INFO - [2025-04-08T19:18:42.431+0000] {dagbag.py:536} INFO - Filling up the DagBag from /opt/airflow/dags/extract_exchange_rates.py
[2025-04-08T19:18:42.442+0000] {processor.py:839} INFO - DAG(s) dict_keys(['extract_exchange_rates']) retrieved from /opt/airflow/dags/extract_exchange_rates.py
[2025-04-08T19:18:42.456+0000] {logging_mixin.py:151} INFO - [2025-04-08T19:18:42.455+0000] {dag.py:2941} INFO - Sync 1 DAGs
[2025-04-08T19:18:42.466+0000] {logging_mixin.py:151} INFO - [2025-04-08T19:18:42.466+0000] {dag.py:3722} INFO - Setting next_dagrun for extract_exchange_rates to 2025-04-08T00:00:00+00:00, run_after=2025-04-09T00:00:00+00:00
[2025-04-08T19:18:42.473+0000] {processor.py:179} INFO - Processing /opt/airflow/dags/extract_exchange_rates.py took 0.046 seconds
[2025-04-08T19:19:12.702+0000] {processor.py:157} INFO - Started process (PID=1184) to work on /opt/airflow/dags/extract_exchange_rates.py
[2025-04-08T19:19:12.703+0000] {processor.py:829} INFO - Processing file /opt/airflow/dags/extract_exchange_rates.py for tasks to queue
[2025-04-08T19:19:12.704+0000] {logging_mixin.py:151} INFO - [2025-04-08T19:19:12.704+0000] {dagbag.py:536} INFO - Filling up the DagBag from /opt/airflow/dags/extract_exchange_rates.py
[2025-04-08T19:19:12.715+0000] {processor.py:839} INFO - DAG(s) dict_keys(['extract_exchange_rates']) retrieved from /opt/airflow/dags/extract_exchange_rates.py
[2025-04-08T19:19:12.731+0000] {logging_mixin.py:151} INFO - [2025-04-08T19:19:12.731+0000] {dag.py:2941} INFO - Sync 1 DAGs
[2025-04-08T19:19:12.740+0000] {logging_mixin.py:151} INFO - [2025-04-08T19:19:12.740+0000] {dag.py:3722} INFO - Setting next_dagrun for extract_exchange_rates to 2025-04-08T00:00:00+00:00, run_after=2025-04-09T00:00:00+00:00
[2025-04-08T19:19:12.747+0000] {processor.py:179} INFO - Processing /opt/airflow/dags/extract_exchange_rates.py took 0.048 seconds
[2025-04-08T19:19:42.987+0000] {processor.py:157} INFO - Started process (PID=1190) to work on /opt/airflow/dags/extract_exchange_rates.py
[2025-04-08T19:19:42.988+0000] {processor.py:829} INFO - Processing file /opt/airflow/dags/extract_exchange_rates.py for tasks to queue
[2025-04-08T19:19:42.989+0000] {logging_mixin.py:151} INFO - [2025-04-08T19:19:42.988+0000] {dagbag.py:536} INFO - Filling up the DagBag from /opt/airflow/dags/extract_exchange_rates.py
[2025-04-08T19:19:43.002+0000] {processor.py:839} INFO - DAG(s) dict_keys(['extract_exchange_rates']) retrieved from /opt/airflow/dags/extract_exchange_rates.py
[2025-04-08T19:19:43.018+0000] {logging_mixin.py:151} INFO - [2025-04-08T19:19:43.018+0000] {dag.py:2941} INFO - Sync 1 DAGs
[2025-04-08T19:19:43.031+0000] {logging_mixin.py:151} INFO - [2025-04-08T19:19:43.030+0000] {dag.py:3722} INFO - Setting next_dagrun for extract_exchange_rates to 2025-04-08T00:00:00+00:00, run_after=2025-04-09T00:00:00+00:00
[2025-04-08T19:19:43.041+0000] {processor.py:179} INFO - Processing /opt/airflow/dags/extract_exchange_rates.py took 0.057 seconds
[2025-04-08T19:20:13.272+0000] {processor.py:157} INFO - Started process (PID=1195) to work on /opt/airflow/dags/extract_exchange_rates.py
[2025-04-08T19:20:13.273+0000] {processor.py:829} INFO - Processing file /opt/airflow/dags/extract_exchange_rates.py for tasks to queue
[2025-04-08T19:20:13.273+0000] {logging_mixin.py:151} INFO - [2025-04-08T19:20:13.273+0000] {dagbag.py:536} INFO - Filling up the DagBag from /opt/airflow/dags/extract_exchange_rates.py
[2025-04-08T19:20:13.285+0000] {processor.py:839} INFO - DAG(s) dict_keys(['extract_exchange_rates']) retrieved from /opt/airflow/dags/extract_exchange_rates.py
[2025-04-08T19:20:13.302+0000] {logging_mixin.py:151} INFO - [2025-04-08T19:20:13.302+0000] {dag.py:2941} INFO - Sync 1 DAGs
[2025-04-08T19:20:13.312+0000] {logging_mixin.py:151} INFO - [2025-04-08T19:20:13.311+0000] {dag.py:3722} INFO - Setting next_dagrun for extract_exchange_rates to 2025-04-08T00:00:00+00:00, run_after=2025-04-09T00:00:00+00:00
[2025-04-08T19:20:13.319+0000] {processor.py:179} INFO - Processing /opt/airflow/dags/extract_exchange_rates.py took 0.049 seconds
[2025-04-08T19:20:43.575+0000] {processor.py:157} INFO - Started process (PID=1200) to work on /opt/airflow/dags/extract_exchange_rates.py
[2025-04-08T19:20:43.576+0000] {processor.py:829} INFO - Processing file /opt/airflow/dags/extract_exchange_rates.py for tasks to queue
[2025-04-08T19:20:43.577+0000] {logging_mixin.py:151} INFO - [2025-04-08T19:20:43.577+0000] {dagbag.py:536} INFO - Filling up the DagBag from /opt/airflow/dags/extract_exchange_rates.py
[2025-04-08T19:20:43.594+0000] {processor.py:839} INFO - DAG(s) dict_keys(['extract_exchange_rates']) retrieved from /opt/airflow/dags/extract_exchange_rates.py
[2025-04-08T19:20:43.614+0000] {logging_mixin.py:151} INFO - [2025-04-08T19:20:43.614+0000] {dag.py:2941} INFO - Sync 1 DAGs
[2025-04-08T19:20:43.626+0000] {logging_mixin.py:151} INFO - [2025-04-08T19:20:43.626+0000] {dag.py:3722} INFO - Setting next_dagrun for extract_exchange_rates to 2025-04-08T00:00:00+00:00, run_after=2025-04-09T00:00:00+00:00
[2025-04-08T19:20:43.635+0000] {processor.py:179} INFO - Processing /opt/airflow/dags/extract_exchange_rates.py took 0.064 seconds
[2025-04-08T19:21:13.892+0000] {processor.py:157} INFO - Started process (PID=1205) to work on /opt/airflow/dags/extract_exchange_rates.py
[2025-04-08T19:21:13.893+0000] {processor.py:829} INFO - Processing file /opt/airflow/dags/extract_exchange_rates.py for tasks to queue
[2025-04-08T19:21:13.894+0000] {logging_mixin.py:151} INFO - [2025-04-08T19:21:13.894+0000] {dagbag.py:536} INFO - Filling up the DagBag from /opt/airflow/dags/extract_exchange_rates.py
[2025-04-08T19:21:13.904+0000] {processor.py:839} INFO - DAG(s) dict_keys(['extract_exchange_rates']) retrieved from /opt/airflow/dags/extract_exchange_rates.py
[2025-04-08T19:21:13.921+0000] {logging_mixin.py:151} INFO - [2025-04-08T19:21:13.921+0000] {dag.py:2941} INFO - Sync 1 DAGs
[2025-04-08T19:21:13.932+0000] {logging_mixin.py:151} INFO - [2025-04-08T19:21:13.932+0000] {dag.py:3722} INFO - Setting next_dagrun for extract_exchange_rates to 2025-04-08T00:00:00+00:00, run_after=2025-04-09T00:00:00+00:00
[2025-04-08T19:21:13.940+0000] {processor.py:179} INFO - Processing /opt/airflow/dags/extract_exchange_rates.py took 0.051 seconds
[2025-04-08T19:21:44.200+0000] {processor.py:157} INFO - Started process (PID=1210) to work on /opt/airflow/dags/extract_exchange_rates.py
[2025-04-08T19:21:44.202+0000] {processor.py:829} INFO - Processing file /opt/airflow/dags/extract_exchange_rates.py for tasks to queue
[2025-04-08T19:21:44.203+0000] {logging_mixin.py:151} INFO - [2025-04-08T19:21:44.203+0000] {dagbag.py:536} INFO - Filling up the DagBag from /opt/airflow/dags/extract_exchange_rates.py
[2025-04-08T19:21:44.216+0000] {processor.py:839} INFO - DAG(s) dict_keys(['extract_exchange_rates']) retrieved from /opt/airflow/dags/extract_exchange_rates.py
[2025-04-08T19:21:44.231+0000] {logging_mixin.py:151} INFO - [2025-04-08T19:21:44.231+0000] {dag.py:2941} INFO - Sync 1 DAGs
[2025-04-08T19:21:44.243+0000] {logging_mixin.py:151} INFO - [2025-04-08T19:21:44.243+0000] {dag.py:3722} INFO - Setting next_dagrun for extract_exchange_rates to 2025-04-08T00:00:00+00:00, run_after=2025-04-09T00:00:00+00:00
[2025-04-08T19:21:44.250+0000] {processor.py:179} INFO - Processing /opt/airflow/dags/extract_exchange_rates.py took 0.053 seconds
[2025-04-08T19:22:14.511+0000] {processor.py:157} INFO - Started process (PID=1215) to work on /opt/airflow/dags/extract_exchange_rates.py
[2025-04-08T19:22:14.512+0000] {processor.py:829} INFO - Processing file /opt/airflow/dags/extract_exchange_rates.py for tasks to queue
[2025-04-08T19:22:14.513+0000] {logging_mixin.py:151} INFO - [2025-04-08T19:22:14.513+0000] {dagbag.py:536} INFO - Filling up the DagBag from /opt/airflow/dags/extract_exchange_rates.py
[2025-04-08T19:22:14.524+0000] {processor.py:839} INFO - DAG(s) dict_keys(['extract_exchange_rates']) retrieved from /opt/airflow/dags/extract_exchange_rates.py
[2025-04-08T19:22:14.541+0000] {logging_mixin.py:151} INFO - [2025-04-08T19:22:14.541+0000] {dag.py:2941} INFO - Sync 1 DAGs
[2025-04-08T19:22:14.553+0000] {logging_mixin.py:151} INFO - [2025-04-08T19:22:14.553+0000] {dag.py:3722} INFO - Setting next_dagrun for extract_exchange_rates to 2025-04-08T00:00:00+00:00, run_after=2025-04-09T00:00:00+00:00
[2025-04-08T19:22:14.563+0000] {processor.py:179} INFO - Processing /opt/airflow/dags/extract_exchange_rates.py took 0.054 seconds
[2025-04-08T19:22:44.814+0000] {processor.py:157} INFO - Started process (PID=1220) to work on /opt/airflow/dags/extract_exchange_rates.py
[2025-04-08T19:22:44.815+0000] {processor.py:829} INFO - Processing file /opt/airflow/dags/extract_exchange_rates.py for tasks to queue
[2025-04-08T19:22:44.816+0000] {logging_mixin.py:151} INFO - [2025-04-08T19:22:44.815+0000] {dagbag.py:536} INFO - Filling up the DagBag from /opt/airflow/dags/extract_exchange_rates.py
[2025-04-08T19:22:44.825+0000] {processor.py:839} INFO - DAG(s) dict_keys(['extract_exchange_rates']) retrieved from /opt/airflow/dags/extract_exchange_rates.py
[2025-04-08T19:22:44.838+0000] {logging_mixin.py:151} INFO - [2025-04-08T19:22:44.838+0000] {dag.py:2941} INFO - Sync 1 DAGs
[2025-04-08T19:22:44.847+0000] {logging_mixin.py:151} INFO - [2025-04-08T19:22:44.847+0000] {dag.py:3722} INFO - Setting next_dagrun for extract_exchange_rates to 2025-04-08T00:00:00+00:00, run_after=2025-04-09T00:00:00+00:00
[2025-04-08T19:22:44.854+0000] {processor.py:179} INFO - Processing /opt/airflow/dags/extract_exchange_rates.py took 0.042 seconds
[2025-04-08T19:23:15.112+0000] {processor.py:157} INFO - Started process (PID=1225) to work on /opt/airflow/dags/extract_exchange_rates.py
[2025-04-08T19:23:15.113+0000] {processor.py:829} INFO - Processing file /opt/airflow/dags/extract_exchange_rates.py for tasks to queue
[2025-04-08T19:23:15.114+0000] {logging_mixin.py:151} INFO - [2025-04-08T19:23:15.114+0000] {dagbag.py:536} INFO - Filling up the DagBag from /opt/airflow/dags/extract_exchange_rates.py
[2025-04-08T19:23:15.125+0000] {processor.py:839} INFO - DAG(s) dict_keys(['extract_exchange_rates']) retrieved from /opt/airflow/dags/extract_exchange_rates.py
[2025-04-08T19:23:15.139+0000] {logging_mixin.py:151} INFO - [2025-04-08T19:23:15.139+0000] {dag.py:2941} INFO - Sync 1 DAGs
[2025-04-08T19:23:15.149+0000] {logging_mixin.py:151} INFO - [2025-04-08T19:23:15.149+0000] {dag.py:3722} INFO - Setting next_dagrun for extract_exchange_rates to 2025-04-08T00:00:00+00:00, run_after=2025-04-09T00:00:00+00:00
[2025-04-08T19:23:15.157+0000] {processor.py:179} INFO - Processing /opt/airflow/dags/extract_exchange_rates.py took 0.047 seconds
[2025-04-08T19:23:45.432+0000] {processor.py:157} INFO - Started process (PID=1230) to work on /opt/airflow/dags/extract_exchange_rates.py
[2025-04-08T19:23:45.433+0000] {processor.py:829} INFO - Processing file /opt/airflow/dags/extract_exchange_rates.py for tasks to queue
[2025-04-08T19:23:45.433+0000] {logging_mixin.py:151} INFO - [2025-04-08T19:23:45.433+0000] {dagbag.py:536} INFO - Filling up the DagBag from /opt/airflow/dags/extract_exchange_rates.py
[2025-04-08T19:23:45.446+0000] {processor.py:839} INFO - DAG(s) dict_keys(['extract_exchange_rates']) retrieved from /opt/airflow/dags/extract_exchange_rates.py
[2025-04-08T19:23:45.463+0000] {logging_mixin.py:151} INFO - [2025-04-08T19:23:45.463+0000] {dag.py:2941} INFO - Sync 1 DAGs
[2025-04-08T19:23:45.473+0000] {logging_mixin.py:151} INFO - [2025-04-08T19:23:45.473+0000] {dag.py:3722} INFO - Setting next_dagrun for extract_exchange_rates to 2025-04-08T00:00:00+00:00, run_after=2025-04-09T00:00:00+00:00
[2025-04-08T19:23:45.484+0000] {processor.py:179} INFO - Processing /opt/airflow/dags/extract_exchange_rates.py took 0.055 seconds
[2025-04-08T19:24:15.752+0000] {processor.py:157} INFO - Started process (PID=1235) to work on /opt/airflow/dags/extract_exchange_rates.py
[2025-04-08T19:24:15.754+0000] {processor.py:829} INFO - Processing file /opt/airflow/dags/extract_exchange_rates.py for tasks to queue
[2025-04-08T19:24:15.755+0000] {logging_mixin.py:151} INFO - [2025-04-08T19:24:15.754+0000] {dagbag.py:536} INFO - Filling up the DagBag from /opt/airflow/dags/extract_exchange_rates.py
[2025-04-08T19:24:15.767+0000] {processor.py:839} INFO - DAG(s) dict_keys(['extract_exchange_rates']) retrieved from /opt/airflow/dags/extract_exchange_rates.py
[2025-04-08T19:24:15.780+0000] {logging_mixin.py:151} INFO - [2025-04-08T19:24:15.780+0000] {dag.py:2941} INFO - Sync 1 DAGs
[2025-04-08T19:24:15.790+0000] {logging_mixin.py:151} INFO - [2025-04-08T19:24:15.790+0000] {dag.py:3722} INFO - Setting next_dagrun for extract_exchange_rates to 2025-04-08T00:00:00+00:00, run_after=2025-04-09T00:00:00+00:00
[2025-04-08T19:24:15.797+0000] {processor.py:179} INFO - Processing /opt/airflow/dags/extract_exchange_rates.py took 0.048 seconds
[2025-04-08T19:24:46.064+0000] {processor.py:157} INFO - Started process (PID=1240) to work on /opt/airflow/dags/extract_exchange_rates.py
[2025-04-08T19:24:46.064+0000] {processor.py:829} INFO - Processing file /opt/airflow/dags/extract_exchange_rates.py for tasks to queue
[2025-04-08T19:24:46.065+0000] {logging_mixin.py:151} INFO - [2025-04-08T19:24:46.065+0000] {dagbag.py:536} INFO - Filling up the DagBag from /opt/airflow/dags/extract_exchange_rates.py
[2025-04-08T19:24:46.074+0000] {processor.py:839} INFO - DAG(s) dict_keys(['extract_exchange_rates']) retrieved from /opt/airflow/dags/extract_exchange_rates.py
[2025-04-08T19:24:46.086+0000] {logging_mixin.py:151} INFO - [2025-04-08T19:24:46.086+0000] {dag.py:2941} INFO - Sync 1 DAGs
[2025-04-08T19:24:46.096+0000] {logging_mixin.py:151} INFO - [2025-04-08T19:24:46.096+0000] {dag.py:3722} INFO - Setting next_dagrun for extract_exchange_rates to 2025-04-08T00:00:00+00:00, run_after=2025-04-09T00:00:00+00:00
[2025-04-08T19:24:46.102+0000] {processor.py:179} INFO - Processing /opt/airflow/dags/extract_exchange_rates.py took 0.040 seconds
[2025-04-08T19:25:16.392+0000] {processor.py:157} INFO - Started process (PID=1245) to work on /opt/airflow/dags/extract_exchange_rates.py
[2025-04-08T19:25:16.392+0000] {processor.py:829} INFO - Processing file /opt/airflow/dags/extract_exchange_rates.py for tasks to queue
[2025-04-08T19:25:16.393+0000] {logging_mixin.py:151} INFO - [2025-04-08T19:25:16.393+0000] {dagbag.py:536} INFO - Filling up the DagBag from /opt/airflow/dags/extract_exchange_rates.py
[2025-04-08T19:25:16.402+0000] {processor.py:839} INFO - DAG(s) dict_keys(['extract_exchange_rates']) retrieved from /opt/airflow/dags/extract_exchange_rates.py
[2025-04-08T19:25:16.416+0000] {logging_mixin.py:151} INFO - [2025-04-08T19:25:16.416+0000] {dag.py:2941} INFO - Sync 1 DAGs
[2025-04-08T19:25:16.426+0000] {logging_mixin.py:151} INFO - [2025-04-08T19:25:16.426+0000] {dag.py:3722} INFO - Setting next_dagrun for extract_exchange_rates to 2025-04-08T00:00:00+00:00, run_after=2025-04-09T00:00:00+00:00
[2025-04-08T19:25:16.433+0000] {processor.py:179} INFO - Processing /opt/airflow/dags/extract_exchange_rates.py took 0.043 seconds
[2025-04-08T19:25:46.695+0000] {processor.py:157} INFO - Started process (PID=1250) to work on /opt/airflow/dags/extract_exchange_rates.py
[2025-04-08T19:25:46.695+0000] {processor.py:829} INFO - Processing file /opt/airflow/dags/extract_exchange_rates.py for tasks to queue
[2025-04-08T19:25:46.696+0000] {logging_mixin.py:151} INFO - [2025-04-08T19:25:46.695+0000] {dagbag.py:536} INFO - Filling up the DagBag from /opt/airflow/dags/extract_exchange_rates.py
[2025-04-08T19:25:46.705+0000] {processor.py:839} INFO - DAG(s) dict_keys(['extract_exchange_rates']) retrieved from /opt/airflow/dags/extract_exchange_rates.py
[2025-04-08T19:25:46.718+0000] {logging_mixin.py:151} INFO - [2025-04-08T19:25:46.718+0000] {dag.py:2941} INFO - Sync 1 DAGs
[2025-04-08T19:25:46.728+0000] {logging_mixin.py:151} INFO - [2025-04-08T19:25:46.728+0000] {dag.py:3722} INFO - Setting next_dagrun for extract_exchange_rates to 2025-04-08T00:00:00+00:00, run_after=2025-04-09T00:00:00+00:00
[2025-04-08T19:25:46.736+0000] {processor.py:179} INFO - Processing /opt/airflow/dags/extract_exchange_rates.py took 0.043 seconds
[2025-04-08T19:26:16.996+0000] {processor.py:157} INFO - Started process (PID=1255) to work on /opt/airflow/dags/extract_exchange_rates.py
[2025-04-08T19:26:16.996+0000] {processor.py:829} INFO - Processing file /opt/airflow/dags/extract_exchange_rates.py for tasks to queue
[2025-04-08T19:26:16.997+0000] {logging_mixin.py:151} INFO - [2025-04-08T19:26:16.997+0000] {dagbag.py:536} INFO - Filling up the DagBag from /opt/airflow/dags/extract_exchange_rates.py
[2025-04-08T19:26:17.009+0000] {processor.py:839} INFO - DAG(s) dict_keys(['extract_exchange_rates']) retrieved from /opt/airflow/dags/extract_exchange_rates.py
[2025-04-08T19:26:17.022+0000] {logging_mixin.py:151} INFO - [2025-04-08T19:26:17.022+0000] {dag.py:2941} INFO - Sync 1 DAGs
[2025-04-08T19:26:17.032+0000] {logging_mixin.py:151} INFO - [2025-04-08T19:26:17.032+0000] {dag.py:3722} INFO - Setting next_dagrun for extract_exchange_rates to 2025-04-08T00:00:00+00:00, run_after=2025-04-09T00:00:00+00:00
[2025-04-08T19:26:17.040+0000] {processor.py:179} INFO - Processing /opt/airflow/dags/extract_exchange_rates.py took 0.048 seconds
[2025-04-08T19:26:47.346+0000] {processor.py:157} INFO - Started process (PID=1260) to work on /opt/airflow/dags/extract_exchange_rates.py
[2025-04-08T19:26:47.349+0000] {processor.py:829} INFO - Processing file /opt/airflow/dags/extract_exchange_rates.py for tasks to queue
[2025-04-08T19:26:47.349+0000] {logging_mixin.py:151} INFO - [2025-04-08T19:26:47.349+0000] {dagbag.py:536} INFO - Filling up the DagBag from /opt/airflow/dags/extract_exchange_rates.py
[2025-04-08T19:26:47.360+0000] {processor.py:839} INFO - DAG(s) dict_keys(['extract_exchange_rates']) retrieved from /opt/airflow/dags/extract_exchange_rates.py
[2025-04-08T19:26:47.374+0000] {logging_mixin.py:151} INFO - [2025-04-08T19:26:47.374+0000] {dag.py:2941} INFO - Sync 1 DAGs
[2025-04-08T19:26:47.384+0000] {logging_mixin.py:151} INFO - [2025-04-08T19:26:47.384+0000] {dag.py:3722} INFO - Setting next_dagrun for extract_exchange_rates to 2025-04-08T00:00:00+00:00, run_after=2025-04-09T00:00:00+00:00
[2025-04-08T19:26:47.390+0000] {processor.py:179} INFO - Processing /opt/airflow/dags/extract_exchange_rates.py took 0.046 seconds
[2025-04-08T19:27:17.661+0000] {processor.py:157} INFO - Started process (PID=1265) to work on /opt/airflow/dags/extract_exchange_rates.py
[2025-04-08T19:27:17.662+0000] {processor.py:829} INFO - Processing file /opt/airflow/dags/extract_exchange_rates.py for tasks to queue
[2025-04-08T19:27:17.663+0000] {logging_mixin.py:151} INFO - [2025-04-08T19:27:17.663+0000] {dagbag.py:536} INFO - Filling up the DagBag from /opt/airflow/dags/extract_exchange_rates.py
[2025-04-08T19:27:17.673+0000] {processor.py:839} INFO - DAG(s) dict_keys(['extract_exchange_rates']) retrieved from /opt/airflow/dags/extract_exchange_rates.py
[2025-04-08T19:27:17.687+0000] {logging_mixin.py:151} INFO - [2025-04-08T19:27:17.687+0000] {dag.py:2941} INFO - Sync 1 DAGs
[2025-04-08T19:27:17.697+0000] {logging_mixin.py:151} INFO - [2025-04-08T19:27:17.697+0000] {dag.py:3722} INFO - Setting next_dagrun for extract_exchange_rates to 2025-04-08T00:00:00+00:00, run_after=2025-04-09T00:00:00+00:00
[2025-04-08T19:27:17.705+0000] {processor.py:179} INFO - Processing /opt/airflow/dags/extract_exchange_rates.py took 0.046 seconds
[2025-04-08T19:27:47.935+0000] {processor.py:157} INFO - Started process (PID=1270) to work on /opt/airflow/dags/extract_exchange_rates.py
[2025-04-08T19:27:47.936+0000] {processor.py:829} INFO - Processing file /opt/airflow/dags/extract_exchange_rates.py for tasks to queue
[2025-04-08T19:27:47.937+0000] {logging_mixin.py:151} INFO - [2025-04-08T19:27:47.937+0000] {dagbag.py:536} INFO - Filling up the DagBag from /opt/airflow/dags/extract_exchange_rates.py
[2025-04-08T19:27:47.947+0000] {processor.py:839} INFO - DAG(s) dict_keys(['extract_exchange_rates']) retrieved from /opt/airflow/dags/extract_exchange_rates.py
[2025-04-08T19:27:47.962+0000] {logging_mixin.py:151} INFO - [2025-04-08T19:27:47.962+0000] {dag.py:2941} INFO - Sync 1 DAGs
[2025-04-08T19:27:47.972+0000] {logging_mixin.py:151} INFO - [2025-04-08T19:27:47.972+0000] {dag.py:3722} INFO - Setting next_dagrun for extract_exchange_rates to 2025-04-08T00:00:00+00:00, run_after=2025-04-09T00:00:00+00:00
[2025-04-08T19:27:47.979+0000] {processor.py:179} INFO - Processing /opt/airflow/dags/extract_exchange_rates.py took 0.046 seconds
[2025-04-08T19:28:18.205+0000] {processor.py:157} INFO - Started process (PID=1275) to work on /opt/airflow/dags/extract_exchange_rates.py
[2025-04-08T19:28:18.205+0000] {processor.py:829} INFO - Processing file /opt/airflow/dags/extract_exchange_rates.py for tasks to queue
[2025-04-08T19:28:18.206+0000] {logging_mixin.py:151} INFO - [2025-04-08T19:28:18.206+0000] {dagbag.py:536} INFO - Filling up the DagBag from /opt/airflow/dags/extract_exchange_rates.py
[2025-04-08T19:28:18.216+0000] {processor.py:839} INFO - DAG(s) dict_keys(['extract_exchange_rates']) retrieved from /opt/airflow/dags/extract_exchange_rates.py
[2025-04-08T19:28:18.228+0000] {logging_mixin.py:151} INFO - [2025-04-08T19:28:18.228+0000] {dag.py:2941} INFO - Sync 1 DAGs
[2025-04-08T19:28:18.238+0000] {logging_mixin.py:151} INFO - [2025-04-08T19:28:18.238+0000] {dag.py:3722} INFO - Setting next_dagrun for extract_exchange_rates to 2025-04-08T00:00:00+00:00, run_after=2025-04-09T00:00:00+00:00
[2025-04-08T19:28:18.245+0000] {processor.py:179} INFO - Processing /opt/airflow/dags/extract_exchange_rates.py took 0.042 seconds
[2025-04-08T19:28:48.529+0000] {processor.py:157} INFO - Started process (PID=1280) to work on /opt/airflow/dags/extract_exchange_rates.py
[2025-04-08T19:28:48.530+0000] {processor.py:829} INFO - Processing file /opt/airflow/dags/extract_exchange_rates.py for tasks to queue
[2025-04-08T19:28:48.531+0000] {logging_mixin.py:151} INFO - [2025-04-08T19:28:48.531+0000] {dagbag.py:536} INFO - Filling up the DagBag from /opt/airflow/dags/extract_exchange_rates.py
[2025-04-08T19:28:48.542+0000] {processor.py:839} INFO - DAG(s) dict_keys(['extract_exchange_rates']) retrieved from /opt/airflow/dags/extract_exchange_rates.py
[2025-04-08T19:28:48.558+0000] {logging_mixin.py:151} INFO - [2025-04-08T19:28:48.558+0000] {dag.py:2941} INFO - Sync 1 DAGs
[2025-04-08T19:28:48.568+0000] {logging_mixin.py:151} INFO - [2025-04-08T19:28:48.568+0000] {dag.py:3722} INFO - Setting next_dagrun for extract_exchange_rates to 2025-04-08T00:00:00+00:00, run_after=2025-04-09T00:00:00+00:00
[2025-04-08T19:28:48.576+0000] {processor.py:179} INFO - Processing /opt/airflow/dags/extract_exchange_rates.py took 0.049 seconds
[2025-04-08T19:29:18.863+0000] {processor.py:157} INFO - Started process (PID=1285) to work on /opt/airflow/dags/extract_exchange_rates.py
[2025-04-08T19:29:18.863+0000] {processor.py:829} INFO - Processing file /opt/airflow/dags/extract_exchange_rates.py for tasks to queue
[2025-04-08T19:29:18.864+0000] {logging_mixin.py:151} INFO - [2025-04-08T19:29:18.864+0000] {dagbag.py:536} INFO - Filling up the DagBag from /opt/airflow/dags/extract_exchange_rates.py
[2025-04-08T19:29:18.875+0000] {processor.py:839} INFO - DAG(s) dict_keys(['extract_exchange_rates']) retrieved from /opt/airflow/dags/extract_exchange_rates.py
[2025-04-08T19:29:18.890+0000] {logging_mixin.py:151} INFO - [2025-04-08T19:29:18.890+0000] {dag.py:2941} INFO - Sync 1 DAGs
[2025-04-08T19:29:18.899+0000] {logging_mixin.py:151} INFO - [2025-04-08T19:29:18.899+0000] {dag.py:3722} INFO - Setting next_dagrun for extract_exchange_rates to 2025-04-08T00:00:00+00:00, run_after=2025-04-09T00:00:00+00:00
[2025-04-08T19:29:18.907+0000] {processor.py:179} INFO - Processing /opt/airflow/dags/extract_exchange_rates.py took 0.047 seconds
[2025-04-08T19:29:49.224+0000] {processor.py:157} INFO - Started process (PID=1290) to work on /opt/airflow/dags/extract_exchange_rates.py
[2025-04-08T19:29:49.224+0000] {processor.py:829} INFO - Processing file /opt/airflow/dags/extract_exchange_rates.py for tasks to queue
[2025-04-08T19:29:49.225+0000] {logging_mixin.py:151} INFO - [2025-04-08T19:29:49.225+0000] {dagbag.py:536} INFO - Filling up the DagBag from /opt/airflow/dags/extract_exchange_rates.py
[2025-04-08T19:29:49.235+0000] {processor.py:839} INFO - DAG(s) dict_keys(['extract_exchange_rates']) retrieved from /opt/airflow/dags/extract_exchange_rates.py
[2025-04-08T19:29:49.250+0000] {logging_mixin.py:151} INFO - [2025-04-08T19:29:49.250+0000] {dag.py:2941} INFO - Sync 1 DAGs
[2025-04-08T19:29:49.260+0000] {logging_mixin.py:151} INFO - [2025-04-08T19:29:49.260+0000] {dag.py:3722} INFO - Setting next_dagrun for extract_exchange_rates to 2025-04-08T00:00:00+00:00, run_after=2025-04-09T00:00:00+00:00
[2025-04-08T19:29:49.267+0000] {processor.py:179} INFO - Processing /opt/airflow/dags/extract_exchange_rates.py took 0.045 seconds
[2025-04-08T19:30:19.556+0000] {processor.py:157} INFO - Started process (PID=1295) to work on /opt/airflow/dags/extract_exchange_rates.py
[2025-04-08T19:30:19.557+0000] {processor.py:829} INFO - Processing file /opt/airflow/dags/extract_exchange_rates.py for tasks to queue
[2025-04-08T19:30:19.557+0000] {logging_mixin.py:151} INFO - [2025-04-08T19:30:19.557+0000] {dagbag.py:536} INFO - Filling up the DagBag from /opt/airflow/dags/extract_exchange_rates.py
[2025-04-08T19:30:19.567+0000] {processor.py:839} INFO - DAG(s) dict_keys(['extract_exchange_rates']) retrieved from /opt/airflow/dags/extract_exchange_rates.py
[2025-04-08T19:30:19.580+0000] {logging_mixin.py:151} INFO - [2025-04-08T19:30:19.580+0000] {dag.py:2941} INFO - Sync 1 DAGs
[2025-04-08T19:30:19.591+0000] {logging_mixin.py:151} INFO - [2025-04-08T19:30:19.591+0000] {dag.py:3722} INFO - Setting next_dagrun for extract_exchange_rates to 2025-04-08T00:00:00+00:00, run_after=2025-04-09T00:00:00+00:00
[2025-04-08T19:30:19.598+0000] {processor.py:179} INFO - Processing /opt/airflow/dags/extract_exchange_rates.py took 0.044 seconds
[2025-04-08T19:30:49.888+0000] {processor.py:157} INFO - Started process (PID=1300) to work on /opt/airflow/dags/extract_exchange_rates.py
[2025-04-08T19:30:49.889+0000] {processor.py:829} INFO - Processing file /opt/airflow/dags/extract_exchange_rates.py for tasks to queue
[2025-04-08T19:30:49.889+0000] {logging_mixin.py:151} INFO - [2025-04-08T19:30:49.889+0000] {dagbag.py:536} INFO - Filling up the DagBag from /opt/airflow/dags/extract_exchange_rates.py
[2025-04-08T19:30:49.903+0000] {processor.py:839} INFO - DAG(s) dict_keys(['extract_exchange_rates']) retrieved from /opt/airflow/dags/extract_exchange_rates.py
[2025-04-08T19:30:49.918+0000] {logging_mixin.py:151} INFO - [2025-04-08T19:30:49.918+0000] {dag.py:2941} INFO - Sync 1 DAGs
[2025-04-08T19:30:49.927+0000] {logging_mixin.py:151} INFO - [2025-04-08T19:30:49.927+0000] {dag.py:3722} INFO - Setting next_dagrun for extract_exchange_rates to 2025-04-08T00:00:00+00:00, run_after=2025-04-09T00:00:00+00:00
[2025-04-08T19:30:49.933+0000] {processor.py:179} INFO - Processing /opt/airflow/dags/extract_exchange_rates.py took 0.048 seconds
[2025-04-08T19:31:20.248+0000] {processor.py:157} INFO - Started process (PID=1305) to work on /opt/airflow/dags/extract_exchange_rates.py
[2025-04-08T19:31:20.250+0000] {processor.py:829} INFO - Processing file /opt/airflow/dags/extract_exchange_rates.py for tasks to queue
[2025-04-08T19:31:20.250+0000] {logging_mixin.py:151} INFO - [2025-04-08T19:31:20.250+0000] {dagbag.py:536} INFO - Filling up the DagBag from /opt/airflow/dags/extract_exchange_rates.py
[2025-04-08T19:31:20.262+0000] {processor.py:839} INFO - DAG(s) dict_keys(['extract_exchange_rates']) retrieved from /opt/airflow/dags/extract_exchange_rates.py
[2025-04-08T19:31:20.280+0000] {logging_mixin.py:151} INFO - [2025-04-08T19:31:20.280+0000] {dag.py:2941} INFO - Sync 1 DAGs
[2025-04-08T19:31:20.290+0000] {logging_mixin.py:151} INFO - [2025-04-08T19:31:20.289+0000] {dag.py:3722} INFO - Setting next_dagrun for extract_exchange_rates to 2025-04-08T00:00:00+00:00, run_after=2025-04-09T00:00:00+00:00
[2025-04-08T19:31:20.296+0000] {processor.py:179} INFO - Processing /opt/airflow/dags/extract_exchange_rates.py took 0.051 seconds
[2025-04-08T19:31:50.591+0000] {processor.py:157} INFO - Started process (PID=1310) to work on /opt/airflow/dags/extract_exchange_rates.py
[2025-04-08T19:31:50.592+0000] {processor.py:829} INFO - Processing file /opt/airflow/dags/extract_exchange_rates.py for tasks to queue
[2025-04-08T19:31:50.593+0000] {logging_mixin.py:151} INFO - [2025-04-08T19:31:50.592+0000] {dagbag.py:536} INFO - Filling up the DagBag from /opt/airflow/dags/extract_exchange_rates.py
[2025-04-08T19:31:50.608+0000] {processor.py:839} INFO - DAG(s) dict_keys(['extract_exchange_rates']) retrieved from /opt/airflow/dags/extract_exchange_rates.py
[2025-04-08T19:31:50.627+0000] {logging_mixin.py:151} INFO - [2025-04-08T19:31:50.626+0000] {dag.py:2941} INFO - Sync 1 DAGs
[2025-04-08T19:31:50.638+0000] {logging_mixin.py:151} INFO - [2025-04-08T19:31:50.638+0000] {dag.py:3722} INFO - Setting next_dagrun for extract_exchange_rates to 2025-04-08T00:00:00+00:00, run_after=2025-04-09T00:00:00+00:00
[2025-04-08T19:31:50.646+0000] {processor.py:179} INFO - Processing /opt/airflow/dags/extract_exchange_rates.py took 0.059 seconds
[2025-04-08T19:32:20.934+0000] {processor.py:157} INFO - Started process (PID=1315) to work on /opt/airflow/dags/extract_exchange_rates.py
[2025-04-08T19:32:20.934+0000] {processor.py:829} INFO - Processing file /opt/airflow/dags/extract_exchange_rates.py for tasks to queue
[2025-04-08T19:32:20.935+0000] {logging_mixin.py:151} INFO - [2025-04-08T19:32:20.935+0000] {dagbag.py:536} INFO - Filling up the DagBag from /opt/airflow/dags/extract_exchange_rates.py
[2025-04-08T19:32:20.946+0000] {processor.py:839} INFO - DAG(s) dict_keys(['extract_exchange_rates']) retrieved from /opt/airflow/dags/extract_exchange_rates.py
[2025-04-08T19:32:20.960+0000] {logging_mixin.py:151} INFO - [2025-04-08T19:32:20.960+0000] {dag.py:2941} INFO - Sync 1 DAGs
[2025-04-08T19:32:20.970+0000] {logging_mixin.py:151} INFO - [2025-04-08T19:32:20.970+0000] {dag.py:3722} INFO - Setting next_dagrun for extract_exchange_rates to 2025-04-08T00:00:00+00:00, run_after=2025-04-09T00:00:00+00:00
[2025-04-08T19:32:20.978+0000] {processor.py:179} INFO - Processing /opt/airflow/dags/extract_exchange_rates.py took 0.047 seconds
[2025-04-08T19:32:51.259+0000] {processor.py:157} INFO - Started process (PID=1320) to work on /opt/airflow/dags/extract_exchange_rates.py
[2025-04-08T19:32:51.260+0000] {processor.py:829} INFO - Processing file /opt/airflow/dags/extract_exchange_rates.py for tasks to queue
[2025-04-08T19:32:51.260+0000] {logging_mixin.py:151} INFO - [2025-04-08T19:32:51.260+0000] {dagbag.py:536} INFO - Filling up the DagBag from /opt/airflow/dags/extract_exchange_rates.py
[2025-04-08T19:32:51.271+0000] {processor.py:839} INFO - DAG(s) dict_keys(['extract_exchange_rates']) retrieved from /opt/airflow/dags/extract_exchange_rates.py
[2025-04-08T19:32:51.290+0000] {logging_mixin.py:151} INFO - [2025-04-08T19:32:51.290+0000] {dag.py:2941} INFO - Sync 1 DAGs
[2025-04-08T19:32:51.303+0000] {logging_mixin.py:151} INFO - [2025-04-08T19:32:51.302+0000] {dag.py:3722} INFO - Setting next_dagrun for extract_exchange_rates to 2025-04-08T00:00:00+00:00, run_after=2025-04-09T00:00:00+00:00
[2025-04-08T19:32:51.310+0000] {processor.py:179} INFO - Processing /opt/airflow/dags/extract_exchange_rates.py took 0.054 seconds
[2025-04-08T19:33:21.623+0000] {processor.py:157} INFO - Started process (PID=1325) to work on /opt/airflow/dags/extract_exchange_rates.py
[2025-04-08T19:33:21.624+0000] {processor.py:829} INFO - Processing file /opt/airflow/dags/extract_exchange_rates.py for tasks to queue
[2025-04-08T19:33:21.625+0000] {logging_mixin.py:151} INFO - [2025-04-08T19:33:21.624+0000] {dagbag.py:536} INFO - Filling up the DagBag from /opt/airflow/dags/extract_exchange_rates.py
[2025-04-08T19:33:21.636+0000] {processor.py:839} INFO - DAG(s) dict_keys(['extract_exchange_rates']) retrieved from /opt/airflow/dags/extract_exchange_rates.py
[2025-04-08T19:33:21.654+0000] {logging_mixin.py:151} INFO - [2025-04-08T19:33:21.653+0000] {dag.py:2941} INFO - Sync 1 DAGs
[2025-04-08T19:33:21.664+0000] {logging_mixin.py:151} INFO - [2025-04-08T19:33:21.664+0000] {dag.py:3722} INFO - Setting next_dagrun for extract_exchange_rates to 2025-04-08T00:00:00+00:00, run_after=2025-04-09T00:00:00+00:00
[2025-04-08T19:33:21.672+0000] {processor.py:179} INFO - Processing /opt/airflow/dags/extract_exchange_rates.py took 0.052 seconds
[2025-04-08T19:33:51.919+0000] {processor.py:157} INFO - Started process (PID=1330) to work on /opt/airflow/dags/extract_exchange_rates.py
[2025-04-08T19:33:51.920+0000] {processor.py:829} INFO - Processing file /opt/airflow/dags/extract_exchange_rates.py for tasks to queue
[2025-04-08T19:33:51.920+0000] {logging_mixin.py:151} INFO - [2025-04-08T19:33:51.920+0000] {dagbag.py:536} INFO - Filling up the DagBag from /opt/airflow/dags/extract_exchange_rates.py
[2025-04-08T19:33:51.931+0000] {processor.py:839} INFO - DAG(s) dict_keys(['extract_exchange_rates']) retrieved from /opt/airflow/dags/extract_exchange_rates.py
[2025-04-08T19:33:51.944+0000] {logging_mixin.py:151} INFO - [2025-04-08T19:33:51.944+0000] {dag.py:2941} INFO - Sync 1 DAGs
[2025-04-08T19:33:51.953+0000] {logging_mixin.py:151} INFO - [2025-04-08T19:33:51.953+0000] {dag.py:3722} INFO - Setting next_dagrun for extract_exchange_rates to 2025-04-08T00:00:00+00:00, run_after=2025-04-09T00:00:00+00:00
[2025-04-08T19:33:51.960+0000] {processor.py:179} INFO - Processing /opt/airflow/dags/extract_exchange_rates.py took 0.044 seconds
[2025-04-08T19:34:22.186+0000] {processor.py:157} INFO - Started process (PID=1335) to work on /opt/airflow/dags/extract_exchange_rates.py
[2025-04-08T19:34:22.187+0000] {processor.py:829} INFO - Processing file /opt/airflow/dags/extract_exchange_rates.py for tasks to queue
[2025-04-08T19:34:22.188+0000] {logging_mixin.py:151} INFO - [2025-04-08T19:34:22.188+0000] {dagbag.py:536} INFO - Filling up the DagBag from /opt/airflow/dags/extract_exchange_rates.py
[2025-04-08T19:34:22.198+0000] {processor.py:839} INFO - DAG(s) dict_keys(['extract_exchange_rates']) retrieved from /opt/airflow/dags/extract_exchange_rates.py
[2025-04-08T19:34:22.212+0000] {logging_mixin.py:151} INFO - [2025-04-08T19:34:22.212+0000] {dag.py:2941} INFO - Sync 1 DAGs
[2025-04-08T19:34:22.221+0000] {logging_mixin.py:151} INFO - [2025-04-08T19:34:22.221+0000] {dag.py:3722} INFO - Setting next_dagrun for extract_exchange_rates to 2025-04-08T00:00:00+00:00, run_after=2025-04-09T00:00:00+00:00
[2025-04-08T19:34:22.228+0000] {processor.py:179} INFO - Processing /opt/airflow/dags/extract_exchange_rates.py took 0.045 seconds
[2025-04-08T19:34:52.432+0000] {processor.py:157} INFO - Started process (PID=1340) to work on /opt/airflow/dags/extract_exchange_rates.py
[2025-04-08T19:34:52.432+0000] {processor.py:829} INFO - Processing file /opt/airflow/dags/extract_exchange_rates.py for tasks to queue
[2025-04-08T19:34:52.433+0000] {logging_mixin.py:151} INFO - [2025-04-08T19:34:52.433+0000] {dagbag.py:536} INFO - Filling up the DagBag from /opt/airflow/dags/extract_exchange_rates.py
[2025-04-08T19:34:52.445+0000] {processor.py:839} INFO - DAG(s) dict_keys(['extract_exchange_rates']) retrieved from /opt/airflow/dags/extract_exchange_rates.py
[2025-04-08T19:34:52.459+0000] {logging_mixin.py:151} INFO - [2025-04-08T19:34:52.459+0000] {dag.py:2941} INFO - Sync 1 DAGs
[2025-04-08T19:34:52.470+0000] {logging_mixin.py:151} INFO - [2025-04-08T19:34:52.470+0000] {dag.py:3722} INFO - Setting next_dagrun for extract_exchange_rates to 2025-04-08T00:00:00+00:00, run_after=2025-04-09T00:00:00+00:00
[2025-04-08T19:34:52.476+0000] {processor.py:179} INFO - Processing /opt/airflow/dags/extract_exchange_rates.py took 0.047 seconds
[2025-04-08T19:35:22.682+0000] {processor.py:157} INFO - Started process (PID=1345) to work on /opt/airflow/dags/extract_exchange_rates.py
[2025-04-08T19:35:22.684+0000] {processor.py:829} INFO - Processing file /opt/airflow/dags/extract_exchange_rates.py for tasks to queue
[2025-04-08T19:35:22.684+0000] {logging_mixin.py:151} INFO - [2025-04-08T19:35:22.684+0000] {dagbag.py:536} INFO - Filling up the DagBag from /opt/airflow/dags/extract_exchange_rates.py
[2025-04-08T19:35:22.696+0000] {processor.py:839} INFO - DAG(s) dict_keys(['extract_exchange_rates']) retrieved from /opt/airflow/dags/extract_exchange_rates.py
[2025-04-08T19:35:22.712+0000] {logging_mixin.py:151} INFO - [2025-04-08T19:35:22.712+0000] {dag.py:2941} INFO - Sync 1 DAGs
[2025-04-08T19:35:22.722+0000] {logging_mixin.py:151} INFO - [2025-04-08T19:35:22.722+0000] {dag.py:3722} INFO - Setting next_dagrun for extract_exchange_rates to 2025-04-08T00:00:00+00:00, run_after=2025-04-09T00:00:00+00:00
[2025-04-08T19:35:22.729+0000] {processor.py:179} INFO - Processing /opt/airflow/dags/extract_exchange_rates.py took 0.050 seconds
[2025-04-08T19:35:52.936+0000] {processor.py:157} INFO - Started process (PID=1350) to work on /opt/airflow/dags/extract_exchange_rates.py
[2025-04-08T19:35:52.937+0000] {processor.py:829} INFO - Processing file /opt/airflow/dags/extract_exchange_rates.py for tasks to queue
[2025-04-08T19:35:52.937+0000] {logging_mixin.py:151} INFO - [2025-04-08T19:35:52.937+0000] {dagbag.py:536} INFO - Filling up the DagBag from /opt/airflow/dags/extract_exchange_rates.py
[2025-04-08T19:35:52.949+0000] {processor.py:839} INFO - DAG(s) dict_keys(['extract_exchange_rates']) retrieved from /opt/airflow/dags/extract_exchange_rates.py
[2025-04-08T19:35:52.962+0000] {logging_mixin.py:151} INFO - [2025-04-08T19:35:52.962+0000] {dag.py:2941} INFO - Sync 1 DAGs
[2025-04-08T19:35:52.972+0000] {logging_mixin.py:151} INFO - [2025-04-08T19:35:52.972+0000] {dag.py:3722} INFO - Setting next_dagrun for extract_exchange_rates to 2025-04-08T00:00:00+00:00, run_after=2025-04-09T00:00:00+00:00
[2025-04-08T19:35:52.978+0000] {processor.py:179} INFO - Processing /opt/airflow/dags/extract_exchange_rates.py took 0.045 seconds
[2025-04-08T19:36:23.209+0000] {processor.py:157} INFO - Started process (PID=1355) to work on /opt/airflow/dags/extract_exchange_rates.py
[2025-04-08T19:36:23.210+0000] {processor.py:829} INFO - Processing file /opt/airflow/dags/extract_exchange_rates.py for tasks to queue
[2025-04-08T19:36:23.210+0000] {logging_mixin.py:151} INFO - [2025-04-08T19:36:23.210+0000] {dagbag.py:536} INFO - Filling up the DagBag from /opt/airflow/dags/extract_exchange_rates.py
[2025-04-08T19:36:23.219+0000] {processor.py:839} INFO - DAG(s) dict_keys(['extract_exchange_rates']) retrieved from /opt/airflow/dags/extract_exchange_rates.py
[2025-04-08T19:36:23.232+0000] {logging_mixin.py:151} INFO - [2025-04-08T19:36:23.231+0000] {dag.py:2941} INFO - Sync 1 DAGs
[2025-04-08T19:36:23.244+0000] {logging_mixin.py:151} INFO - [2025-04-08T19:36:23.243+0000] {dag.py:3722} INFO - Setting next_dagrun for extract_exchange_rates to 2025-04-08T00:00:00+00:00, run_after=2025-04-09T00:00:00+00:00
[2025-04-08T19:36:23.251+0000] {processor.py:179} INFO - Processing /opt/airflow/dags/extract_exchange_rates.py took 0.044 seconds
[2025-04-08T19:36:53.472+0000] {processor.py:157} INFO - Started process (PID=1360) to work on /opt/airflow/dags/extract_exchange_rates.py
[2025-04-08T19:36:53.473+0000] {processor.py:829} INFO - Processing file /opt/airflow/dags/extract_exchange_rates.py for tasks to queue
[2025-04-08T19:36:53.474+0000] {logging_mixin.py:151} INFO - [2025-04-08T19:36:53.474+0000] {dagbag.py:536} INFO - Filling up the DagBag from /opt/airflow/dags/extract_exchange_rates.py
[2025-04-08T19:36:53.484+0000] {processor.py:839} INFO - DAG(s) dict_keys(['extract_exchange_rates']) retrieved from /opt/airflow/dags/extract_exchange_rates.py
[2025-04-08T19:36:53.499+0000] {logging_mixin.py:151} INFO - [2025-04-08T19:36:53.499+0000] {dag.py:2941} INFO - Sync 1 DAGs
[2025-04-08T19:36:53.509+0000] {logging_mixin.py:151} INFO - [2025-04-08T19:36:53.509+0000] {dag.py:3722} INFO - Setting next_dagrun for extract_exchange_rates to 2025-04-08T00:00:00+00:00, run_after=2025-04-09T00:00:00+00:00
[2025-04-08T19:36:53.516+0000] {processor.py:179} INFO - Processing /opt/airflow/dags/extract_exchange_rates.py took 0.047 seconds
[2025-04-08T19:37:23.735+0000] {processor.py:157} INFO - Started process (PID=1365) to work on /opt/airflow/dags/extract_exchange_rates.py
[2025-04-08T19:37:23.736+0000] {processor.py:829} INFO - Processing file /opt/airflow/dags/extract_exchange_rates.py for tasks to queue
[2025-04-08T19:37:23.738+0000] {logging_mixin.py:151} INFO - [2025-04-08T19:37:23.737+0000] {dagbag.py:536} INFO - Filling up the DagBag from /opt/airflow/dags/extract_exchange_rates.py
[2025-04-08T19:37:23.750+0000] {processor.py:839} INFO - DAG(s) dict_keys(['extract_exchange_rates']) retrieved from /opt/airflow/dags/extract_exchange_rates.py
[2025-04-08T19:37:23.768+0000] {logging_mixin.py:151} INFO - [2025-04-08T19:37:23.768+0000] {dag.py:2941} INFO - Sync 1 DAGs
[2025-04-08T19:37:23.780+0000] {logging_mixin.py:151} INFO - [2025-04-08T19:37:23.779+0000] {dag.py:3722} INFO - Setting next_dagrun for extract_exchange_rates to 2025-04-08T00:00:00+00:00, run_after=2025-04-09T00:00:00+00:00
[2025-04-08T19:37:23.788+0000] {processor.py:179} INFO - Processing /opt/airflow/dags/extract_exchange_rates.py took 0.055 seconds
[2025-04-08T19:37:53.992+0000] {processor.py:157} INFO - Started process (PID=1370) to work on /opt/airflow/dags/extract_exchange_rates.py
[2025-04-08T19:37:53.992+0000] {processor.py:829} INFO - Processing file /opt/airflow/dags/extract_exchange_rates.py for tasks to queue
[2025-04-08T19:37:53.993+0000] {logging_mixin.py:151} INFO - [2025-04-08T19:37:53.993+0000] {dagbag.py:536} INFO - Filling up the DagBag from /opt/airflow/dags/extract_exchange_rates.py
[2025-04-08T19:37:54.001+0000] {processor.py:839} INFO - DAG(s) dict_keys(['extract_exchange_rates']) retrieved from /opt/airflow/dags/extract_exchange_rates.py
[2025-04-08T19:37:54.018+0000] {logging_mixin.py:151} INFO - [2025-04-08T19:37:54.018+0000] {dag.py:2941} INFO - Sync 1 DAGs
[2025-04-08T19:37:54.030+0000] {logging_mixin.py:151} INFO - [2025-04-08T19:37:54.030+0000] {dag.py:3722} INFO - Setting next_dagrun for extract_exchange_rates to 2025-04-08T00:00:00+00:00, run_after=2025-04-09T00:00:00+00:00
[2025-04-08T19:37:54.040+0000] {processor.py:179} INFO - Processing /opt/airflow/dags/extract_exchange_rates.py took 0.049 seconds
[2025-04-08T19:38:24.262+0000] {processor.py:157} INFO - Started process (PID=1375) to work on /opt/airflow/dags/extract_exchange_rates.py
[2025-04-08T19:38:24.263+0000] {processor.py:829} INFO - Processing file /opt/airflow/dags/extract_exchange_rates.py for tasks to queue
[2025-04-08T19:38:24.264+0000] {logging_mixin.py:151} INFO - [2025-04-08T19:38:24.264+0000] {dagbag.py:536} INFO - Filling up the DagBag from /opt/airflow/dags/extract_exchange_rates.py
[2025-04-08T19:38:24.275+0000] {processor.py:839} INFO - DAG(s) dict_keys(['extract_exchange_rates']) retrieved from /opt/airflow/dags/extract_exchange_rates.py
[2025-04-08T19:38:24.291+0000] {logging_mixin.py:151} INFO - [2025-04-08T19:38:24.291+0000] {dag.py:2941} INFO - Sync 1 DAGs
[2025-04-08T19:38:24.301+0000] {logging_mixin.py:151} INFO - [2025-04-08T19:38:24.301+0000] {dag.py:3722} INFO - Setting next_dagrun for extract_exchange_rates to 2025-04-08T00:00:00+00:00, run_after=2025-04-09T00:00:00+00:00
[2025-04-08T19:38:24.308+0000] {processor.py:179} INFO - Processing /opt/airflow/dags/extract_exchange_rates.py took 0.049 seconds
[2025-04-08T19:38:54.512+0000] {processor.py:157} INFO - Started process (PID=1380) to work on /opt/airflow/dags/extract_exchange_rates.py
[2025-04-08T19:38:54.514+0000] {processor.py:829} INFO - Processing file /opt/airflow/dags/extract_exchange_rates.py for tasks to queue
[2025-04-08T19:38:54.515+0000] {logging_mixin.py:151} INFO - [2025-04-08T19:38:54.514+0000] {dagbag.py:536} INFO - Filling up the DagBag from /opt/airflow/dags/extract_exchange_rates.py
[2025-04-08T19:38:54.530+0000] {processor.py:839} INFO - DAG(s) dict_keys(['extract_exchange_rates']) retrieved from /opt/airflow/dags/extract_exchange_rates.py
[2025-04-08T19:38:54.548+0000] {logging_mixin.py:151} INFO - [2025-04-08T19:38:54.548+0000] {dag.py:2941} INFO - Sync 1 DAGs
[2025-04-08T19:38:54.560+0000] {logging_mixin.py:151} INFO - [2025-04-08T19:38:54.560+0000] {dag.py:3722} INFO - Setting next_dagrun for extract_exchange_rates to 2025-04-08T00:00:00+00:00, run_after=2025-04-09T00:00:00+00:00
[2025-04-08T19:38:54.569+0000] {processor.py:179} INFO - Processing /opt/airflow/dags/extract_exchange_rates.py took 0.060 seconds
[2025-04-08T19:39:24.781+0000] {processor.py:157} INFO - Started process (PID=1385) to work on /opt/airflow/dags/extract_exchange_rates.py
[2025-04-08T19:39:24.782+0000] {processor.py:829} INFO - Processing file /opt/airflow/dags/extract_exchange_rates.py for tasks to queue
[2025-04-08T19:39:24.782+0000] {logging_mixin.py:151} INFO - [2025-04-08T19:39:24.782+0000] {dagbag.py:536} INFO - Filling up the DagBag from /opt/airflow/dags/extract_exchange_rates.py
[2025-04-08T19:39:24.792+0000] {processor.py:839} INFO - DAG(s) dict_keys(['extract_exchange_rates']) retrieved from /opt/airflow/dags/extract_exchange_rates.py
[2025-04-08T19:39:24.806+0000] {logging_mixin.py:151} INFO - [2025-04-08T19:39:24.806+0000] {dag.py:2941} INFO - Sync 1 DAGs
[2025-04-08T19:39:24.816+0000] {logging_mixin.py:151} INFO - [2025-04-08T19:39:24.816+0000] {dag.py:3722} INFO - Setting next_dagrun for extract_exchange_rates to 2025-04-08T00:00:00+00:00, run_after=2025-04-09T00:00:00+00:00
[2025-04-08T19:39:24.824+0000] {processor.py:179} INFO - Processing /opt/airflow/dags/extract_exchange_rates.py took 0.046 seconds
[2025-04-08T19:39:55.022+0000] {processor.py:157} INFO - Started process (PID=1390) to work on /opt/airflow/dags/extract_exchange_rates.py
[2025-04-08T19:39:55.023+0000] {processor.py:829} INFO - Processing file /opt/airflow/dags/extract_exchange_rates.py for tasks to queue
[2025-04-08T19:39:55.023+0000] {logging_mixin.py:151} INFO - [2025-04-08T19:39:55.023+0000] {dagbag.py:536} INFO - Filling up the DagBag from /opt/airflow/dags/extract_exchange_rates.py
[2025-04-08T19:39:55.035+0000] {processor.py:839} INFO - DAG(s) dict_keys(['extract_exchange_rates']) retrieved from /opt/airflow/dags/extract_exchange_rates.py
[2025-04-08T19:39:55.050+0000] {logging_mixin.py:151} INFO - [2025-04-08T19:39:55.050+0000] {dag.py:2941} INFO - Sync 1 DAGs
[2025-04-08T19:39:55.061+0000] {logging_mixin.py:151} INFO - [2025-04-08T19:39:55.061+0000] {dag.py:3722} INFO - Setting next_dagrun for extract_exchange_rates to 2025-04-08T00:00:00+00:00, run_after=2025-04-09T00:00:00+00:00
[2025-04-08T19:39:55.068+0000] {processor.py:179} INFO - Processing /opt/airflow/dags/extract_exchange_rates.py took 0.048 seconds
[2025-04-08T19:40:25.277+0000] {processor.py:157} INFO - Started process (PID=1395) to work on /opt/airflow/dags/extract_exchange_rates.py
[2025-04-08T19:40:25.277+0000] {processor.py:829} INFO - Processing file /opt/airflow/dags/extract_exchange_rates.py for tasks to queue
[2025-04-08T19:40:25.278+0000] {logging_mixin.py:151} INFO - [2025-04-08T19:40:25.278+0000] {dagbag.py:536} INFO - Filling up the DagBag from /opt/airflow/dags/extract_exchange_rates.py
[2025-04-08T19:40:25.289+0000] {processor.py:839} INFO - DAG(s) dict_keys(['extract_exchange_rates']) retrieved from /opt/airflow/dags/extract_exchange_rates.py
[2025-04-08T19:40:25.303+0000] {logging_mixin.py:151} INFO - [2025-04-08T19:40:25.302+0000] {dag.py:2941} INFO - Sync 1 DAGs
[2025-04-08T19:40:25.313+0000] {logging_mixin.py:151} INFO - [2025-04-08T19:40:25.313+0000] {dag.py:3722} INFO - Setting next_dagrun for extract_exchange_rates to 2025-04-08T00:00:00+00:00, run_after=2025-04-09T00:00:00+00:00
[2025-04-08T19:40:25.320+0000] {processor.py:179} INFO - Processing /opt/airflow/dags/extract_exchange_rates.py took 0.046 seconds
[2025-04-08T19:40:55.547+0000] {processor.py:157} INFO - Started process (PID=1400) to work on /opt/airflow/dags/extract_exchange_rates.py
[2025-04-08T19:40:55.549+0000] {processor.py:829} INFO - Processing file /opt/airflow/dags/extract_exchange_rates.py for tasks to queue
[2025-04-08T19:40:55.550+0000] {logging_mixin.py:151} INFO - [2025-04-08T19:40:55.550+0000] {dagbag.py:536} INFO - Filling up the DagBag from /opt/airflow/dags/extract_exchange_rates.py
[2025-04-08T19:40:55.565+0000] {processor.py:839} INFO - DAG(s) dict_keys(['extract_exchange_rates']) retrieved from /opt/airflow/dags/extract_exchange_rates.py
[2025-04-08T19:40:55.583+0000] {logging_mixin.py:151} INFO - [2025-04-08T19:40:55.583+0000] {dag.py:2941} INFO - Sync 1 DAGs
[2025-04-08T19:40:55.594+0000] {logging_mixin.py:151} INFO - [2025-04-08T19:40:55.594+0000] {dag.py:3722} INFO - Setting next_dagrun for extract_exchange_rates to 2025-04-08T00:00:00+00:00, run_after=2025-04-09T00:00:00+00:00
[2025-04-08T19:40:55.602+0000] {processor.py:179} INFO - Processing /opt/airflow/dags/extract_exchange_rates.py took 0.059 seconds
[2025-04-08T19:41:25.799+0000] {processor.py:157} INFO - Started process (PID=1405) to work on /opt/airflow/dags/extract_exchange_rates.py
[2025-04-08T19:41:25.800+0000] {processor.py:829} INFO - Processing file /opt/airflow/dags/extract_exchange_rates.py for tasks to queue
[2025-04-08T19:41:25.801+0000] {logging_mixin.py:151} INFO - [2025-04-08T19:41:25.801+0000] {dagbag.py:536} INFO - Filling up the DagBag from /opt/airflow/dags/extract_exchange_rates.py
[2025-04-08T19:41:25.814+0000] {processor.py:839} INFO - DAG(s) dict_keys(['extract_exchange_rates']) retrieved from /opt/airflow/dags/extract_exchange_rates.py
[2025-04-08T19:41:25.831+0000] {logging_mixin.py:151} INFO - [2025-04-08T19:41:25.831+0000] {dag.py:2941} INFO - Sync 1 DAGs
[2025-04-08T19:41:25.843+0000] {logging_mixin.py:151} INFO - [2025-04-08T19:41:25.843+0000] {dag.py:3722} INFO - Setting next_dagrun for extract_exchange_rates to 2025-04-08T00:00:00+00:00, run_after=2025-04-09T00:00:00+00:00
[2025-04-08T19:41:25.851+0000] {processor.py:179} INFO - Processing /opt/airflow/dags/extract_exchange_rates.py took 0.057 seconds
[2025-04-08T19:41:56.080+0000] {processor.py:157} INFO - Started process (PID=1410) to work on /opt/airflow/dags/extract_exchange_rates.py
[2025-04-08T19:41:56.081+0000] {processor.py:829} INFO - Processing file /opt/airflow/dags/extract_exchange_rates.py for tasks to queue
[2025-04-08T19:41:56.082+0000] {logging_mixin.py:151} INFO - [2025-04-08T19:41:56.082+0000] {dagbag.py:536} INFO - Filling up the DagBag from /opt/airflow/dags/extract_exchange_rates.py
[2025-04-08T19:41:56.092+0000] {processor.py:839} INFO - DAG(s) dict_keys(['extract_exchange_rates']) retrieved from /opt/airflow/dags/extract_exchange_rates.py
[2025-04-08T19:41:56.107+0000] {logging_mixin.py:151} INFO - [2025-04-08T19:41:56.107+0000] {dag.py:2941} INFO - Sync 1 DAGs
[2025-04-08T19:41:56.119+0000] {logging_mixin.py:151} INFO - [2025-04-08T19:41:56.119+0000] {dag.py:3722} INFO - Setting next_dagrun for extract_exchange_rates to 2025-04-08T00:00:00+00:00, run_after=2025-04-09T00:00:00+00:00
[2025-04-08T19:41:56.127+0000] {processor.py:179} INFO - Processing /opt/airflow/dags/extract_exchange_rates.py took 0.050 seconds
[2025-04-08T19:42:26.365+0000] {processor.py:157} INFO - Started process (PID=1415) to work on /opt/airflow/dags/extract_exchange_rates.py
[2025-04-08T19:42:26.366+0000] {processor.py:829} INFO - Processing file /opt/airflow/dags/extract_exchange_rates.py for tasks to queue
[2025-04-08T19:42:26.366+0000] {logging_mixin.py:151} INFO - [2025-04-08T19:42:26.366+0000] {dagbag.py:536} INFO - Filling up the DagBag from /opt/airflow/dags/extract_exchange_rates.py
[2025-04-08T19:42:26.377+0000] {processor.py:839} INFO - DAG(s) dict_keys(['extract_exchange_rates']) retrieved from /opt/airflow/dags/extract_exchange_rates.py
[2025-04-08T19:42:26.394+0000] {logging_mixin.py:151} INFO - [2025-04-08T19:42:26.394+0000] {dag.py:2941} INFO - Sync 1 DAGs
[2025-04-08T19:42:26.405+0000] {logging_mixin.py:151} INFO - [2025-04-08T19:42:26.405+0000] {dag.py:3722} INFO - Setting next_dagrun for extract_exchange_rates to 2025-04-08T00:00:00+00:00, run_after=2025-04-09T00:00:00+00:00
[2025-04-08T19:42:26.413+0000] {processor.py:179} INFO - Processing /opt/airflow/dags/extract_exchange_rates.py took 0.051 seconds
[2025-04-08T19:42:56.623+0000] {processor.py:157} INFO - Started process (PID=1420) to work on /opt/airflow/dags/extract_exchange_rates.py
[2025-04-08T19:42:56.624+0000] {processor.py:829} INFO - Processing file /opt/airflow/dags/extract_exchange_rates.py for tasks to queue
[2025-04-08T19:42:56.625+0000] {logging_mixin.py:151} INFO - [2025-04-08T19:42:56.625+0000] {dagbag.py:536} INFO - Filling up the DagBag from /opt/airflow/dags/extract_exchange_rates.py
[2025-04-08T19:42:56.635+0000] {processor.py:839} INFO - DAG(s) dict_keys(['extract_exchange_rates']) retrieved from /opt/airflow/dags/extract_exchange_rates.py
[2025-04-08T19:42:56.650+0000] {logging_mixin.py:151} INFO - [2025-04-08T19:42:56.650+0000] {dag.py:2941} INFO - Sync 1 DAGs
[2025-04-08T19:42:56.661+0000] {logging_mixin.py:151} INFO - [2025-04-08T19:42:56.661+0000] {dag.py:3722} INFO - Setting next_dagrun for extract_exchange_rates to 2025-04-08T00:00:00+00:00, run_after=2025-04-09T00:00:00+00:00
[2025-04-08T19:42:56.668+0000] {processor.py:179} INFO - Processing /opt/airflow/dags/extract_exchange_rates.py took 0.047 seconds
[2025-04-08T19:43:26.903+0000] {processor.py:157} INFO - Started process (PID=1425) to work on /opt/airflow/dags/extract_exchange_rates.py
[2025-04-08T19:43:26.904+0000] {processor.py:829} INFO - Processing file /opt/airflow/dags/extract_exchange_rates.py for tasks to queue
[2025-04-08T19:43:26.906+0000] {logging_mixin.py:151} INFO - [2025-04-08T19:43:26.904+0000] {dagbag.py:536} INFO - Filling up the DagBag from /opt/airflow/dags/extract_exchange_rates.py
[2025-04-08T19:43:26.921+0000] {processor.py:839} INFO - DAG(s) dict_keys(['extract_exchange_rates']) retrieved from /opt/airflow/dags/extract_exchange_rates.py
[2025-04-08T19:43:26.947+0000] {logging_mixin.py:151} INFO - [2025-04-08T19:43:26.947+0000] {dag.py:2941} INFO - Sync 1 DAGs
[2025-04-08T19:43:26.964+0000] {logging_mixin.py:151} INFO - [2025-04-08T19:43:26.964+0000] {dag.py:3722} INFO - Setting next_dagrun for extract_exchange_rates to 2025-04-08T00:00:00+00:00, run_after=2025-04-09T00:00:00+00:00
[2025-04-08T19:43:26.972+0000] {processor.py:179} INFO - Processing /opt/airflow/dags/extract_exchange_rates.py took 0.074 seconds
[2025-04-08T19:43:57.167+0000] {processor.py:157} INFO - Started process (PID=1430) to work on /opt/airflow/dags/extract_exchange_rates.py
[2025-04-08T19:43:57.168+0000] {processor.py:829} INFO - Processing file /opt/airflow/dags/extract_exchange_rates.py for tasks to queue
[2025-04-08T19:43:57.168+0000] {logging_mixin.py:151} INFO - [2025-04-08T19:43:57.168+0000] {dagbag.py:536} INFO - Filling up the DagBag from /opt/airflow/dags/extract_exchange_rates.py
[2025-04-08T19:43:57.177+0000] {processor.py:839} INFO - DAG(s) dict_keys(['extract_exchange_rates']) retrieved from /opt/airflow/dags/extract_exchange_rates.py
[2025-04-08T19:43:57.191+0000] {logging_mixin.py:151} INFO - [2025-04-08T19:43:57.191+0000] {dag.py:2941} INFO - Sync 1 DAGs
[2025-04-08T19:43:57.202+0000] {logging_mixin.py:151} INFO - [2025-04-08T19:43:57.202+0000] {dag.py:3722} INFO - Setting next_dagrun for extract_exchange_rates to 2025-04-08T00:00:00+00:00, run_after=2025-04-09T00:00:00+00:00
[2025-04-08T19:43:57.211+0000] {processor.py:179} INFO - Processing /opt/airflow/dags/extract_exchange_rates.py took 0.046 seconds
[2025-04-08T19:44:27.403+0000] {processor.py:157} INFO - Started process (PID=1435) to work on /opt/airflow/dags/extract_exchange_rates.py
[2025-04-08T19:44:27.404+0000] {processor.py:829} INFO - Processing file /opt/airflow/dags/extract_exchange_rates.py for tasks to queue
[2025-04-08T19:44:27.404+0000] {logging_mixin.py:151} INFO - [2025-04-08T19:44:27.404+0000] {dagbag.py:536} INFO - Filling up the DagBag from /opt/airflow/dags/extract_exchange_rates.py
[2025-04-08T19:44:27.414+0000] {processor.py:839} INFO - DAG(s) dict_keys(['extract_exchange_rates']) retrieved from /opt/airflow/dags/extract_exchange_rates.py
[2025-04-08T19:44:27.427+0000] {logging_mixin.py:151} INFO - [2025-04-08T19:44:27.427+0000] {dag.py:2941} INFO - Sync 1 DAGs
[2025-04-08T19:44:27.439+0000] {logging_mixin.py:151} INFO - [2025-04-08T19:44:27.439+0000] {dag.py:3722} INFO - Setting next_dagrun for extract_exchange_rates to 2025-04-08T00:00:00+00:00, run_after=2025-04-09T00:00:00+00:00
[2025-04-08T19:44:27.447+0000] {processor.py:179} INFO - Processing /opt/airflow/dags/extract_exchange_rates.py took 0.045 seconds
[2025-04-08T19:44:57.681+0000] {processor.py:157} INFO - Started process (PID=1440) to work on /opt/airflow/dags/extract_exchange_rates.py
[2025-04-08T19:44:57.682+0000] {processor.py:829} INFO - Processing file /opt/airflow/dags/extract_exchange_rates.py for tasks to queue
[2025-04-08T19:44:57.683+0000] {logging_mixin.py:151} INFO - [2025-04-08T19:44:57.683+0000] {dagbag.py:536} INFO - Filling up the DagBag from /opt/airflow/dags/extract_exchange_rates.py
[2025-04-08T19:44:57.694+0000] {processor.py:839} INFO - DAG(s) dict_keys(['extract_exchange_rates']) retrieved from /opt/airflow/dags/extract_exchange_rates.py
[2025-04-08T19:44:57.708+0000] {logging_mixin.py:151} INFO - [2025-04-08T19:44:57.708+0000] {dag.py:2941} INFO - Sync 1 DAGs
[2025-04-08T19:44:57.719+0000] {logging_mixin.py:151} INFO - [2025-04-08T19:44:57.719+0000] {dag.py:3722} INFO - Setting next_dagrun for extract_exchange_rates to 2025-04-08T00:00:00+00:00, run_after=2025-04-09T00:00:00+00:00
[2025-04-08T19:44:57.727+0000] {processor.py:179} INFO - Processing /opt/airflow/dags/extract_exchange_rates.py took 0.049 seconds
[2025-04-08T19:45:27.964+0000] {processor.py:157} INFO - Started process (PID=1445) to work on /opt/airflow/dags/extract_exchange_rates.py
[2025-04-08T19:45:27.965+0000] {processor.py:829} INFO - Processing file /opt/airflow/dags/extract_exchange_rates.py for tasks to queue
[2025-04-08T19:45:27.965+0000] {logging_mixin.py:151} INFO - [2025-04-08T19:45:27.965+0000] {dagbag.py:536} INFO - Filling up the DagBag from /opt/airflow/dags/extract_exchange_rates.py
[2025-04-08T19:45:27.976+0000] {processor.py:839} INFO - DAG(s) dict_keys(['extract_exchange_rates']) retrieved from /opt/airflow/dags/extract_exchange_rates.py
[2025-04-08T19:45:27.992+0000] {logging_mixin.py:151} INFO - [2025-04-08T19:45:27.992+0000] {dag.py:2941} INFO - Sync 1 DAGs
[2025-04-08T19:45:28.004+0000] {logging_mixin.py:151} INFO - [2025-04-08T19:45:28.004+0000] {dag.py:3722} INFO - Setting next_dagrun for extract_exchange_rates to 2025-04-08T00:00:00+00:00, run_after=2025-04-09T00:00:00+00:00
[2025-04-08T19:45:28.011+0000] {processor.py:179} INFO - Processing /opt/airflow/dags/extract_exchange_rates.py took 0.050 seconds
[2025-04-08T19:45:58.303+0000] {processor.py:157} INFO - Started process (PID=1450) to work on /opt/airflow/dags/extract_exchange_rates.py
[2025-04-08T19:45:58.304+0000] {processor.py:829} INFO - Processing file /opt/airflow/dags/extract_exchange_rates.py for tasks to queue
[2025-04-08T19:45:58.305+0000] {logging_mixin.py:151} INFO - [2025-04-08T19:45:58.305+0000] {dagbag.py:536} INFO - Filling up the DagBag from /opt/airflow/dags/extract_exchange_rates.py
[2025-04-08T19:45:58.318+0000] {processor.py:839} INFO - DAG(s) dict_keys(['extract_exchange_rates']) retrieved from /opt/airflow/dags/extract_exchange_rates.py
[2025-04-08T19:45:58.335+0000] {logging_mixin.py:151} INFO - [2025-04-08T19:45:58.335+0000] {dag.py:2941} INFO - Sync 1 DAGs
[2025-04-08T19:45:58.347+0000] {logging_mixin.py:151} INFO - [2025-04-08T19:45:58.347+0000] {dag.py:3722} INFO - Setting next_dagrun for extract_exchange_rates to 2025-04-08T00:00:00+00:00, run_after=2025-04-09T00:00:00+00:00
[2025-04-08T19:45:58.355+0000] {processor.py:179} INFO - Processing /opt/airflow/dags/extract_exchange_rates.py took 0.055 seconds
[2025-04-08T19:46:28.588+0000] {processor.py:157} INFO - Started process (PID=1455) to work on /opt/airflow/dags/extract_exchange_rates.py
[2025-04-08T19:46:28.589+0000] {processor.py:829} INFO - Processing file /opt/airflow/dags/extract_exchange_rates.py for tasks to queue
[2025-04-08T19:46:28.590+0000] {logging_mixin.py:151} INFO - [2025-04-08T19:46:28.589+0000] {dagbag.py:536} INFO - Filling up the DagBag from /opt/airflow/dags/extract_exchange_rates.py
[2025-04-08T19:46:28.602+0000] {processor.py:839} INFO - DAG(s) dict_keys(['extract_exchange_rates']) retrieved from /opt/airflow/dags/extract_exchange_rates.py
[2025-04-08T19:46:28.619+0000] {logging_mixin.py:151} INFO - [2025-04-08T19:46:28.619+0000] {dag.py:2941} INFO - Sync 1 DAGs
[2025-04-08T19:46:28.630+0000] {logging_mixin.py:151} INFO - [2025-04-08T19:46:28.630+0000] {dag.py:3722} INFO - Setting next_dagrun for extract_exchange_rates to 2025-04-08T00:00:00+00:00, run_after=2025-04-09T00:00:00+00:00
[2025-04-08T19:46:28.639+0000] {processor.py:179} INFO - Processing /opt/airflow/dags/extract_exchange_rates.py took 0.055 seconds
[2025-04-08T19:46:58.897+0000] {processor.py:157} INFO - Started process (PID=1460) to work on /opt/airflow/dags/extract_exchange_rates.py
[2025-04-08T19:46:58.898+0000] {processor.py:829} INFO - Processing file /opt/airflow/dags/extract_exchange_rates.py for tasks to queue
[2025-04-08T19:46:58.898+0000] {logging_mixin.py:151} INFO - [2025-04-08T19:46:58.898+0000] {dagbag.py:536} INFO - Filling up the DagBag from /opt/airflow/dags/extract_exchange_rates.py
[2025-04-08T19:46:58.911+0000] {processor.py:839} INFO - DAG(s) dict_keys(['extract_exchange_rates']) retrieved from /opt/airflow/dags/extract_exchange_rates.py
[2025-04-08T19:46:58.929+0000] {logging_mixin.py:151} INFO - [2025-04-08T19:46:58.929+0000] {dag.py:2941} INFO - Sync 1 DAGs
[2025-04-08T19:46:58.940+0000] {logging_mixin.py:151} INFO - [2025-04-08T19:46:58.940+0000] {dag.py:3722} INFO - Setting next_dagrun for extract_exchange_rates to 2025-04-08T00:00:00+00:00, run_after=2025-04-09T00:00:00+00:00
[2025-04-08T19:46:58.948+0000] {processor.py:179} INFO - Processing /opt/airflow/dags/extract_exchange_rates.py took 0.055 seconds
[2025-04-08T19:47:29.208+0000] {processor.py:157} INFO - Started process (PID=1465) to work on /opt/airflow/dags/extract_exchange_rates.py
[2025-04-08T19:47:29.208+0000] {processor.py:829} INFO - Processing file /opt/airflow/dags/extract_exchange_rates.py for tasks to queue
[2025-04-08T19:47:29.209+0000] {logging_mixin.py:151} INFO - [2025-04-08T19:47:29.209+0000] {dagbag.py:536} INFO - Filling up the DagBag from /opt/airflow/dags/extract_exchange_rates.py
[2025-04-08T19:47:29.219+0000] {processor.py:839} INFO - DAG(s) dict_keys(['extract_exchange_rates']) retrieved from /opt/airflow/dags/extract_exchange_rates.py
[2025-04-08T19:47:29.234+0000] {logging_mixin.py:151} INFO - [2025-04-08T19:47:29.234+0000] {dag.py:2941} INFO - Sync 1 DAGs
[2025-04-08T19:47:29.246+0000] {logging_mixin.py:151} INFO - [2025-04-08T19:47:29.246+0000] {dag.py:3722} INFO - Setting next_dagrun for extract_exchange_rates to 2025-04-08T00:00:00+00:00, run_after=2025-04-09T00:00:00+00:00
[2025-04-08T19:47:29.254+0000] {processor.py:179} INFO - Processing /opt/airflow/dags/extract_exchange_rates.py took 0.048 seconds
[2025-04-08T19:47:59.505+0000] {processor.py:157} INFO - Started process (PID=1470) to work on /opt/airflow/dags/extract_exchange_rates.py
[2025-04-08T19:47:59.505+0000] {processor.py:829} INFO - Processing file /opt/airflow/dags/extract_exchange_rates.py for tasks to queue
[2025-04-08T19:47:59.506+0000] {logging_mixin.py:151} INFO - [2025-04-08T19:47:59.506+0000] {dagbag.py:536} INFO - Filling up the DagBag from /opt/airflow/dags/extract_exchange_rates.py
[2025-04-08T19:47:59.518+0000] {processor.py:839} INFO - DAG(s) dict_keys(['extract_exchange_rates']) retrieved from /opt/airflow/dags/extract_exchange_rates.py
[2025-04-08T19:47:59.534+0000] {logging_mixin.py:151} INFO - [2025-04-08T19:47:59.534+0000] {dag.py:2941} INFO - Sync 1 DAGs
[2025-04-08T19:47:59.544+0000] {logging_mixin.py:151} INFO - [2025-04-08T19:47:59.544+0000] {dag.py:3722} INFO - Setting next_dagrun for extract_exchange_rates to 2025-04-08T00:00:00+00:00, run_after=2025-04-09T00:00:00+00:00
[2025-04-08T19:47:59.551+0000] {processor.py:179} INFO - Processing /opt/airflow/dags/extract_exchange_rates.py took 0.049 seconds
[2025-04-08T19:48:29.822+0000] {processor.py:157} INFO - Started process (PID=1475) to work on /opt/airflow/dags/extract_exchange_rates.py
[2025-04-08T19:48:29.823+0000] {processor.py:829} INFO - Processing file /opt/airflow/dags/extract_exchange_rates.py for tasks to queue
[2025-04-08T19:48:29.824+0000] {logging_mixin.py:151} INFO - [2025-04-08T19:48:29.824+0000] {dagbag.py:536} INFO - Filling up the DagBag from /opt/airflow/dags/extract_exchange_rates.py
[2025-04-08T19:48:29.836+0000] {processor.py:839} INFO - DAG(s) dict_keys(['extract_exchange_rates']) retrieved from /opt/airflow/dags/extract_exchange_rates.py
[2025-04-08T19:48:29.853+0000] {logging_mixin.py:151} INFO - [2025-04-08T19:48:29.853+0000] {dag.py:2941} INFO - Sync 1 DAGs
[2025-04-08T19:48:29.863+0000] {logging_mixin.py:151} INFO - [2025-04-08T19:48:29.863+0000] {dag.py:3722} INFO - Setting next_dagrun for extract_exchange_rates to 2025-04-08T00:00:00+00:00, run_after=2025-04-09T00:00:00+00:00
[2025-04-08T19:48:29.870+0000] {processor.py:179} INFO - Processing /opt/airflow/dags/extract_exchange_rates.py took 0.051 seconds
[2025-04-08T19:49:00.153+0000] {processor.py:157} INFO - Started process (PID=1480) to work on /opt/airflow/dags/extract_exchange_rates.py
[2025-04-08T19:49:00.154+0000] {processor.py:829} INFO - Processing file /opt/airflow/dags/extract_exchange_rates.py for tasks to queue
[2025-04-08T19:49:00.154+0000] {logging_mixin.py:151} INFO - [2025-04-08T19:49:00.154+0000] {dagbag.py:536} INFO - Filling up the DagBag from /opt/airflow/dags/extract_exchange_rates.py
[2025-04-08T19:49:00.166+0000] {processor.py:839} INFO - DAG(s) dict_keys(['extract_exchange_rates']) retrieved from /opt/airflow/dags/extract_exchange_rates.py
[2025-04-08T19:49:00.181+0000] {logging_mixin.py:151} INFO - [2025-04-08T19:49:00.181+0000] {dag.py:2941} INFO - Sync 1 DAGs
[2025-04-08T19:49:00.191+0000] {logging_mixin.py:151} INFO - [2025-04-08T19:49:00.191+0000] {dag.py:3722} INFO - Setting next_dagrun for extract_exchange_rates to 2025-04-08T00:00:00+00:00, run_after=2025-04-09T00:00:00+00:00
[2025-04-08T19:49:00.198+0000] {processor.py:179} INFO - Processing /opt/airflow/dags/extract_exchange_rates.py took 0.047 seconds
[2025-04-08T19:49:30.463+0000] {processor.py:157} INFO - Started process (PID=1485) to work on /opt/airflow/dags/extract_exchange_rates.py
[2025-04-08T19:49:30.464+0000] {processor.py:829} INFO - Processing file /opt/airflow/dags/extract_exchange_rates.py for tasks to queue
[2025-04-08T19:49:30.465+0000] {logging_mixin.py:151} INFO - [2025-04-08T19:49:30.465+0000] {dagbag.py:536} INFO - Filling up the DagBag from /opt/airflow/dags/extract_exchange_rates.py
[2025-04-08T19:49:30.476+0000] {processor.py:839} INFO - DAG(s) dict_keys(['extract_exchange_rates']) retrieved from /opt/airflow/dags/extract_exchange_rates.py
[2025-04-08T19:49:30.489+0000] {logging_mixin.py:151} INFO - [2025-04-08T19:49:30.489+0000] {dag.py:2941} INFO - Sync 1 DAGs
[2025-04-08T19:49:30.499+0000] {logging_mixin.py:151} INFO - [2025-04-08T19:49:30.499+0000] {dag.py:3722} INFO - Setting next_dagrun for extract_exchange_rates to 2025-04-08T00:00:00+00:00, run_after=2025-04-09T00:00:00+00:00
[2025-04-08T19:49:30.507+0000] {processor.py:179} INFO - Processing /opt/airflow/dags/extract_exchange_rates.py took 0.047 seconds
[2025-04-08T19:50:00.811+0000] {processor.py:157} INFO - Started process (PID=1490) to work on /opt/airflow/dags/extract_exchange_rates.py
[2025-04-08T19:50:00.812+0000] {processor.py:829} INFO - Processing file /opt/airflow/dags/extract_exchange_rates.py for tasks to queue
[2025-04-08T19:50:00.812+0000] {logging_mixin.py:151} INFO - [2025-04-08T19:50:00.812+0000] {dagbag.py:536} INFO - Filling up the DagBag from /opt/airflow/dags/extract_exchange_rates.py
[2025-04-08T19:50:00.823+0000] {processor.py:839} INFO - DAG(s) dict_keys(['extract_exchange_rates']) retrieved from /opt/airflow/dags/extract_exchange_rates.py
[2025-04-08T19:50:00.836+0000] {logging_mixin.py:151} INFO - [2025-04-08T19:50:00.836+0000] {dag.py:2941} INFO - Sync 1 DAGs
[2025-04-08T19:50:00.847+0000] {logging_mixin.py:151} INFO - [2025-04-08T19:50:00.847+0000] {dag.py:3722} INFO - Setting next_dagrun for extract_exchange_rates to 2025-04-08T00:00:00+00:00, run_after=2025-04-09T00:00:00+00:00
[2025-04-08T19:50:00.854+0000] {processor.py:179} INFO - Processing /opt/airflow/dags/extract_exchange_rates.py took 0.046 seconds
[2025-04-08T19:50:31.132+0000] {processor.py:157} INFO - Started process (PID=1495) to work on /opt/airflow/dags/extract_exchange_rates.py
[2025-04-08T19:50:31.133+0000] {processor.py:829} INFO - Processing file /opt/airflow/dags/extract_exchange_rates.py for tasks to queue
[2025-04-08T19:50:31.134+0000] {logging_mixin.py:151} INFO - [2025-04-08T19:50:31.134+0000] {dagbag.py:536} INFO - Filling up the DagBag from /opt/airflow/dags/extract_exchange_rates.py
[2025-04-08T19:50:31.148+0000] {processor.py:839} INFO - DAG(s) dict_keys(['extract_exchange_rates']) retrieved from /opt/airflow/dags/extract_exchange_rates.py
[2025-04-08T19:50:31.164+0000] {logging_mixin.py:151} INFO - [2025-04-08T19:50:31.164+0000] {dag.py:2941} INFO - Sync 1 DAGs
[2025-04-08T19:50:31.174+0000] {logging_mixin.py:151} INFO - [2025-04-08T19:50:31.173+0000] {dag.py:3722} INFO - Setting next_dagrun for extract_exchange_rates to 2025-04-08T00:00:00+00:00, run_after=2025-04-09T00:00:00+00:00
[2025-04-08T19:50:31.181+0000] {processor.py:179} INFO - Processing /opt/airflow/dags/extract_exchange_rates.py took 0.051 seconds
[2025-04-08T19:51:01.513+0000] {processor.py:157} INFO - Started process (PID=1500) to work on /opt/airflow/dags/extract_exchange_rates.py
[2025-04-08T19:51:01.514+0000] {processor.py:829} INFO - Processing file /opt/airflow/dags/extract_exchange_rates.py for tasks to queue
[2025-04-08T19:51:01.515+0000] {logging_mixin.py:151} INFO - [2025-04-08T19:51:01.514+0000] {dagbag.py:536} INFO - Filling up the DagBag from /opt/airflow/dags/extract_exchange_rates.py
[2025-04-08T19:51:01.526+0000] {processor.py:839} INFO - DAG(s) dict_keys(['extract_exchange_rates']) retrieved from /opt/airflow/dags/extract_exchange_rates.py
[2025-04-08T19:51:01.539+0000] {logging_mixin.py:151} INFO - [2025-04-08T19:51:01.539+0000] {dag.py:2941} INFO - Sync 1 DAGs
[2025-04-08T19:51:01.549+0000] {logging_mixin.py:151} INFO - [2025-04-08T19:51:01.549+0000] {dag.py:3722} INFO - Setting next_dagrun for extract_exchange_rates to 2025-04-08T00:00:00+00:00, run_after=2025-04-09T00:00:00+00:00
[2025-04-08T19:51:01.556+0000] {processor.py:179} INFO - Processing /opt/airflow/dags/extract_exchange_rates.py took 0.046 seconds
[2025-04-08T19:51:31.828+0000] {processor.py:157} INFO - Started process (PID=1505) to work on /opt/airflow/dags/extract_exchange_rates.py
[2025-04-08T19:51:31.829+0000] {processor.py:829} INFO - Processing file /opt/airflow/dags/extract_exchange_rates.py for tasks to queue
[2025-04-08T19:51:31.830+0000] {logging_mixin.py:151} INFO - [2025-04-08T19:51:31.830+0000] {dagbag.py:536} INFO - Filling up the DagBag from /opt/airflow/dags/extract_exchange_rates.py
[2025-04-08T19:51:31.841+0000] {processor.py:839} INFO - DAG(s) dict_keys(['extract_exchange_rates']) retrieved from /opt/airflow/dags/extract_exchange_rates.py
[2025-04-08T19:51:31.856+0000] {logging_mixin.py:151} INFO - [2025-04-08T19:51:31.855+0000] {dag.py:2941} INFO - Sync 1 DAGs
[2025-04-08T19:51:31.866+0000] {logging_mixin.py:151} INFO - [2025-04-08T19:51:31.866+0000] {dag.py:3722} INFO - Setting next_dagrun for extract_exchange_rates to 2025-04-08T00:00:00+00:00, run_after=2025-04-09T00:00:00+00:00
[2025-04-08T19:51:31.873+0000] {processor.py:179} INFO - Processing /opt/airflow/dags/extract_exchange_rates.py took 0.048 seconds
[2025-04-08T19:52:02.179+0000] {processor.py:157} INFO - Started process (PID=1510) to work on /opt/airflow/dags/extract_exchange_rates.py
[2025-04-08T19:52:02.180+0000] {processor.py:829} INFO - Processing file /opt/airflow/dags/extract_exchange_rates.py for tasks to queue
[2025-04-08T19:52:02.181+0000] {logging_mixin.py:151} INFO - [2025-04-08T19:52:02.181+0000] {dagbag.py:536} INFO - Filling up the DagBag from /opt/airflow/dags/extract_exchange_rates.py
[2025-04-08T19:52:02.192+0000] {processor.py:839} INFO - DAG(s) dict_keys(['extract_exchange_rates']) retrieved from /opt/airflow/dags/extract_exchange_rates.py
[2025-04-08T19:52:02.207+0000] {logging_mixin.py:151} INFO - [2025-04-08T19:52:02.207+0000] {dag.py:2941} INFO - Sync 1 DAGs
[2025-04-08T19:52:02.217+0000] {logging_mixin.py:151} INFO - [2025-04-08T19:52:02.216+0000] {dag.py:3722} INFO - Setting next_dagrun for extract_exchange_rates to 2025-04-08T00:00:00+00:00, run_after=2025-04-09T00:00:00+00:00
[2025-04-08T19:52:02.224+0000] {processor.py:179} INFO - Processing /opt/airflow/dags/extract_exchange_rates.py took 0.048 seconds
[2025-04-08T19:52:32.546+0000] {processor.py:157} INFO - Started process (PID=1515) to work on /opt/airflow/dags/extract_exchange_rates.py
[2025-04-08T19:52:32.547+0000] {processor.py:829} INFO - Processing file /opt/airflow/dags/extract_exchange_rates.py for tasks to queue
[2025-04-08T19:52:32.548+0000] {logging_mixin.py:151} INFO - [2025-04-08T19:52:32.548+0000] {dagbag.py:536} INFO - Filling up the DagBag from /opt/airflow/dags/extract_exchange_rates.py
[2025-04-08T19:52:32.559+0000] {processor.py:839} INFO - DAG(s) dict_keys(['extract_exchange_rates']) retrieved from /opt/airflow/dags/extract_exchange_rates.py
[2025-04-08T19:52:32.576+0000] {logging_mixin.py:151} INFO - [2025-04-08T19:52:32.575+0000] {dag.py:2941} INFO - Sync 1 DAGs
[2025-04-08T19:52:32.585+0000] {logging_mixin.py:151} INFO - [2025-04-08T19:52:32.585+0000] {dag.py:3722} INFO - Setting next_dagrun for extract_exchange_rates to 2025-04-08T00:00:00+00:00, run_after=2025-04-09T00:00:00+00:00
[2025-04-08T19:52:32.593+0000] {processor.py:179} INFO - Processing /opt/airflow/dags/extract_exchange_rates.py took 0.049 seconds
[2025-04-08T19:53:02.858+0000] {processor.py:157} INFO - Started process (PID=1520) to work on /opt/airflow/dags/extract_exchange_rates.py
[2025-04-08T19:53:02.859+0000] {processor.py:829} INFO - Processing file /opt/airflow/dags/extract_exchange_rates.py for tasks to queue
[2025-04-08T19:53:02.859+0000] {logging_mixin.py:151} INFO - [2025-04-08T19:53:02.859+0000] {dagbag.py:536} INFO - Filling up the DagBag from /opt/airflow/dags/extract_exchange_rates.py
[2025-04-08T19:53:02.871+0000] {processor.py:839} INFO - DAG(s) dict_keys(['extract_exchange_rates']) retrieved from /opt/airflow/dags/extract_exchange_rates.py
[2025-04-08T19:53:02.886+0000] {logging_mixin.py:151} INFO - [2025-04-08T19:53:02.886+0000] {dag.py:2941} INFO - Sync 1 DAGs
[2025-04-08T19:53:02.896+0000] {logging_mixin.py:151} INFO - [2025-04-08T19:53:02.896+0000] {dag.py:3722} INFO - Setting next_dagrun for extract_exchange_rates to 2025-04-08T00:00:00+00:00, run_after=2025-04-09T00:00:00+00:00
[2025-04-08T19:53:02.903+0000] {processor.py:179} INFO - Processing /opt/airflow/dags/extract_exchange_rates.py took 0.049 seconds
[2025-04-08T19:53:33.194+0000] {processor.py:157} INFO - Started process (PID=1525) to work on /opt/airflow/dags/extract_exchange_rates.py
[2025-04-08T19:53:33.195+0000] {processor.py:829} INFO - Processing file /opt/airflow/dags/extract_exchange_rates.py for tasks to queue
[2025-04-08T19:53:33.196+0000] {logging_mixin.py:151} INFO - [2025-04-08T19:53:33.195+0000] {dagbag.py:536} INFO - Filling up the DagBag from /opt/airflow/dags/extract_exchange_rates.py
[2025-04-08T19:53:33.207+0000] {processor.py:839} INFO - DAG(s) dict_keys(['extract_exchange_rates']) retrieved from /opt/airflow/dags/extract_exchange_rates.py
[2025-04-08T19:53:33.220+0000] {logging_mixin.py:151} INFO - [2025-04-08T19:53:33.220+0000] {dag.py:2941} INFO - Sync 1 DAGs
[2025-04-08T19:53:33.230+0000] {logging_mixin.py:151} INFO - [2025-04-08T19:53:33.230+0000] {dag.py:3722} INFO - Setting next_dagrun for extract_exchange_rates to 2025-04-08T00:00:00+00:00, run_after=2025-04-09T00:00:00+00:00
[2025-04-08T19:53:33.238+0000] {processor.py:179} INFO - Processing /opt/airflow/dags/extract_exchange_rates.py took 0.046 seconds
[2025-04-08T19:54:03.548+0000] {processor.py:157} INFO - Started process (PID=1530) to work on /opt/airflow/dags/extract_exchange_rates.py
[2025-04-08T19:54:03.549+0000] {processor.py:829} INFO - Processing file /opt/airflow/dags/extract_exchange_rates.py for tasks to queue
[2025-04-08T19:54:03.549+0000] {logging_mixin.py:151} INFO - [2025-04-08T19:54:03.549+0000] {dagbag.py:536} INFO - Filling up the DagBag from /opt/airflow/dags/extract_exchange_rates.py
[2025-04-08T19:54:03.561+0000] {processor.py:839} INFO - DAG(s) dict_keys(['extract_exchange_rates']) retrieved from /opt/airflow/dags/extract_exchange_rates.py
[2025-04-08T19:54:03.577+0000] {logging_mixin.py:151} INFO - [2025-04-08T19:54:03.577+0000] {dag.py:2941} INFO - Sync 1 DAGs
[2025-04-08T19:54:03.587+0000] {logging_mixin.py:151} INFO - [2025-04-08T19:54:03.587+0000] {dag.py:3722} INFO - Setting next_dagrun for extract_exchange_rates to 2025-04-08T00:00:00+00:00, run_after=2025-04-09T00:00:00+00:00
[2025-04-08T19:54:03.594+0000] {processor.py:179} INFO - Processing /opt/airflow/dags/extract_exchange_rates.py took 0.049 seconds
[2025-04-08T19:54:33.896+0000] {processor.py:157} INFO - Started process (PID=1535) to work on /opt/airflow/dags/extract_exchange_rates.py
[2025-04-08T19:54:33.896+0000] {processor.py:829} INFO - Processing file /opt/airflow/dags/extract_exchange_rates.py for tasks to queue
[2025-04-08T19:54:33.897+0000] {logging_mixin.py:151} INFO - [2025-04-08T19:54:33.897+0000] {dagbag.py:536} INFO - Filling up the DagBag from /opt/airflow/dags/extract_exchange_rates.py
[2025-04-08T19:54:33.908+0000] {processor.py:839} INFO - DAG(s) dict_keys(['extract_exchange_rates']) retrieved from /opt/airflow/dags/extract_exchange_rates.py
[2025-04-08T19:54:33.923+0000] {logging_mixin.py:151} INFO - [2025-04-08T19:54:33.923+0000] {dag.py:2941} INFO - Sync 1 DAGs
[2025-04-08T19:54:33.933+0000] {logging_mixin.py:151} INFO - [2025-04-08T19:54:33.933+0000] {dag.py:3722} INFO - Setting next_dagrun for extract_exchange_rates to 2025-04-08T00:00:00+00:00, run_after=2025-04-09T00:00:00+00:00
[2025-04-08T19:54:33.940+0000] {processor.py:179} INFO - Processing /opt/airflow/dags/extract_exchange_rates.py took 0.047 seconds
[2025-04-08T19:55:04.308+0000] {processor.py:157} INFO - Started process (PID=1540) to work on /opt/airflow/dags/extract_exchange_rates.py
[2025-04-08T19:55:04.308+0000] {processor.py:829} INFO - Processing file /opt/airflow/dags/extract_exchange_rates.py for tasks to queue
[2025-04-08T19:55:04.309+0000] {logging_mixin.py:151} INFO - [2025-04-08T19:55:04.309+0000] {dagbag.py:536} INFO - Filling up the DagBag from /opt/airflow/dags/extract_exchange_rates.py
[2025-04-08T19:55:04.320+0000] {processor.py:839} INFO - DAG(s) dict_keys(['extract_exchange_rates']) retrieved from /opt/airflow/dags/extract_exchange_rates.py
[2025-04-08T19:55:04.333+0000] {logging_mixin.py:151} INFO - [2025-04-08T19:55:04.333+0000] {dag.py:2941} INFO - Sync 1 DAGs
[2025-04-08T19:55:04.343+0000] {logging_mixin.py:151} INFO - [2025-04-08T19:55:04.343+0000] {dag.py:3722} INFO - Setting next_dagrun for extract_exchange_rates to 2025-04-08T00:00:00+00:00, run_after=2025-04-09T00:00:00+00:00
[2025-04-08T19:55:04.351+0000] {processor.py:179} INFO - Processing /opt/airflow/dags/extract_exchange_rates.py took 0.046 seconds
[2025-04-08T19:55:34.614+0000] {processor.py:157} INFO - Started process (PID=1545) to work on /opt/airflow/dags/extract_exchange_rates.py
[2025-04-08T19:55:34.615+0000] {processor.py:829} INFO - Processing file /opt/airflow/dags/extract_exchange_rates.py for tasks to queue
[2025-04-08T19:55:34.616+0000] {logging_mixin.py:151} INFO - [2025-04-08T19:55:34.616+0000] {dagbag.py:536} INFO - Filling up the DagBag from /opt/airflow/dags/extract_exchange_rates.py
[2025-04-08T19:55:34.627+0000] {processor.py:839} INFO - DAG(s) dict_keys(['extract_exchange_rates']) retrieved from /opt/airflow/dags/extract_exchange_rates.py
[2025-04-08T19:55:34.645+0000] {logging_mixin.py:151} INFO - [2025-04-08T19:55:34.645+0000] {dag.py:2941} INFO - Sync 1 DAGs
[2025-04-08T19:55:34.655+0000] {logging_mixin.py:151} INFO - [2025-04-08T19:55:34.655+0000] {dag.py:3722} INFO - Setting next_dagrun for extract_exchange_rates to 2025-04-08T00:00:00+00:00, run_after=2025-04-09T00:00:00+00:00
[2025-04-08T19:55:34.663+0000] {processor.py:179} INFO - Processing /opt/airflow/dags/extract_exchange_rates.py took 0.051 seconds
[2025-04-08T19:56:05.009+0000] {processor.py:157} INFO - Started process (PID=1550) to work on /opt/airflow/dags/extract_exchange_rates.py
[2025-04-08T19:56:05.010+0000] {processor.py:829} INFO - Processing file /opt/airflow/dags/extract_exchange_rates.py for tasks to queue
[2025-04-08T19:56:05.010+0000] {logging_mixin.py:151} INFO - [2025-04-08T19:56:05.010+0000] {dagbag.py:536} INFO - Filling up the DagBag from /opt/airflow/dags/extract_exchange_rates.py
[2025-04-08T19:56:05.019+0000] {processor.py:839} INFO - DAG(s) dict_keys(['extract_exchange_rates']) retrieved from /opt/airflow/dags/extract_exchange_rates.py
[2025-04-08T19:56:05.033+0000] {logging_mixin.py:151} INFO - [2025-04-08T19:56:05.033+0000] {dag.py:2941} INFO - Sync 1 DAGs
[2025-04-08T19:56:05.043+0000] {logging_mixin.py:151} INFO - [2025-04-08T19:56:05.043+0000] {dag.py:3722} INFO - Setting next_dagrun for extract_exchange_rates to 2025-04-08T00:00:00+00:00, run_after=2025-04-09T00:00:00+00:00
[2025-04-08T19:56:05.050+0000] {processor.py:179} INFO - Processing /opt/airflow/dags/extract_exchange_rates.py took 0.043 seconds
[2025-04-08T19:56:35.409+0000] {processor.py:157} INFO - Started process (PID=1555) to work on /opt/airflow/dags/extract_exchange_rates.py
[2025-04-08T19:56:35.410+0000] {processor.py:829} INFO - Processing file /opt/airflow/dags/extract_exchange_rates.py for tasks to queue
[2025-04-08T19:56:35.410+0000] {logging_mixin.py:151} INFO - [2025-04-08T19:56:35.410+0000] {dagbag.py:536} INFO - Filling up the DagBag from /opt/airflow/dags/extract_exchange_rates.py
[2025-04-08T19:56:35.422+0000] {processor.py:839} INFO - DAG(s) dict_keys(['extract_exchange_rates']) retrieved from /opt/airflow/dags/extract_exchange_rates.py
[2025-04-08T19:56:35.439+0000] {logging_mixin.py:151} INFO - [2025-04-08T19:56:35.439+0000] {dag.py:2941} INFO - Sync 1 DAGs
[2025-04-08T19:56:35.449+0000] {logging_mixin.py:151} INFO - [2025-04-08T19:56:35.449+0000] {dag.py:3722} INFO - Setting next_dagrun for extract_exchange_rates to 2025-04-08T00:00:00+00:00, run_after=2025-04-09T00:00:00+00:00
[2025-04-08T19:56:35.457+0000] {processor.py:179} INFO - Processing /opt/airflow/dags/extract_exchange_rates.py took 0.050 seconds
[2025-04-08T19:57:05.803+0000] {processor.py:157} INFO - Started process (PID=1560) to work on /opt/airflow/dags/extract_exchange_rates.py
[2025-04-08T19:57:05.804+0000] {processor.py:829} INFO - Processing file /opt/airflow/dags/extract_exchange_rates.py for tasks to queue
[2025-04-08T19:57:05.805+0000] {logging_mixin.py:151} INFO - [2025-04-08T19:57:05.805+0000] {dagbag.py:536} INFO - Filling up the DagBag from /opt/airflow/dags/extract_exchange_rates.py
[2025-04-08T19:57:05.816+0000] {processor.py:839} INFO - DAG(s) dict_keys(['extract_exchange_rates']) retrieved from /opt/airflow/dags/extract_exchange_rates.py
[2025-04-08T19:57:05.834+0000] {logging_mixin.py:151} INFO - [2025-04-08T19:57:05.834+0000] {dag.py:2941} INFO - Sync 1 DAGs
[2025-04-08T19:57:05.843+0000] {logging_mixin.py:151} INFO - [2025-04-08T19:57:05.843+0000] {dag.py:3722} INFO - Setting next_dagrun for extract_exchange_rates to 2025-04-08T00:00:00+00:00, run_after=2025-04-09T00:00:00+00:00
[2025-04-08T19:57:05.850+0000] {processor.py:179} INFO - Processing /opt/airflow/dags/extract_exchange_rates.py took 0.049 seconds
[2025-04-08T19:57:36.186+0000] {processor.py:157} INFO - Started process (PID=1565) to work on /opt/airflow/dags/extract_exchange_rates.py
[2025-04-08T19:57:36.187+0000] {processor.py:829} INFO - Processing file /opt/airflow/dags/extract_exchange_rates.py for tasks to queue
[2025-04-08T19:57:36.188+0000] {logging_mixin.py:151} INFO - [2025-04-08T19:57:36.188+0000] {dagbag.py:536} INFO - Filling up the DagBag from /opt/airflow/dags/extract_exchange_rates.py
[2025-04-08T19:57:36.199+0000] {processor.py:839} INFO - DAG(s) dict_keys(['extract_exchange_rates']) retrieved from /opt/airflow/dags/extract_exchange_rates.py
[2025-04-08T19:57:36.216+0000] {logging_mixin.py:151} INFO - [2025-04-08T19:57:36.216+0000] {dag.py:2941} INFO - Sync 1 DAGs
[2025-04-08T19:57:36.227+0000] {logging_mixin.py:151} INFO - [2025-04-08T19:57:36.227+0000] {dag.py:3722} INFO - Setting next_dagrun for extract_exchange_rates to 2025-04-08T00:00:00+00:00, run_after=2025-04-09T00:00:00+00:00
[2025-04-08T19:57:36.234+0000] {processor.py:179} INFO - Processing /opt/airflow/dags/extract_exchange_rates.py took 0.050 seconds
[2025-04-08T19:58:06.574+0000] {processor.py:157} INFO - Started process (PID=1570) to work on /opt/airflow/dags/extract_exchange_rates.py
[2025-04-08T19:58:06.575+0000] {processor.py:829} INFO - Processing file /opt/airflow/dags/extract_exchange_rates.py for tasks to queue
[2025-04-08T19:58:06.576+0000] {logging_mixin.py:151} INFO - [2025-04-08T19:58:06.576+0000] {dagbag.py:536} INFO - Filling up the DagBag from /opt/airflow/dags/extract_exchange_rates.py
[2025-04-08T19:58:06.586+0000] {processor.py:839} INFO - DAG(s) dict_keys(['extract_exchange_rates']) retrieved from /opt/airflow/dags/extract_exchange_rates.py
[2025-04-08T19:58:06.600+0000] {logging_mixin.py:151} INFO - [2025-04-08T19:58:06.600+0000] {dag.py:2941} INFO - Sync 1 DAGs
[2025-04-08T19:58:06.610+0000] {logging_mixin.py:151} INFO - [2025-04-08T19:58:06.610+0000] {dag.py:3722} INFO - Setting next_dagrun for extract_exchange_rates to 2025-04-08T00:00:00+00:00, run_after=2025-04-09T00:00:00+00:00
[2025-04-08T19:58:06.617+0000] {processor.py:179} INFO - Processing /opt/airflow/dags/extract_exchange_rates.py took 0.046 seconds
[2025-04-08T19:58:36.911+0000] {processor.py:157} INFO - Started process (PID=1575) to work on /opt/airflow/dags/extract_exchange_rates.py
[2025-04-08T19:58:36.912+0000] {processor.py:829} INFO - Processing file /opt/airflow/dags/extract_exchange_rates.py for tasks to queue
[2025-04-08T19:58:36.912+0000] {logging_mixin.py:151} INFO - [2025-04-08T19:58:36.912+0000] {dagbag.py:536} INFO - Filling up the DagBag from /opt/airflow/dags/extract_exchange_rates.py
[2025-04-08T19:58:36.922+0000] {processor.py:839} INFO - DAG(s) dict_keys(['extract_exchange_rates']) retrieved from /opt/airflow/dags/extract_exchange_rates.py
[2025-04-08T19:58:36.936+0000] {logging_mixin.py:151} INFO - [2025-04-08T19:58:36.936+0000] {dag.py:2941} INFO - Sync 1 DAGs
[2025-04-08T19:58:36.946+0000] {logging_mixin.py:151} INFO - [2025-04-08T19:58:36.946+0000] {dag.py:3722} INFO - Setting next_dagrun for extract_exchange_rates to 2025-04-08T00:00:00+00:00, run_after=2025-04-09T00:00:00+00:00
[2025-04-08T19:58:36.953+0000] {processor.py:179} INFO - Processing /opt/airflow/dags/extract_exchange_rates.py took 0.044 seconds
[2025-04-08T19:59:07.229+0000] {processor.py:157} INFO - Started process (PID=1580) to work on /opt/airflow/dags/extract_exchange_rates.py
[2025-04-08T19:59:07.230+0000] {processor.py:829} INFO - Processing file /opt/airflow/dags/extract_exchange_rates.py for tasks to queue
[2025-04-08T19:59:07.231+0000] {logging_mixin.py:151} INFO - [2025-04-08T19:59:07.230+0000] {dagbag.py:536} INFO - Filling up the DagBag from /opt/airflow/dags/extract_exchange_rates.py
[2025-04-08T19:59:07.239+0000] {processor.py:839} INFO - DAG(s) dict_keys(['extract_exchange_rates']) retrieved from /opt/airflow/dags/extract_exchange_rates.py
[2025-04-08T19:59:07.254+0000] {logging_mixin.py:151} INFO - [2025-04-08T19:59:07.254+0000] {dag.py:2941} INFO - Sync 1 DAGs
[2025-04-08T19:59:07.265+0000] {logging_mixin.py:151} INFO - [2025-04-08T19:59:07.265+0000] {dag.py:3722} INFO - Setting next_dagrun for extract_exchange_rates to 2025-04-08T00:00:00+00:00, run_after=2025-04-09T00:00:00+00:00
[2025-04-08T19:59:07.271+0000] {processor.py:179} INFO - Processing /opt/airflow/dags/extract_exchange_rates.py took 0.044 seconds
[2025-04-08T19:59:37.583+0000] {processor.py:157} INFO - Started process (PID=1585) to work on /opt/airflow/dags/extract_exchange_rates.py
[2025-04-08T19:59:37.583+0000] {processor.py:829} INFO - Processing file /opt/airflow/dags/extract_exchange_rates.py for tasks to queue
[2025-04-08T19:59:37.584+0000] {logging_mixin.py:151} INFO - [2025-04-08T19:59:37.584+0000] {dagbag.py:536} INFO - Filling up the DagBag from /opt/airflow/dags/extract_exchange_rates.py
[2025-04-08T19:59:37.596+0000] {processor.py:839} INFO - DAG(s) dict_keys(['extract_exchange_rates']) retrieved from /opt/airflow/dags/extract_exchange_rates.py
[2025-04-08T19:59:37.609+0000] {logging_mixin.py:151} INFO - [2025-04-08T19:59:37.609+0000] {dag.py:2941} INFO - Sync 1 DAGs
[2025-04-08T19:59:37.620+0000] {logging_mixin.py:151} INFO - [2025-04-08T19:59:37.620+0000] {dag.py:3722} INFO - Setting next_dagrun for extract_exchange_rates to 2025-04-08T00:00:00+00:00, run_after=2025-04-09T00:00:00+00:00
[2025-04-08T19:59:37.627+0000] {processor.py:179} INFO - Processing /opt/airflow/dags/extract_exchange_rates.py took 0.047 seconds
[2025-04-08T20:00:07.872+0000] {processor.py:157} INFO - Started process (PID=1590) to work on /opt/airflow/dags/extract_exchange_rates.py
[2025-04-08T20:00:07.873+0000] {processor.py:829} INFO - Processing file /opt/airflow/dags/extract_exchange_rates.py for tasks to queue
[2025-04-08T20:00:07.874+0000] {logging_mixin.py:151} INFO - [2025-04-08T20:00:07.873+0000] {dagbag.py:536} INFO - Filling up the DagBag from /opt/airflow/dags/extract_exchange_rates.py
[2025-04-08T20:00:07.884+0000] {processor.py:839} INFO - DAG(s) dict_keys(['extract_exchange_rates']) retrieved from /opt/airflow/dags/extract_exchange_rates.py
[2025-04-08T20:00:07.898+0000] {logging_mixin.py:151} INFO - [2025-04-08T20:00:07.898+0000] {dag.py:2941} INFO - Sync 1 DAGs
[2025-04-08T20:00:07.908+0000] {logging_mixin.py:151} INFO - [2025-04-08T20:00:07.908+0000] {dag.py:3722} INFO - Setting next_dagrun for extract_exchange_rates to 2025-04-08T00:00:00+00:00, run_after=2025-04-09T00:00:00+00:00
[2025-04-08T20:00:07.916+0000] {processor.py:179} INFO - Processing /opt/airflow/dags/extract_exchange_rates.py took 0.046 seconds
[2025-04-08T20:00:38.213+0000] {processor.py:157} INFO - Started process (PID=1595) to work on /opt/airflow/dags/extract_exchange_rates.py
[2025-04-08T20:00:38.214+0000] {processor.py:829} INFO - Processing file /opt/airflow/dags/extract_exchange_rates.py for tasks to queue
[2025-04-08T20:00:38.215+0000] {logging_mixin.py:151} INFO - [2025-04-08T20:00:38.214+0000] {dagbag.py:536} INFO - Filling up the DagBag from /opt/airflow/dags/extract_exchange_rates.py
[2025-04-08T20:00:38.227+0000] {processor.py:839} INFO - DAG(s) dict_keys(['extract_exchange_rates']) retrieved from /opt/airflow/dags/extract_exchange_rates.py
[2025-04-08T20:00:38.242+0000] {logging_mixin.py:151} INFO - [2025-04-08T20:00:38.242+0000] {dag.py:2941} INFO - Sync 1 DAGs
[2025-04-08T20:00:38.254+0000] {logging_mixin.py:151} INFO - [2025-04-08T20:00:38.253+0000] {dag.py:3722} INFO - Setting next_dagrun for extract_exchange_rates to 2025-04-08T00:00:00+00:00, run_after=2025-04-09T00:00:00+00:00
[2025-04-08T20:00:38.262+0000] {processor.py:179} INFO - Processing /opt/airflow/dags/extract_exchange_rates.py took 0.051 seconds
[2025-04-08T20:01:08.521+0000] {processor.py:157} INFO - Started process (PID=1600) to work on /opt/airflow/dags/extract_exchange_rates.py
[2025-04-08T20:01:08.522+0000] {processor.py:829} INFO - Processing file /opt/airflow/dags/extract_exchange_rates.py for tasks to queue
[2025-04-08T20:01:08.523+0000] {logging_mixin.py:151} INFO - [2025-04-08T20:01:08.522+0000] {dagbag.py:536} INFO - Filling up the DagBag from /opt/airflow/dags/extract_exchange_rates.py
[2025-04-08T20:01:08.535+0000] {processor.py:839} INFO - DAG(s) dict_keys(['extract_exchange_rates']) retrieved from /opt/airflow/dags/extract_exchange_rates.py
[2025-04-08T20:01:08.551+0000] {logging_mixin.py:151} INFO - [2025-04-08T20:01:08.550+0000] {dag.py:2941} INFO - Sync 1 DAGs
[2025-04-08T20:01:08.561+0000] {logging_mixin.py:151} INFO - [2025-04-08T20:01:08.561+0000] {dag.py:3722} INFO - Setting next_dagrun for extract_exchange_rates to 2025-04-08T00:00:00+00:00, run_after=2025-04-09T00:00:00+00:00
[2025-04-08T20:01:08.569+0000] {processor.py:179} INFO - Processing /opt/airflow/dags/extract_exchange_rates.py took 0.051 seconds
[2025-04-08T20:01:38.824+0000] {processor.py:157} INFO - Started process (PID=1605) to work on /opt/airflow/dags/extract_exchange_rates.py
[2025-04-08T20:01:38.825+0000] {processor.py:829} INFO - Processing file /opt/airflow/dags/extract_exchange_rates.py for tasks to queue
[2025-04-08T20:01:38.825+0000] {logging_mixin.py:151} INFO - [2025-04-08T20:01:38.825+0000] {dagbag.py:536} INFO - Filling up the DagBag from /opt/airflow/dags/extract_exchange_rates.py
[2025-04-08T20:01:38.835+0000] {processor.py:839} INFO - DAG(s) dict_keys(['extract_exchange_rates']) retrieved from /opt/airflow/dags/extract_exchange_rates.py
[2025-04-08T20:01:38.850+0000] {logging_mixin.py:151} INFO - [2025-04-08T20:01:38.850+0000] {dag.py:2941} INFO - Sync 1 DAGs
[2025-04-08T20:01:38.862+0000] {logging_mixin.py:151} INFO - [2025-04-08T20:01:38.862+0000] {dag.py:3722} INFO - Setting next_dagrun for extract_exchange_rates to 2025-04-08T00:00:00+00:00, run_after=2025-04-09T00:00:00+00:00
[2025-04-08T20:01:38.871+0000] {processor.py:179} INFO - Processing /opt/airflow/dags/extract_exchange_rates.py took 0.048 seconds
[2025-04-08T20:02:09.188+0000] {processor.py:157} INFO - Started process (PID=1610) to work on /opt/airflow/dags/extract_exchange_rates.py
[2025-04-08T20:02:09.189+0000] {processor.py:829} INFO - Processing file /opt/airflow/dags/extract_exchange_rates.py for tasks to queue
[2025-04-08T20:02:09.190+0000] {logging_mixin.py:151} INFO - [2025-04-08T20:02:09.189+0000] {dagbag.py:536} INFO - Filling up the DagBag from /opt/airflow/dags/extract_exchange_rates.py
[2025-04-08T20:02:09.201+0000] {processor.py:839} INFO - DAG(s) dict_keys(['extract_exchange_rates']) retrieved from /opt/airflow/dags/extract_exchange_rates.py
[2025-04-08T20:02:09.214+0000] {logging_mixin.py:151} INFO - [2025-04-08T20:02:09.214+0000] {dag.py:2941} INFO - Sync 1 DAGs
[2025-04-08T20:02:09.224+0000] {logging_mixin.py:151} INFO - [2025-04-08T20:02:09.224+0000] {dag.py:3722} INFO - Setting next_dagrun for extract_exchange_rates to 2025-04-08T00:00:00+00:00, run_after=2025-04-09T00:00:00+00:00
[2025-04-08T20:02:09.231+0000] {processor.py:179} INFO - Processing /opt/airflow/dags/extract_exchange_rates.py took 0.046 seconds
[2025-04-08T20:02:39.557+0000] {processor.py:157} INFO - Started process (PID=1615) to work on /opt/airflow/dags/extract_exchange_rates.py
[2025-04-08T20:02:39.557+0000] {processor.py:829} INFO - Processing file /opt/airflow/dags/extract_exchange_rates.py for tasks to queue
[2025-04-08T20:02:39.558+0000] {logging_mixin.py:151} INFO - [2025-04-08T20:02:39.558+0000] {dagbag.py:536} INFO - Filling up the DagBag from /opt/airflow/dags/extract_exchange_rates.py
[2025-04-08T20:02:39.570+0000] {processor.py:839} INFO - DAG(s) dict_keys(['extract_exchange_rates']) retrieved from /opt/airflow/dags/extract_exchange_rates.py
[2025-04-08T20:02:39.586+0000] {logging_mixin.py:151} INFO - [2025-04-08T20:02:39.586+0000] {dag.py:2941} INFO - Sync 1 DAGs
[2025-04-08T20:02:39.595+0000] {logging_mixin.py:151} INFO - [2025-04-08T20:02:39.595+0000] {dag.py:3722} INFO - Setting next_dagrun for extract_exchange_rates to 2025-04-08T00:00:00+00:00, run_after=2025-04-09T00:00:00+00:00
[2025-04-08T20:02:39.602+0000] {processor.py:179} INFO - Processing /opt/airflow/dags/extract_exchange_rates.py took 0.048 seconds
[2025-04-08T20:03:09.919+0000] {processor.py:157} INFO - Started process (PID=1620) to work on /opt/airflow/dags/extract_exchange_rates.py
[2025-04-08T20:03:09.920+0000] {processor.py:829} INFO - Processing file /opt/airflow/dags/extract_exchange_rates.py for tasks to queue
[2025-04-08T20:03:09.921+0000] {logging_mixin.py:151} INFO - [2025-04-08T20:03:09.921+0000] {dagbag.py:536} INFO - Filling up the DagBag from /opt/airflow/dags/extract_exchange_rates.py
[2025-04-08T20:03:09.932+0000] {processor.py:839} INFO - DAG(s) dict_keys(['extract_exchange_rates']) retrieved from /opt/airflow/dags/extract_exchange_rates.py
[2025-04-08T20:03:09.946+0000] {logging_mixin.py:151} INFO - [2025-04-08T20:03:09.946+0000] {dag.py:2941} INFO - Sync 1 DAGs
[2025-04-08T20:03:09.956+0000] {logging_mixin.py:151} INFO - [2025-04-08T20:03:09.956+0000] {dag.py:3722} INFO - Setting next_dagrun for extract_exchange_rates to 2025-04-08T00:00:00+00:00, run_after=2025-04-09T00:00:00+00:00
[2025-04-08T20:03:09.963+0000] {processor.py:179} INFO - Processing /opt/airflow/dags/extract_exchange_rates.py took 0.046 seconds
[2025-04-08T20:03:40.233+0000] {processor.py:157} INFO - Started process (PID=1625) to work on /opt/airflow/dags/extract_exchange_rates.py
[2025-04-08T20:03:40.234+0000] {processor.py:829} INFO - Processing file /opt/airflow/dags/extract_exchange_rates.py for tasks to queue
[2025-04-08T20:03:40.234+0000] {logging_mixin.py:151} INFO - [2025-04-08T20:03:40.234+0000] {dagbag.py:536} INFO - Filling up the DagBag from /opt/airflow/dags/extract_exchange_rates.py
[2025-04-08T20:03:40.246+0000] {processor.py:839} INFO - DAG(s) dict_keys(['extract_exchange_rates']) retrieved from /opt/airflow/dags/extract_exchange_rates.py
[2025-04-08T20:03:40.260+0000] {logging_mixin.py:151} INFO - [2025-04-08T20:03:40.260+0000] {dag.py:2941} INFO - Sync 1 DAGs
[2025-04-08T20:03:40.269+0000] {logging_mixin.py:151} INFO - [2025-04-08T20:03:40.269+0000] {dag.py:3722} INFO - Setting next_dagrun for extract_exchange_rates to 2025-04-08T00:00:00+00:00, run_after=2025-04-09T00:00:00+00:00
[2025-04-08T20:03:40.277+0000] {processor.py:179} INFO - Processing /opt/airflow/dags/extract_exchange_rates.py took 0.046 seconds
[2025-04-08T20:04:10.581+0000] {processor.py:157} INFO - Started process (PID=1630) to work on /opt/airflow/dags/extract_exchange_rates.py
[2025-04-08T20:04:10.583+0000] {processor.py:829} INFO - Processing file /opt/airflow/dags/extract_exchange_rates.py for tasks to queue
[2025-04-08T20:04:10.584+0000] {logging_mixin.py:151} INFO - [2025-04-08T20:04:10.584+0000] {dagbag.py:536} INFO - Filling up the DagBag from /opt/airflow/dags/extract_exchange_rates.py
[2025-04-08T20:04:10.596+0000] {processor.py:839} INFO - DAG(s) dict_keys(['extract_exchange_rates']) retrieved from /opt/airflow/dags/extract_exchange_rates.py
[2025-04-08T20:04:10.609+0000] {logging_mixin.py:151} INFO - [2025-04-08T20:04:10.609+0000] {dag.py:2941} INFO - Sync 1 DAGs
[2025-04-08T20:04:10.619+0000] {logging_mixin.py:151} INFO - [2025-04-08T20:04:10.619+0000] {dag.py:3722} INFO - Setting next_dagrun for extract_exchange_rates to 2025-04-08T00:00:00+00:00, run_after=2025-04-09T00:00:00+00:00
[2025-04-08T20:04:10.626+0000] {processor.py:179} INFO - Processing /opt/airflow/dags/extract_exchange_rates.py took 0.048 seconds
[2025-04-08T20:04:40.901+0000] {processor.py:157} INFO - Started process (PID=1635) to work on /opt/airflow/dags/extract_exchange_rates.py
[2025-04-08T20:04:40.903+0000] {processor.py:829} INFO - Processing file /opt/airflow/dags/extract_exchange_rates.py for tasks to queue
[2025-04-08T20:04:40.903+0000] {logging_mixin.py:151} INFO - [2025-04-08T20:04:40.903+0000] {dagbag.py:536} INFO - Filling up the DagBag from /opt/airflow/dags/extract_exchange_rates.py
[2025-04-08T20:04:40.914+0000] {processor.py:839} INFO - DAG(s) dict_keys(['extract_exchange_rates']) retrieved from /opt/airflow/dags/extract_exchange_rates.py
[2025-04-08T20:04:40.927+0000] {logging_mixin.py:151} INFO - [2025-04-08T20:04:40.927+0000] {dag.py:2941} INFO - Sync 1 DAGs
[2025-04-08T20:04:40.937+0000] {logging_mixin.py:151} INFO - [2025-04-08T20:04:40.937+0000] {dag.py:3722} INFO - Setting next_dagrun for extract_exchange_rates to 2025-04-08T00:00:00+00:00, run_after=2025-04-09T00:00:00+00:00
[2025-04-08T20:04:40.944+0000] {processor.py:179} INFO - Processing /opt/airflow/dags/extract_exchange_rates.py took 0.045 seconds
[2025-04-08T20:05:11.265+0000] {processor.py:157} INFO - Started process (PID=1640) to work on /opt/airflow/dags/extract_exchange_rates.py
[2025-04-08T20:05:11.266+0000] {processor.py:829} INFO - Processing file /opt/airflow/dags/extract_exchange_rates.py for tasks to queue
[2025-04-08T20:05:11.267+0000] {logging_mixin.py:151} INFO - [2025-04-08T20:05:11.267+0000] {dagbag.py:536} INFO - Filling up the DagBag from /opt/airflow/dags/extract_exchange_rates.py
[2025-04-08T20:05:11.278+0000] {processor.py:839} INFO - DAG(s) dict_keys(['extract_exchange_rates']) retrieved from /opt/airflow/dags/extract_exchange_rates.py
[2025-04-08T20:05:11.294+0000] {logging_mixin.py:151} INFO - [2025-04-08T20:05:11.293+0000] {dag.py:2941} INFO - Sync 1 DAGs
[2025-04-08T20:05:11.304+0000] {logging_mixin.py:151} INFO - [2025-04-08T20:05:11.303+0000] {dag.py:3722} INFO - Setting next_dagrun for extract_exchange_rates to 2025-04-08T00:00:00+00:00, run_after=2025-04-09T00:00:00+00:00
[2025-04-08T20:05:11.311+0000] {processor.py:179} INFO - Processing /opt/airflow/dags/extract_exchange_rates.py took 0.048 seconds
[2025-04-08T20:05:41.580+0000] {processor.py:157} INFO - Started process (PID=1645) to work on /opt/airflow/dags/extract_exchange_rates.py
[2025-04-08T20:05:41.581+0000] {processor.py:829} INFO - Processing file /opt/airflow/dags/extract_exchange_rates.py for tasks to queue
[2025-04-08T20:05:41.582+0000] {logging_mixin.py:151} INFO - [2025-04-08T20:05:41.581+0000] {dagbag.py:536} INFO - Filling up the DagBag from /opt/airflow/dags/extract_exchange_rates.py
[2025-04-08T20:05:41.593+0000] {processor.py:839} INFO - DAG(s) dict_keys(['extract_exchange_rates']) retrieved from /opt/airflow/dags/extract_exchange_rates.py
[2025-04-08T20:05:41.609+0000] {logging_mixin.py:151} INFO - [2025-04-08T20:05:41.609+0000] {dag.py:2941} INFO - Sync 1 DAGs
[2025-04-08T20:05:41.618+0000] {logging_mixin.py:151} INFO - [2025-04-08T20:05:41.618+0000] {dag.py:3722} INFO - Setting next_dagrun for extract_exchange_rates to 2025-04-08T00:00:00+00:00, run_after=2025-04-09T00:00:00+00:00
[2025-04-08T20:05:41.625+0000] {processor.py:179} INFO - Processing /opt/airflow/dags/extract_exchange_rates.py took 0.047 seconds
[2025-04-08T20:06:11.911+0000] {processor.py:157} INFO - Started process (PID=1650) to work on /opt/airflow/dags/extract_exchange_rates.py
[2025-04-08T20:06:11.912+0000] {processor.py:829} INFO - Processing file /opt/airflow/dags/extract_exchange_rates.py for tasks to queue
[2025-04-08T20:06:11.913+0000] {logging_mixin.py:151} INFO - [2025-04-08T20:06:11.913+0000] {dagbag.py:536} INFO - Filling up the DagBag from /opt/airflow/dags/extract_exchange_rates.py
[2025-04-08T20:06:11.925+0000] {processor.py:839} INFO - DAG(s) dict_keys(['extract_exchange_rates']) retrieved from /opt/airflow/dags/extract_exchange_rates.py
[2025-04-08T20:06:11.938+0000] {logging_mixin.py:151} INFO - [2025-04-08T20:06:11.938+0000] {dag.py:2941} INFO - Sync 1 DAGs
[2025-04-08T20:06:11.947+0000] {logging_mixin.py:151} INFO - [2025-04-08T20:06:11.947+0000] {dag.py:3722} INFO - Setting next_dagrun for extract_exchange_rates to 2025-04-08T00:00:00+00:00, run_after=2025-04-09T00:00:00+00:00
[2025-04-08T20:06:11.954+0000] {processor.py:179} INFO - Processing /opt/airflow/dags/extract_exchange_rates.py took 0.046 seconds
[2025-04-08T20:06:42.240+0000] {processor.py:157} INFO - Started process (PID=1655) to work on /opt/airflow/dags/extract_exchange_rates.py
[2025-04-08T20:06:42.241+0000] {processor.py:829} INFO - Processing file /opt/airflow/dags/extract_exchange_rates.py for tasks to queue
[2025-04-08T20:06:42.242+0000] {logging_mixin.py:151} INFO - [2025-04-08T20:06:42.241+0000] {dagbag.py:536} INFO - Filling up the DagBag from /opt/airflow/dags/extract_exchange_rates.py
[2025-04-08T20:06:42.252+0000] {processor.py:839} INFO - DAG(s) dict_keys(['extract_exchange_rates']) retrieved from /opt/airflow/dags/extract_exchange_rates.py
[2025-04-08T20:06:42.267+0000] {logging_mixin.py:151} INFO - [2025-04-08T20:06:42.267+0000] {dag.py:2941} INFO - Sync 1 DAGs
[2025-04-08T20:06:42.276+0000] {logging_mixin.py:151} INFO - [2025-04-08T20:06:42.276+0000] {dag.py:3722} INFO - Setting next_dagrun for extract_exchange_rates to 2025-04-08T00:00:00+00:00, run_after=2025-04-09T00:00:00+00:00
[2025-04-08T20:06:42.284+0000] {processor.py:179} INFO - Processing /opt/airflow/dags/extract_exchange_rates.py took 0.046 seconds
[2025-04-08T20:07:12.583+0000] {processor.py:157} INFO - Started process (PID=1660) to work on /opt/airflow/dags/extract_exchange_rates.py
[2025-04-08T20:07:12.583+0000] {processor.py:829} INFO - Processing file /opt/airflow/dags/extract_exchange_rates.py for tasks to queue
[2025-04-08T20:07:12.584+0000] {logging_mixin.py:151} INFO - [2025-04-08T20:07:12.584+0000] {dagbag.py:536} INFO - Filling up the DagBag from /opt/airflow/dags/extract_exchange_rates.py
[2025-04-08T20:07:12.595+0000] {processor.py:839} INFO - DAG(s) dict_keys(['extract_exchange_rates']) retrieved from /opt/airflow/dags/extract_exchange_rates.py
[2025-04-08T20:07:12.610+0000] {logging_mixin.py:151} INFO - [2025-04-08T20:07:12.609+0000] {dag.py:2941} INFO - Sync 1 DAGs
[2025-04-08T20:07:12.619+0000] {logging_mixin.py:151} INFO - [2025-04-08T20:07:12.619+0000] {dag.py:3722} INFO - Setting next_dagrun for extract_exchange_rates to 2025-04-08T00:00:00+00:00, run_after=2025-04-09T00:00:00+00:00
[2025-04-08T20:07:12.627+0000] {processor.py:179} INFO - Processing /opt/airflow/dags/extract_exchange_rates.py took 0.046 seconds
[2025-04-08T20:07:42.907+0000] {processor.py:157} INFO - Started process (PID=1665) to work on /opt/airflow/dags/extract_exchange_rates.py
[2025-04-08T20:07:42.907+0000] {processor.py:829} INFO - Processing file /opt/airflow/dags/extract_exchange_rates.py for tasks to queue
[2025-04-08T20:07:42.908+0000] {logging_mixin.py:151} INFO - [2025-04-08T20:07:42.908+0000] {dagbag.py:536} INFO - Filling up the DagBag from /opt/airflow/dags/extract_exchange_rates.py
[2025-04-08T20:07:42.918+0000] {processor.py:839} INFO - DAG(s) dict_keys(['extract_exchange_rates']) retrieved from /opt/airflow/dags/extract_exchange_rates.py
[2025-04-08T20:07:42.931+0000] {logging_mixin.py:151} INFO - [2025-04-08T20:07:42.931+0000] {dag.py:2941} INFO - Sync 1 DAGs
[2025-04-08T20:07:42.941+0000] {logging_mixin.py:151} INFO - [2025-04-08T20:07:42.941+0000] {dag.py:3722} INFO - Setting next_dagrun for extract_exchange_rates to 2025-04-08T00:00:00+00:00, run_after=2025-04-09T00:00:00+00:00
[2025-04-08T20:07:42.949+0000] {processor.py:179} INFO - Processing /opt/airflow/dags/extract_exchange_rates.py took 0.044 seconds
[2025-04-08T20:08:13.206+0000] {processor.py:157} INFO - Started process (PID=1670) to work on /opt/airflow/dags/extract_exchange_rates.py
[2025-04-08T20:08:13.207+0000] {processor.py:829} INFO - Processing file /opt/airflow/dags/extract_exchange_rates.py for tasks to queue
[2025-04-08T20:08:13.208+0000] {logging_mixin.py:151} INFO - [2025-04-08T20:08:13.208+0000] {dagbag.py:536} INFO - Filling up the DagBag from /opt/airflow/dags/extract_exchange_rates.py
[2025-04-08T20:08:13.216+0000] {processor.py:839} INFO - DAG(s) dict_keys(['extract_exchange_rates']) retrieved from /opt/airflow/dags/extract_exchange_rates.py
[2025-04-08T20:08:13.228+0000] {logging_mixin.py:151} INFO - [2025-04-08T20:08:13.228+0000] {dag.py:2941} INFO - Sync 1 DAGs
[2025-04-08T20:08:13.238+0000] {logging_mixin.py:151} INFO - [2025-04-08T20:08:13.238+0000] {dag.py:3722} INFO - Setting next_dagrun for extract_exchange_rates to 2025-04-08T00:00:00+00:00, run_after=2025-04-09T00:00:00+00:00
[2025-04-08T20:08:13.245+0000] {processor.py:179} INFO - Processing /opt/airflow/dags/extract_exchange_rates.py took 0.041 seconds
[2025-04-08T20:08:43.496+0000] {processor.py:157} INFO - Started process (PID=1675) to work on /opt/airflow/dags/extract_exchange_rates.py
[2025-04-08T20:08:43.497+0000] {processor.py:829} INFO - Processing file /opt/airflow/dags/extract_exchange_rates.py for tasks to queue
[2025-04-08T20:08:43.497+0000] {logging_mixin.py:151} INFO - [2025-04-08T20:08:43.497+0000] {dagbag.py:536} INFO - Filling up the DagBag from /opt/airflow/dags/extract_exchange_rates.py
[2025-04-08T20:08:43.507+0000] {processor.py:839} INFO - DAG(s) dict_keys(['extract_exchange_rates']) retrieved from /opt/airflow/dags/extract_exchange_rates.py
[2025-04-08T20:08:43.520+0000] {logging_mixin.py:151} INFO - [2025-04-08T20:08:43.520+0000] {dag.py:2941} INFO - Sync 1 DAGs
[2025-04-08T20:08:43.530+0000] {logging_mixin.py:151} INFO - [2025-04-08T20:08:43.530+0000] {dag.py:3722} INFO - Setting next_dagrun for extract_exchange_rates to 2025-04-08T00:00:00+00:00, run_after=2025-04-09T00:00:00+00:00
[2025-04-08T20:08:43.537+0000] {processor.py:179} INFO - Processing /opt/airflow/dags/extract_exchange_rates.py took 0.044 seconds
[2025-04-08T20:09:13.784+0000] {processor.py:157} INFO - Started process (PID=1680) to work on /opt/airflow/dags/extract_exchange_rates.py
[2025-04-08T20:09:13.785+0000] {processor.py:829} INFO - Processing file /opt/airflow/dags/extract_exchange_rates.py for tasks to queue
[2025-04-08T20:09:13.786+0000] {logging_mixin.py:151} INFO - [2025-04-08T20:09:13.785+0000] {dagbag.py:536} INFO - Filling up the DagBag from /opt/airflow/dags/extract_exchange_rates.py
[2025-04-08T20:09:13.796+0000] {processor.py:839} INFO - DAG(s) dict_keys(['extract_exchange_rates']) retrieved from /opt/airflow/dags/extract_exchange_rates.py
[2025-04-08T20:09:13.810+0000] {logging_mixin.py:151} INFO - [2025-04-08T20:09:13.810+0000] {dag.py:2941} INFO - Sync 1 DAGs
[2025-04-08T20:09:13.820+0000] {logging_mixin.py:151} INFO - [2025-04-08T20:09:13.820+0000] {dag.py:3722} INFO - Setting next_dagrun for extract_exchange_rates to 2025-04-08T00:00:00+00:00, run_after=2025-04-09T00:00:00+00:00
[2025-04-08T20:09:13.827+0000] {processor.py:179} INFO - Processing /opt/airflow/dags/extract_exchange_rates.py took 0.046 seconds
[2025-04-08T20:09:44.088+0000] {processor.py:157} INFO - Started process (PID=1685) to work on /opt/airflow/dags/extract_exchange_rates.py
[2025-04-08T20:09:44.089+0000] {processor.py:829} INFO - Processing file /opt/airflow/dags/extract_exchange_rates.py for tasks to queue
[2025-04-08T20:09:44.090+0000] {logging_mixin.py:151} INFO - [2025-04-08T20:09:44.089+0000] {dagbag.py:536} INFO - Filling up the DagBag from /opt/airflow/dags/extract_exchange_rates.py
[2025-04-08T20:09:44.100+0000] {processor.py:839} INFO - DAG(s) dict_keys(['extract_exchange_rates']) retrieved from /opt/airflow/dags/extract_exchange_rates.py
[2025-04-08T20:09:44.113+0000] {logging_mixin.py:151} INFO - [2025-04-08T20:09:44.113+0000] {dag.py:2941} INFO - Sync 1 DAGs
[2025-04-08T20:09:44.123+0000] {logging_mixin.py:151} INFO - [2025-04-08T20:09:44.123+0000] {dag.py:3722} INFO - Setting next_dagrun for extract_exchange_rates to 2025-04-08T00:00:00+00:00, run_after=2025-04-09T00:00:00+00:00
[2025-04-08T20:09:44.130+0000] {processor.py:179} INFO - Processing /opt/airflow/dags/extract_exchange_rates.py took 0.044 seconds
[2025-04-08T20:10:14.493+0000] {processor.py:157} INFO - Started process (PID=1690) to work on /opt/airflow/dags/extract_exchange_rates.py
[2025-04-08T20:10:14.494+0000] {processor.py:829} INFO - Processing file /opt/airflow/dags/extract_exchange_rates.py for tasks to queue
[2025-04-08T20:10:14.494+0000] {logging_mixin.py:151} INFO - [2025-04-08T20:10:14.494+0000] {dagbag.py:536} INFO - Filling up the DagBag from /opt/airflow/dags/extract_exchange_rates.py
[2025-04-08T20:10:14.504+0000] {processor.py:839} INFO - DAG(s) dict_keys(['extract_exchange_rates']) retrieved from /opt/airflow/dags/extract_exchange_rates.py
[2025-04-08T20:10:14.517+0000] {logging_mixin.py:151} INFO - [2025-04-08T20:10:14.517+0000] {dag.py:2941} INFO - Sync 1 DAGs
[2025-04-08T20:10:14.526+0000] {logging_mixin.py:151} INFO - [2025-04-08T20:10:14.526+0000] {dag.py:3722} INFO - Setting next_dagrun for extract_exchange_rates to 2025-04-08T00:00:00+00:00, run_after=2025-04-09T00:00:00+00:00
[2025-04-08T20:10:14.534+0000] {processor.py:179} INFO - Processing /opt/airflow/dags/extract_exchange_rates.py took 0.044 seconds
[2025-04-08T20:10:44.897+0000] {processor.py:157} INFO - Started process (PID=1695) to work on /opt/airflow/dags/extract_exchange_rates.py
[2025-04-08T20:10:44.898+0000] {processor.py:829} INFO - Processing file /opt/airflow/dags/extract_exchange_rates.py for tasks to queue
[2025-04-08T20:10:44.898+0000] {logging_mixin.py:151} INFO - [2025-04-08T20:10:44.898+0000] {dagbag.py:536} INFO - Filling up the DagBag from /opt/airflow/dags/extract_exchange_rates.py
[2025-04-08T20:10:44.909+0000] {processor.py:839} INFO - DAG(s) dict_keys(['extract_exchange_rates']) retrieved from /opt/airflow/dags/extract_exchange_rates.py
[2025-04-08T20:10:44.924+0000] {logging_mixin.py:151} INFO - [2025-04-08T20:10:44.923+0000] {dag.py:2941} INFO - Sync 1 DAGs
[2025-04-08T20:10:44.933+0000] {logging_mixin.py:151} INFO - [2025-04-08T20:10:44.933+0000] {dag.py:3722} INFO - Setting next_dagrun for extract_exchange_rates to 2025-04-08T00:00:00+00:00, run_after=2025-04-09T00:00:00+00:00
[2025-04-08T20:10:44.941+0000] {processor.py:179} INFO - Processing /opt/airflow/dags/extract_exchange_rates.py took 0.046 seconds
[2025-04-08T20:11:15.258+0000] {processor.py:157} INFO - Started process (PID=1700) to work on /opt/airflow/dags/extract_exchange_rates.py
[2025-04-08T20:11:15.259+0000] {processor.py:829} INFO - Processing file /opt/airflow/dags/extract_exchange_rates.py for tasks to queue
[2025-04-08T20:11:15.259+0000] {logging_mixin.py:151} INFO - [2025-04-08T20:11:15.259+0000] {dagbag.py:536} INFO - Filling up the DagBag from /opt/airflow/dags/extract_exchange_rates.py
[2025-04-08T20:11:15.266+0000] {processor.py:839} INFO - DAG(s) dict_keys(['extract_exchange_rates']) retrieved from /opt/airflow/dags/extract_exchange_rates.py
[2025-04-08T20:11:15.278+0000] {logging_mixin.py:151} INFO - [2025-04-08T20:11:15.278+0000] {dag.py:2941} INFO - Sync 1 DAGs
[2025-04-08T20:11:15.287+0000] {logging_mixin.py:151} INFO - [2025-04-08T20:11:15.287+0000] {dag.py:3722} INFO - Setting next_dagrun for extract_exchange_rates to 2025-04-08T00:00:00+00:00, run_after=2025-04-09T00:00:00+00:00
[2025-04-08T20:11:15.293+0000] {processor.py:179} INFO - Processing /opt/airflow/dags/extract_exchange_rates.py took 0.036 seconds
[2025-04-08T20:11:45.665+0000] {processor.py:157} INFO - Started process (PID=1705) to work on /opt/airflow/dags/extract_exchange_rates.py
[2025-04-08T20:11:45.666+0000] {processor.py:829} INFO - Processing file /opt/airflow/dags/extract_exchange_rates.py for tasks to queue
[2025-04-08T20:11:45.667+0000] {logging_mixin.py:151} INFO - [2025-04-08T20:11:45.667+0000] {dagbag.py:536} INFO - Filling up the DagBag from /opt/airflow/dags/extract_exchange_rates.py
[2025-04-08T20:11:45.677+0000] {processor.py:839} INFO - DAG(s) dict_keys(['extract_exchange_rates']) retrieved from /opt/airflow/dags/extract_exchange_rates.py
[2025-04-08T20:11:45.690+0000] {logging_mixin.py:151} INFO - [2025-04-08T20:11:45.690+0000] {dag.py:2941} INFO - Sync 1 DAGs
[2025-04-08T20:11:45.700+0000] {logging_mixin.py:151} INFO - [2025-04-08T20:11:45.700+0000] {dag.py:3722} INFO - Setting next_dagrun for extract_exchange_rates to 2025-04-08T00:00:00+00:00, run_after=2025-04-09T00:00:00+00:00
[2025-04-08T20:11:45.707+0000] {processor.py:179} INFO - Processing /opt/airflow/dags/extract_exchange_rates.py took 0.043 seconds
[2025-04-08T20:12:16.079+0000] {processor.py:157} INFO - Started process (PID=1710) to work on /opt/airflow/dags/extract_exchange_rates.py
[2025-04-08T20:12:16.079+0000] {processor.py:829} INFO - Processing file /opt/airflow/dags/extract_exchange_rates.py for tasks to queue
[2025-04-08T20:12:16.080+0000] {logging_mixin.py:151} INFO - [2025-04-08T20:12:16.080+0000] {dagbag.py:536} INFO - Filling up the DagBag from /opt/airflow/dags/extract_exchange_rates.py
[2025-04-08T20:12:16.091+0000] {processor.py:839} INFO - DAG(s) dict_keys(['extract_exchange_rates']) retrieved from /opt/airflow/dags/extract_exchange_rates.py
[2025-04-08T20:12:16.105+0000] {logging_mixin.py:151} INFO - [2025-04-08T20:12:16.104+0000] {dag.py:2941} INFO - Sync 1 DAGs
[2025-04-08T20:12:16.114+0000] {logging_mixin.py:151} INFO - [2025-04-08T20:12:16.114+0000] {dag.py:3722} INFO - Setting next_dagrun for extract_exchange_rates to 2025-04-08T00:00:00+00:00, run_after=2025-04-09T00:00:00+00:00
[2025-04-08T20:12:16.121+0000] {processor.py:179} INFO - Processing /opt/airflow/dags/extract_exchange_rates.py took 0.045 seconds
[2025-04-08T20:12:46.460+0000] {processor.py:157} INFO - Started process (PID=1715) to work on /opt/airflow/dags/extract_exchange_rates.py
[2025-04-08T20:12:46.461+0000] {processor.py:829} INFO - Processing file /opt/airflow/dags/extract_exchange_rates.py for tasks to queue
[2025-04-08T20:12:46.462+0000] {logging_mixin.py:151} INFO - [2025-04-08T20:12:46.461+0000] {dagbag.py:536} INFO - Filling up the DagBag from /opt/airflow/dags/extract_exchange_rates.py
[2025-04-08T20:12:46.472+0000] {processor.py:839} INFO - DAG(s) dict_keys(['extract_exchange_rates']) retrieved from /opt/airflow/dags/extract_exchange_rates.py
[2025-04-08T20:12:46.486+0000] {logging_mixin.py:151} INFO - [2025-04-08T20:12:46.486+0000] {dag.py:2941} INFO - Sync 1 DAGs
[2025-04-08T20:12:46.496+0000] {logging_mixin.py:151} INFO - [2025-04-08T20:12:46.496+0000] {dag.py:3722} INFO - Setting next_dagrun for extract_exchange_rates to 2025-04-08T00:00:00+00:00, run_after=2025-04-09T00:00:00+00:00
[2025-04-08T20:12:46.503+0000] {processor.py:179} INFO - Processing /opt/airflow/dags/extract_exchange_rates.py took 0.045 seconds
[2025-04-08T20:13:16.837+0000] {processor.py:157} INFO - Started process (PID=1720) to work on /opt/airflow/dags/extract_exchange_rates.py
[2025-04-08T20:13:16.838+0000] {processor.py:829} INFO - Processing file /opt/airflow/dags/extract_exchange_rates.py for tasks to queue
[2025-04-08T20:13:16.838+0000] {logging_mixin.py:151} INFO - [2025-04-08T20:13:16.838+0000] {dagbag.py:536} INFO - Filling up the DagBag from /opt/airflow/dags/extract_exchange_rates.py
[2025-04-08T20:13:16.848+0000] {processor.py:839} INFO - DAG(s) dict_keys(['extract_exchange_rates']) retrieved from /opt/airflow/dags/extract_exchange_rates.py
[2025-04-08T20:13:16.863+0000] {logging_mixin.py:151} INFO - [2025-04-08T20:13:16.863+0000] {dag.py:2941} INFO - Sync 1 DAGs
[2025-04-08T20:13:16.873+0000] {logging_mixin.py:151} INFO - [2025-04-08T20:13:16.873+0000] {dag.py:3722} INFO - Setting next_dagrun for extract_exchange_rates to 2025-04-08T00:00:00+00:00, run_after=2025-04-09T00:00:00+00:00
[2025-04-08T20:13:16.880+0000] {processor.py:179} INFO - Processing /opt/airflow/dags/extract_exchange_rates.py took 0.046 seconds
[2025-04-08T20:13:47.226+0000] {processor.py:157} INFO - Started process (PID=1725) to work on /opt/airflow/dags/extract_exchange_rates.py
[2025-04-08T20:13:47.227+0000] {processor.py:829} INFO - Processing file /opt/airflow/dags/extract_exchange_rates.py for tasks to queue
[2025-04-08T20:13:47.228+0000] {logging_mixin.py:151} INFO - [2025-04-08T20:13:47.227+0000] {dagbag.py:536} INFO - Filling up the DagBag from /opt/airflow/dags/extract_exchange_rates.py
[2025-04-08T20:13:47.238+0000] {processor.py:839} INFO - DAG(s) dict_keys(['extract_exchange_rates']) retrieved from /opt/airflow/dags/extract_exchange_rates.py
[2025-04-08T20:13:47.252+0000] {logging_mixin.py:151} INFO - [2025-04-08T20:13:47.252+0000] {dag.py:2941} INFO - Sync 1 DAGs
[2025-04-08T20:13:47.263+0000] {logging_mixin.py:151} INFO - [2025-04-08T20:13:47.262+0000] {dag.py:3722} INFO - Setting next_dagrun for extract_exchange_rates to 2025-04-08T00:00:00+00:00, run_after=2025-04-09T00:00:00+00:00
[2025-04-08T20:13:47.270+0000] {processor.py:179} INFO - Processing /opt/airflow/dags/extract_exchange_rates.py took 0.046 seconds
[2025-04-08T20:14:17.559+0000] {processor.py:157} INFO - Started process (PID=1730) to work on /opt/airflow/dags/extract_exchange_rates.py
[2025-04-08T20:14:17.559+0000] {processor.py:829} INFO - Processing file /opt/airflow/dags/extract_exchange_rates.py for tasks to queue
[2025-04-08T20:14:17.560+0000] {logging_mixin.py:151} INFO - [2025-04-08T20:14:17.560+0000] {dagbag.py:536} INFO - Filling up the DagBag from /opt/airflow/dags/extract_exchange_rates.py
[2025-04-08T20:14:17.568+0000] {processor.py:839} INFO - DAG(s) dict_keys(['extract_exchange_rates']) retrieved from /opt/airflow/dags/extract_exchange_rates.py
[2025-04-08T20:14:17.581+0000] {logging_mixin.py:151} INFO - [2025-04-08T20:14:17.580+0000] {dag.py:2941} INFO - Sync 1 DAGs
[2025-04-08T20:14:17.590+0000] {logging_mixin.py:151} INFO - [2025-04-08T20:14:17.590+0000] {dag.py:3722} INFO - Setting next_dagrun for extract_exchange_rates to 2025-04-08T00:00:00+00:00, run_after=2025-04-09T00:00:00+00:00
[2025-04-08T20:14:17.597+0000] {processor.py:179} INFO - Processing /opt/airflow/dags/extract_exchange_rates.py took 0.040 seconds
[2025-04-08T20:14:47.889+0000] {processor.py:157} INFO - Started process (PID=1735) to work on /opt/airflow/dags/extract_exchange_rates.py
[2025-04-08T20:14:47.890+0000] {processor.py:829} INFO - Processing file /opt/airflow/dags/extract_exchange_rates.py for tasks to queue
[2025-04-08T20:14:47.890+0000] {logging_mixin.py:151} INFO - [2025-04-08T20:14:47.890+0000] {dagbag.py:536} INFO - Filling up the DagBag from /opt/airflow/dags/extract_exchange_rates.py
[2025-04-08T20:14:47.901+0000] {processor.py:839} INFO - DAG(s) dict_keys(['extract_exchange_rates']) retrieved from /opt/airflow/dags/extract_exchange_rates.py
[2025-04-08T20:14:47.916+0000] {logging_mixin.py:151} INFO - [2025-04-08T20:14:47.915+0000] {dag.py:2941} INFO - Sync 1 DAGs
[2025-04-08T20:14:47.925+0000] {logging_mixin.py:151} INFO - [2025-04-08T20:14:47.925+0000] {dag.py:3722} INFO - Setting next_dagrun for extract_exchange_rates to 2025-04-08T00:00:00+00:00, run_after=2025-04-09T00:00:00+00:00
[2025-04-08T20:14:47.932+0000] {processor.py:179} INFO - Processing /opt/airflow/dags/extract_exchange_rates.py took 0.045 seconds
[2025-04-08T20:15:18.263+0000] {processor.py:157} INFO - Started process (PID=1740) to work on /opt/airflow/dags/extract_exchange_rates.py
[2025-04-08T20:15:18.264+0000] {processor.py:829} INFO - Processing file /opt/airflow/dags/extract_exchange_rates.py for tasks to queue
[2025-04-08T20:15:18.264+0000] {logging_mixin.py:151} INFO - [2025-04-08T20:15:18.264+0000] {dagbag.py:536} INFO - Filling up the DagBag from /opt/airflow/dags/extract_exchange_rates.py
[2025-04-08T20:15:18.273+0000] {processor.py:839} INFO - DAG(s) dict_keys(['extract_exchange_rates']) retrieved from /opt/airflow/dags/extract_exchange_rates.py
[2025-04-08T20:15:18.291+0000] {logging_mixin.py:151} INFO - [2025-04-08T20:15:18.291+0000] {dag.py:2941} INFO - Sync 1 DAGs
[2025-04-08T20:15:18.302+0000] {logging_mixin.py:151} INFO - [2025-04-08T20:15:18.302+0000] {dag.py:3722} INFO - Setting next_dagrun for extract_exchange_rates to 2025-04-08T00:00:00+00:00, run_after=2025-04-09T00:00:00+00:00
[2025-04-08T20:15:18.311+0000] {processor.py:179} INFO - Processing /opt/airflow/dags/extract_exchange_rates.py took 0.051 seconds
[2025-04-08T20:15:48.560+0000] {processor.py:157} INFO - Started process (PID=1745) to work on /opt/airflow/dags/extract_exchange_rates.py
[2025-04-08T20:15:48.561+0000] {processor.py:829} INFO - Processing file /opt/airflow/dags/extract_exchange_rates.py for tasks to queue
[2025-04-08T20:15:48.562+0000] {logging_mixin.py:151} INFO - [2025-04-08T20:15:48.561+0000] {dagbag.py:536} INFO - Filling up the DagBag from /opt/airflow/dags/extract_exchange_rates.py
[2025-04-08T20:15:48.577+0000] {processor.py:839} INFO - DAG(s) dict_keys(['extract_exchange_rates']) retrieved from /opt/airflow/dags/extract_exchange_rates.py
[2025-04-08T20:15:48.594+0000] {logging_mixin.py:151} INFO - [2025-04-08T20:15:48.594+0000] {dag.py:2941} INFO - Sync 1 DAGs
[2025-04-08T20:15:48.605+0000] {logging_mixin.py:151} INFO - [2025-04-08T20:15:48.605+0000] {dag.py:3722} INFO - Setting next_dagrun for extract_exchange_rates to 2025-04-08T00:00:00+00:00, run_after=2025-04-09T00:00:00+00:00
[2025-04-08T20:15:48.614+0000] {processor.py:179} INFO - Processing /opt/airflow/dags/extract_exchange_rates.py took 0.058 seconds
[2025-04-08T20:16:18.879+0000] {processor.py:157} INFO - Started process (PID=1750) to work on /opt/airflow/dags/extract_exchange_rates.py
[2025-04-08T20:16:18.880+0000] {processor.py:829} INFO - Processing file /opt/airflow/dags/extract_exchange_rates.py for tasks to queue
[2025-04-08T20:16:18.881+0000] {logging_mixin.py:151} INFO - [2025-04-08T20:16:18.880+0000] {dagbag.py:536} INFO - Filling up the DagBag from /opt/airflow/dags/extract_exchange_rates.py
[2025-04-08T20:16:18.894+0000] {processor.py:839} INFO - DAG(s) dict_keys(['extract_exchange_rates']) retrieved from /opt/airflow/dags/extract_exchange_rates.py
[2025-04-08T20:16:18.907+0000] {logging_mixin.py:151} INFO - [2025-04-08T20:16:18.907+0000] {dag.py:2941} INFO - Sync 1 DAGs
[2025-04-08T20:16:18.917+0000] {logging_mixin.py:151} INFO - [2025-04-08T20:16:18.917+0000] {dag.py:3722} INFO - Setting next_dagrun for extract_exchange_rates to 2025-04-08T00:00:00+00:00, run_after=2025-04-09T00:00:00+00:00
[2025-04-08T20:16:18.924+0000] {processor.py:179} INFO - Processing /opt/airflow/dags/extract_exchange_rates.py took 0.048 seconds
[2025-04-08T20:16:49.190+0000] {processor.py:157} INFO - Started process (PID=1755) to work on /opt/airflow/dags/extract_exchange_rates.py
[2025-04-08T20:16:49.191+0000] {processor.py:829} INFO - Processing file /opt/airflow/dags/extract_exchange_rates.py for tasks to queue
[2025-04-08T20:16:49.191+0000] {logging_mixin.py:151} INFO - [2025-04-08T20:16:49.191+0000] {dagbag.py:536} INFO - Filling up the DagBag from /opt/airflow/dags/extract_exchange_rates.py
[2025-04-08T20:16:49.202+0000] {processor.py:839} INFO - DAG(s) dict_keys(['extract_exchange_rates']) retrieved from /opt/airflow/dags/extract_exchange_rates.py
[2025-04-08T20:16:49.218+0000] {logging_mixin.py:151} INFO - [2025-04-08T20:16:49.218+0000] {dag.py:2941} INFO - Sync 1 DAGs
[2025-04-08T20:16:49.229+0000] {logging_mixin.py:151} INFO - [2025-04-08T20:16:49.229+0000] {dag.py:3722} INFO - Setting next_dagrun for extract_exchange_rates to 2025-04-08T00:00:00+00:00, run_after=2025-04-09T00:00:00+00:00
[2025-04-08T20:16:49.236+0000] {processor.py:179} INFO - Processing /opt/airflow/dags/extract_exchange_rates.py took 0.049 seconds
[2025-04-08T20:17:19.496+0000] {processor.py:157} INFO - Started process (PID=1760) to work on /opt/airflow/dags/extract_exchange_rates.py
[2025-04-08T20:17:19.497+0000] {processor.py:829} INFO - Processing file /opt/airflow/dags/extract_exchange_rates.py for tasks to queue
[2025-04-08T20:17:19.498+0000] {logging_mixin.py:151} INFO - [2025-04-08T20:17:19.497+0000] {dagbag.py:536} INFO - Filling up the DagBag from /opt/airflow/dags/extract_exchange_rates.py
[2025-04-08T20:17:19.507+0000] {processor.py:839} INFO - DAG(s) dict_keys(['extract_exchange_rates']) retrieved from /opt/airflow/dags/extract_exchange_rates.py
[2025-04-08T20:17:19.522+0000] {logging_mixin.py:151} INFO - [2025-04-08T20:17:19.522+0000] {dag.py:2941} INFO - Sync 1 DAGs
[2025-04-08T20:17:19.532+0000] {logging_mixin.py:151} INFO - [2025-04-08T20:17:19.532+0000] {dag.py:3722} INFO - Setting next_dagrun for extract_exchange_rates to 2025-04-08T00:00:00+00:00, run_after=2025-04-09T00:00:00+00:00
[2025-04-08T20:17:19.539+0000] {processor.py:179} INFO - Processing /opt/airflow/dags/extract_exchange_rates.py took 0.045 seconds
[2025-04-08T20:17:49.797+0000] {processor.py:157} INFO - Started process (PID=1765) to work on /opt/airflow/dags/extract_exchange_rates.py
[2025-04-08T20:17:49.797+0000] {processor.py:829} INFO - Processing file /opt/airflow/dags/extract_exchange_rates.py for tasks to queue
[2025-04-08T20:17:49.798+0000] {logging_mixin.py:151} INFO - [2025-04-08T20:17:49.798+0000] {dagbag.py:536} INFO - Filling up the DagBag from /opt/airflow/dags/extract_exchange_rates.py
[2025-04-08T20:17:49.809+0000] {processor.py:839} INFO - DAG(s) dict_keys(['extract_exchange_rates']) retrieved from /opt/airflow/dags/extract_exchange_rates.py
[2025-04-08T20:17:49.824+0000] {logging_mixin.py:151} INFO - [2025-04-08T20:17:49.824+0000] {dag.py:2941} INFO - Sync 1 DAGs
[2025-04-08T20:17:49.835+0000] {logging_mixin.py:151} INFO - [2025-04-08T20:17:49.835+0000] {dag.py:3722} INFO - Setting next_dagrun for extract_exchange_rates to 2025-04-08T00:00:00+00:00, run_after=2025-04-09T00:00:00+00:00
[2025-04-08T20:17:49.843+0000] {processor.py:179} INFO - Processing /opt/airflow/dags/extract_exchange_rates.py took 0.048 seconds
[2025-04-08T20:18:20.071+0000] {processor.py:157} INFO - Started process (PID=1770) to work on /opt/airflow/dags/extract_exchange_rates.py
[2025-04-08T20:18:20.072+0000] {processor.py:829} INFO - Processing file /opt/airflow/dags/extract_exchange_rates.py for tasks to queue
[2025-04-08T20:18:20.073+0000] {logging_mixin.py:151} INFO - [2025-04-08T20:18:20.072+0000] {dagbag.py:536} INFO - Filling up the DagBag from /opt/airflow/dags/extract_exchange_rates.py
[2025-04-08T20:18:20.084+0000] {processor.py:839} INFO - DAG(s) dict_keys(['extract_exchange_rates']) retrieved from /opt/airflow/dags/extract_exchange_rates.py
[2025-04-08T20:18:20.103+0000] {logging_mixin.py:151} INFO - [2025-04-08T20:18:20.103+0000] {dag.py:2941} INFO - Sync 1 DAGs
[2025-04-08T20:18:20.114+0000] {logging_mixin.py:151} INFO - [2025-04-08T20:18:20.114+0000] {dag.py:3722} INFO - Setting next_dagrun for extract_exchange_rates to 2025-04-08T00:00:00+00:00, run_after=2025-04-09T00:00:00+00:00
[2025-04-08T20:18:20.123+0000] {processor.py:179} INFO - Processing /opt/airflow/dags/extract_exchange_rates.py took 0.056 seconds
[2025-04-08T20:18:50.393+0000] {processor.py:157} INFO - Started process (PID=1775) to work on /opt/airflow/dags/extract_exchange_rates.py
[2025-04-08T20:18:50.394+0000] {processor.py:829} INFO - Processing file /opt/airflow/dags/extract_exchange_rates.py for tasks to queue
[2025-04-08T20:18:50.395+0000] {logging_mixin.py:151} INFO - [2025-04-08T20:18:50.394+0000] {dagbag.py:536} INFO - Filling up the DagBag from /opt/airflow/dags/extract_exchange_rates.py
[2025-04-08T20:18:50.405+0000] {processor.py:839} INFO - DAG(s) dict_keys(['extract_exchange_rates']) retrieved from /opt/airflow/dags/extract_exchange_rates.py
[2025-04-08T20:18:50.421+0000] {logging_mixin.py:151} INFO - [2025-04-08T20:18:50.421+0000] {dag.py:2941} INFO - Sync 1 DAGs
[2025-04-08T20:18:50.433+0000] {logging_mixin.py:151} INFO - [2025-04-08T20:18:50.433+0000] {dag.py:3722} INFO - Setting next_dagrun for extract_exchange_rates to 2025-04-08T00:00:00+00:00, run_after=2025-04-09T00:00:00+00:00
[2025-04-08T20:18:50.442+0000] {processor.py:179} INFO - Processing /opt/airflow/dags/extract_exchange_rates.py took 0.052 seconds
[2025-04-08T20:19:20.700+0000] {processor.py:157} INFO - Started process (PID=1780) to work on /opt/airflow/dags/extract_exchange_rates.py
[2025-04-08T20:19:20.701+0000] {processor.py:829} INFO - Processing file /opt/airflow/dags/extract_exchange_rates.py for tasks to queue
[2025-04-08T20:19:20.702+0000] {logging_mixin.py:151} INFO - [2025-04-08T20:19:20.702+0000] {dagbag.py:536} INFO - Filling up the DagBag from /opt/airflow/dags/extract_exchange_rates.py
[2025-04-08T20:19:20.716+0000] {processor.py:839} INFO - DAG(s) dict_keys(['extract_exchange_rates']) retrieved from /opt/airflow/dags/extract_exchange_rates.py
[2025-04-08T20:19:20.731+0000] {logging_mixin.py:151} INFO - [2025-04-08T20:19:20.731+0000] {dag.py:2941} INFO - Sync 1 DAGs
[2025-04-08T20:19:20.742+0000] {logging_mixin.py:151} INFO - [2025-04-08T20:19:20.742+0000] {dag.py:3722} INFO - Setting next_dagrun for extract_exchange_rates to 2025-04-08T00:00:00+00:00, run_after=2025-04-09T00:00:00+00:00
[2025-04-08T20:19:20.750+0000] {processor.py:179} INFO - Processing /opt/airflow/dags/extract_exchange_rates.py took 0.053 seconds
[2025-04-08T20:19:50.999+0000] {processor.py:157} INFO - Started process (PID=1785) to work on /opt/airflow/dags/extract_exchange_rates.py
[2025-04-08T20:19:50.999+0000] {processor.py:829} INFO - Processing file /opt/airflow/dags/extract_exchange_rates.py for tasks to queue
[2025-04-08T20:19:51.000+0000] {logging_mixin.py:151} INFO - [2025-04-08T20:19:51.000+0000] {dagbag.py:536} INFO - Filling up the DagBag from /opt/airflow/dags/extract_exchange_rates.py
[2025-04-08T20:19:51.011+0000] {processor.py:839} INFO - DAG(s) dict_keys(['extract_exchange_rates']) retrieved from /opt/airflow/dags/extract_exchange_rates.py
[2025-04-08T20:19:51.025+0000] {logging_mixin.py:151} INFO - [2025-04-08T20:19:51.025+0000] {dag.py:2941} INFO - Sync 1 DAGs
[2025-04-08T20:19:51.035+0000] {logging_mixin.py:151} INFO - [2025-04-08T20:19:51.034+0000] {dag.py:3722} INFO - Setting next_dagrun for extract_exchange_rates to 2025-04-08T00:00:00+00:00, run_after=2025-04-09T00:00:00+00:00
[2025-04-08T20:19:51.042+0000] {processor.py:179} INFO - Processing /opt/airflow/dags/extract_exchange_rates.py took 0.046 seconds
[2025-04-08T20:20:21.272+0000] {processor.py:157} INFO - Started process (PID=1790) to work on /opt/airflow/dags/extract_exchange_rates.py
[2025-04-08T20:20:21.273+0000] {processor.py:829} INFO - Processing file /opt/airflow/dags/extract_exchange_rates.py for tasks to queue
[2025-04-08T20:20:21.273+0000] {logging_mixin.py:151} INFO - [2025-04-08T20:20:21.273+0000] {dagbag.py:536} INFO - Filling up the DagBag from /opt/airflow/dags/extract_exchange_rates.py
[2025-04-08T20:20:21.282+0000] {processor.py:839} INFO - DAG(s) dict_keys(['extract_exchange_rates']) retrieved from /opt/airflow/dags/extract_exchange_rates.py
[2025-04-08T20:20:21.295+0000] {logging_mixin.py:151} INFO - [2025-04-08T20:20:21.295+0000] {dag.py:2941} INFO - Sync 1 DAGs
[2025-04-08T20:20:21.304+0000] {logging_mixin.py:151} INFO - [2025-04-08T20:20:21.304+0000] {dag.py:3722} INFO - Setting next_dagrun for extract_exchange_rates to 2025-04-08T00:00:00+00:00, run_after=2025-04-09T00:00:00+00:00
[2025-04-08T20:20:21.311+0000] {processor.py:179} INFO - Processing /opt/airflow/dags/extract_exchange_rates.py took 0.041 seconds
[2025-04-08T20:20:51.542+0000] {processor.py:157} INFO - Started process (PID=1795) to work on /opt/airflow/dags/extract_exchange_rates.py
[2025-04-08T20:20:51.543+0000] {processor.py:829} INFO - Processing file /opt/airflow/dags/extract_exchange_rates.py for tasks to queue
[2025-04-08T20:20:51.544+0000] {logging_mixin.py:151} INFO - [2025-04-08T20:20:51.544+0000] {dagbag.py:536} INFO - Filling up the DagBag from /opt/airflow/dags/extract_exchange_rates.py
[2025-04-08T20:20:51.555+0000] {processor.py:839} INFO - DAG(s) dict_keys(['extract_exchange_rates']) retrieved from /opt/airflow/dags/extract_exchange_rates.py
[2025-04-08T20:20:51.569+0000] {logging_mixin.py:151} INFO - [2025-04-08T20:20:51.569+0000] {dag.py:2941} INFO - Sync 1 DAGs
[2025-04-08T20:20:51.579+0000] {logging_mixin.py:151} INFO - [2025-04-08T20:20:51.579+0000] {dag.py:3722} INFO - Setting next_dagrun for extract_exchange_rates to 2025-04-08T00:00:00+00:00, run_after=2025-04-09T00:00:00+00:00
[2025-04-08T20:20:51.587+0000] {processor.py:179} INFO - Processing /opt/airflow/dags/extract_exchange_rates.py took 0.047 seconds
[2025-04-08T20:21:21.823+0000] {processor.py:157} INFO - Started process (PID=1800) to work on /opt/airflow/dags/extract_exchange_rates.py
[2025-04-08T20:21:21.824+0000] {processor.py:829} INFO - Processing file /opt/airflow/dags/extract_exchange_rates.py for tasks to queue
[2025-04-08T20:21:21.824+0000] {logging_mixin.py:151} INFO - [2025-04-08T20:21:21.824+0000] {dagbag.py:536} INFO - Filling up the DagBag from /opt/airflow/dags/extract_exchange_rates.py
[2025-04-08T20:21:21.836+0000] {processor.py:839} INFO - DAG(s) dict_keys(['extract_exchange_rates']) retrieved from /opt/airflow/dags/extract_exchange_rates.py
[2025-04-08T20:21:21.852+0000] {logging_mixin.py:151} INFO - [2025-04-08T20:21:21.852+0000] {dag.py:2941} INFO - Sync 1 DAGs
[2025-04-08T20:21:21.861+0000] {logging_mixin.py:151} INFO - [2025-04-08T20:21:21.861+0000] {dag.py:3722} INFO - Setting next_dagrun for extract_exchange_rates to 2025-04-08T00:00:00+00:00, run_after=2025-04-09T00:00:00+00:00
[2025-04-08T20:21:21.868+0000] {processor.py:179} INFO - Processing /opt/airflow/dags/extract_exchange_rates.py took 0.048 seconds
[2025-04-08T20:21:52.093+0000] {processor.py:157} INFO - Started process (PID=1805) to work on /opt/airflow/dags/extract_exchange_rates.py
[2025-04-08T20:21:52.094+0000] {processor.py:829} INFO - Processing file /opt/airflow/dags/extract_exchange_rates.py for tasks to queue
[2025-04-08T20:21:52.094+0000] {logging_mixin.py:151} INFO - [2025-04-08T20:21:52.094+0000] {dagbag.py:536} INFO - Filling up the DagBag from /opt/airflow/dags/extract_exchange_rates.py
[2025-04-08T20:21:52.105+0000] {processor.py:839} INFO - DAG(s) dict_keys(['extract_exchange_rates']) retrieved from /opt/airflow/dags/extract_exchange_rates.py
[2025-04-08T20:21:52.118+0000] {logging_mixin.py:151} INFO - [2025-04-08T20:21:52.118+0000] {dag.py:2941} INFO - Sync 1 DAGs
[2025-04-08T20:21:52.128+0000] {logging_mixin.py:151} INFO - [2025-04-08T20:21:52.128+0000] {dag.py:3722} INFO - Setting next_dagrun for extract_exchange_rates to 2025-04-08T00:00:00+00:00, run_after=2025-04-09T00:00:00+00:00
[2025-04-08T20:21:52.136+0000] {processor.py:179} INFO - Processing /opt/airflow/dags/extract_exchange_rates.py took 0.045 seconds
[2025-04-08T20:22:22.423+0000] {processor.py:157} INFO - Started process (PID=1810) to work on /opt/airflow/dags/extract_exchange_rates.py
[2025-04-08T20:22:22.424+0000] {processor.py:829} INFO - Processing file /opt/airflow/dags/extract_exchange_rates.py for tasks to queue
[2025-04-08T20:22:22.424+0000] {logging_mixin.py:151} INFO - [2025-04-08T20:22:22.424+0000] {dagbag.py:536} INFO - Filling up the DagBag from /opt/airflow/dags/extract_exchange_rates.py
[2025-04-08T20:22:22.438+0000] {processor.py:839} INFO - DAG(s) dict_keys(['extract_exchange_rates']) retrieved from /opt/airflow/dags/extract_exchange_rates.py
[2025-04-08T20:22:22.459+0000] {logging_mixin.py:151} INFO - [2025-04-08T20:22:22.459+0000] {dag.py:2941} INFO - Sync 1 DAGs
[2025-04-08T20:22:22.474+0000] {logging_mixin.py:151} INFO - [2025-04-08T20:22:22.474+0000] {dag.py:3722} INFO - Setting next_dagrun for extract_exchange_rates to 2025-04-08T00:00:00+00:00, run_after=2025-04-09T00:00:00+00:00
[2025-04-08T20:22:22.484+0000] {processor.py:179} INFO - Processing /opt/airflow/dags/extract_exchange_rates.py took 0.064 seconds
[2025-04-08T20:22:52.742+0000] {processor.py:157} INFO - Started process (PID=1815) to work on /opt/airflow/dags/extract_exchange_rates.py
[2025-04-08T20:22:52.743+0000] {processor.py:829} INFO - Processing file /opt/airflow/dags/extract_exchange_rates.py for tasks to queue
[2025-04-08T20:22:52.744+0000] {logging_mixin.py:151} INFO - [2025-04-08T20:22:52.743+0000] {dagbag.py:536} INFO - Filling up the DagBag from /opt/airflow/dags/extract_exchange_rates.py
[2025-04-08T20:22:52.753+0000] {processor.py:839} INFO - DAG(s) dict_keys(['extract_exchange_rates']) retrieved from /opt/airflow/dags/extract_exchange_rates.py
[2025-04-08T20:22:52.769+0000] {logging_mixin.py:151} INFO - [2025-04-08T20:22:52.769+0000] {dag.py:2941} INFO - Sync 1 DAGs
[2025-04-08T20:22:52.779+0000] {logging_mixin.py:151} INFO - [2025-04-08T20:22:52.779+0000] {dag.py:3722} INFO - Setting next_dagrun for extract_exchange_rates to 2025-04-08T00:00:00+00:00, run_after=2025-04-09T00:00:00+00:00
[2025-04-08T20:22:52.786+0000] {processor.py:179} INFO - Processing /opt/airflow/dags/extract_exchange_rates.py took 0.047 seconds
[2025-04-08T20:23:23.062+0000] {processor.py:157} INFO - Started process (PID=1820) to work on /opt/airflow/dags/extract_exchange_rates.py
[2025-04-08T20:23:23.063+0000] {processor.py:829} INFO - Processing file /opt/airflow/dags/extract_exchange_rates.py for tasks to queue
[2025-04-08T20:23:23.064+0000] {logging_mixin.py:151} INFO - [2025-04-08T20:23:23.064+0000] {dagbag.py:536} INFO - Filling up the DagBag from /opt/airflow/dags/extract_exchange_rates.py
[2025-04-08T20:23:23.076+0000] {processor.py:839} INFO - DAG(s) dict_keys(['extract_exchange_rates']) retrieved from /opt/airflow/dags/extract_exchange_rates.py
[2025-04-08T20:23:23.094+0000] {logging_mixin.py:151} INFO - [2025-04-08T20:23:23.093+0000] {dag.py:2941} INFO - Sync 1 DAGs
[2025-04-08T20:23:23.104+0000] {logging_mixin.py:151} INFO - [2025-04-08T20:23:23.104+0000] {dag.py:3722} INFO - Setting next_dagrun for extract_exchange_rates to 2025-04-08T00:00:00+00:00, run_after=2025-04-09T00:00:00+00:00
[2025-04-08T20:23:23.111+0000] {processor.py:179} INFO - Processing /opt/airflow/dags/extract_exchange_rates.py took 0.051 seconds
[2025-04-08T20:23:53.323+0000] {processor.py:157} INFO - Started process (PID=1825) to work on /opt/airflow/dags/extract_exchange_rates.py
[2025-04-08T20:23:53.323+0000] {processor.py:829} INFO - Processing file /opt/airflow/dags/extract_exchange_rates.py for tasks to queue
[2025-04-08T20:23:53.324+0000] {logging_mixin.py:151} INFO - [2025-04-08T20:23:53.324+0000] {dagbag.py:536} INFO - Filling up the DagBag from /opt/airflow/dags/extract_exchange_rates.py
[2025-04-08T20:23:53.332+0000] {processor.py:839} INFO - DAG(s) dict_keys(['extract_exchange_rates']) retrieved from /opt/airflow/dags/extract_exchange_rates.py
[2025-04-08T20:23:53.345+0000] {logging_mixin.py:151} INFO - [2025-04-08T20:23:53.345+0000] {dag.py:2941} INFO - Sync 1 DAGs
[2025-04-08T20:23:53.355+0000] {logging_mixin.py:151} INFO - [2025-04-08T20:23:53.355+0000] {dag.py:3722} INFO - Setting next_dagrun for extract_exchange_rates to 2025-04-08T00:00:00+00:00, run_after=2025-04-09T00:00:00+00:00
[2025-04-08T20:23:53.362+0000] {processor.py:179} INFO - Processing /opt/airflow/dags/extract_exchange_rates.py took 0.041 seconds
[2025-04-08T20:24:23.596+0000] {processor.py:157} INFO - Started process (PID=1830) to work on /opt/airflow/dags/extract_exchange_rates.py
[2025-04-08T20:24:23.597+0000] {processor.py:829} INFO - Processing file /opt/airflow/dags/extract_exchange_rates.py for tasks to queue
[2025-04-08T20:24:23.598+0000] {logging_mixin.py:151} INFO - [2025-04-08T20:24:23.597+0000] {dagbag.py:536} INFO - Filling up the DagBag from /opt/airflow/dags/extract_exchange_rates.py
[2025-04-08T20:24:23.610+0000] {processor.py:839} INFO - DAG(s) dict_keys(['extract_exchange_rates']) retrieved from /opt/airflow/dags/extract_exchange_rates.py
[2025-04-08T20:24:23.625+0000] {logging_mixin.py:151} INFO - [2025-04-08T20:24:23.625+0000] {dag.py:2941} INFO - Sync 1 DAGs
[2025-04-08T20:24:23.635+0000] {logging_mixin.py:151} INFO - [2025-04-08T20:24:23.635+0000] {dag.py:3722} INFO - Setting next_dagrun for extract_exchange_rates to 2025-04-08T00:00:00+00:00, run_after=2025-04-09T00:00:00+00:00
[2025-04-08T20:24:23.642+0000] {processor.py:179} INFO - Processing /opt/airflow/dags/extract_exchange_rates.py took 0.049 seconds
