[2025-03-13T00:00:25.819+0000] {processor.py:157} INFO - Started process (PID=5155) to work on /opt/airflow/dags/extract_exchange_rates.py
[2025-03-13T00:00:25.820+0000] {processor.py:829} INFO - Processing file /opt/airflow/dags/extract_exchange_rates.py for tasks to queue
[2025-03-13T00:00:25.821+0000] {logging_mixin.py:151} INFO - [2025-03-13T00:00:25.820+0000] {dagbag.py:536} INFO - Filling up the DagBag from /opt/airflow/dags/extract_exchange_rates.py
[2025-03-13T00:00:25.831+0000] {processor.py:839} INFO - DAG(s) dict_keys(['extract_exchange_rates']) retrieved from /opt/airflow/dags/extract_exchange_rates.py
[2025-03-13T00:00:25.844+0000] {logging_mixin.py:151} INFO - [2025-03-13T00:00:25.844+0000] {dag.py:2941} INFO - Sync 1 DAGs
[2025-03-13T00:00:25.909+0000] {logging_mixin.py:151} INFO - [2025-03-13T00:00:25.909+0000] {dag.py:3722} INFO - Setting next_dagrun for extract_exchange_rates to 2025-03-13T00:00:00+00:00, run_after=2025-03-14T00:00:00+00:00
[2025-03-13T00:00:25.915+0000] {processor.py:179} INFO - Processing /opt/airflow/dags/extract_exchange_rates.py took 0.098 seconds
[2025-03-13T00:00:56.126+0000] {processor.py:157} INFO - Started process (PID=5160) to work on /opt/airflow/dags/extract_exchange_rates.py
[2025-03-13T00:00:56.126+0000] {processor.py:829} INFO - Processing file /opt/airflow/dags/extract_exchange_rates.py for tasks to queue
[2025-03-13T00:00:56.128+0000] {logging_mixin.py:151} INFO - [2025-03-13T00:00:56.128+0000] {dagbag.py:536} INFO - Filling up the DagBag from /opt/airflow/dags/extract_exchange_rates.py
[2025-03-13T00:00:56.140+0000] {processor.py:839} INFO - DAG(s) dict_keys(['extract_exchange_rates']) retrieved from /opt/airflow/dags/extract_exchange_rates.py
[2025-03-13T00:00:56.209+0000] {logging_mixin.py:151} INFO - [2025-03-13T00:00:56.209+0000] {dag.py:2941} INFO - Sync 1 DAGs
[2025-03-13T00:00:56.217+0000] {logging_mixin.py:151} INFO - [2025-03-13T00:00:56.217+0000] {dag.py:3722} INFO - Setting next_dagrun for extract_exchange_rates to 2025-03-13T00:00:00+00:00, run_after=2025-03-14T00:00:00+00:00
[2025-03-13T00:00:56.223+0000] {processor.py:179} INFO - Processing /opt/airflow/dags/extract_exchange_rates.py took 0.100 seconds
[2025-03-13T00:01:26.475+0000] {processor.py:157} INFO - Started process (PID=5165) to work on /opt/airflow/dags/extract_exchange_rates.py
[2025-03-13T00:01:26.476+0000] {processor.py:829} INFO - Processing file /opt/airflow/dags/extract_exchange_rates.py for tasks to queue
[2025-03-13T00:01:26.476+0000] {logging_mixin.py:151} INFO - [2025-03-13T00:01:26.476+0000] {dagbag.py:536} INFO - Filling up the DagBag from /opt/airflow/dags/extract_exchange_rates.py
[2025-03-13T00:01:26.486+0000] {processor.py:839} INFO - DAG(s) dict_keys(['extract_exchange_rates']) retrieved from /opt/airflow/dags/extract_exchange_rates.py
[2025-03-13T00:01:26.500+0000] {logging_mixin.py:151} INFO - [2025-03-13T00:01:26.500+0000] {dag.py:2941} INFO - Sync 1 DAGs
[2025-03-13T00:01:26.509+0000] {logging_mixin.py:151} INFO - [2025-03-13T00:01:26.509+0000] {dag.py:3722} INFO - Setting next_dagrun for extract_exchange_rates to 2025-03-13T00:00:00+00:00, run_after=2025-03-14T00:00:00+00:00
[2025-03-13T00:01:26.516+0000] {processor.py:179} INFO - Processing /opt/airflow/dags/extract_exchange_rates.py took 0.043 seconds
[2025-03-13T00:01:56.753+0000] {processor.py:157} INFO - Started process (PID=5170) to work on /opt/airflow/dags/extract_exchange_rates.py
[2025-03-13T00:01:56.754+0000] {processor.py:829} INFO - Processing file /opt/airflow/dags/extract_exchange_rates.py for tasks to queue
[2025-03-13T00:01:56.754+0000] {logging_mixin.py:151} INFO - [2025-03-13T00:01:56.754+0000] {dagbag.py:536} INFO - Filling up the DagBag from /opt/airflow/dags/extract_exchange_rates.py
[2025-03-13T00:01:56.765+0000] {processor.py:839} INFO - DAG(s) dict_keys(['extract_exchange_rates']) retrieved from /opt/airflow/dags/extract_exchange_rates.py
[2025-03-13T00:01:56.778+0000] {logging_mixin.py:151} INFO - [2025-03-13T00:01:56.778+0000] {dag.py:2941} INFO - Sync 1 DAGs
[2025-03-13T00:01:56.787+0000] {logging_mixin.py:151} INFO - [2025-03-13T00:01:56.787+0000] {dag.py:3722} INFO - Setting next_dagrun for extract_exchange_rates to 2025-03-13T00:00:00+00:00, run_after=2025-03-14T00:00:00+00:00
[2025-03-13T00:01:56.795+0000] {processor.py:179} INFO - Processing /opt/airflow/dags/extract_exchange_rates.py took 0.045 seconds
[2025-03-13T00:02:27.019+0000] {processor.py:157} INFO - Started process (PID=5175) to work on /opt/airflow/dags/extract_exchange_rates.py
[2025-03-13T00:02:27.020+0000] {processor.py:829} INFO - Processing file /opt/airflow/dags/extract_exchange_rates.py for tasks to queue
[2025-03-13T00:02:27.021+0000] {logging_mixin.py:151} INFO - [2025-03-13T00:02:27.021+0000] {dagbag.py:536} INFO - Filling up the DagBag from /opt/airflow/dags/extract_exchange_rates.py
[2025-03-13T00:02:27.032+0000] {processor.py:839} INFO - DAG(s) dict_keys(['extract_exchange_rates']) retrieved from /opt/airflow/dags/extract_exchange_rates.py
[2025-03-13T00:02:27.045+0000] {logging_mixin.py:151} INFO - [2025-03-13T00:02:27.045+0000] {dag.py:2941} INFO - Sync 1 DAGs
[2025-03-13T00:02:27.056+0000] {logging_mixin.py:151} INFO - [2025-03-13T00:02:27.055+0000] {dag.py:3722} INFO - Setting next_dagrun for extract_exchange_rates to 2025-03-13T00:00:00+00:00, run_after=2025-03-14T00:00:00+00:00
[2025-03-13T00:02:27.117+0000] {processor.py:179} INFO - Processing /opt/airflow/dags/extract_exchange_rates.py took 0.100 seconds
[2025-03-13T00:02:57.310+0000] {processor.py:157} INFO - Started process (PID=5180) to work on /opt/airflow/dags/extract_exchange_rates.py
[2025-03-13T00:02:57.311+0000] {processor.py:829} INFO - Processing file /opt/airflow/dags/extract_exchange_rates.py for tasks to queue
[2025-03-13T00:02:57.312+0000] {logging_mixin.py:151} INFO - [2025-03-13T00:02:57.312+0000] {dagbag.py:536} INFO - Filling up the DagBag from /opt/airflow/dags/extract_exchange_rates.py
[2025-03-13T00:02:57.323+0000] {processor.py:839} INFO - DAG(s) dict_keys(['extract_exchange_rates']) retrieved from /opt/airflow/dags/extract_exchange_rates.py
[2025-03-13T00:02:57.336+0000] {logging_mixin.py:151} INFO - [2025-03-13T00:02:57.336+0000] {dag.py:2941} INFO - Sync 1 DAGs
[2025-03-13T00:02:57.402+0000] {logging_mixin.py:151} INFO - [2025-03-13T00:02:57.402+0000] {dag.py:3722} INFO - Setting next_dagrun for extract_exchange_rates to 2025-03-13T00:00:00+00:00, run_after=2025-03-14T00:00:00+00:00
[2025-03-13T00:02:57.408+0000] {processor.py:179} INFO - Processing /opt/airflow/dags/extract_exchange_rates.py took 0.101 seconds
[2025-03-13T00:03:27.728+0000] {processor.py:157} INFO - Started process (PID=5185) to work on /opt/airflow/dags/extract_exchange_rates.py
[2025-03-13T00:03:27.729+0000] {processor.py:829} INFO - Processing file /opt/airflow/dags/extract_exchange_rates.py for tasks to queue
[2025-03-13T00:03:27.729+0000] {logging_mixin.py:151} INFO - [2025-03-13T00:03:27.729+0000] {dagbag.py:536} INFO - Filling up the DagBag from /opt/airflow/dags/extract_exchange_rates.py
[2025-03-13T00:03:27.742+0000] {processor.py:839} INFO - DAG(s) dict_keys(['extract_exchange_rates']) retrieved from /opt/airflow/dags/extract_exchange_rates.py
[2025-03-13T00:03:27.755+0000] {logging_mixin.py:151} INFO - [2025-03-13T00:03:27.755+0000] {dag.py:2941} INFO - Sync 1 DAGs
[2025-03-13T00:03:27.820+0000] {logging_mixin.py:151} INFO - [2025-03-13T00:03:27.820+0000] {dag.py:3722} INFO - Setting next_dagrun for extract_exchange_rates to 2025-03-13T00:00:00+00:00, run_after=2025-03-14T00:00:00+00:00
[2025-03-13T00:03:27.826+0000] {processor.py:179} INFO - Processing /opt/airflow/dags/extract_exchange_rates.py took 0.101 seconds
[2025-03-13T00:03:58.040+0000] {processor.py:157} INFO - Started process (PID=5190) to work on /opt/airflow/dags/extract_exchange_rates.py
[2025-03-13T00:03:58.041+0000] {processor.py:829} INFO - Processing file /opt/airflow/dags/extract_exchange_rates.py for tasks to queue
[2025-03-13T00:03:58.042+0000] {logging_mixin.py:151} INFO - [2025-03-13T00:03:58.042+0000] {dagbag.py:536} INFO - Filling up the DagBag from /opt/airflow/dags/extract_exchange_rates.py
[2025-03-13T00:03:58.054+0000] {processor.py:839} INFO - DAG(s) dict_keys(['extract_exchange_rates']) retrieved from /opt/airflow/dags/extract_exchange_rates.py
[2025-03-13T00:03:58.147+0000] {logging_mixin.py:151} INFO - [2025-03-13T00:03:58.147+0000] {dag.py:2941} INFO - Sync 1 DAGs
[2025-03-13T00:03:58.153+0000] {logging_mixin.py:151} INFO - [2025-03-13T00:03:58.153+0000] {dag.py:3722} INFO - Setting next_dagrun for extract_exchange_rates to 2025-03-13T00:00:00+00:00, run_after=2025-03-14T00:00:00+00:00
[2025-03-13T00:03:58.159+0000] {processor.py:179} INFO - Processing /opt/airflow/dags/extract_exchange_rates.py took 0.122 seconds
[2025-03-13T00:04:28.423+0000] {processor.py:157} INFO - Started process (PID=5195) to work on /opt/airflow/dags/extract_exchange_rates.py
[2025-03-13T00:04:28.423+0000] {processor.py:829} INFO - Processing file /opt/airflow/dags/extract_exchange_rates.py for tasks to queue
[2025-03-13T00:04:28.424+0000] {logging_mixin.py:151} INFO - [2025-03-13T00:04:28.424+0000] {dagbag.py:536} INFO - Filling up the DagBag from /opt/airflow/dags/extract_exchange_rates.py
[2025-03-13T00:04:28.435+0000] {processor.py:839} INFO - DAG(s) dict_keys(['extract_exchange_rates']) retrieved from /opt/airflow/dags/extract_exchange_rates.py
[2025-03-13T00:04:28.449+0000] {logging_mixin.py:151} INFO - [2025-03-13T00:04:28.449+0000] {dag.py:2941} INFO - Sync 1 DAGs
[2025-03-13T00:04:28.459+0000] {logging_mixin.py:151} INFO - [2025-03-13T00:04:28.459+0000] {dag.py:3722} INFO - Setting next_dagrun for extract_exchange_rates to 2025-03-13T00:00:00+00:00, run_after=2025-03-14T00:00:00+00:00
[2025-03-13T00:04:28.467+0000] {processor.py:179} INFO - Processing /opt/airflow/dags/extract_exchange_rates.py took 0.047 seconds
[2025-03-13T00:04:58.739+0000] {processor.py:157} INFO - Started process (PID=5200) to work on /opt/airflow/dags/extract_exchange_rates.py
[2025-03-13T00:04:58.740+0000] {processor.py:829} INFO - Processing file /opt/airflow/dags/extract_exchange_rates.py for tasks to queue
[2025-03-13T00:04:58.740+0000] {logging_mixin.py:151} INFO - [2025-03-13T00:04:58.740+0000] {dagbag.py:536} INFO - Filling up the DagBag from /opt/airflow/dags/extract_exchange_rates.py
[2025-03-13T00:04:58.751+0000] {processor.py:839} INFO - DAG(s) dict_keys(['extract_exchange_rates']) retrieved from /opt/airflow/dags/extract_exchange_rates.py
[2025-03-13T00:04:58.765+0000] {logging_mixin.py:151} INFO - [2025-03-13T00:04:58.765+0000] {dag.py:2941} INFO - Sync 1 DAGs
[2025-03-13T00:04:58.774+0000] {logging_mixin.py:151} INFO - [2025-03-13T00:04:58.774+0000] {dag.py:3722} INFO - Setting next_dagrun for extract_exchange_rates to 2025-03-13T00:00:00+00:00, run_after=2025-03-14T00:00:00+00:00
[2025-03-13T00:04:58.782+0000] {processor.py:179} INFO - Processing /opt/airflow/dags/extract_exchange_rates.py took 0.045 seconds
[2025-03-13T00:05:29.060+0000] {processor.py:157} INFO - Started process (PID=5207) to work on /opt/airflow/dags/extract_exchange_rates.py
[2025-03-13T00:05:29.061+0000] {processor.py:829} INFO - Processing file /opt/airflow/dags/extract_exchange_rates.py for tasks to queue
[2025-03-13T00:05:29.061+0000] {logging_mixin.py:151} INFO - [2025-03-13T00:05:29.061+0000] {dagbag.py:536} INFO - Filling up the DagBag from /opt/airflow/dags/extract_exchange_rates.py
[2025-03-13T00:05:29.072+0000] {processor.py:839} INFO - DAG(s) dict_keys(['extract_exchange_rates']) retrieved from /opt/airflow/dags/extract_exchange_rates.py
[2025-03-13T00:05:29.087+0000] {logging_mixin.py:151} INFO - [2025-03-13T00:05:29.087+0000] {dag.py:2941} INFO - Sync 1 DAGs
[2025-03-13T00:05:29.157+0000] {logging_mixin.py:151} INFO - [2025-03-13T00:05:29.157+0000] {dag.py:3722} INFO - Setting next_dagrun for extract_exchange_rates to 2025-03-13T00:00:00+00:00, run_after=2025-03-14T00:00:00+00:00
[2025-03-13T00:05:29.163+0000] {processor.py:179} INFO - Processing /opt/airflow/dags/extract_exchange_rates.py took 0.106 seconds
[2025-03-13T00:05:59.368+0000] {processor.py:157} INFO - Started process (PID=5212) to work on /opt/airflow/dags/extract_exchange_rates.py
[2025-03-13T00:05:59.369+0000] {processor.py:829} INFO - Processing file /opt/airflow/dags/extract_exchange_rates.py for tasks to queue
[2025-03-13T00:05:59.370+0000] {logging_mixin.py:151} INFO - [2025-03-13T00:05:59.370+0000] {dagbag.py:536} INFO - Filling up the DagBag from /opt/airflow/dags/extract_exchange_rates.py
[2025-03-13T00:05:59.380+0000] {processor.py:839} INFO - DAG(s) dict_keys(['extract_exchange_rates']) retrieved from /opt/airflow/dags/extract_exchange_rates.py
[2025-03-13T00:05:59.395+0000] {logging_mixin.py:151} INFO - [2025-03-13T00:05:59.394+0000] {dag.py:2941} INFO - Sync 1 DAGs
[2025-03-13T00:05:59.462+0000] {logging_mixin.py:151} INFO - [2025-03-13T00:05:59.462+0000] {dag.py:3722} INFO - Setting next_dagrun for extract_exchange_rates to 2025-03-13T00:00:00+00:00, run_after=2025-03-14T00:00:00+00:00
[2025-03-13T00:05:59.468+0000] {processor.py:179} INFO - Processing /opt/airflow/dags/extract_exchange_rates.py took 0.103 seconds
[2025-03-13T00:06:29.664+0000] {processor.py:157} INFO - Started process (PID=5217) to work on /opt/airflow/dags/extract_exchange_rates.py
[2025-03-13T00:06:29.664+0000] {processor.py:829} INFO - Processing file /opt/airflow/dags/extract_exchange_rates.py for tasks to queue
[2025-03-13T00:06:29.665+0000] {logging_mixin.py:151} INFO - [2025-03-13T00:06:29.665+0000] {dagbag.py:536} INFO - Filling up the DagBag from /opt/airflow/dags/extract_exchange_rates.py
[2025-03-13T00:06:29.673+0000] {processor.py:839} INFO - DAG(s) dict_keys(['extract_exchange_rates']) retrieved from /opt/airflow/dags/extract_exchange_rates.py
[2025-03-13T00:06:29.745+0000] {logging_mixin.py:151} INFO - [2025-03-13T00:06:29.745+0000] {dag.py:2941} INFO - Sync 1 DAGs
[2025-03-13T00:06:29.752+0000] {logging_mixin.py:151} INFO - [2025-03-13T00:06:29.752+0000] {dag.py:3722} INFO - Setting next_dagrun for extract_exchange_rates to 2025-03-13T00:00:00+00:00, run_after=2025-03-14T00:00:00+00:00
[2025-03-13T00:06:29.757+0000] {processor.py:179} INFO - Processing /opt/airflow/dags/extract_exchange_rates.py took 0.095 seconds
[2025-03-13T00:06:59.952+0000] {processor.py:157} INFO - Started process (PID=5222) to work on /opt/airflow/dags/extract_exchange_rates.py
[2025-03-13T00:06:59.952+0000] {processor.py:829} INFO - Processing file /opt/airflow/dags/extract_exchange_rates.py for tasks to queue
[2025-03-13T00:06:59.953+0000] {logging_mixin.py:151} INFO - [2025-03-13T00:06:59.953+0000] {dagbag.py:536} INFO - Filling up the DagBag from /opt/airflow/dags/extract_exchange_rates.py
[2025-03-13T00:06:59.963+0000] {processor.py:839} INFO - DAG(s) dict_keys(['extract_exchange_rates']) retrieved from /opt/airflow/dags/extract_exchange_rates.py
[2025-03-13T00:07:00.035+0000] {logging_mixin.py:151} INFO - [2025-03-13T00:07:00.035+0000] {dag.py:2941} INFO - Sync 1 DAGs
[2025-03-13T00:07:00.041+0000] {logging_mixin.py:151} INFO - [2025-03-13T00:07:00.041+0000] {dag.py:3722} INFO - Setting next_dagrun for extract_exchange_rates to 2025-03-13T00:00:00+00:00, run_after=2025-03-14T00:00:00+00:00
[2025-03-13T00:07:00.047+0000] {processor.py:179} INFO - Processing /opt/airflow/dags/extract_exchange_rates.py took 0.098 seconds
[2025-03-13T00:07:30.420+0000] {processor.py:157} INFO - Started process (PID=5227) to work on /opt/airflow/dags/extract_exchange_rates.py
[2025-03-13T00:07:30.421+0000] {processor.py:829} INFO - Processing file /opt/airflow/dags/extract_exchange_rates.py for tasks to queue
[2025-03-13T00:07:30.422+0000] {logging_mixin.py:151} INFO - [2025-03-13T00:07:30.422+0000] {dagbag.py:536} INFO - Filling up the DagBag from /opt/airflow/dags/extract_exchange_rates.py
[2025-03-13T00:07:30.433+0000] {processor.py:839} INFO - DAG(s) dict_keys(['extract_exchange_rates']) retrieved from /opt/airflow/dags/extract_exchange_rates.py
[2025-03-13T00:07:30.447+0000] {logging_mixin.py:151} INFO - [2025-03-13T00:07:30.447+0000] {dag.py:2941} INFO - Sync 1 DAGs
[2025-03-13T00:07:30.457+0000] {logging_mixin.py:151} INFO - [2025-03-13T00:07:30.457+0000] {dag.py:3722} INFO - Setting next_dagrun for extract_exchange_rates to 2025-03-13T00:00:00+00:00, run_after=2025-03-14T00:00:00+00:00
[2025-03-13T00:07:30.464+0000] {processor.py:179} INFO - Processing /opt/airflow/dags/extract_exchange_rates.py took 0.046 seconds
[2025-03-13T00:08:00.735+0000] {processor.py:157} INFO - Started process (PID=5233) to work on /opt/airflow/dags/extract_exchange_rates.py
[2025-03-13T00:08:00.735+0000] {processor.py:829} INFO - Processing file /opt/airflow/dags/extract_exchange_rates.py for tasks to queue
[2025-03-13T00:08:00.736+0000] {logging_mixin.py:151} INFO - [2025-03-13T00:08:00.736+0000] {dagbag.py:536} INFO - Filling up the DagBag from /opt/airflow/dags/extract_exchange_rates.py
[2025-03-13T00:08:00.747+0000] {processor.py:839} INFO - DAG(s) dict_keys(['extract_exchange_rates']) retrieved from /opt/airflow/dags/extract_exchange_rates.py
[2025-03-13T00:08:00.763+0000] {logging_mixin.py:151} INFO - [2025-03-13T00:08:00.763+0000] {dag.py:2941} INFO - Sync 1 DAGs
[2025-03-13T00:08:00.773+0000] {logging_mixin.py:151} INFO - [2025-03-13T00:08:00.773+0000] {dag.py:3722} INFO - Setting next_dagrun for extract_exchange_rates to 2025-03-13T00:00:00+00:00, run_after=2025-03-14T00:00:00+00:00
[2025-03-13T00:08:00.780+0000] {processor.py:179} INFO - Processing /opt/airflow/dags/extract_exchange_rates.py took 0.048 seconds
[2025-03-13T00:08:31.055+0000] {processor.py:157} INFO - Started process (PID=5238) to work on /opt/airflow/dags/extract_exchange_rates.py
[2025-03-13T00:08:31.055+0000] {processor.py:829} INFO - Processing file /opt/airflow/dags/extract_exchange_rates.py for tasks to queue
[2025-03-13T00:08:31.056+0000] {logging_mixin.py:151} INFO - [2025-03-13T00:08:31.056+0000] {dagbag.py:536} INFO - Filling up the DagBag from /opt/airflow/dags/extract_exchange_rates.py
[2025-03-13T00:08:31.067+0000] {processor.py:839} INFO - DAG(s) dict_keys(['extract_exchange_rates']) retrieved from /opt/airflow/dags/extract_exchange_rates.py
[2025-03-13T00:08:31.081+0000] {logging_mixin.py:151} INFO - [2025-03-13T00:08:31.081+0000] {dag.py:2941} INFO - Sync 1 DAGs
[2025-03-13T00:08:31.093+0000] {logging_mixin.py:151} INFO - [2025-03-13T00:08:31.093+0000] {dag.py:3722} INFO - Setting next_dagrun for extract_exchange_rates to 2025-03-13T00:00:00+00:00, run_after=2025-03-14T00:00:00+00:00
[2025-03-13T00:08:31.100+0000] {processor.py:179} INFO - Processing /opt/airflow/dags/extract_exchange_rates.py took 0.048 seconds
[2025-03-13T00:09:01.362+0000] {processor.py:157} INFO - Started process (PID=5243) to work on /opt/airflow/dags/extract_exchange_rates.py
[2025-03-13T00:09:01.363+0000] {processor.py:829} INFO - Processing file /opt/airflow/dags/extract_exchange_rates.py for tasks to queue
[2025-03-13T00:09:01.364+0000] {logging_mixin.py:151} INFO - [2025-03-13T00:09:01.364+0000] {dagbag.py:536} INFO - Filling up the DagBag from /opt/airflow/dags/extract_exchange_rates.py
[2025-03-13T00:09:01.375+0000] {processor.py:839} INFO - DAG(s) dict_keys(['extract_exchange_rates']) retrieved from /opt/airflow/dags/extract_exchange_rates.py
[2025-03-13T00:09:01.387+0000] {logging_mixin.py:151} INFO - [2025-03-13T00:09:01.387+0000] {dag.py:2941} INFO - Sync 1 DAGs
[2025-03-13T00:09:01.397+0000] {logging_mixin.py:151} INFO - [2025-03-13T00:09:01.397+0000] {dag.py:3722} INFO - Setting next_dagrun for extract_exchange_rates to 2025-03-13T00:00:00+00:00, run_after=2025-03-14T00:00:00+00:00
[2025-03-13T00:09:01.404+0000] {processor.py:179} INFO - Processing /opt/airflow/dags/extract_exchange_rates.py took 0.044 seconds
[2025-03-13T00:09:31.685+0000] {processor.py:157} INFO - Started process (PID=5248) to work on /opt/airflow/dags/extract_exchange_rates.py
[2025-03-13T00:09:31.686+0000] {processor.py:829} INFO - Processing file /opt/airflow/dags/extract_exchange_rates.py for tasks to queue
[2025-03-13T00:09:31.687+0000] {logging_mixin.py:151} INFO - [2025-03-13T00:09:31.687+0000] {dagbag.py:536} INFO - Filling up the DagBag from /opt/airflow/dags/extract_exchange_rates.py
[2025-03-13T00:09:31.698+0000] {processor.py:839} INFO - DAG(s) dict_keys(['extract_exchange_rates']) retrieved from /opt/airflow/dags/extract_exchange_rates.py
[2025-03-13T00:09:31.711+0000] {logging_mixin.py:151} INFO - [2025-03-13T00:09:31.711+0000] {dag.py:2941} INFO - Sync 1 DAGs
[2025-03-13T00:09:31.721+0000] {logging_mixin.py:151} INFO - [2025-03-13T00:09:31.721+0000] {dag.py:3722} INFO - Setting next_dagrun for extract_exchange_rates to 2025-03-13T00:00:00+00:00, run_after=2025-03-14T00:00:00+00:00
[2025-03-13T00:09:31.728+0000] {processor.py:179} INFO - Processing /opt/airflow/dags/extract_exchange_rates.py took 0.045 seconds
[2025-03-13T00:10:01.999+0000] {processor.py:157} INFO - Started process (PID=5253) to work on /opt/airflow/dags/extract_exchange_rates.py
[2025-03-13T00:10:01.999+0000] {processor.py:829} INFO - Processing file /opt/airflow/dags/extract_exchange_rates.py for tasks to queue
[2025-03-13T00:10:01.999+0000] {logging_mixin.py:151} INFO - [2025-03-13T00:10:01.999+0000] {dagbag.py:536} INFO - Filling up the DagBag from /opt/airflow/dags/extract_exchange_rates.py
[2025-03-13T00:10:02.007+0000] {processor.py:839} INFO - DAG(s) dict_keys(['extract_exchange_rates']) retrieved from /opt/airflow/dags/extract_exchange_rates.py
[2025-03-13T00:10:02.019+0000] {logging_mixin.py:151} INFO - [2025-03-13T00:10:02.019+0000] {dag.py:2941} INFO - Sync 1 DAGs
[2025-03-13T00:10:02.028+0000] {logging_mixin.py:151} INFO - [2025-03-13T00:10:02.028+0000] {dag.py:3722} INFO - Setting next_dagrun for extract_exchange_rates to 2025-03-13T00:00:00+00:00, run_after=2025-03-14T00:00:00+00:00
[2025-03-13T00:10:02.035+0000] {processor.py:179} INFO - Processing /opt/airflow/dags/extract_exchange_rates.py took 0.038 seconds
[2025-03-13T00:10:32.371+0000] {processor.py:157} INFO - Started process (PID=5258) to work on /opt/airflow/dags/extract_exchange_rates.py
[2025-03-13T00:10:32.372+0000] {processor.py:829} INFO - Processing file /opt/airflow/dags/extract_exchange_rates.py for tasks to queue
[2025-03-13T00:10:32.372+0000] {logging_mixin.py:151} INFO - [2025-03-13T00:10:32.372+0000] {dagbag.py:536} INFO - Filling up the DagBag from /opt/airflow/dags/extract_exchange_rates.py
[2025-03-13T00:10:32.383+0000] {processor.py:839} INFO - DAG(s) dict_keys(['extract_exchange_rates']) retrieved from /opt/airflow/dags/extract_exchange_rates.py
[2025-03-13T00:10:32.398+0000] {logging_mixin.py:151} INFO - [2025-03-13T00:10:32.398+0000] {dag.py:2941} INFO - Sync 1 DAGs
[2025-03-13T00:10:32.407+0000] {logging_mixin.py:151} INFO - [2025-03-13T00:10:32.407+0000] {dag.py:3722} INFO - Setting next_dagrun for extract_exchange_rates to 2025-03-13T00:00:00+00:00, run_after=2025-03-14T00:00:00+00:00
[2025-03-13T00:10:32.415+0000] {processor.py:179} INFO - Processing /opt/airflow/dags/extract_exchange_rates.py took 0.047 seconds
[2025-03-13T00:11:02.708+0000] {processor.py:157} INFO - Started process (PID=5263) to work on /opt/airflow/dags/extract_exchange_rates.py
[2025-03-13T00:11:02.708+0000] {processor.py:829} INFO - Processing file /opt/airflow/dags/extract_exchange_rates.py for tasks to queue
[2025-03-13T00:11:02.709+0000] {logging_mixin.py:151} INFO - [2025-03-13T00:11:02.709+0000] {dagbag.py:536} INFO - Filling up the DagBag from /opt/airflow/dags/extract_exchange_rates.py
[2025-03-13T00:11:02.720+0000] {processor.py:839} INFO - DAG(s) dict_keys(['extract_exchange_rates']) retrieved from /opt/airflow/dags/extract_exchange_rates.py
[2025-03-13T00:11:02.732+0000] {logging_mixin.py:151} INFO - [2025-03-13T00:11:02.732+0000] {dag.py:2941} INFO - Sync 1 DAGs
[2025-03-13T00:11:02.743+0000] {logging_mixin.py:151} INFO - [2025-03-13T00:11:02.743+0000] {dag.py:3722} INFO - Setting next_dagrun for extract_exchange_rates to 2025-03-13T00:00:00+00:00, run_after=2025-03-14T00:00:00+00:00
[2025-03-13T00:11:02.749+0000] {processor.py:179} INFO - Processing /opt/airflow/dags/extract_exchange_rates.py took 0.044 seconds
[2025-03-13T00:11:33.041+0000] {processor.py:157} INFO - Started process (PID=5268) to work on /opt/airflow/dags/extract_exchange_rates.py
[2025-03-13T00:11:33.042+0000] {processor.py:829} INFO - Processing file /opt/airflow/dags/extract_exchange_rates.py for tasks to queue
[2025-03-13T00:11:33.043+0000] {logging_mixin.py:151} INFO - [2025-03-13T00:11:33.042+0000] {dagbag.py:536} INFO - Filling up the DagBag from /opt/airflow/dags/extract_exchange_rates.py
[2025-03-13T00:11:33.053+0000] {processor.py:839} INFO - DAG(s) dict_keys(['extract_exchange_rates']) retrieved from /opt/airflow/dags/extract_exchange_rates.py
[2025-03-13T00:11:33.068+0000] {logging_mixin.py:151} INFO - [2025-03-13T00:11:33.068+0000] {dag.py:2941} INFO - Sync 1 DAGs
[2025-03-13T00:11:33.078+0000] {logging_mixin.py:151} INFO - [2025-03-13T00:11:33.078+0000] {dag.py:3722} INFO - Setting next_dagrun for extract_exchange_rates to 2025-03-13T00:00:00+00:00, run_after=2025-03-14T00:00:00+00:00
[2025-03-13T00:11:33.085+0000] {processor.py:179} INFO - Processing /opt/airflow/dags/extract_exchange_rates.py took 0.047 seconds
[2025-03-13T00:12:03.347+0000] {processor.py:157} INFO - Started process (PID=5273) to work on /opt/airflow/dags/extract_exchange_rates.py
[2025-03-13T00:12:03.347+0000] {processor.py:829} INFO - Processing file /opt/airflow/dags/extract_exchange_rates.py for tasks to queue
[2025-03-13T00:12:03.348+0000] {logging_mixin.py:151} INFO - [2025-03-13T00:12:03.348+0000] {dagbag.py:536} INFO - Filling up the DagBag from /opt/airflow/dags/extract_exchange_rates.py
[2025-03-13T00:12:03.358+0000] {processor.py:839} INFO - DAG(s) dict_keys(['extract_exchange_rates']) retrieved from /opt/airflow/dags/extract_exchange_rates.py
[2025-03-13T00:12:03.375+0000] {logging_mixin.py:151} INFO - [2025-03-13T00:12:03.375+0000] {dag.py:2941} INFO - Sync 1 DAGs
[2025-03-13T00:12:03.388+0000] {logging_mixin.py:151} INFO - [2025-03-13T00:12:03.387+0000] {dag.py:3722} INFO - Setting next_dagrun for extract_exchange_rates to 2025-03-13T00:00:00+00:00, run_after=2025-03-14T00:00:00+00:00
[2025-03-13T00:12:03.396+0000] {processor.py:179} INFO - Processing /opt/airflow/dags/extract_exchange_rates.py took 0.052 seconds
[2025-03-13T00:12:33.602+0000] {processor.py:157} INFO - Started process (PID=5278) to work on /opt/airflow/dags/extract_exchange_rates.py
[2025-03-13T00:12:33.603+0000] {processor.py:829} INFO - Processing file /opt/airflow/dags/extract_exchange_rates.py for tasks to queue
[2025-03-13T00:12:33.604+0000] {logging_mixin.py:151} INFO - [2025-03-13T00:12:33.604+0000] {dagbag.py:536} INFO - Filling up the DagBag from /opt/airflow/dags/extract_exchange_rates.py
[2025-03-13T00:12:33.615+0000] {processor.py:839} INFO - DAG(s) dict_keys(['extract_exchange_rates']) retrieved from /opt/airflow/dags/extract_exchange_rates.py
[2025-03-13T00:12:33.633+0000] {logging_mixin.py:151} INFO - [2025-03-13T00:12:33.633+0000] {dag.py:2941} INFO - Sync 1 DAGs
[2025-03-13T00:12:33.643+0000] {logging_mixin.py:151} INFO - [2025-03-13T00:12:33.643+0000] {dag.py:3722} INFO - Setting next_dagrun for extract_exchange_rates to 2025-03-13T00:00:00+00:00, run_after=2025-03-14T00:00:00+00:00
[2025-03-13T00:12:33.650+0000] {processor.py:179} INFO - Processing /opt/airflow/dags/extract_exchange_rates.py took 0.051 seconds
[2025-03-13T00:13:03.930+0000] {processor.py:157} INFO - Started process (PID=5283) to work on /opt/airflow/dags/extract_exchange_rates.py
[2025-03-13T00:13:03.931+0000] {processor.py:829} INFO - Processing file /opt/airflow/dags/extract_exchange_rates.py for tasks to queue
[2025-03-13T00:13:03.931+0000] {logging_mixin.py:151} INFO - [2025-03-13T00:13:03.931+0000] {dagbag.py:536} INFO - Filling up the DagBag from /opt/airflow/dags/extract_exchange_rates.py
[2025-03-13T00:13:03.942+0000] {processor.py:839} INFO - DAG(s) dict_keys(['extract_exchange_rates']) retrieved from /opt/airflow/dags/extract_exchange_rates.py
[2025-03-13T00:13:03.957+0000] {logging_mixin.py:151} INFO - [2025-03-13T00:13:03.956+0000] {dag.py:2941} INFO - Sync 1 DAGs
[2025-03-13T00:13:03.966+0000] {logging_mixin.py:151} INFO - [2025-03-13T00:13:03.966+0000] {dag.py:3722} INFO - Setting next_dagrun for extract_exchange_rates to 2025-03-13T00:00:00+00:00, run_after=2025-03-14T00:00:00+00:00
[2025-03-13T00:13:03.979+0000] {processor.py:179} INFO - Processing /opt/airflow/dags/extract_exchange_rates.py took 0.051 seconds
[2025-03-13T00:13:34.209+0000] {processor.py:157} INFO - Started process (PID=5288) to work on /opt/airflow/dags/extract_exchange_rates.py
[2025-03-13T00:13:34.210+0000] {processor.py:829} INFO - Processing file /opt/airflow/dags/extract_exchange_rates.py for tasks to queue
[2025-03-13T00:13:34.211+0000] {logging_mixin.py:151} INFO - [2025-03-13T00:13:34.210+0000] {dagbag.py:536} INFO - Filling up the DagBag from /opt/airflow/dags/extract_exchange_rates.py
[2025-03-13T00:13:34.224+0000] {processor.py:839} INFO - DAG(s) dict_keys(['extract_exchange_rates']) retrieved from /opt/airflow/dags/extract_exchange_rates.py
[2025-03-13T00:13:34.238+0000] {logging_mixin.py:151} INFO - [2025-03-13T00:13:34.238+0000] {dag.py:2941} INFO - Sync 1 DAGs
[2025-03-13T00:13:34.248+0000] {logging_mixin.py:151} INFO - [2025-03-13T00:13:34.248+0000] {dag.py:3722} INFO - Setting next_dagrun for extract_exchange_rates to 2025-03-13T00:00:00+00:00, run_after=2025-03-14T00:00:00+00:00
[2025-03-13T00:13:34.256+0000] {processor.py:179} INFO - Processing /opt/airflow/dags/extract_exchange_rates.py took 0.050 seconds
[2025-03-13T00:14:04.479+0000] {processor.py:157} INFO - Started process (PID=5293) to work on /opt/airflow/dags/extract_exchange_rates.py
[2025-03-13T00:14:04.479+0000] {processor.py:829} INFO - Processing file /opt/airflow/dags/extract_exchange_rates.py for tasks to queue
[2025-03-13T00:14:04.480+0000] {logging_mixin.py:151} INFO - [2025-03-13T00:14:04.480+0000] {dagbag.py:536} INFO - Filling up the DagBag from /opt/airflow/dags/extract_exchange_rates.py
[2025-03-13T00:14:04.491+0000] {processor.py:839} INFO - DAG(s) dict_keys(['extract_exchange_rates']) retrieved from /opt/airflow/dags/extract_exchange_rates.py
[2025-03-13T00:14:04.505+0000] {logging_mixin.py:151} INFO - [2025-03-13T00:14:04.505+0000] {dag.py:2941} INFO - Sync 1 DAGs
[2025-03-13T00:14:04.515+0000] {logging_mixin.py:151} INFO - [2025-03-13T00:14:04.515+0000] {dag.py:3722} INFO - Setting next_dagrun for extract_exchange_rates to 2025-03-13T00:00:00+00:00, run_after=2025-03-14T00:00:00+00:00
[2025-03-13T00:14:04.522+0000] {processor.py:179} INFO - Processing /opt/airflow/dags/extract_exchange_rates.py took 0.047 seconds
[2025-03-13T00:14:34.738+0000] {processor.py:157} INFO - Started process (PID=5298) to work on /opt/airflow/dags/extract_exchange_rates.py
[2025-03-13T00:14:34.739+0000] {processor.py:829} INFO - Processing file /opt/airflow/dags/extract_exchange_rates.py for tasks to queue
[2025-03-13T00:14:34.740+0000] {logging_mixin.py:151} INFO - [2025-03-13T00:14:34.740+0000] {dagbag.py:536} INFO - Filling up the DagBag from /opt/airflow/dags/extract_exchange_rates.py
[2025-03-13T00:14:34.751+0000] {processor.py:839} INFO - DAG(s) dict_keys(['extract_exchange_rates']) retrieved from /opt/airflow/dags/extract_exchange_rates.py
[2025-03-13T00:14:34.768+0000] {logging_mixin.py:151} INFO - [2025-03-13T00:14:34.768+0000] {dag.py:2941} INFO - Sync 1 DAGs
[2025-03-13T00:14:34.780+0000] {logging_mixin.py:151} INFO - [2025-03-13T00:14:34.780+0000] {dag.py:3722} INFO - Setting next_dagrun for extract_exchange_rates to 2025-03-13T00:00:00+00:00, run_after=2025-03-14T00:00:00+00:00
[2025-03-13T00:14:34.789+0000] {processor.py:179} INFO - Processing /opt/airflow/dags/extract_exchange_rates.py took 0.053 seconds
[2025-03-13T00:15:04.955+0000] {processor.py:157} INFO - Started process (PID=5303) to work on /opt/airflow/dags/extract_exchange_rates.py
[2025-03-13T00:15:04.957+0000] {processor.py:829} INFO - Processing file /opt/airflow/dags/extract_exchange_rates.py for tasks to queue
[2025-03-13T00:15:04.958+0000] {logging_mixin.py:151} INFO - [2025-03-13T00:15:04.958+0000] {dagbag.py:536} INFO - Filling up the DagBag from /opt/airflow/dags/extract_exchange_rates.py
[2025-03-13T00:15:04.969+0000] {processor.py:839} INFO - DAG(s) dict_keys(['extract_exchange_rates']) retrieved from /opt/airflow/dags/extract_exchange_rates.py
[2025-03-13T00:15:04.985+0000] {logging_mixin.py:151} INFO - [2025-03-13T00:15:04.985+0000] {dag.py:2941} INFO - Sync 1 DAGs
[2025-03-13T00:15:04.997+0000] {logging_mixin.py:151} INFO - [2025-03-13T00:15:04.997+0000] {dag.py:3722} INFO - Setting next_dagrun for extract_exchange_rates to 2025-03-13T00:00:00+00:00, run_after=2025-03-14T00:00:00+00:00
[2025-03-13T00:15:05.005+0000] {processor.py:179} INFO - Processing /opt/airflow/dags/extract_exchange_rates.py took 0.053 seconds
[2025-03-13T00:15:35.216+0000] {processor.py:157} INFO - Started process (PID=5308) to work on /opt/airflow/dags/extract_exchange_rates.py
[2025-03-13T00:15:35.217+0000] {processor.py:829} INFO - Processing file /opt/airflow/dags/extract_exchange_rates.py for tasks to queue
[2025-03-13T00:15:35.217+0000] {logging_mixin.py:151} INFO - [2025-03-13T00:15:35.217+0000] {dagbag.py:536} INFO - Filling up the DagBag from /opt/airflow/dags/extract_exchange_rates.py
[2025-03-13T00:15:35.227+0000] {processor.py:839} INFO - DAG(s) dict_keys(['extract_exchange_rates']) retrieved from /opt/airflow/dags/extract_exchange_rates.py
[2025-03-13T00:15:35.241+0000] {logging_mixin.py:151} INFO - [2025-03-13T00:15:35.241+0000] {dag.py:2941} INFO - Sync 1 DAGs
[2025-03-13T00:15:35.252+0000] {logging_mixin.py:151} INFO - [2025-03-13T00:15:35.252+0000] {dag.py:3722} INFO - Setting next_dagrun for extract_exchange_rates to 2025-03-13T00:00:00+00:00, run_after=2025-03-14T00:00:00+00:00
[2025-03-13T00:15:35.261+0000] {processor.py:179} INFO - Processing /opt/airflow/dags/extract_exchange_rates.py took 0.046 seconds
[2025-03-13T00:16:05.489+0000] {processor.py:157} INFO - Started process (PID=5313) to work on /opt/airflow/dags/extract_exchange_rates.py
[2025-03-13T00:16:05.489+0000] {processor.py:829} INFO - Processing file /opt/airflow/dags/extract_exchange_rates.py for tasks to queue
[2025-03-13T00:16:05.490+0000] {logging_mixin.py:151} INFO - [2025-03-13T00:16:05.490+0000] {dagbag.py:536} INFO - Filling up the DagBag from /opt/airflow/dags/extract_exchange_rates.py
[2025-03-13T00:16:05.501+0000] {processor.py:839} INFO - DAG(s) dict_keys(['extract_exchange_rates']) retrieved from /opt/airflow/dags/extract_exchange_rates.py
[2025-03-13T00:16:05.518+0000] {logging_mixin.py:151} INFO - [2025-03-13T00:16:05.517+0000] {dag.py:2941} INFO - Sync 1 DAGs
[2025-03-13T00:16:05.528+0000] {logging_mixin.py:151} INFO - [2025-03-13T00:16:05.528+0000] {dag.py:3722} INFO - Setting next_dagrun for extract_exchange_rates to 2025-03-13T00:00:00+00:00, run_after=2025-03-14T00:00:00+00:00
[2025-03-13T00:16:05.537+0000] {processor.py:179} INFO - Processing /opt/airflow/dags/extract_exchange_rates.py took 0.052 seconds
[2025-03-13T00:16:35.715+0000] {processor.py:157} INFO - Started process (PID=5318) to work on /opt/airflow/dags/extract_exchange_rates.py
[2025-03-13T00:16:35.716+0000] {processor.py:829} INFO - Processing file /opt/airflow/dags/extract_exchange_rates.py for tasks to queue
[2025-03-13T00:16:35.716+0000] {logging_mixin.py:151} INFO - [2025-03-13T00:16:35.716+0000] {dagbag.py:536} INFO - Filling up the DagBag from /opt/airflow/dags/extract_exchange_rates.py
[2025-03-13T00:16:35.726+0000] {processor.py:839} INFO - DAG(s) dict_keys(['extract_exchange_rates']) retrieved from /opt/airflow/dags/extract_exchange_rates.py
[2025-03-13T00:16:35.741+0000] {logging_mixin.py:151} INFO - [2025-03-13T00:16:35.741+0000] {dag.py:2941} INFO - Sync 1 DAGs
[2025-03-13T00:16:35.753+0000] {logging_mixin.py:151} INFO - [2025-03-13T00:16:35.753+0000] {dag.py:3722} INFO - Setting next_dagrun for extract_exchange_rates to 2025-03-13T00:00:00+00:00, run_after=2025-03-14T00:00:00+00:00
[2025-03-13T00:16:35.763+0000] {processor.py:179} INFO - Processing /opt/airflow/dags/extract_exchange_rates.py took 0.050 seconds
[2025-03-13T00:17:06.045+0000] {processor.py:157} INFO - Started process (PID=5323) to work on /opt/airflow/dags/extract_exchange_rates.py
[2025-03-13T00:17:06.046+0000] {processor.py:829} INFO - Processing file /opt/airflow/dags/extract_exchange_rates.py for tasks to queue
[2025-03-13T00:17:06.046+0000] {logging_mixin.py:151} INFO - [2025-03-13T00:17:06.046+0000] {dagbag.py:536} INFO - Filling up the DagBag from /opt/airflow/dags/extract_exchange_rates.py
[2025-03-13T00:17:06.056+0000] {processor.py:839} INFO - DAG(s) dict_keys(['extract_exchange_rates']) retrieved from /opt/airflow/dags/extract_exchange_rates.py
[2025-03-13T00:17:06.071+0000] {logging_mixin.py:151} INFO - [2025-03-13T00:17:06.071+0000] {dag.py:2941} INFO - Sync 1 DAGs
[2025-03-13T00:17:06.084+0000] {logging_mixin.py:151} INFO - [2025-03-13T00:17:06.084+0000] {dag.py:3722} INFO - Setting next_dagrun for extract_exchange_rates to 2025-03-13T00:00:00+00:00, run_after=2025-03-14T00:00:00+00:00
[2025-03-13T00:17:06.092+0000] {processor.py:179} INFO - Processing /opt/airflow/dags/extract_exchange_rates.py took 0.049 seconds
[2025-03-13T00:17:36.340+0000] {processor.py:157} INFO - Started process (PID=5328) to work on /opt/airflow/dags/extract_exchange_rates.py
[2025-03-13T00:17:36.340+0000] {processor.py:829} INFO - Processing file /opt/airflow/dags/extract_exchange_rates.py for tasks to queue
[2025-03-13T00:17:36.341+0000] {logging_mixin.py:151} INFO - [2025-03-13T00:17:36.341+0000] {dagbag.py:536} INFO - Filling up the DagBag from /opt/airflow/dags/extract_exchange_rates.py
[2025-03-13T00:17:36.350+0000] {processor.py:839} INFO - DAG(s) dict_keys(['extract_exchange_rates']) retrieved from /opt/airflow/dags/extract_exchange_rates.py
[2025-03-13T00:17:36.367+0000] {logging_mixin.py:151} INFO - [2025-03-13T00:17:36.367+0000] {dag.py:2941} INFO - Sync 1 DAGs
[2025-03-13T00:17:36.379+0000] {logging_mixin.py:151} INFO - [2025-03-13T00:17:36.379+0000] {dag.py:3722} INFO - Setting next_dagrun for extract_exchange_rates to 2025-03-13T00:00:00+00:00, run_after=2025-03-14T00:00:00+00:00
[2025-03-13T00:17:36.387+0000] {processor.py:179} INFO - Processing /opt/airflow/dags/extract_exchange_rates.py took 0.049 seconds
[2025-03-13T00:18:06.614+0000] {processor.py:157} INFO - Started process (PID=5333) to work on /opt/airflow/dags/extract_exchange_rates.py
[2025-03-13T00:18:06.614+0000] {processor.py:829} INFO - Processing file /opt/airflow/dags/extract_exchange_rates.py for tasks to queue
[2025-03-13T00:18:06.615+0000] {logging_mixin.py:151} INFO - [2025-03-13T00:18:06.614+0000] {dagbag.py:536} INFO - Filling up the DagBag from /opt/airflow/dags/extract_exchange_rates.py
[2025-03-13T00:18:06.623+0000] {processor.py:839} INFO - DAG(s) dict_keys(['extract_exchange_rates']) retrieved from /opt/airflow/dags/extract_exchange_rates.py
[2025-03-13T00:18:06.638+0000] {logging_mixin.py:151} INFO - [2025-03-13T00:18:06.638+0000] {dag.py:2941} INFO - Sync 1 DAGs
[2025-03-13T00:18:06.650+0000] {logging_mixin.py:151} INFO - [2025-03-13T00:18:06.650+0000] {dag.py:3722} INFO - Setting next_dagrun for extract_exchange_rates to 2025-03-13T00:00:00+00:00, run_after=2025-03-14T00:00:00+00:00
[2025-03-13T00:18:06.659+0000] {processor.py:179} INFO - Processing /opt/airflow/dags/extract_exchange_rates.py took 0.048 seconds
[2025-03-13T00:18:36.877+0000] {processor.py:157} INFO - Started process (PID=5338) to work on /opt/airflow/dags/extract_exchange_rates.py
[2025-03-13T00:18:36.878+0000] {processor.py:829} INFO - Processing file /opt/airflow/dags/extract_exchange_rates.py for tasks to queue
[2025-03-13T00:18:36.878+0000] {logging_mixin.py:151} INFO - [2025-03-13T00:18:36.878+0000] {dagbag.py:536} INFO - Filling up the DagBag from /opt/airflow/dags/extract_exchange_rates.py
[2025-03-13T00:18:36.889+0000] {processor.py:839} INFO - DAG(s) dict_keys(['extract_exchange_rates']) retrieved from /opt/airflow/dags/extract_exchange_rates.py
[2025-03-13T00:18:36.905+0000] {logging_mixin.py:151} INFO - [2025-03-13T00:18:36.905+0000] {dag.py:2941} INFO - Sync 1 DAGs
[2025-03-13T00:18:36.917+0000] {logging_mixin.py:151} INFO - [2025-03-13T00:18:36.917+0000] {dag.py:3722} INFO - Setting next_dagrun for extract_exchange_rates to 2025-03-13T00:00:00+00:00, run_after=2025-03-14T00:00:00+00:00
[2025-03-13T00:18:36.925+0000] {processor.py:179} INFO - Processing /opt/airflow/dags/extract_exchange_rates.py took 0.051 seconds
[2025-03-13T00:19:07.147+0000] {processor.py:157} INFO - Started process (PID=5343) to work on /opt/airflow/dags/extract_exchange_rates.py
[2025-03-13T00:19:07.148+0000] {processor.py:829} INFO - Processing file /opt/airflow/dags/extract_exchange_rates.py for tasks to queue
[2025-03-13T00:19:07.148+0000] {logging_mixin.py:151} INFO - [2025-03-13T00:19:07.148+0000] {dagbag.py:536} INFO - Filling up the DagBag from /opt/airflow/dags/extract_exchange_rates.py
[2025-03-13T00:19:07.158+0000] {processor.py:839} INFO - DAG(s) dict_keys(['extract_exchange_rates']) retrieved from /opt/airflow/dags/extract_exchange_rates.py
[2025-03-13T00:19:07.173+0000] {logging_mixin.py:151} INFO - [2025-03-13T00:19:07.173+0000] {dag.py:2941} INFO - Sync 1 DAGs
[2025-03-13T00:19:07.185+0000] {logging_mixin.py:151} INFO - [2025-03-13T00:19:07.185+0000] {dag.py:3722} INFO - Setting next_dagrun for extract_exchange_rates to 2025-03-13T00:00:00+00:00, run_after=2025-03-14T00:00:00+00:00
[2025-03-13T00:19:07.194+0000] {processor.py:179} INFO - Processing /opt/airflow/dags/extract_exchange_rates.py took 0.048 seconds
[2025-03-13T00:19:37.465+0000] {processor.py:157} INFO - Started process (PID=5348) to work on /opt/airflow/dags/extract_exchange_rates.py
[2025-03-13T00:19:37.466+0000] {processor.py:829} INFO - Processing file /opt/airflow/dags/extract_exchange_rates.py for tasks to queue
[2025-03-13T00:19:37.467+0000] {logging_mixin.py:151} INFO - [2025-03-13T00:19:37.467+0000] {dagbag.py:536} INFO - Filling up the DagBag from /opt/airflow/dags/extract_exchange_rates.py
[2025-03-13T00:19:37.482+0000] {processor.py:839} INFO - DAG(s) dict_keys(['extract_exchange_rates']) retrieved from /opt/airflow/dags/extract_exchange_rates.py
[2025-03-13T00:19:37.504+0000] {logging_mixin.py:151} INFO - [2025-03-13T00:19:37.503+0000] {dag.py:2941} INFO - Sync 1 DAGs
[2025-03-13T00:19:37.517+0000] {logging_mixin.py:151} INFO - [2025-03-13T00:19:37.517+0000] {dag.py:3722} INFO - Setting next_dagrun for extract_exchange_rates to 2025-03-13T00:00:00+00:00, run_after=2025-03-14T00:00:00+00:00
[2025-03-13T00:19:37.526+0000] {processor.py:179} INFO - Processing /opt/airflow/dags/extract_exchange_rates.py took 0.064 seconds
[2025-03-13T00:20:07.735+0000] {processor.py:157} INFO - Started process (PID=5353) to work on /opt/airflow/dags/extract_exchange_rates.py
[2025-03-13T00:20:07.736+0000] {processor.py:829} INFO - Processing file /opt/airflow/dags/extract_exchange_rates.py for tasks to queue
[2025-03-13T00:20:07.737+0000] {logging_mixin.py:151} INFO - [2025-03-13T00:20:07.737+0000] {dagbag.py:536} INFO - Filling up the DagBag from /opt/airflow/dags/extract_exchange_rates.py
[2025-03-13T00:20:07.746+0000] {processor.py:839} INFO - DAG(s) dict_keys(['extract_exchange_rates']) retrieved from /opt/airflow/dags/extract_exchange_rates.py
[2025-03-13T00:20:07.763+0000] {logging_mixin.py:151} INFO - [2025-03-13T00:20:07.763+0000] {dag.py:2941} INFO - Sync 1 DAGs
[2025-03-13T00:20:07.775+0000] {logging_mixin.py:151} INFO - [2025-03-13T00:20:07.775+0000] {dag.py:3722} INFO - Setting next_dagrun for extract_exchange_rates to 2025-03-13T00:00:00+00:00, run_after=2025-03-14T00:00:00+00:00
[2025-03-13T00:20:07.784+0000] {processor.py:179} INFO - Processing /opt/airflow/dags/extract_exchange_rates.py took 0.051 seconds
[2025-03-13T00:20:38.076+0000] {processor.py:157} INFO - Started process (PID=5358) to work on /opt/airflow/dags/extract_exchange_rates.py
[2025-03-13T00:20:38.076+0000] {processor.py:829} INFO - Processing file /opt/airflow/dags/extract_exchange_rates.py for tasks to queue
[2025-03-13T00:20:38.077+0000] {logging_mixin.py:151} INFO - [2025-03-13T00:20:38.077+0000] {dagbag.py:536} INFO - Filling up the DagBag from /opt/airflow/dags/extract_exchange_rates.py
[2025-03-13T00:20:38.086+0000] {processor.py:839} INFO - DAG(s) dict_keys(['extract_exchange_rates']) retrieved from /opt/airflow/dags/extract_exchange_rates.py
[2025-03-13T00:20:38.101+0000] {logging_mixin.py:151} INFO - [2025-03-13T00:20:38.101+0000] {dag.py:2941} INFO - Sync 1 DAGs
[2025-03-13T00:20:38.114+0000] {logging_mixin.py:151} INFO - [2025-03-13T00:20:38.113+0000] {dag.py:3722} INFO - Setting next_dagrun for extract_exchange_rates to 2025-03-13T00:00:00+00:00, run_after=2025-03-14T00:00:00+00:00
[2025-03-13T00:20:38.123+0000] {processor.py:179} INFO - Processing /opt/airflow/dags/extract_exchange_rates.py took 0.049 seconds
[2025-03-13T00:21:08.330+0000] {processor.py:157} INFO - Started process (PID=5363) to work on /opt/airflow/dags/extract_exchange_rates.py
[2025-03-13T00:21:08.331+0000] {processor.py:829} INFO - Processing file /opt/airflow/dags/extract_exchange_rates.py for tasks to queue
[2025-03-13T00:21:08.331+0000] {logging_mixin.py:151} INFO - [2025-03-13T00:21:08.331+0000] {dagbag.py:536} INFO - Filling up the DagBag from /opt/airflow/dags/extract_exchange_rates.py
[2025-03-13T00:21:08.342+0000] {processor.py:839} INFO - DAG(s) dict_keys(['extract_exchange_rates']) retrieved from /opt/airflow/dags/extract_exchange_rates.py
[2025-03-13T00:21:08.359+0000] {logging_mixin.py:151} INFO - [2025-03-13T00:21:08.359+0000] {dag.py:2941} INFO - Sync 1 DAGs
[2025-03-13T00:21:08.371+0000] {logging_mixin.py:151} INFO - [2025-03-13T00:21:08.371+0000] {dag.py:3722} INFO - Setting next_dagrun for extract_exchange_rates to 2025-03-13T00:00:00+00:00, run_after=2025-03-14T00:00:00+00:00
[2025-03-13T00:21:08.379+0000] {processor.py:179} INFO - Processing /opt/airflow/dags/extract_exchange_rates.py took 0.051 seconds
[2025-03-13T00:21:38.645+0000] {processor.py:157} INFO - Started process (PID=5368) to work on /opt/airflow/dags/extract_exchange_rates.py
[2025-03-13T00:21:38.645+0000] {processor.py:829} INFO - Processing file /opt/airflow/dags/extract_exchange_rates.py for tasks to queue
[2025-03-13T00:21:38.646+0000] {logging_mixin.py:151} INFO - [2025-03-13T00:21:38.646+0000] {dagbag.py:536} INFO - Filling up the DagBag from /opt/airflow/dags/extract_exchange_rates.py
[2025-03-13T00:21:38.655+0000] {processor.py:839} INFO - DAG(s) dict_keys(['extract_exchange_rates']) retrieved from /opt/airflow/dags/extract_exchange_rates.py
[2025-03-13T00:21:38.670+0000] {logging_mixin.py:151} INFO - [2025-03-13T00:21:38.670+0000] {dag.py:2941} INFO - Sync 1 DAGs
[2025-03-13T00:21:38.681+0000] {logging_mixin.py:151} INFO - [2025-03-13T00:21:38.681+0000] {dag.py:3722} INFO - Setting next_dagrun for extract_exchange_rates to 2025-03-13T00:00:00+00:00, run_after=2025-03-14T00:00:00+00:00
[2025-03-13T00:21:38.689+0000] {processor.py:179} INFO - Processing /opt/airflow/dags/extract_exchange_rates.py took 0.046 seconds
[2025-03-13T00:22:08.930+0000] {processor.py:157} INFO - Started process (PID=5373) to work on /opt/airflow/dags/extract_exchange_rates.py
[2025-03-13T00:22:08.930+0000] {processor.py:829} INFO - Processing file /opt/airflow/dags/extract_exchange_rates.py for tasks to queue
[2025-03-13T00:22:08.931+0000] {logging_mixin.py:151} INFO - [2025-03-13T00:22:08.931+0000] {dagbag.py:536} INFO - Filling up the DagBag from /opt/airflow/dags/extract_exchange_rates.py
[2025-03-13T00:22:08.943+0000] {processor.py:839} INFO - DAG(s) dict_keys(['extract_exchange_rates']) retrieved from /opt/airflow/dags/extract_exchange_rates.py
[2025-03-13T00:22:08.960+0000] {logging_mixin.py:151} INFO - [2025-03-13T00:22:08.960+0000] {dag.py:2941} INFO - Sync 1 DAGs
[2025-03-13T00:22:08.971+0000] {logging_mixin.py:151} INFO - [2025-03-13T00:22:08.971+0000] {dag.py:3722} INFO - Setting next_dagrun for extract_exchange_rates to 2025-03-13T00:00:00+00:00, run_after=2025-03-14T00:00:00+00:00
[2025-03-13T00:22:08.981+0000] {processor.py:179} INFO - Processing /opt/airflow/dags/extract_exchange_rates.py took 0.054 seconds
[2025-03-13T00:22:39.249+0000] {processor.py:157} INFO - Started process (PID=5378) to work on /opt/airflow/dags/extract_exchange_rates.py
[2025-03-13T00:22:39.249+0000] {processor.py:829} INFO - Processing file /opt/airflow/dags/extract_exchange_rates.py for tasks to queue
[2025-03-13T00:22:39.250+0000] {logging_mixin.py:151} INFO - [2025-03-13T00:22:39.250+0000] {dagbag.py:536} INFO - Filling up the DagBag from /opt/airflow/dags/extract_exchange_rates.py
[2025-03-13T00:22:39.260+0000] {processor.py:839} INFO - DAG(s) dict_keys(['extract_exchange_rates']) retrieved from /opt/airflow/dags/extract_exchange_rates.py
[2025-03-13T00:22:39.276+0000] {logging_mixin.py:151} INFO - [2025-03-13T00:22:39.276+0000] {dag.py:2941} INFO - Sync 1 DAGs
[2025-03-13T00:22:39.288+0000] {logging_mixin.py:151} INFO - [2025-03-13T00:22:39.288+0000] {dag.py:3722} INFO - Setting next_dagrun for extract_exchange_rates to 2025-03-13T00:00:00+00:00, run_after=2025-03-14T00:00:00+00:00
[2025-03-13T00:22:39.296+0000] {processor.py:179} INFO - Processing /opt/airflow/dags/extract_exchange_rates.py took 0.049 seconds
[2025-03-13T00:23:09.543+0000] {processor.py:157} INFO - Started process (PID=5383) to work on /opt/airflow/dags/extract_exchange_rates.py
[2025-03-13T00:23:09.544+0000] {processor.py:829} INFO - Processing file /opt/airflow/dags/extract_exchange_rates.py for tasks to queue
[2025-03-13T00:23:09.545+0000] {logging_mixin.py:151} INFO - [2025-03-13T00:23:09.544+0000] {dagbag.py:536} INFO - Filling up the DagBag from /opt/airflow/dags/extract_exchange_rates.py
[2025-03-13T00:23:09.555+0000] {processor.py:839} INFO - DAG(s) dict_keys(['extract_exchange_rates']) retrieved from /opt/airflow/dags/extract_exchange_rates.py
[2025-03-13T00:23:09.572+0000] {logging_mixin.py:151} INFO - [2025-03-13T00:23:09.571+0000] {dag.py:2941} INFO - Sync 1 DAGs
[2025-03-13T00:23:09.582+0000] {logging_mixin.py:151} INFO - [2025-03-13T00:23:09.582+0000] {dag.py:3722} INFO - Setting next_dagrun for extract_exchange_rates to 2025-03-13T00:00:00+00:00, run_after=2025-03-14T00:00:00+00:00
[2025-03-13T00:23:09.589+0000] {processor.py:179} INFO - Processing /opt/airflow/dags/extract_exchange_rates.py took 0.049 seconds
[2025-03-13T00:23:39.817+0000] {processor.py:157} INFO - Started process (PID=5388) to work on /opt/airflow/dags/extract_exchange_rates.py
[2025-03-13T00:23:39.818+0000] {processor.py:829} INFO - Processing file /opt/airflow/dags/extract_exchange_rates.py for tasks to queue
[2025-03-13T00:23:39.818+0000] {logging_mixin.py:151} INFO - [2025-03-13T00:23:39.818+0000] {dagbag.py:536} INFO - Filling up the DagBag from /opt/airflow/dags/extract_exchange_rates.py
[2025-03-13T00:23:39.831+0000] {processor.py:839} INFO - DAG(s) dict_keys(['extract_exchange_rates']) retrieved from /opt/airflow/dags/extract_exchange_rates.py
[2025-03-13T00:23:39.846+0000] {logging_mixin.py:151} INFO - [2025-03-13T00:23:39.846+0000] {dag.py:2941} INFO - Sync 1 DAGs
[2025-03-13T00:23:39.855+0000] {logging_mixin.py:151} INFO - [2025-03-13T00:23:39.855+0000] {dag.py:3722} INFO - Setting next_dagrun for extract_exchange_rates to 2025-03-13T00:00:00+00:00, run_after=2025-03-14T00:00:00+00:00
[2025-03-13T00:23:39.862+0000] {processor.py:179} INFO - Processing /opt/airflow/dags/extract_exchange_rates.py took 0.048 seconds
[2025-03-13T00:24:10.139+0000] {processor.py:157} INFO - Started process (PID=5393) to work on /opt/airflow/dags/extract_exchange_rates.py
[2025-03-13T00:24:10.140+0000] {processor.py:829} INFO - Processing file /opt/airflow/dags/extract_exchange_rates.py for tasks to queue
[2025-03-13T00:24:10.141+0000] {logging_mixin.py:151} INFO - [2025-03-13T00:24:10.140+0000] {dagbag.py:536} INFO - Filling up the DagBag from /opt/airflow/dags/extract_exchange_rates.py
[2025-03-13T00:24:10.151+0000] {processor.py:839} INFO - DAG(s) dict_keys(['extract_exchange_rates']) retrieved from /opt/airflow/dags/extract_exchange_rates.py
[2025-03-13T00:24:10.165+0000] {logging_mixin.py:151} INFO - [2025-03-13T00:24:10.164+0000] {dag.py:2941} INFO - Sync 1 DAGs
[2025-03-13T00:24:10.175+0000] {logging_mixin.py:151} INFO - [2025-03-13T00:24:10.174+0000] {dag.py:3722} INFO - Setting next_dagrun for extract_exchange_rates to 2025-03-13T00:00:00+00:00, run_after=2025-03-14T00:00:00+00:00
[2025-03-13T00:24:10.182+0000] {processor.py:179} INFO - Processing /opt/airflow/dags/extract_exchange_rates.py took 0.045 seconds
[2025-03-13T00:24:40.381+0000] {processor.py:157} INFO - Started process (PID=5398) to work on /opt/airflow/dags/extract_exchange_rates.py
[2025-03-13T00:24:40.382+0000] {processor.py:829} INFO - Processing file /opt/airflow/dags/extract_exchange_rates.py for tasks to queue
[2025-03-13T00:24:40.383+0000] {logging_mixin.py:151} INFO - [2025-03-13T00:24:40.382+0000] {dagbag.py:536} INFO - Filling up the DagBag from /opt/airflow/dags/extract_exchange_rates.py
[2025-03-13T00:24:40.395+0000] {processor.py:839} INFO - DAG(s) dict_keys(['extract_exchange_rates']) retrieved from /opt/airflow/dags/extract_exchange_rates.py
[2025-03-13T00:24:40.409+0000] {logging_mixin.py:151} INFO - [2025-03-13T00:24:40.409+0000] {dag.py:2941} INFO - Sync 1 DAGs
[2025-03-13T00:24:40.420+0000] {logging_mixin.py:151} INFO - [2025-03-13T00:24:40.420+0000] {dag.py:3722} INFO - Setting next_dagrun for extract_exchange_rates to 2025-03-13T00:00:00+00:00, run_after=2025-03-14T00:00:00+00:00
[2025-03-13T00:24:40.427+0000] {processor.py:179} INFO - Processing /opt/airflow/dags/extract_exchange_rates.py took 0.049 seconds
[2025-03-13T00:25:10.661+0000] {processor.py:157} INFO - Started process (PID=5403) to work on /opt/airflow/dags/extract_exchange_rates.py
[2025-03-13T00:25:10.662+0000] {processor.py:829} INFO - Processing file /opt/airflow/dags/extract_exchange_rates.py for tasks to queue
[2025-03-13T00:25:10.662+0000] {logging_mixin.py:151} INFO - [2025-03-13T00:25:10.662+0000] {dagbag.py:536} INFO - Filling up the DagBag from /opt/airflow/dags/extract_exchange_rates.py
[2025-03-13T00:25:10.671+0000] {processor.py:839} INFO - DAG(s) dict_keys(['extract_exchange_rates']) retrieved from /opt/airflow/dags/extract_exchange_rates.py
[2025-03-13T00:25:10.687+0000] {logging_mixin.py:151} INFO - [2025-03-13T00:25:10.687+0000] {dag.py:2941} INFO - Sync 1 DAGs
[2025-03-13T00:25:10.699+0000] {logging_mixin.py:151} INFO - [2025-03-13T00:25:10.698+0000] {dag.py:3722} INFO - Setting next_dagrun for extract_exchange_rates to 2025-03-13T00:00:00+00:00, run_after=2025-03-14T00:00:00+00:00
[2025-03-13T00:25:10.708+0000] {processor.py:179} INFO - Processing /opt/airflow/dags/extract_exchange_rates.py took 0.049 seconds
[2025-03-13T00:25:40.937+0000] {processor.py:157} INFO - Started process (PID=5408) to work on /opt/airflow/dags/extract_exchange_rates.py
[2025-03-13T00:25:40.937+0000] {processor.py:829} INFO - Processing file /opt/airflow/dags/extract_exchange_rates.py for tasks to queue
[2025-03-13T00:25:40.938+0000] {logging_mixin.py:151} INFO - [2025-03-13T00:25:40.938+0000] {dagbag.py:536} INFO - Filling up the DagBag from /opt/airflow/dags/extract_exchange_rates.py
[2025-03-13T00:25:40.947+0000] {processor.py:839} INFO - DAG(s) dict_keys(['extract_exchange_rates']) retrieved from /opt/airflow/dags/extract_exchange_rates.py
[2025-03-13T00:25:40.962+0000] {logging_mixin.py:151} INFO - [2025-03-13T00:25:40.962+0000] {dag.py:2941} INFO - Sync 1 DAGs
[2025-03-13T00:25:40.975+0000] {logging_mixin.py:151} INFO - [2025-03-13T00:25:40.974+0000] {dag.py:3722} INFO - Setting next_dagrun for extract_exchange_rates to 2025-03-13T00:00:00+00:00, run_after=2025-03-14T00:00:00+00:00
[2025-03-13T00:25:40.983+0000] {processor.py:179} INFO - Processing /opt/airflow/dags/extract_exchange_rates.py took 0.048 seconds
[2025-03-13T00:26:11.190+0000] {processor.py:157} INFO - Started process (PID=5413) to work on /opt/airflow/dags/extract_exchange_rates.py
[2025-03-13T00:26:11.190+0000] {processor.py:829} INFO - Processing file /opt/airflow/dags/extract_exchange_rates.py for tasks to queue
[2025-03-13T00:26:11.191+0000] {logging_mixin.py:151} INFO - [2025-03-13T00:26:11.191+0000] {dagbag.py:536} INFO - Filling up the DagBag from /opt/airflow/dags/extract_exchange_rates.py
[2025-03-13T00:26:11.200+0000] {processor.py:839} INFO - DAG(s) dict_keys(['extract_exchange_rates']) retrieved from /opt/airflow/dags/extract_exchange_rates.py
[2025-03-13T00:26:11.215+0000] {logging_mixin.py:151} INFO - [2025-03-13T00:26:11.215+0000] {dag.py:2941} INFO - Sync 1 DAGs
[2025-03-13T00:26:11.227+0000] {logging_mixin.py:151} INFO - [2025-03-13T00:26:11.226+0000] {dag.py:3722} INFO - Setting next_dagrun for extract_exchange_rates to 2025-03-13T00:00:00+00:00, run_after=2025-03-14T00:00:00+00:00
[2025-03-13T00:26:11.235+0000] {processor.py:179} INFO - Processing /opt/airflow/dags/extract_exchange_rates.py took 0.048 seconds
[2025-03-13T00:26:41.488+0000] {processor.py:157} INFO - Started process (PID=5418) to work on /opt/airflow/dags/extract_exchange_rates.py
[2025-03-13T00:26:41.489+0000] {processor.py:829} INFO - Processing file /opt/airflow/dags/extract_exchange_rates.py for tasks to queue
[2025-03-13T00:26:41.490+0000] {logging_mixin.py:151} INFO - [2025-03-13T00:26:41.489+0000] {dagbag.py:536} INFO - Filling up the DagBag from /opt/airflow/dags/extract_exchange_rates.py
[2025-03-13T00:26:41.501+0000] {processor.py:839} INFO - DAG(s) dict_keys(['extract_exchange_rates']) retrieved from /opt/airflow/dags/extract_exchange_rates.py
[2025-03-13T00:26:41.516+0000] {logging_mixin.py:151} INFO - [2025-03-13T00:26:41.516+0000] {dag.py:2941} INFO - Sync 1 DAGs
[2025-03-13T00:26:41.526+0000] {logging_mixin.py:151} INFO - [2025-03-13T00:26:41.526+0000] {dag.py:3722} INFO - Setting next_dagrun for extract_exchange_rates to 2025-03-13T00:00:00+00:00, run_after=2025-03-14T00:00:00+00:00
[2025-03-13T00:26:41.533+0000] {processor.py:179} INFO - Processing /opt/airflow/dags/extract_exchange_rates.py took 0.047 seconds
[2025-03-13T00:27:11.760+0000] {processor.py:157} INFO - Started process (PID=5423) to work on /opt/airflow/dags/extract_exchange_rates.py
[2025-03-13T00:27:11.761+0000] {processor.py:829} INFO - Processing file /opt/airflow/dags/extract_exchange_rates.py for tasks to queue
[2025-03-13T00:27:11.761+0000] {logging_mixin.py:151} INFO - [2025-03-13T00:27:11.761+0000] {dagbag.py:536} INFO - Filling up the DagBag from /opt/airflow/dags/extract_exchange_rates.py
[2025-03-13T00:27:11.770+0000] {processor.py:839} INFO - DAG(s) dict_keys(['extract_exchange_rates']) retrieved from /opt/airflow/dags/extract_exchange_rates.py
[2025-03-13T00:27:11.785+0000] {logging_mixin.py:151} INFO - [2025-03-13T00:27:11.785+0000] {dag.py:2941} INFO - Sync 1 DAGs
[2025-03-13T00:27:11.797+0000] {logging_mixin.py:151} INFO - [2025-03-13T00:27:11.797+0000] {dag.py:3722} INFO - Setting next_dagrun for extract_exchange_rates to 2025-03-13T00:00:00+00:00, run_after=2025-03-14T00:00:00+00:00
[2025-03-13T00:27:11.805+0000] {processor.py:179} INFO - Processing /opt/airflow/dags/extract_exchange_rates.py took 0.047 seconds
[2025-03-13T00:27:42.045+0000] {processor.py:157} INFO - Started process (PID=5428) to work on /opt/airflow/dags/extract_exchange_rates.py
[2025-03-13T00:27:42.045+0000] {processor.py:829} INFO - Processing file /opt/airflow/dags/extract_exchange_rates.py for tasks to queue
[2025-03-13T00:27:42.046+0000] {logging_mixin.py:151} INFO - [2025-03-13T00:27:42.046+0000] {dagbag.py:536} INFO - Filling up the DagBag from /opt/airflow/dags/extract_exchange_rates.py
[2025-03-13T00:27:42.055+0000] {processor.py:839} INFO - DAG(s) dict_keys(['extract_exchange_rates']) retrieved from /opt/airflow/dags/extract_exchange_rates.py
[2025-03-13T00:27:42.069+0000] {logging_mixin.py:151} INFO - [2025-03-13T00:27:42.069+0000] {dag.py:2941} INFO - Sync 1 DAGs
[2025-03-13T00:27:42.082+0000] {logging_mixin.py:151} INFO - [2025-03-13T00:27:42.082+0000] {dag.py:3722} INFO - Setting next_dagrun for extract_exchange_rates to 2025-03-13T00:00:00+00:00, run_after=2025-03-14T00:00:00+00:00
[2025-03-13T00:27:42.091+0000] {processor.py:179} INFO - Processing /opt/airflow/dags/extract_exchange_rates.py took 0.048 seconds
[2025-03-13T00:28:12.320+0000] {processor.py:157} INFO - Started process (PID=5433) to work on /opt/airflow/dags/extract_exchange_rates.py
[2025-03-13T00:28:12.320+0000] {processor.py:829} INFO - Processing file /opt/airflow/dags/extract_exchange_rates.py for tasks to queue
[2025-03-13T00:28:12.321+0000] {logging_mixin.py:151} INFO - [2025-03-13T00:28:12.321+0000] {dagbag.py:536} INFO - Filling up the DagBag from /opt/airflow/dags/extract_exchange_rates.py
[2025-03-13T00:28:12.331+0000] {processor.py:839} INFO - DAG(s) dict_keys(['extract_exchange_rates']) retrieved from /opt/airflow/dags/extract_exchange_rates.py
[2025-03-13T00:28:12.346+0000] {logging_mixin.py:151} INFO - [2025-03-13T00:28:12.346+0000] {dag.py:2941} INFO - Sync 1 DAGs
[2025-03-13T00:28:12.358+0000] {logging_mixin.py:151} INFO - [2025-03-13T00:28:12.358+0000] {dag.py:3722} INFO - Setting next_dagrun for extract_exchange_rates to 2025-03-13T00:00:00+00:00, run_after=2025-03-14T00:00:00+00:00
[2025-03-13T00:28:12.368+0000] {processor.py:179} INFO - Processing /opt/airflow/dags/extract_exchange_rates.py took 0.051 seconds
[2025-03-13T00:28:42.606+0000] {processor.py:157} INFO - Started process (PID=5438) to work on /opt/airflow/dags/extract_exchange_rates.py
[2025-03-13T00:28:42.607+0000] {processor.py:829} INFO - Processing file /opt/airflow/dags/extract_exchange_rates.py for tasks to queue
[2025-03-13T00:28:42.607+0000] {logging_mixin.py:151} INFO - [2025-03-13T00:28:42.607+0000] {dagbag.py:536} INFO - Filling up the DagBag from /opt/airflow/dags/extract_exchange_rates.py
[2025-03-13T00:28:42.619+0000] {processor.py:839} INFO - DAG(s) dict_keys(['extract_exchange_rates']) retrieved from /opt/airflow/dags/extract_exchange_rates.py
[2025-03-13T00:28:42.641+0000] {logging_mixin.py:151} INFO - [2025-03-13T00:28:42.641+0000] {dag.py:2941} INFO - Sync 1 DAGs
[2025-03-13T00:28:42.652+0000] {logging_mixin.py:151} INFO - [2025-03-13T00:28:42.652+0000] {dag.py:3722} INFO - Setting next_dagrun for extract_exchange_rates to 2025-03-13T00:00:00+00:00, run_after=2025-03-14T00:00:00+00:00
[2025-03-13T00:28:42.659+0000] {processor.py:179} INFO - Processing /opt/airflow/dags/extract_exchange_rates.py took 0.055 seconds
[2025-03-13T00:29:12.934+0000] {processor.py:157} INFO - Started process (PID=5443) to work on /opt/airflow/dags/extract_exchange_rates.py
[2025-03-13T00:29:12.935+0000] {processor.py:829} INFO - Processing file /opt/airflow/dags/extract_exchange_rates.py for tasks to queue
[2025-03-13T00:29:12.936+0000] {logging_mixin.py:151} INFO - [2025-03-13T00:29:12.935+0000] {dagbag.py:536} INFO - Filling up the DagBag from /opt/airflow/dags/extract_exchange_rates.py
[2025-03-13T00:29:12.946+0000] {processor.py:839} INFO - DAG(s) dict_keys(['extract_exchange_rates']) retrieved from /opt/airflow/dags/extract_exchange_rates.py
[2025-03-13T00:29:12.960+0000] {logging_mixin.py:151} INFO - [2025-03-13T00:29:12.960+0000] {dag.py:2941} INFO - Sync 1 DAGs
[2025-03-13T00:29:12.970+0000] {logging_mixin.py:151} INFO - [2025-03-13T00:29:12.970+0000] {dag.py:3722} INFO - Setting next_dagrun for extract_exchange_rates to 2025-03-13T00:00:00+00:00, run_after=2025-03-14T00:00:00+00:00
[2025-03-13T00:29:12.978+0000] {processor.py:179} INFO - Processing /opt/airflow/dags/extract_exchange_rates.py took 0.046 seconds
[2025-03-13T00:29:43.261+0000] {processor.py:157} INFO - Started process (PID=5448) to work on /opt/airflow/dags/extract_exchange_rates.py
[2025-03-13T00:29:43.262+0000] {processor.py:829} INFO - Processing file /opt/airflow/dags/extract_exchange_rates.py for tasks to queue
[2025-03-13T00:29:43.262+0000] {logging_mixin.py:151} INFO - [2025-03-13T00:29:43.262+0000] {dagbag.py:536} INFO - Filling up the DagBag from /opt/airflow/dags/extract_exchange_rates.py
[2025-03-13T00:29:43.271+0000] {processor.py:839} INFO - DAG(s) dict_keys(['extract_exchange_rates']) retrieved from /opt/airflow/dags/extract_exchange_rates.py
[2025-03-13T00:29:43.284+0000] {logging_mixin.py:151} INFO - [2025-03-13T00:29:43.284+0000] {dag.py:2941} INFO - Sync 1 DAGs
[2025-03-13T00:29:43.293+0000] {logging_mixin.py:151} INFO - [2025-03-13T00:29:43.293+0000] {dag.py:3722} INFO - Setting next_dagrun for extract_exchange_rates to 2025-03-13T00:00:00+00:00, run_after=2025-03-14T00:00:00+00:00
[2025-03-13T00:29:43.300+0000] {processor.py:179} INFO - Processing /opt/airflow/dags/extract_exchange_rates.py took 0.041 seconds
[2025-03-13T00:30:13.620+0000] {processor.py:157} INFO - Started process (PID=5453) to work on /opt/airflow/dags/extract_exchange_rates.py
[2025-03-13T00:30:13.621+0000] {processor.py:829} INFO - Processing file /opt/airflow/dags/extract_exchange_rates.py for tasks to queue
[2025-03-13T00:30:13.621+0000] {logging_mixin.py:151} INFO - [2025-03-13T00:30:13.621+0000] {dagbag.py:536} INFO - Filling up the DagBag from /opt/airflow/dags/extract_exchange_rates.py
[2025-03-13T00:30:13.632+0000] {processor.py:839} INFO - DAG(s) dict_keys(['extract_exchange_rates']) retrieved from /opt/airflow/dags/extract_exchange_rates.py
[2025-03-13T00:30:13.645+0000] {logging_mixin.py:151} INFO - [2025-03-13T00:30:13.645+0000] {dag.py:2941} INFO - Sync 1 DAGs
[2025-03-13T00:30:13.654+0000] {logging_mixin.py:151} INFO - [2025-03-13T00:30:13.654+0000] {dag.py:3722} INFO - Setting next_dagrun for extract_exchange_rates to 2025-03-13T00:00:00+00:00, run_after=2025-03-14T00:00:00+00:00
[2025-03-13T00:30:13.662+0000] {processor.py:179} INFO - Processing /opt/airflow/dags/extract_exchange_rates.py took 0.044 seconds
[2025-03-13T00:30:43.959+0000] {processor.py:157} INFO - Started process (PID=5458) to work on /opt/airflow/dags/extract_exchange_rates.py
[2025-03-13T00:30:43.960+0000] {processor.py:829} INFO - Processing file /opt/airflow/dags/extract_exchange_rates.py for tasks to queue
[2025-03-13T00:30:43.960+0000] {logging_mixin.py:151} INFO - [2025-03-13T00:30:43.960+0000] {dagbag.py:536} INFO - Filling up the DagBag from /opt/airflow/dags/extract_exchange_rates.py
[2025-03-13T00:30:43.971+0000] {processor.py:839} INFO - DAG(s) dict_keys(['extract_exchange_rates']) retrieved from /opt/airflow/dags/extract_exchange_rates.py
[2025-03-13T00:30:43.986+0000] {logging_mixin.py:151} INFO - [2025-03-13T00:30:43.985+0000] {dag.py:2941} INFO - Sync 1 DAGs
[2025-03-13T00:30:43.996+0000] {logging_mixin.py:151} INFO - [2025-03-13T00:30:43.996+0000] {dag.py:3722} INFO - Setting next_dagrun for extract_exchange_rates to 2025-03-13T00:00:00+00:00, run_after=2025-03-14T00:00:00+00:00
[2025-03-13T00:30:44.004+0000] {processor.py:179} INFO - Processing /opt/airflow/dags/extract_exchange_rates.py took 0.048 seconds
[2025-03-13T00:31:14.281+0000] {processor.py:157} INFO - Started process (PID=5463) to work on /opt/airflow/dags/extract_exchange_rates.py
[2025-03-13T00:31:14.281+0000] {processor.py:829} INFO - Processing file /opt/airflow/dags/extract_exchange_rates.py for tasks to queue
[2025-03-13T00:31:14.282+0000] {logging_mixin.py:151} INFO - [2025-03-13T00:31:14.282+0000] {dagbag.py:536} INFO - Filling up the DagBag from /opt/airflow/dags/extract_exchange_rates.py
[2025-03-13T00:31:14.292+0000] {processor.py:839} INFO - DAG(s) dict_keys(['extract_exchange_rates']) retrieved from /opt/airflow/dags/extract_exchange_rates.py
[2025-03-13T00:31:14.303+0000] {logging_mixin.py:151} INFO - [2025-03-13T00:31:14.303+0000] {dag.py:2941} INFO - Sync 1 DAGs
[2025-03-13T00:31:14.313+0000] {logging_mixin.py:151} INFO - [2025-03-13T00:31:14.313+0000] {dag.py:3722} INFO - Setting next_dagrun for extract_exchange_rates to 2025-03-13T00:00:00+00:00, run_after=2025-03-14T00:00:00+00:00
[2025-03-13T00:31:14.320+0000] {processor.py:179} INFO - Processing /opt/airflow/dags/extract_exchange_rates.py took 0.042 seconds
[2025-03-13T00:31:44.629+0000] {processor.py:157} INFO - Started process (PID=5468) to work on /opt/airflow/dags/extract_exchange_rates.py
[2025-03-13T00:31:44.630+0000] {processor.py:829} INFO - Processing file /opt/airflow/dags/extract_exchange_rates.py for tasks to queue
[2025-03-13T00:31:44.631+0000] {logging_mixin.py:151} INFO - [2025-03-13T00:31:44.631+0000] {dagbag.py:536} INFO - Filling up the DagBag from /opt/airflow/dags/extract_exchange_rates.py
[2025-03-13T00:31:44.642+0000] {processor.py:839} INFO - DAG(s) dict_keys(['extract_exchange_rates']) retrieved from /opt/airflow/dags/extract_exchange_rates.py
[2025-03-13T00:31:44.657+0000] {logging_mixin.py:151} INFO - [2025-03-13T00:31:44.657+0000] {dag.py:2941} INFO - Sync 1 DAGs
[2025-03-13T00:31:44.668+0000] {logging_mixin.py:151} INFO - [2025-03-13T00:31:44.668+0000] {dag.py:3722} INFO - Setting next_dagrun for extract_exchange_rates to 2025-03-13T00:00:00+00:00, run_after=2025-03-14T00:00:00+00:00
[2025-03-13T00:31:44.676+0000] {processor.py:179} INFO - Processing /opt/airflow/dags/extract_exchange_rates.py took 0.049 seconds
[2025-03-13T00:32:14.932+0000] {processor.py:157} INFO - Started process (PID=5473) to work on /opt/airflow/dags/extract_exchange_rates.py
[2025-03-13T00:32:14.933+0000] {processor.py:829} INFO - Processing file /opt/airflow/dags/extract_exchange_rates.py for tasks to queue
[2025-03-13T00:32:14.933+0000] {logging_mixin.py:151} INFO - [2025-03-13T00:32:14.933+0000] {dagbag.py:536} INFO - Filling up the DagBag from /opt/airflow/dags/extract_exchange_rates.py
[2025-03-13T00:32:14.941+0000] {processor.py:839} INFO - DAG(s) dict_keys(['extract_exchange_rates']) retrieved from /opt/airflow/dags/extract_exchange_rates.py
[2025-03-13T00:32:14.953+0000] {logging_mixin.py:151} INFO - [2025-03-13T00:32:14.953+0000] {dag.py:2941} INFO - Sync 1 DAGs
[2025-03-13T00:32:14.962+0000] {logging_mixin.py:151} INFO - [2025-03-13T00:32:14.962+0000] {dag.py:3722} INFO - Setting next_dagrun for extract_exchange_rates to 2025-03-13T00:00:00+00:00, run_after=2025-03-14T00:00:00+00:00
[2025-03-13T00:32:14.970+0000] {processor.py:179} INFO - Processing /opt/airflow/dags/extract_exchange_rates.py took 0.039 seconds
[2025-03-13T00:32:45.252+0000] {processor.py:157} INFO - Started process (PID=5478) to work on /opt/airflow/dags/extract_exchange_rates.py
[2025-03-13T00:32:45.253+0000] {processor.py:829} INFO - Processing file /opt/airflow/dags/extract_exchange_rates.py for tasks to queue
[2025-03-13T00:32:45.253+0000] {logging_mixin.py:151} INFO - [2025-03-13T00:32:45.253+0000] {dagbag.py:536} INFO - Filling up the DagBag from /opt/airflow/dags/extract_exchange_rates.py
[2025-03-13T00:32:45.261+0000] {processor.py:839} INFO - DAG(s) dict_keys(['extract_exchange_rates']) retrieved from /opt/airflow/dags/extract_exchange_rates.py
[2025-03-13T00:32:45.274+0000] {logging_mixin.py:151} INFO - [2025-03-13T00:32:45.273+0000] {dag.py:2941} INFO - Sync 1 DAGs
[2025-03-13T00:32:45.283+0000] {logging_mixin.py:151} INFO - [2025-03-13T00:32:45.283+0000] {dag.py:3722} INFO - Setting next_dagrun for extract_exchange_rates to 2025-03-13T00:00:00+00:00, run_after=2025-03-14T00:00:00+00:00
[2025-03-13T00:32:45.290+0000] {processor.py:179} INFO - Processing /opt/airflow/dags/extract_exchange_rates.py took 0.041 seconds
[2025-03-13T00:33:15.531+0000] {processor.py:157} INFO - Started process (PID=5483) to work on /opt/airflow/dags/extract_exchange_rates.py
[2025-03-13T00:33:15.532+0000] {processor.py:829} INFO - Processing file /opt/airflow/dags/extract_exchange_rates.py for tasks to queue
[2025-03-13T00:33:15.532+0000] {logging_mixin.py:151} INFO - [2025-03-13T00:33:15.532+0000] {dagbag.py:536} INFO - Filling up the DagBag from /opt/airflow/dags/extract_exchange_rates.py
[2025-03-13T00:33:15.541+0000] {processor.py:839} INFO - DAG(s) dict_keys(['extract_exchange_rates']) retrieved from /opt/airflow/dags/extract_exchange_rates.py
[2025-03-13T00:33:15.553+0000] {logging_mixin.py:151} INFO - [2025-03-13T00:33:15.553+0000] {dag.py:2941} INFO - Sync 1 DAGs
[2025-03-13T00:33:15.563+0000] {logging_mixin.py:151} INFO - [2025-03-13T00:33:15.563+0000] {dag.py:3722} INFO - Setting next_dagrun for extract_exchange_rates to 2025-03-13T00:00:00+00:00, run_after=2025-03-14T00:00:00+00:00
[2025-03-13T00:33:15.570+0000] {processor.py:179} INFO - Processing /opt/airflow/dags/extract_exchange_rates.py took 0.042 seconds
[2025-03-13T00:33:45.807+0000] {processor.py:157} INFO - Started process (PID=5488) to work on /opt/airflow/dags/extract_exchange_rates.py
[2025-03-13T00:33:45.808+0000] {processor.py:829} INFO - Processing file /opt/airflow/dags/extract_exchange_rates.py for tasks to queue
[2025-03-13T00:33:45.808+0000] {logging_mixin.py:151} INFO - [2025-03-13T00:33:45.808+0000] {dagbag.py:536} INFO - Filling up the DagBag from /opt/airflow/dags/extract_exchange_rates.py
[2025-03-13T00:33:45.819+0000] {processor.py:839} INFO - DAG(s) dict_keys(['extract_exchange_rates']) retrieved from /opt/airflow/dags/extract_exchange_rates.py
[2025-03-13T00:33:45.833+0000] {logging_mixin.py:151} INFO - [2025-03-13T00:33:45.833+0000] {dag.py:2941} INFO - Sync 1 DAGs
[2025-03-13T00:33:45.843+0000] {logging_mixin.py:151} INFO - [2025-03-13T00:33:45.843+0000] {dag.py:3722} INFO - Setting next_dagrun for extract_exchange_rates to 2025-03-13T00:00:00+00:00, run_after=2025-03-14T00:00:00+00:00
[2025-03-13T00:33:45.851+0000] {processor.py:179} INFO - Processing /opt/airflow/dags/extract_exchange_rates.py took 0.046 seconds
[2025-03-13T00:34:16.067+0000] {processor.py:157} INFO - Started process (PID=5493) to work on /opt/airflow/dags/extract_exchange_rates.py
[2025-03-13T00:34:16.068+0000] {processor.py:829} INFO - Processing file /opt/airflow/dags/extract_exchange_rates.py for tasks to queue
[2025-03-13T00:34:16.069+0000] {logging_mixin.py:151} INFO - [2025-03-13T00:34:16.069+0000] {dagbag.py:536} INFO - Filling up the DagBag from /opt/airflow/dags/extract_exchange_rates.py
[2025-03-13T00:34:16.079+0000] {processor.py:839} INFO - DAG(s) dict_keys(['extract_exchange_rates']) retrieved from /opt/airflow/dags/extract_exchange_rates.py
[2025-03-13T00:34:16.097+0000] {logging_mixin.py:151} INFO - [2025-03-13T00:34:16.097+0000] {dag.py:2941} INFO - Sync 1 DAGs
[2025-03-13T00:34:16.111+0000] {logging_mixin.py:151} INFO - [2025-03-13T00:34:16.111+0000] {dag.py:3722} INFO - Setting next_dagrun for extract_exchange_rates to 2025-03-13T00:00:00+00:00, run_after=2025-03-14T00:00:00+00:00
[2025-03-13T00:34:16.119+0000] {processor.py:179} INFO - Processing /opt/airflow/dags/extract_exchange_rates.py took 0.054 seconds
[2025-03-13T00:34:46.315+0000] {processor.py:157} INFO - Started process (PID=5498) to work on /opt/airflow/dags/extract_exchange_rates.py
[2025-03-13T00:34:46.316+0000] {processor.py:829} INFO - Processing file /opt/airflow/dags/extract_exchange_rates.py for tasks to queue
[2025-03-13T00:34:46.317+0000] {logging_mixin.py:151} INFO - [2025-03-13T00:34:46.317+0000] {dagbag.py:536} INFO - Filling up the DagBag from /opt/airflow/dags/extract_exchange_rates.py
[2025-03-13T00:34:46.330+0000] {processor.py:839} INFO - DAG(s) dict_keys(['extract_exchange_rates']) retrieved from /opt/airflow/dags/extract_exchange_rates.py
[2025-03-13T00:34:46.348+0000] {logging_mixin.py:151} INFO - [2025-03-13T00:34:46.347+0000] {dag.py:2941} INFO - Sync 1 DAGs
[2025-03-13T00:34:46.360+0000] {logging_mixin.py:151} INFO - [2025-03-13T00:34:46.360+0000] {dag.py:3722} INFO - Setting next_dagrun for extract_exchange_rates to 2025-03-13T00:00:00+00:00, run_after=2025-03-14T00:00:00+00:00
[2025-03-13T00:34:46.368+0000] {processor.py:179} INFO - Processing /opt/airflow/dags/extract_exchange_rates.py took 0.057 seconds
[2025-03-13T00:35:16.589+0000] {processor.py:157} INFO - Started process (PID=5503) to work on /opt/airflow/dags/extract_exchange_rates.py
[2025-03-13T00:35:16.591+0000] {processor.py:829} INFO - Processing file /opt/airflow/dags/extract_exchange_rates.py for tasks to queue
[2025-03-13T00:35:16.592+0000] {logging_mixin.py:151} INFO - [2025-03-13T00:35:16.592+0000] {dagbag.py:536} INFO - Filling up the DagBag from /opt/airflow/dags/extract_exchange_rates.py
[2025-03-13T00:35:16.603+0000] {processor.py:839} INFO - DAG(s) dict_keys(['extract_exchange_rates']) retrieved from /opt/airflow/dags/extract_exchange_rates.py
[2025-03-13T00:35:16.619+0000] {logging_mixin.py:151} INFO - [2025-03-13T00:35:16.618+0000] {dag.py:2941} INFO - Sync 1 DAGs
[2025-03-13T00:35:16.629+0000] {logging_mixin.py:151} INFO - [2025-03-13T00:35:16.629+0000] {dag.py:3722} INFO - Setting next_dagrun for extract_exchange_rates to 2025-03-13T00:00:00+00:00, run_after=2025-03-14T00:00:00+00:00
[2025-03-13T00:35:16.637+0000] {processor.py:179} INFO - Processing /opt/airflow/dags/extract_exchange_rates.py took 0.051 seconds
[2025-03-13T00:35:46.996+0000] {processor.py:157} INFO - Started process (PID=5508) to work on /opt/airflow/dags/extract_exchange_rates.py
[2025-03-13T00:35:46.997+0000] {processor.py:829} INFO - Processing file /opt/airflow/dags/extract_exchange_rates.py for tasks to queue
[2025-03-13T00:35:46.997+0000] {logging_mixin.py:151} INFO - [2025-03-13T00:35:46.997+0000] {dagbag.py:536} INFO - Filling up the DagBag from /opt/airflow/dags/extract_exchange_rates.py
[2025-03-13T00:35:47.009+0000] {processor.py:839} INFO - DAG(s) dict_keys(['extract_exchange_rates']) retrieved from /opt/airflow/dags/extract_exchange_rates.py
[2025-03-13T00:35:47.026+0000] {logging_mixin.py:151} INFO - [2025-03-13T00:35:47.026+0000] {dag.py:2941} INFO - Sync 1 DAGs
[2025-03-13T00:35:47.036+0000] {logging_mixin.py:151} INFO - [2025-03-13T00:35:47.035+0000] {dag.py:3722} INFO - Setting next_dagrun for extract_exchange_rates to 2025-03-13T00:00:00+00:00, run_after=2025-03-14T00:00:00+00:00
[2025-03-13T00:35:47.043+0000] {processor.py:179} INFO - Processing /opt/airflow/dags/extract_exchange_rates.py took 0.050 seconds
[2025-03-13T00:36:17.323+0000] {processor.py:157} INFO - Started process (PID=5513) to work on /opt/airflow/dags/extract_exchange_rates.py
[2025-03-13T00:36:17.324+0000] {processor.py:829} INFO - Processing file /opt/airflow/dags/extract_exchange_rates.py for tasks to queue
[2025-03-13T00:36:17.324+0000] {logging_mixin.py:151} INFO - [2025-03-13T00:36:17.324+0000] {dagbag.py:536} INFO - Filling up the DagBag from /opt/airflow/dags/extract_exchange_rates.py
[2025-03-13T00:36:17.336+0000] {processor.py:839} INFO - DAG(s) dict_keys(['extract_exchange_rates']) retrieved from /opt/airflow/dags/extract_exchange_rates.py
[2025-03-13T00:36:17.352+0000] {logging_mixin.py:151} INFO - [2025-03-13T00:36:17.351+0000] {dag.py:2941} INFO - Sync 1 DAGs
[2025-03-13T00:36:17.363+0000] {logging_mixin.py:151} INFO - [2025-03-13T00:36:17.363+0000] {dag.py:3722} INFO - Setting next_dagrun for extract_exchange_rates to 2025-03-13T00:00:00+00:00, run_after=2025-03-14T00:00:00+00:00
[2025-03-13T00:36:17.371+0000] {processor.py:179} INFO - Processing /opt/airflow/dags/extract_exchange_rates.py took 0.051 seconds
[2025-03-13T00:36:47.658+0000] {processor.py:157} INFO - Started process (PID=5518) to work on /opt/airflow/dags/extract_exchange_rates.py
[2025-03-13T00:36:47.659+0000] {processor.py:829} INFO - Processing file /opt/airflow/dags/extract_exchange_rates.py for tasks to queue
[2025-03-13T00:36:47.659+0000] {logging_mixin.py:151} INFO - [2025-03-13T00:36:47.659+0000] {dagbag.py:536} INFO - Filling up the DagBag from /opt/airflow/dags/extract_exchange_rates.py
[2025-03-13T00:36:47.670+0000] {processor.py:839} INFO - DAG(s) dict_keys(['extract_exchange_rates']) retrieved from /opt/airflow/dags/extract_exchange_rates.py
[2025-03-13T00:36:47.684+0000] {logging_mixin.py:151} INFO - [2025-03-13T00:36:47.684+0000] {dag.py:2941} INFO - Sync 1 DAGs
[2025-03-13T00:36:47.694+0000] {logging_mixin.py:151} INFO - [2025-03-13T00:36:47.694+0000] {dag.py:3722} INFO - Setting next_dagrun for extract_exchange_rates to 2025-03-13T00:00:00+00:00, run_after=2025-03-14T00:00:00+00:00
[2025-03-13T00:36:47.701+0000] {processor.py:179} INFO - Processing /opt/airflow/dags/extract_exchange_rates.py took 0.049 seconds
[2025-03-13T00:37:17.968+0000] {processor.py:157} INFO - Started process (PID=5523) to work on /opt/airflow/dags/extract_exchange_rates.py
[2025-03-13T00:37:17.969+0000] {processor.py:829} INFO - Processing file /opt/airflow/dags/extract_exchange_rates.py for tasks to queue
[2025-03-13T00:37:17.969+0000] {logging_mixin.py:151} INFO - [2025-03-13T00:37:17.969+0000] {dagbag.py:536} INFO - Filling up the DagBag from /opt/airflow/dags/extract_exchange_rates.py
[2025-03-13T00:37:17.981+0000] {processor.py:839} INFO - DAG(s) dict_keys(['extract_exchange_rates']) retrieved from /opt/airflow/dags/extract_exchange_rates.py
[2025-03-13T00:37:17.997+0000] {logging_mixin.py:151} INFO - [2025-03-13T00:37:17.997+0000] {dag.py:2941} INFO - Sync 1 DAGs
[2025-03-13T00:37:18.009+0000] {logging_mixin.py:151} INFO - [2025-03-13T00:37:18.009+0000] {dag.py:3722} INFO - Setting next_dagrun for extract_exchange_rates to 2025-03-13T00:00:00+00:00, run_after=2025-03-14T00:00:00+00:00
[2025-03-13T00:37:18.016+0000] {processor.py:179} INFO - Processing /opt/airflow/dags/extract_exchange_rates.py took 0.051 seconds
[2025-03-13T00:37:48.279+0000] {processor.py:157} INFO - Started process (PID=5528) to work on /opt/airflow/dags/extract_exchange_rates.py
[2025-03-13T00:37:48.279+0000] {processor.py:829} INFO - Processing file /opt/airflow/dags/extract_exchange_rates.py for tasks to queue
[2025-03-13T00:37:48.280+0000] {logging_mixin.py:151} INFO - [2025-03-13T00:37:48.280+0000] {dagbag.py:536} INFO - Filling up the DagBag from /opt/airflow/dags/extract_exchange_rates.py
[2025-03-13T00:37:48.291+0000] {processor.py:839} INFO - DAG(s) dict_keys(['extract_exchange_rates']) retrieved from /opt/airflow/dags/extract_exchange_rates.py
[2025-03-13T00:37:48.306+0000] {logging_mixin.py:151} INFO - [2025-03-13T00:37:48.306+0000] {dag.py:2941} INFO - Sync 1 DAGs
[2025-03-13T00:37:48.317+0000] {logging_mixin.py:151} INFO - [2025-03-13T00:37:48.317+0000] {dag.py:3722} INFO - Setting next_dagrun for extract_exchange_rates to 2025-03-13T00:00:00+00:00, run_after=2025-03-14T00:00:00+00:00
[2025-03-13T00:37:48.324+0000] {processor.py:179} INFO - Processing /opt/airflow/dags/extract_exchange_rates.py took 0.048 seconds
[2025-03-13T00:38:18.582+0000] {processor.py:157} INFO - Started process (PID=5533) to work on /opt/airflow/dags/extract_exchange_rates.py
[2025-03-13T00:38:18.582+0000] {processor.py:829} INFO - Processing file /opt/airflow/dags/extract_exchange_rates.py for tasks to queue
[2025-03-13T00:38:18.583+0000] {logging_mixin.py:151} INFO - [2025-03-13T00:38:18.583+0000] {dagbag.py:536} INFO - Filling up the DagBag from /opt/airflow/dags/extract_exchange_rates.py
[2025-03-13T00:38:18.594+0000] {processor.py:839} INFO - DAG(s) dict_keys(['extract_exchange_rates']) retrieved from /opt/airflow/dags/extract_exchange_rates.py
[2025-03-13T00:38:18.610+0000] {logging_mixin.py:151} INFO - [2025-03-13T00:38:18.610+0000] {dag.py:2941} INFO - Sync 1 DAGs
[2025-03-13T00:38:18.624+0000] {logging_mixin.py:151} INFO - [2025-03-13T00:38:18.624+0000] {dag.py:3722} INFO - Setting next_dagrun for extract_exchange_rates to 2025-03-13T00:00:00+00:00, run_after=2025-03-14T00:00:00+00:00
[2025-03-13T00:38:18.635+0000] {processor.py:179} INFO - Processing /opt/airflow/dags/extract_exchange_rates.py took 0.056 seconds
[2025-03-13T00:38:48.851+0000] {processor.py:157} INFO - Started process (PID=5538) to work on /opt/airflow/dags/extract_exchange_rates.py
[2025-03-13T00:38:48.852+0000] {processor.py:829} INFO - Processing file /opt/airflow/dags/extract_exchange_rates.py for tasks to queue
[2025-03-13T00:38:48.853+0000] {logging_mixin.py:151} INFO - [2025-03-13T00:38:48.853+0000] {dagbag.py:536} INFO - Filling up the DagBag from /opt/airflow/dags/extract_exchange_rates.py
[2025-03-13T00:38:48.864+0000] {processor.py:839} INFO - DAG(s) dict_keys(['extract_exchange_rates']) retrieved from /opt/airflow/dags/extract_exchange_rates.py
[2025-03-13T00:38:48.879+0000] {logging_mixin.py:151} INFO - [2025-03-13T00:38:48.879+0000] {dag.py:2941} INFO - Sync 1 DAGs
[2025-03-13T00:38:48.889+0000] {logging_mixin.py:151} INFO - [2025-03-13T00:38:48.889+0000] {dag.py:3722} INFO - Setting next_dagrun for extract_exchange_rates to 2025-03-13T00:00:00+00:00, run_after=2025-03-14T00:00:00+00:00
[2025-03-13T00:38:48.896+0000] {processor.py:179} INFO - Processing /opt/airflow/dags/extract_exchange_rates.py took 0.048 seconds
[2025-03-13T00:39:19.189+0000] {processor.py:157} INFO - Started process (PID=5543) to work on /opt/airflow/dags/extract_exchange_rates.py
[2025-03-13T00:39:19.189+0000] {processor.py:829} INFO - Processing file /opt/airflow/dags/extract_exchange_rates.py for tasks to queue
[2025-03-13T00:39:19.190+0000] {logging_mixin.py:151} INFO - [2025-03-13T00:39:19.190+0000] {dagbag.py:536} INFO - Filling up the DagBag from /opt/airflow/dags/extract_exchange_rates.py
[2025-03-13T00:39:19.201+0000] {processor.py:839} INFO - DAG(s) dict_keys(['extract_exchange_rates']) retrieved from /opt/airflow/dags/extract_exchange_rates.py
[2025-03-13T00:39:19.216+0000] {logging_mixin.py:151} INFO - [2025-03-13T00:39:19.216+0000] {dag.py:2941} INFO - Sync 1 DAGs
[2025-03-13T00:39:19.226+0000] {logging_mixin.py:151} INFO - [2025-03-13T00:39:19.226+0000] {dag.py:3722} INFO - Setting next_dagrun for extract_exchange_rates to 2025-03-13T00:00:00+00:00, run_after=2025-03-14T00:00:00+00:00
[2025-03-13T00:39:19.234+0000] {processor.py:179} INFO - Processing /opt/airflow/dags/extract_exchange_rates.py took 0.047 seconds
[2025-03-13T00:39:49.559+0000] {processor.py:157} INFO - Started process (PID=5548) to work on /opt/airflow/dags/extract_exchange_rates.py
[2025-03-13T00:39:49.560+0000] {processor.py:829} INFO - Processing file /opt/airflow/dags/extract_exchange_rates.py for tasks to queue
[2025-03-13T00:39:49.561+0000] {logging_mixin.py:151} INFO - [2025-03-13T00:39:49.560+0000] {dagbag.py:536} INFO - Filling up the DagBag from /opt/airflow/dags/extract_exchange_rates.py
[2025-03-13T00:39:49.570+0000] {processor.py:839} INFO - DAG(s) dict_keys(['extract_exchange_rates']) retrieved from /opt/airflow/dags/extract_exchange_rates.py
[2025-03-13T00:39:49.584+0000] {logging_mixin.py:151} INFO - [2025-03-13T00:39:49.584+0000] {dag.py:2941} INFO - Sync 1 DAGs
[2025-03-13T00:39:49.594+0000] {logging_mixin.py:151} INFO - [2025-03-13T00:39:49.594+0000] {dag.py:3722} INFO - Setting next_dagrun for extract_exchange_rates to 2025-03-13T00:00:00+00:00, run_after=2025-03-14T00:00:00+00:00
[2025-03-13T00:39:49.602+0000] {processor.py:179} INFO - Processing /opt/airflow/dags/extract_exchange_rates.py took 0.045 seconds
[2025-03-13T00:40:19.959+0000] {processor.py:157} INFO - Started process (PID=5553) to work on /opt/airflow/dags/extract_exchange_rates.py
[2025-03-13T00:40:19.960+0000] {processor.py:829} INFO - Processing file /opt/airflow/dags/extract_exchange_rates.py for tasks to queue
[2025-03-13T00:40:19.961+0000] {logging_mixin.py:151} INFO - [2025-03-13T00:40:19.960+0000] {dagbag.py:536} INFO - Filling up the DagBag from /opt/airflow/dags/extract_exchange_rates.py
[2025-03-13T00:40:19.973+0000] {processor.py:839} INFO - DAG(s) dict_keys(['extract_exchange_rates']) retrieved from /opt/airflow/dags/extract_exchange_rates.py
[2025-03-13T00:40:19.991+0000] {logging_mixin.py:151} INFO - [2025-03-13T00:40:19.991+0000] {dag.py:2941} INFO - Sync 1 DAGs
[2025-03-13T00:40:20.004+0000] {logging_mixin.py:151} INFO - [2025-03-13T00:40:20.004+0000] {dag.py:3722} INFO - Setting next_dagrun for extract_exchange_rates to 2025-03-13T00:00:00+00:00, run_after=2025-03-14T00:00:00+00:00
[2025-03-13T00:40:20.012+0000] {processor.py:179} INFO - Processing /opt/airflow/dags/extract_exchange_rates.py took 0.056 seconds
[2025-03-13T00:40:50.221+0000] {processor.py:157} INFO - Started process (PID=5558) to work on /opt/airflow/dags/extract_exchange_rates.py
[2025-03-13T00:40:50.221+0000] {processor.py:829} INFO - Processing file /opt/airflow/dags/extract_exchange_rates.py for tasks to queue
[2025-03-13T00:40:50.222+0000] {logging_mixin.py:151} INFO - [2025-03-13T00:40:50.222+0000] {dagbag.py:536} INFO - Filling up the DagBag from /opt/airflow/dags/extract_exchange_rates.py
[2025-03-13T00:40:50.236+0000] {processor.py:839} INFO - DAG(s) dict_keys(['extract_exchange_rates']) retrieved from /opt/airflow/dags/extract_exchange_rates.py
[2025-03-13T00:40:50.256+0000] {logging_mixin.py:151} INFO - [2025-03-13T00:40:50.256+0000] {dag.py:2941} INFO - Sync 1 DAGs
[2025-03-13T00:40:50.271+0000] {logging_mixin.py:151} INFO - [2025-03-13T00:40:50.271+0000] {dag.py:3722} INFO - Setting next_dagrun for extract_exchange_rates to 2025-03-13T00:00:00+00:00, run_after=2025-03-14T00:00:00+00:00
[2025-03-13T00:40:50.278+0000] {processor.py:179} INFO - Processing /opt/airflow/dags/extract_exchange_rates.py took 0.060 seconds
[2025-03-13T00:41:20.437+0000] {processor.py:157} INFO - Started process (PID=5563) to work on /opt/airflow/dags/extract_exchange_rates.py
[2025-03-13T00:41:20.438+0000] {processor.py:829} INFO - Processing file /opt/airflow/dags/extract_exchange_rates.py for tasks to queue
[2025-03-13T00:41:20.438+0000] {logging_mixin.py:151} INFO - [2025-03-13T00:41:20.438+0000] {dagbag.py:536} INFO - Filling up the DagBag from /opt/airflow/dags/extract_exchange_rates.py
[2025-03-13T00:41:20.447+0000] {processor.py:839} INFO - DAG(s) dict_keys(['extract_exchange_rates']) retrieved from /opt/airflow/dags/extract_exchange_rates.py
[2025-03-13T00:41:20.459+0000] {logging_mixin.py:151} INFO - [2025-03-13T00:41:20.459+0000] {dag.py:2941} INFO - Sync 1 DAGs
[2025-03-13T00:41:20.469+0000] {logging_mixin.py:151} INFO - [2025-03-13T00:41:20.469+0000] {dag.py:3722} INFO - Setting next_dagrun for extract_exchange_rates to 2025-03-13T00:00:00+00:00, run_after=2025-03-14T00:00:00+00:00
[2025-03-13T00:41:20.476+0000] {processor.py:179} INFO - Processing /opt/airflow/dags/extract_exchange_rates.py took 0.040 seconds
[2025-03-13T00:41:50.697+0000] {processor.py:157} INFO - Started process (PID=5568) to work on /opt/airflow/dags/extract_exchange_rates.py
[2025-03-13T00:41:50.698+0000] {processor.py:829} INFO - Processing file /opt/airflow/dags/extract_exchange_rates.py for tasks to queue
[2025-03-13T00:41:50.698+0000] {logging_mixin.py:151} INFO - [2025-03-13T00:41:50.698+0000] {dagbag.py:536} INFO - Filling up the DagBag from /opt/airflow/dags/extract_exchange_rates.py
[2025-03-13T00:41:50.707+0000] {processor.py:839} INFO - DAG(s) dict_keys(['extract_exchange_rates']) retrieved from /opt/airflow/dags/extract_exchange_rates.py
[2025-03-13T00:41:50.720+0000] {logging_mixin.py:151} INFO - [2025-03-13T00:41:50.720+0000] {dag.py:2941} INFO - Sync 1 DAGs
[2025-03-13T00:41:50.730+0000] {logging_mixin.py:151} INFO - [2025-03-13T00:41:50.730+0000] {dag.py:3722} INFO - Setting next_dagrun for extract_exchange_rates to 2025-03-13T00:00:00+00:00, run_after=2025-03-14T00:00:00+00:00
[2025-03-13T00:41:50.737+0000] {processor.py:179} INFO - Processing /opt/airflow/dags/extract_exchange_rates.py took 0.041 seconds
[2025-03-13T00:42:20.913+0000] {processor.py:157} INFO - Started process (PID=5573) to work on /opt/airflow/dags/extract_exchange_rates.py
[2025-03-13T00:42:20.914+0000] {processor.py:829} INFO - Processing file /opt/airflow/dags/extract_exchange_rates.py for tasks to queue
[2025-03-13T00:42:20.914+0000] {logging_mixin.py:151} INFO - [2025-03-13T00:42:20.914+0000] {dagbag.py:536} INFO - Filling up the DagBag from /opt/airflow/dags/extract_exchange_rates.py
[2025-03-13T00:42:20.924+0000] {processor.py:839} INFO - DAG(s) dict_keys(['extract_exchange_rates']) retrieved from /opt/airflow/dags/extract_exchange_rates.py
[2025-03-13T00:42:20.940+0000] {logging_mixin.py:151} INFO - [2025-03-13T00:42:20.940+0000] {dag.py:2941} INFO - Sync 1 DAGs
[2025-03-13T00:42:20.951+0000] {logging_mixin.py:151} INFO - [2025-03-13T00:42:20.951+0000] {dag.py:3722} INFO - Setting next_dagrun for extract_exchange_rates to 2025-03-13T00:00:00+00:00, run_after=2025-03-14T00:00:00+00:00
[2025-03-13T00:42:20.958+0000] {processor.py:179} INFO - Processing /opt/airflow/dags/extract_exchange_rates.py took 0.047 seconds
[2025-03-13T00:42:51.157+0000] {processor.py:157} INFO - Started process (PID=5578) to work on /opt/airflow/dags/extract_exchange_rates.py
[2025-03-13T00:42:51.158+0000] {processor.py:829} INFO - Processing file /opt/airflow/dags/extract_exchange_rates.py for tasks to queue
[2025-03-13T00:42:51.159+0000] {logging_mixin.py:151} INFO - [2025-03-13T00:42:51.158+0000] {dagbag.py:536} INFO - Filling up the DagBag from /opt/airflow/dags/extract_exchange_rates.py
[2025-03-13T00:42:51.176+0000] {processor.py:839} INFO - DAG(s) dict_keys(['extract_exchange_rates']) retrieved from /opt/airflow/dags/extract_exchange_rates.py
[2025-03-13T00:42:51.196+0000] {logging_mixin.py:151} INFO - [2025-03-13T00:42:51.195+0000] {dag.py:2941} INFO - Sync 1 DAGs
[2025-03-13T00:42:51.211+0000] {logging_mixin.py:151} INFO - [2025-03-13T00:42:51.211+0000] {dag.py:3722} INFO - Setting next_dagrun for extract_exchange_rates to 2025-03-13T00:00:00+00:00, run_after=2025-03-14T00:00:00+00:00
[2025-03-13T00:42:51.218+0000] {processor.py:179} INFO - Processing /opt/airflow/dags/extract_exchange_rates.py took 0.064 seconds
[2025-03-13T00:43:21.410+0000] {processor.py:157} INFO - Started process (PID=5583) to work on /opt/airflow/dags/extract_exchange_rates.py
[2025-03-13T00:43:21.410+0000] {processor.py:829} INFO - Processing file /opt/airflow/dags/extract_exchange_rates.py for tasks to queue
[2025-03-13T00:43:21.411+0000] {logging_mixin.py:151} INFO - [2025-03-13T00:43:21.410+0000] {dagbag.py:536} INFO - Filling up the DagBag from /opt/airflow/dags/extract_exchange_rates.py
[2025-03-13T00:43:21.419+0000] {processor.py:839} INFO - DAG(s) dict_keys(['extract_exchange_rates']) retrieved from /opt/airflow/dags/extract_exchange_rates.py
[2025-03-13T00:43:21.432+0000] {logging_mixin.py:151} INFO - [2025-03-13T00:43:21.432+0000] {dag.py:2941} INFO - Sync 1 DAGs
[2025-03-13T00:43:21.442+0000] {logging_mixin.py:151} INFO - [2025-03-13T00:43:21.442+0000] {dag.py:3722} INFO - Setting next_dagrun for extract_exchange_rates to 2025-03-13T00:00:00+00:00, run_after=2025-03-14T00:00:00+00:00
[2025-03-13T00:43:21.449+0000] {processor.py:179} INFO - Processing /opt/airflow/dags/extract_exchange_rates.py took 0.041 seconds
[2025-03-13T00:43:51.658+0000] {processor.py:157} INFO - Started process (PID=5588) to work on /opt/airflow/dags/extract_exchange_rates.py
[2025-03-13T00:43:51.659+0000] {processor.py:829} INFO - Processing file /opt/airflow/dags/extract_exchange_rates.py for tasks to queue
[2025-03-13T00:43:51.660+0000] {logging_mixin.py:151} INFO - [2025-03-13T00:43:51.659+0000] {dagbag.py:536} INFO - Filling up the DagBag from /opt/airflow/dags/extract_exchange_rates.py
[2025-03-13T00:43:51.670+0000] {processor.py:839} INFO - DAG(s) dict_keys(['extract_exchange_rates']) retrieved from /opt/airflow/dags/extract_exchange_rates.py
[2025-03-13T00:43:51.684+0000] {logging_mixin.py:151} INFO - [2025-03-13T00:43:51.683+0000] {dag.py:2941} INFO - Sync 1 DAGs
[2025-03-13T00:43:51.694+0000] {logging_mixin.py:151} INFO - [2025-03-13T00:43:51.694+0000] {dag.py:3722} INFO - Setting next_dagrun for extract_exchange_rates to 2025-03-13T00:00:00+00:00, run_after=2025-03-14T00:00:00+00:00
[2025-03-13T00:43:51.701+0000] {processor.py:179} INFO - Processing /opt/airflow/dags/extract_exchange_rates.py took 0.045 seconds
[2025-03-13T00:44:21.905+0000] {processor.py:157} INFO - Started process (PID=5593) to work on /opt/airflow/dags/extract_exchange_rates.py
[2025-03-13T00:44:21.906+0000] {processor.py:829} INFO - Processing file /opt/airflow/dags/extract_exchange_rates.py for tasks to queue
[2025-03-13T00:44:21.907+0000] {logging_mixin.py:151} INFO - [2025-03-13T00:44:21.907+0000] {dagbag.py:536} INFO - Filling up the DagBag from /opt/airflow/dags/extract_exchange_rates.py
[2025-03-13T00:44:21.921+0000] {processor.py:839} INFO - DAG(s) dict_keys(['extract_exchange_rates']) retrieved from /opt/airflow/dags/extract_exchange_rates.py
[2025-03-13T00:44:21.937+0000] {logging_mixin.py:151} INFO - [2025-03-13T00:44:21.937+0000] {dag.py:2941} INFO - Sync 1 DAGs
[2025-03-13T00:44:21.948+0000] {logging_mixin.py:151} INFO - [2025-03-13T00:44:21.948+0000] {dag.py:3722} INFO - Setting next_dagrun for extract_exchange_rates to 2025-03-13T00:00:00+00:00, run_after=2025-03-14T00:00:00+00:00
[2025-03-13T00:44:21.955+0000] {processor.py:179} INFO - Processing /opt/airflow/dags/extract_exchange_rates.py took 0.053 seconds
[2025-03-13T00:44:52.156+0000] {processor.py:157} INFO - Started process (PID=5598) to work on /opt/airflow/dags/extract_exchange_rates.py
[2025-03-13T00:44:52.157+0000] {processor.py:829} INFO - Processing file /opt/airflow/dags/extract_exchange_rates.py for tasks to queue
[2025-03-13T00:44:52.157+0000] {logging_mixin.py:151} INFO - [2025-03-13T00:44:52.157+0000] {dagbag.py:536} INFO - Filling up the DagBag from /opt/airflow/dags/extract_exchange_rates.py
[2025-03-13T00:44:52.166+0000] {processor.py:839} INFO - DAG(s) dict_keys(['extract_exchange_rates']) retrieved from /opt/airflow/dags/extract_exchange_rates.py
[2025-03-13T00:44:52.179+0000] {logging_mixin.py:151} INFO - [2025-03-13T00:44:52.179+0000] {dag.py:2941} INFO - Sync 1 DAGs
[2025-03-13T00:44:52.190+0000] {logging_mixin.py:151} INFO - [2025-03-13T00:44:52.190+0000] {dag.py:3722} INFO - Setting next_dagrun for extract_exchange_rates to 2025-03-13T00:00:00+00:00, run_after=2025-03-14T00:00:00+00:00
[2025-03-13T00:44:52.197+0000] {processor.py:179} INFO - Processing /opt/airflow/dags/extract_exchange_rates.py took 0.043 seconds
[2025-03-13T00:45:22.432+0000] {processor.py:157} INFO - Started process (PID=5603) to work on /opt/airflow/dags/extract_exchange_rates.py
[2025-03-13T00:45:22.433+0000] {processor.py:829} INFO - Processing file /opt/airflow/dags/extract_exchange_rates.py for tasks to queue
[2025-03-13T00:45:22.433+0000] {logging_mixin.py:151} INFO - [2025-03-13T00:45:22.433+0000] {dagbag.py:536} INFO - Filling up the DagBag from /opt/airflow/dags/extract_exchange_rates.py
[2025-03-13T00:45:22.441+0000] {processor.py:839} INFO - DAG(s) dict_keys(['extract_exchange_rates']) retrieved from /opt/airflow/dags/extract_exchange_rates.py
[2025-03-13T00:45:22.454+0000] {logging_mixin.py:151} INFO - [2025-03-13T00:45:22.453+0000] {dag.py:2941} INFO - Sync 1 DAGs
[2025-03-13T00:45:22.464+0000] {logging_mixin.py:151} INFO - [2025-03-13T00:45:22.464+0000] {dag.py:3722} INFO - Setting next_dagrun for extract_exchange_rates to 2025-03-13T00:00:00+00:00, run_after=2025-03-14T00:00:00+00:00
[2025-03-13T00:45:22.473+0000] {processor.py:179} INFO - Processing /opt/airflow/dags/extract_exchange_rates.py took 0.042 seconds
[2025-03-13T00:45:52.683+0000] {processor.py:157} INFO - Started process (PID=5608) to work on /opt/airflow/dags/extract_exchange_rates.py
[2025-03-13T00:45:52.684+0000] {processor.py:829} INFO - Processing file /opt/airflow/dags/extract_exchange_rates.py for tasks to queue
[2025-03-13T00:45:52.685+0000] {logging_mixin.py:151} INFO - [2025-03-13T00:45:52.685+0000] {dagbag.py:536} INFO - Filling up the DagBag from /opt/airflow/dags/extract_exchange_rates.py
[2025-03-13T00:45:52.701+0000] {processor.py:839} INFO - DAG(s) dict_keys(['extract_exchange_rates']) retrieved from /opt/airflow/dags/extract_exchange_rates.py
[2025-03-13T00:45:52.724+0000] {logging_mixin.py:151} INFO - [2025-03-13T00:45:52.724+0000] {dag.py:2941} INFO - Sync 1 DAGs
[2025-03-13T00:45:52.737+0000] {logging_mixin.py:151} INFO - [2025-03-13T00:45:52.737+0000] {dag.py:3722} INFO - Setting next_dagrun for extract_exchange_rates to 2025-03-13T00:00:00+00:00, run_after=2025-03-14T00:00:00+00:00
[2025-03-13T00:45:52.745+0000] {processor.py:179} INFO - Processing /opt/airflow/dags/extract_exchange_rates.py took 0.065 seconds
[2025-03-13T00:46:22.941+0000] {processor.py:157} INFO - Started process (PID=5613) to work on /opt/airflow/dags/extract_exchange_rates.py
[2025-03-13T00:46:22.942+0000] {processor.py:829} INFO - Processing file /opt/airflow/dags/extract_exchange_rates.py for tasks to queue
[2025-03-13T00:46:22.943+0000] {logging_mixin.py:151} INFO - [2025-03-13T00:46:22.943+0000] {dagbag.py:536} INFO - Filling up the DagBag from /opt/airflow/dags/extract_exchange_rates.py
[2025-03-13T00:46:22.954+0000] {processor.py:839} INFO - DAG(s) dict_keys(['extract_exchange_rates']) retrieved from /opt/airflow/dags/extract_exchange_rates.py
[2025-03-13T00:46:22.968+0000] {logging_mixin.py:151} INFO - [2025-03-13T00:46:22.968+0000] {dag.py:2941} INFO - Sync 1 DAGs
[2025-03-13T00:46:22.979+0000] {logging_mixin.py:151} INFO - [2025-03-13T00:46:22.978+0000] {dag.py:3722} INFO - Setting next_dagrun for extract_exchange_rates to 2025-03-13T00:00:00+00:00, run_after=2025-03-14T00:00:00+00:00
[2025-03-13T00:46:22.987+0000] {processor.py:179} INFO - Processing /opt/airflow/dags/extract_exchange_rates.py took 0.050 seconds
[2025-03-13T00:46:53.210+0000] {processor.py:157} INFO - Started process (PID=5618) to work on /opt/airflow/dags/extract_exchange_rates.py
[2025-03-13T00:46:53.211+0000] {processor.py:829} INFO - Processing file /opt/airflow/dags/extract_exchange_rates.py for tasks to queue
[2025-03-13T00:46:53.211+0000] {logging_mixin.py:151} INFO - [2025-03-13T00:46:53.211+0000] {dagbag.py:536} INFO - Filling up the DagBag from /opt/airflow/dags/extract_exchange_rates.py
[2025-03-13T00:46:53.224+0000] {processor.py:839} INFO - DAG(s) dict_keys(['extract_exchange_rates']) retrieved from /opt/airflow/dags/extract_exchange_rates.py
[2025-03-13T00:46:53.240+0000] {logging_mixin.py:151} INFO - [2025-03-13T00:46:53.240+0000] {dag.py:2941} INFO - Sync 1 DAGs
[2025-03-13T00:46:53.250+0000] {logging_mixin.py:151} INFO - [2025-03-13T00:46:53.250+0000] {dag.py:3722} INFO - Setting next_dagrun for extract_exchange_rates to 2025-03-13T00:00:00+00:00, run_after=2025-03-14T00:00:00+00:00
[2025-03-13T00:46:53.257+0000] {processor.py:179} INFO - Processing /opt/airflow/dags/extract_exchange_rates.py took 0.051 seconds
[2025-03-13T00:47:23.409+0000] {processor.py:157} INFO - Started process (PID=5623) to work on /opt/airflow/dags/extract_exchange_rates.py
[2025-03-13T00:47:23.410+0000] {processor.py:829} INFO - Processing file /opt/airflow/dags/extract_exchange_rates.py for tasks to queue
[2025-03-13T00:47:23.410+0000] {logging_mixin.py:151} INFO - [2025-03-13T00:47:23.410+0000] {dagbag.py:536} INFO - Filling up the DagBag from /opt/airflow/dags/extract_exchange_rates.py
[2025-03-13T00:47:23.422+0000] {processor.py:839} INFO - DAG(s) dict_keys(['extract_exchange_rates']) retrieved from /opt/airflow/dags/extract_exchange_rates.py
[2025-03-13T00:47:23.433+0000] {logging_mixin.py:151} INFO - [2025-03-13T00:47:23.433+0000] {dag.py:2941} INFO - Sync 1 DAGs
[2025-03-13T00:47:23.442+0000] {logging_mixin.py:151} INFO - [2025-03-13T00:47:23.441+0000] {dag.py:3722} INFO - Setting next_dagrun for extract_exchange_rates to 2025-03-13T00:00:00+00:00, run_after=2025-03-14T00:00:00+00:00
[2025-03-13T00:47:23.449+0000] {processor.py:179} INFO - Processing /opt/airflow/dags/extract_exchange_rates.py took 0.042 seconds
[2025-03-13T00:47:53.635+0000] {processor.py:157} INFO - Started process (PID=5628) to work on /opt/airflow/dags/extract_exchange_rates.py
[2025-03-13T00:47:53.636+0000] {processor.py:829} INFO - Processing file /opt/airflow/dags/extract_exchange_rates.py for tasks to queue
[2025-03-13T00:47:53.636+0000] {logging_mixin.py:151} INFO - [2025-03-13T00:47:53.636+0000] {dagbag.py:536} INFO - Filling up the DagBag from /opt/airflow/dags/extract_exchange_rates.py
[2025-03-13T00:47:53.646+0000] {processor.py:839} INFO - DAG(s) dict_keys(['extract_exchange_rates']) retrieved from /opt/airflow/dags/extract_exchange_rates.py
[2025-03-13T00:47:53.660+0000] {logging_mixin.py:151} INFO - [2025-03-13T00:47:53.660+0000] {dag.py:2941} INFO - Sync 1 DAGs
[2025-03-13T00:47:53.670+0000] {logging_mixin.py:151} INFO - [2025-03-13T00:47:53.670+0000] {dag.py:3722} INFO - Setting next_dagrun for extract_exchange_rates to 2025-03-13T00:00:00+00:00, run_after=2025-03-14T00:00:00+00:00
[2025-03-13T00:47:53.677+0000] {processor.py:179} INFO - Processing /opt/airflow/dags/extract_exchange_rates.py took 0.043 seconds
[2025-03-13T00:48:23.867+0000] {processor.py:157} INFO - Started process (PID=5633) to work on /opt/airflow/dags/extract_exchange_rates.py
[2025-03-13T00:48:23.868+0000] {processor.py:829} INFO - Processing file /opt/airflow/dags/extract_exchange_rates.py for tasks to queue
[2025-03-13T00:48:23.868+0000] {logging_mixin.py:151} INFO - [2025-03-13T00:48:23.868+0000] {dagbag.py:536} INFO - Filling up the DagBag from /opt/airflow/dags/extract_exchange_rates.py
[2025-03-13T00:48:23.878+0000] {processor.py:839} INFO - DAG(s) dict_keys(['extract_exchange_rates']) retrieved from /opt/airflow/dags/extract_exchange_rates.py
[2025-03-13T00:48:23.890+0000] {logging_mixin.py:151} INFO - [2025-03-13T00:48:23.890+0000] {dag.py:2941} INFO - Sync 1 DAGs
[2025-03-13T00:48:23.900+0000] {logging_mixin.py:151} INFO - [2025-03-13T00:48:23.900+0000] {dag.py:3722} INFO - Setting next_dagrun for extract_exchange_rates to 2025-03-13T00:00:00+00:00, run_after=2025-03-14T00:00:00+00:00
[2025-03-13T00:48:23.907+0000] {processor.py:179} INFO - Processing /opt/airflow/dags/extract_exchange_rates.py took 0.043 seconds
[2025-03-13T00:48:54.112+0000] {processor.py:157} INFO - Started process (PID=5638) to work on /opt/airflow/dags/extract_exchange_rates.py
[2025-03-13T00:48:54.112+0000] {processor.py:829} INFO - Processing file /opt/airflow/dags/extract_exchange_rates.py for tasks to queue
[2025-03-13T00:48:54.113+0000] {logging_mixin.py:151} INFO - [2025-03-13T00:48:54.113+0000] {dagbag.py:536} INFO - Filling up the DagBag from /opt/airflow/dags/extract_exchange_rates.py
[2025-03-13T00:48:54.123+0000] {processor.py:839} INFO - DAG(s) dict_keys(['extract_exchange_rates']) retrieved from /opt/airflow/dags/extract_exchange_rates.py
[2025-03-13T00:48:54.136+0000] {logging_mixin.py:151} INFO - [2025-03-13T00:48:54.136+0000] {dag.py:2941} INFO - Sync 1 DAGs
[2025-03-13T00:48:54.146+0000] {logging_mixin.py:151} INFO - [2025-03-13T00:48:54.146+0000] {dag.py:3722} INFO - Setting next_dagrun for extract_exchange_rates to 2025-03-13T00:00:00+00:00, run_after=2025-03-14T00:00:00+00:00
[2025-03-13T00:48:54.153+0000] {processor.py:179} INFO - Processing /opt/airflow/dags/extract_exchange_rates.py took 0.043 seconds
[2025-03-13T00:49:24.369+0000] {processor.py:157} INFO - Started process (PID=5643) to work on /opt/airflow/dags/extract_exchange_rates.py
[2025-03-13T00:49:24.370+0000] {processor.py:829} INFO - Processing file /opt/airflow/dags/extract_exchange_rates.py for tasks to queue
[2025-03-13T00:49:24.370+0000] {logging_mixin.py:151} INFO - [2025-03-13T00:49:24.370+0000] {dagbag.py:536} INFO - Filling up the DagBag from /opt/airflow/dags/extract_exchange_rates.py
[2025-03-13T00:49:24.379+0000] {processor.py:839} INFO - DAG(s) dict_keys(['extract_exchange_rates']) retrieved from /opt/airflow/dags/extract_exchange_rates.py
[2025-03-13T00:49:24.392+0000] {logging_mixin.py:151} INFO - [2025-03-13T00:49:24.392+0000] {dag.py:2941} INFO - Sync 1 DAGs
[2025-03-13T00:49:24.402+0000] {logging_mixin.py:151} INFO - [2025-03-13T00:49:24.402+0000] {dag.py:3722} INFO - Setting next_dagrun for extract_exchange_rates to 2025-03-13T00:00:00+00:00, run_after=2025-03-14T00:00:00+00:00
[2025-03-13T00:49:24.409+0000] {processor.py:179} INFO - Processing /opt/airflow/dags/extract_exchange_rates.py took 0.041 seconds
[2025-03-13T00:49:54.619+0000] {processor.py:157} INFO - Started process (PID=5648) to work on /opt/airflow/dags/extract_exchange_rates.py
[2025-03-13T00:49:54.619+0000] {processor.py:829} INFO - Processing file /opt/airflow/dags/extract_exchange_rates.py for tasks to queue
[2025-03-13T00:49:54.620+0000] {logging_mixin.py:151} INFO - [2025-03-13T00:49:54.620+0000] {dagbag.py:536} INFO - Filling up the DagBag from /opt/airflow/dags/extract_exchange_rates.py
[2025-03-13T00:49:54.630+0000] {processor.py:839} INFO - DAG(s) dict_keys(['extract_exchange_rates']) retrieved from /opt/airflow/dags/extract_exchange_rates.py
[2025-03-13T00:49:54.643+0000] {logging_mixin.py:151} INFO - [2025-03-13T00:49:54.643+0000] {dag.py:2941} INFO - Sync 1 DAGs
[2025-03-13T00:49:54.653+0000] {logging_mixin.py:151} INFO - [2025-03-13T00:49:54.653+0000] {dag.py:3722} INFO - Setting next_dagrun for extract_exchange_rates to 2025-03-13T00:00:00+00:00, run_after=2025-03-14T00:00:00+00:00
[2025-03-13T00:49:54.660+0000] {processor.py:179} INFO - Processing /opt/airflow/dags/extract_exchange_rates.py took 0.043 seconds
[2025-03-13T00:50:24.867+0000] {processor.py:157} INFO - Started process (PID=5653) to work on /opt/airflow/dags/extract_exchange_rates.py
[2025-03-13T00:50:24.868+0000] {processor.py:829} INFO - Processing file /opt/airflow/dags/extract_exchange_rates.py for tasks to queue
[2025-03-13T00:50:24.869+0000] {logging_mixin.py:151} INFO - [2025-03-13T00:50:24.869+0000] {dagbag.py:536} INFO - Filling up the DagBag from /opt/airflow/dags/extract_exchange_rates.py
[2025-03-13T00:50:24.877+0000] {processor.py:839} INFO - DAG(s) dict_keys(['extract_exchange_rates']) retrieved from /opt/airflow/dags/extract_exchange_rates.py
[2025-03-13T00:50:24.891+0000] {logging_mixin.py:151} INFO - [2025-03-13T00:50:24.891+0000] {dag.py:2941} INFO - Sync 1 DAGs
[2025-03-13T00:50:24.901+0000] {logging_mixin.py:151} INFO - [2025-03-13T00:50:24.901+0000] {dag.py:3722} INFO - Setting next_dagrun for extract_exchange_rates to 2025-03-13T00:00:00+00:00, run_after=2025-03-14T00:00:00+00:00
[2025-03-13T00:50:24.908+0000] {processor.py:179} INFO - Processing /opt/airflow/dags/extract_exchange_rates.py took 0.042 seconds
[2025-03-13T00:50:55.077+0000] {processor.py:157} INFO - Started process (PID=5658) to work on /opt/airflow/dags/extract_exchange_rates.py
[2025-03-13T00:50:55.078+0000] {processor.py:829} INFO - Processing file /opt/airflow/dags/extract_exchange_rates.py for tasks to queue
[2025-03-13T00:50:55.078+0000] {logging_mixin.py:151} INFO - [2025-03-13T00:50:55.078+0000] {dagbag.py:536} INFO - Filling up the DagBag from /opt/airflow/dags/extract_exchange_rates.py
[2025-03-13T00:50:55.090+0000] {processor.py:839} INFO - DAG(s) dict_keys(['extract_exchange_rates']) retrieved from /opt/airflow/dags/extract_exchange_rates.py
[2025-03-13T00:50:55.105+0000] {logging_mixin.py:151} INFO - [2025-03-13T00:50:55.104+0000] {dag.py:2941} INFO - Sync 1 DAGs
[2025-03-13T00:50:55.114+0000] {logging_mixin.py:151} INFO - [2025-03-13T00:50:55.114+0000] {dag.py:3722} INFO - Setting next_dagrun for extract_exchange_rates to 2025-03-13T00:00:00+00:00, run_after=2025-03-14T00:00:00+00:00
[2025-03-13T00:50:55.122+0000] {processor.py:179} INFO - Processing /opt/airflow/dags/extract_exchange_rates.py took 0.048 seconds
[2025-03-13T00:51:25.269+0000] {processor.py:157} INFO - Started process (PID=5663) to work on /opt/airflow/dags/extract_exchange_rates.py
[2025-03-13T00:51:25.270+0000] {processor.py:829} INFO - Processing file /opt/airflow/dags/extract_exchange_rates.py for tasks to queue
[2025-03-13T00:51:25.270+0000] {logging_mixin.py:151} INFO - [2025-03-13T00:51:25.270+0000] {dagbag.py:536} INFO - Filling up the DagBag from /opt/airflow/dags/extract_exchange_rates.py
[2025-03-13T00:51:25.278+0000] {processor.py:839} INFO - DAG(s) dict_keys(['extract_exchange_rates']) retrieved from /opt/airflow/dags/extract_exchange_rates.py
[2025-03-13T00:51:25.290+0000] {logging_mixin.py:151} INFO - [2025-03-13T00:51:25.290+0000] {dag.py:2941} INFO - Sync 1 DAGs
[2025-03-13T00:51:25.300+0000] {logging_mixin.py:151} INFO - [2025-03-13T00:51:25.300+0000] {dag.py:3722} INFO - Setting next_dagrun for extract_exchange_rates to 2025-03-13T00:00:00+00:00, run_after=2025-03-14T00:00:00+00:00
[2025-03-13T00:51:25.308+0000] {processor.py:179} INFO - Processing /opt/airflow/dags/extract_exchange_rates.py took 0.040 seconds
[2025-03-13T00:51:55.493+0000] {processor.py:157} INFO - Started process (PID=5668) to work on /opt/airflow/dags/extract_exchange_rates.py
[2025-03-13T00:51:55.494+0000] {processor.py:829} INFO - Processing file /opt/airflow/dags/extract_exchange_rates.py for tasks to queue
[2025-03-13T00:51:55.494+0000] {logging_mixin.py:151} INFO - [2025-03-13T00:51:55.494+0000] {dagbag.py:536} INFO - Filling up the DagBag from /opt/airflow/dags/extract_exchange_rates.py
[2025-03-13T00:51:55.504+0000] {processor.py:839} INFO - DAG(s) dict_keys(['extract_exchange_rates']) retrieved from /opt/airflow/dags/extract_exchange_rates.py
[2025-03-13T00:51:55.517+0000] {logging_mixin.py:151} INFO - [2025-03-13T00:51:55.517+0000] {dag.py:2941} INFO - Sync 1 DAGs
[2025-03-13T00:51:55.527+0000] {logging_mixin.py:151} INFO - [2025-03-13T00:51:55.527+0000] {dag.py:3722} INFO - Setting next_dagrun for extract_exchange_rates to 2025-03-13T00:00:00+00:00, run_after=2025-03-14T00:00:00+00:00
[2025-03-13T00:51:55.534+0000] {processor.py:179} INFO - Processing /opt/airflow/dags/extract_exchange_rates.py took 0.045 seconds
[2025-03-13T00:52:25.755+0000] {processor.py:157} INFO - Started process (PID=5673) to work on /opt/airflow/dags/extract_exchange_rates.py
[2025-03-13T00:52:25.756+0000] {processor.py:829} INFO - Processing file /opt/airflow/dags/extract_exchange_rates.py for tasks to queue
[2025-03-13T00:52:25.757+0000] {logging_mixin.py:151} INFO - [2025-03-13T00:52:25.757+0000] {dagbag.py:536} INFO - Filling up the DagBag from /opt/airflow/dags/extract_exchange_rates.py
[2025-03-13T00:52:25.771+0000] {processor.py:839} INFO - DAG(s) dict_keys(['extract_exchange_rates']) retrieved from /opt/airflow/dags/extract_exchange_rates.py
[2025-03-13T00:52:25.787+0000] {logging_mixin.py:151} INFO - [2025-03-13T00:52:25.787+0000] {dag.py:2941} INFO - Sync 1 DAGs
[2025-03-13T00:52:25.799+0000] {logging_mixin.py:151} INFO - [2025-03-13T00:52:25.799+0000] {dag.py:3722} INFO - Setting next_dagrun for extract_exchange_rates to 2025-03-13T00:00:00+00:00, run_after=2025-03-14T00:00:00+00:00
[2025-03-13T00:52:25.805+0000] {processor.py:179} INFO - Processing /opt/airflow/dags/extract_exchange_rates.py took 0.053 seconds
[2025-03-13T01:00:56.081+0000] {processor.py:157} INFO - Started process (PID=5678) to work on /opt/airflow/dags/extract_exchange_rates.py
[2025-03-13T01:00:56.081+0000] {processor.py:829} INFO - Processing file /opt/airflow/dags/extract_exchange_rates.py for tasks to queue
[2025-03-13T01:00:56.082+0000] {logging_mixin.py:151} INFO - [2025-03-13T01:00:56.082+0000] {dagbag.py:536} INFO - Filling up the DagBag from /opt/airflow/dags/extract_exchange_rates.py
[2025-03-13T01:00:56.095+0000] {processor.py:839} INFO - DAG(s) dict_keys(['extract_exchange_rates']) retrieved from /opt/airflow/dags/extract_exchange_rates.py
[2025-03-13T01:00:56.119+0000] {logging_mixin.py:151} INFO - [2025-03-13T01:00:56.119+0000] {dag.py:2941} INFO - Sync 1 DAGs
[2025-03-13T01:00:56.133+0000] {logging_mixin.py:151} INFO - [2025-03-13T01:00:56.133+0000] {dag.py:3722} INFO - Setting next_dagrun for extract_exchange_rates to 2025-03-13T00:00:00+00:00, run_after=2025-03-14T00:00:00+00:00
[2025-03-13T01:00:56.141+0000] {processor.py:179} INFO - Processing /opt/airflow/dags/extract_exchange_rates.py took 0.063 seconds
[2025-03-13T01:01:26.286+0000] {processor.py:157} INFO - Started process (PID=5689) to work on /opt/airflow/dags/extract_exchange_rates.py
[2025-03-13T01:01:26.286+0000] {processor.py:829} INFO - Processing file /opt/airflow/dags/extract_exchange_rates.py for tasks to queue
[2025-03-13T01:01:26.287+0000] {logging_mixin.py:151} INFO - [2025-03-13T01:01:26.287+0000] {dagbag.py:536} INFO - Filling up the DagBag from /opt/airflow/dags/extract_exchange_rates.py
[2025-03-13T01:01:26.299+0000] {processor.py:839} INFO - DAG(s) dict_keys(['extract_exchange_rates']) retrieved from /opt/airflow/dags/extract_exchange_rates.py
[2025-03-13T01:01:26.315+0000] {logging_mixin.py:151} INFO - [2025-03-13T01:01:26.315+0000] {dag.py:2941} INFO - Sync 1 DAGs
[2025-03-13T01:01:26.325+0000] {logging_mixin.py:151} INFO - [2025-03-13T01:01:26.325+0000] {dag.py:3722} INFO - Setting next_dagrun for extract_exchange_rates to 2025-03-13T00:00:00+00:00, run_after=2025-03-14T00:00:00+00:00
[2025-03-13T01:01:26.334+0000] {processor.py:179} INFO - Processing /opt/airflow/dags/extract_exchange_rates.py took 0.052 seconds
[2025-03-13T01:01:56.597+0000] {processor.py:157} INFO - Started process (PID=5694) to work on /opt/airflow/dags/extract_exchange_rates.py
[2025-03-13T01:01:56.598+0000] {processor.py:829} INFO - Processing file /opt/airflow/dags/extract_exchange_rates.py for tasks to queue
[2025-03-13T01:01:56.599+0000] {logging_mixin.py:151} INFO - [2025-03-13T01:01:56.599+0000] {dagbag.py:536} INFO - Filling up the DagBag from /opt/airflow/dags/extract_exchange_rates.py
[2025-03-13T01:01:56.616+0000] {processor.py:839} INFO - DAG(s) dict_keys(['extract_exchange_rates']) retrieved from /opt/airflow/dags/extract_exchange_rates.py
[2025-03-13T01:01:56.636+0000] {logging_mixin.py:151} INFO - [2025-03-13T01:01:56.636+0000] {dag.py:2941} INFO - Sync 1 DAGs
[2025-03-13T01:01:56.648+0000] {logging_mixin.py:151} INFO - [2025-03-13T01:01:56.648+0000] {dag.py:3722} INFO - Setting next_dagrun for extract_exchange_rates to 2025-03-13T00:00:00+00:00, run_after=2025-03-14T00:00:00+00:00
[2025-03-13T01:01:56.656+0000] {processor.py:179} INFO - Processing /opt/airflow/dags/extract_exchange_rates.py took 0.065 seconds
[2025-03-13T01:02:26.846+0000] {processor.py:157} INFO - Started process (PID=5699) to work on /opt/airflow/dags/extract_exchange_rates.py
[2025-03-13T01:02:26.847+0000] {processor.py:829} INFO - Processing file /opt/airflow/dags/extract_exchange_rates.py for tasks to queue
[2025-03-13T01:02:26.847+0000] {logging_mixin.py:151} INFO - [2025-03-13T01:02:26.847+0000] {dagbag.py:536} INFO - Filling up the DagBag from /opt/airflow/dags/extract_exchange_rates.py
[2025-03-13T01:02:26.861+0000] {processor.py:839} INFO - DAG(s) dict_keys(['extract_exchange_rates']) retrieved from /opt/airflow/dags/extract_exchange_rates.py
[2025-03-13T01:02:26.879+0000] {logging_mixin.py:151} INFO - [2025-03-13T01:02:26.879+0000] {dag.py:2941} INFO - Sync 1 DAGs
[2025-03-13T01:02:26.890+0000] {logging_mixin.py:151} INFO - [2025-03-13T01:02:26.889+0000] {dag.py:3722} INFO - Setting next_dagrun for extract_exchange_rates to 2025-03-13T00:00:00+00:00, run_after=2025-03-14T00:00:00+00:00
[2025-03-13T01:02:26.897+0000] {processor.py:179} INFO - Processing /opt/airflow/dags/extract_exchange_rates.py took 0.055 seconds
[2025-03-13T01:02:57.093+0000] {processor.py:157} INFO - Started process (PID=5704) to work on /opt/airflow/dags/extract_exchange_rates.py
[2025-03-13T01:02:57.094+0000] {processor.py:829} INFO - Processing file /opt/airflow/dags/extract_exchange_rates.py for tasks to queue
[2025-03-13T01:02:57.095+0000] {logging_mixin.py:151} INFO - [2025-03-13T01:02:57.094+0000] {dagbag.py:536} INFO - Filling up the DagBag from /opt/airflow/dags/extract_exchange_rates.py
[2025-03-13T01:02:57.108+0000] {processor.py:839} INFO - DAG(s) dict_keys(['extract_exchange_rates']) retrieved from /opt/airflow/dags/extract_exchange_rates.py
[2025-03-13T01:02:57.123+0000] {logging_mixin.py:151} INFO - [2025-03-13T01:02:57.123+0000] {dag.py:2941} INFO - Sync 1 DAGs
[2025-03-13T01:02:57.134+0000] {logging_mixin.py:151} INFO - [2025-03-13T01:02:57.134+0000] {dag.py:3722} INFO - Setting next_dagrun for extract_exchange_rates to 2025-03-13T00:00:00+00:00, run_after=2025-03-14T00:00:00+00:00
[2025-03-13T01:02:57.141+0000] {processor.py:179} INFO - Processing /opt/airflow/dags/extract_exchange_rates.py took 0.052 seconds
[2025-03-13T01:03:27.311+0000] {processor.py:157} INFO - Started process (PID=5709) to work on /opt/airflow/dags/extract_exchange_rates.py
[2025-03-13T01:03:27.312+0000] {processor.py:829} INFO - Processing file /opt/airflow/dags/extract_exchange_rates.py for tasks to queue
[2025-03-13T01:03:27.313+0000] {logging_mixin.py:151} INFO - [2025-03-13T01:03:27.313+0000] {dagbag.py:536} INFO - Filling up the DagBag from /opt/airflow/dags/extract_exchange_rates.py
[2025-03-13T01:03:27.324+0000] {processor.py:839} INFO - DAG(s) dict_keys(['extract_exchange_rates']) retrieved from /opt/airflow/dags/extract_exchange_rates.py
[2025-03-13T01:03:27.339+0000] {logging_mixin.py:151} INFO - [2025-03-13T01:03:27.339+0000] {dag.py:2941} INFO - Sync 1 DAGs
[2025-03-13T01:03:27.350+0000] {logging_mixin.py:151} INFO - [2025-03-13T01:03:27.350+0000] {dag.py:3722} INFO - Setting next_dagrun for extract_exchange_rates to 2025-03-13T00:00:00+00:00, run_after=2025-03-14T00:00:00+00:00
[2025-03-13T01:03:27.356+0000] {processor.py:179} INFO - Processing /opt/airflow/dags/extract_exchange_rates.py took 0.048 seconds
[2025-03-13T01:03:57.550+0000] {processor.py:157} INFO - Started process (PID=5714) to work on /opt/airflow/dags/extract_exchange_rates.py
[2025-03-13T01:03:57.551+0000] {processor.py:829} INFO - Processing file /opt/airflow/dags/extract_exchange_rates.py for tasks to queue
[2025-03-13T01:03:57.552+0000] {logging_mixin.py:151} INFO - [2025-03-13T01:03:57.552+0000] {dagbag.py:536} INFO - Filling up the DagBag from /opt/airflow/dags/extract_exchange_rates.py
[2025-03-13T01:03:57.570+0000] {processor.py:839} INFO - DAG(s) dict_keys(['extract_exchange_rates']) retrieved from /opt/airflow/dags/extract_exchange_rates.py
[2025-03-13T01:03:57.589+0000] {logging_mixin.py:151} INFO - [2025-03-13T01:03:57.589+0000] {dag.py:2941} INFO - Sync 1 DAGs
[2025-03-13T01:03:57.601+0000] {logging_mixin.py:151} INFO - [2025-03-13T01:03:57.601+0000] {dag.py:3722} INFO - Setting next_dagrun for extract_exchange_rates to 2025-03-13T00:00:00+00:00, run_after=2025-03-14T00:00:00+00:00
[2025-03-13T01:03:57.608+0000] {processor.py:179} INFO - Processing /opt/airflow/dags/extract_exchange_rates.py took 0.061 seconds
[2025-03-13T01:04:27.796+0000] {processor.py:157} INFO - Started process (PID=5719) to work on /opt/airflow/dags/extract_exchange_rates.py
[2025-03-13T01:04:27.798+0000] {processor.py:829} INFO - Processing file /opt/airflow/dags/extract_exchange_rates.py for tasks to queue
[2025-03-13T01:04:27.799+0000] {logging_mixin.py:151} INFO - [2025-03-13T01:04:27.798+0000] {dagbag.py:536} INFO - Filling up the DagBag from /opt/airflow/dags/extract_exchange_rates.py
[2025-03-13T01:04:27.810+0000] {processor.py:839} INFO - DAG(s) dict_keys(['extract_exchange_rates']) retrieved from /opt/airflow/dags/extract_exchange_rates.py
[2025-03-13T01:04:27.827+0000] {logging_mixin.py:151} INFO - [2025-03-13T01:04:27.827+0000] {dag.py:2941} INFO - Sync 1 DAGs
[2025-03-13T01:04:27.836+0000] {logging_mixin.py:151} INFO - [2025-03-13T01:04:27.836+0000] {dag.py:3722} INFO - Setting next_dagrun for extract_exchange_rates to 2025-03-13T00:00:00+00:00, run_after=2025-03-14T00:00:00+00:00
[2025-03-13T01:04:27.843+0000] {processor.py:179} INFO - Processing /opt/airflow/dags/extract_exchange_rates.py took 0.051 seconds
[2025-03-13T01:04:58.040+0000] {processor.py:157} INFO - Started process (PID=5724) to work on /opt/airflow/dags/extract_exchange_rates.py
[2025-03-13T01:04:58.040+0000] {processor.py:829} INFO - Processing file /opt/airflow/dags/extract_exchange_rates.py for tasks to queue
[2025-03-13T01:04:58.041+0000] {logging_mixin.py:151} INFO - [2025-03-13T01:04:58.041+0000] {dagbag.py:536} INFO - Filling up the DagBag from /opt/airflow/dags/extract_exchange_rates.py
[2025-03-13T01:04:58.051+0000] {processor.py:839} INFO - DAG(s) dict_keys(['extract_exchange_rates']) retrieved from /opt/airflow/dags/extract_exchange_rates.py
[2025-03-13T01:04:58.065+0000] {logging_mixin.py:151} INFO - [2025-03-13T01:04:58.065+0000] {dag.py:2941} INFO - Sync 1 DAGs
[2025-03-13T01:04:58.076+0000] {logging_mixin.py:151} INFO - [2025-03-13T01:04:58.076+0000] {dag.py:3722} INFO - Setting next_dagrun for extract_exchange_rates to 2025-03-13T00:00:00+00:00, run_after=2025-03-14T00:00:00+00:00
[2025-03-13T01:04:58.084+0000] {processor.py:179} INFO - Processing /opt/airflow/dags/extract_exchange_rates.py took 0.046 seconds
[2025-03-13T01:05:28.290+0000] {processor.py:157} INFO - Started process (PID=5729) to work on /opt/airflow/dags/extract_exchange_rates.py
[2025-03-13T01:05:28.292+0000] {processor.py:829} INFO - Processing file /opt/airflow/dags/extract_exchange_rates.py for tasks to queue
[2025-03-13T01:05:28.293+0000] {logging_mixin.py:151} INFO - [2025-03-13T01:05:28.293+0000] {dagbag.py:536} INFO - Filling up the DagBag from /opt/airflow/dags/extract_exchange_rates.py
[2025-03-13T01:05:28.305+0000] {processor.py:839} INFO - DAG(s) dict_keys(['extract_exchange_rates']) retrieved from /opt/airflow/dags/extract_exchange_rates.py
[2025-03-13T01:05:28.319+0000] {logging_mixin.py:151} INFO - [2025-03-13T01:05:28.319+0000] {dag.py:2941} INFO - Sync 1 DAGs
[2025-03-13T01:05:28.330+0000] {logging_mixin.py:151} INFO - [2025-03-13T01:05:28.330+0000] {dag.py:3722} INFO - Setting next_dagrun for extract_exchange_rates to 2025-03-13T00:00:00+00:00, run_after=2025-03-14T00:00:00+00:00
[2025-03-13T01:05:28.337+0000] {processor.py:179} INFO - Processing /opt/airflow/dags/extract_exchange_rates.py took 0.050 seconds
[2025-03-13T01:05:58.555+0000] {processor.py:157} INFO - Started process (PID=5734) to work on /opt/airflow/dags/extract_exchange_rates.py
[2025-03-13T01:05:58.556+0000] {processor.py:829} INFO - Processing file /opt/airflow/dags/extract_exchange_rates.py for tasks to queue
[2025-03-13T01:05:58.556+0000] {logging_mixin.py:151} INFO - [2025-03-13T01:05:58.556+0000] {dagbag.py:536} INFO - Filling up the DagBag from /opt/airflow/dags/extract_exchange_rates.py
[2025-03-13T01:05:58.568+0000] {processor.py:839} INFO - DAG(s) dict_keys(['extract_exchange_rates']) retrieved from /opt/airflow/dags/extract_exchange_rates.py
[2025-03-13T01:05:58.582+0000] {logging_mixin.py:151} INFO - [2025-03-13T01:05:58.582+0000] {dag.py:2941} INFO - Sync 1 DAGs
[2025-03-13T01:05:58.593+0000] {logging_mixin.py:151} INFO - [2025-03-13T01:05:58.593+0000] {dag.py:3722} INFO - Setting next_dagrun for extract_exchange_rates to 2025-03-13T00:00:00+00:00, run_after=2025-03-14T00:00:00+00:00
[2025-03-13T01:05:58.600+0000] {processor.py:179} INFO - Processing /opt/airflow/dags/extract_exchange_rates.py took 0.049 seconds
[2025-03-13T01:06:28.769+0000] {processor.py:157} INFO - Started process (PID=5739) to work on /opt/airflow/dags/extract_exchange_rates.py
[2025-03-13T01:06:28.770+0000] {processor.py:829} INFO - Processing file /opt/airflow/dags/extract_exchange_rates.py for tasks to queue
[2025-03-13T01:06:28.771+0000] {logging_mixin.py:151} INFO - [2025-03-13T01:06:28.770+0000] {dagbag.py:536} INFO - Filling up the DagBag from /opt/airflow/dags/extract_exchange_rates.py
[2025-03-13T01:06:28.780+0000] {processor.py:839} INFO - DAG(s) dict_keys(['extract_exchange_rates']) retrieved from /opt/airflow/dags/extract_exchange_rates.py
[2025-03-13T01:06:28.795+0000] {logging_mixin.py:151} INFO - [2025-03-13T01:06:28.795+0000] {dag.py:2941} INFO - Sync 1 DAGs
[2025-03-13T01:06:28.805+0000] {logging_mixin.py:151} INFO - [2025-03-13T01:06:28.805+0000] {dag.py:3722} INFO - Setting next_dagrun for extract_exchange_rates to 2025-03-13T00:00:00+00:00, run_after=2025-03-14T00:00:00+00:00
[2025-03-13T01:06:28.812+0000] {processor.py:179} INFO - Processing /opt/airflow/dags/extract_exchange_rates.py took 0.046 seconds
[2025-03-13T01:06:59.026+0000] {processor.py:157} INFO - Started process (PID=5744) to work on /opt/airflow/dags/extract_exchange_rates.py
[2025-03-13T01:06:59.027+0000] {processor.py:829} INFO - Processing file /opt/airflow/dags/extract_exchange_rates.py for tasks to queue
[2025-03-13T01:06:59.028+0000] {logging_mixin.py:151} INFO - [2025-03-13T01:06:59.028+0000] {dagbag.py:536} INFO - Filling up the DagBag from /opt/airflow/dags/extract_exchange_rates.py
[2025-03-13T01:06:59.040+0000] {processor.py:839} INFO - DAG(s) dict_keys(['extract_exchange_rates']) retrieved from /opt/airflow/dags/extract_exchange_rates.py
[2025-03-13T01:06:59.057+0000] {logging_mixin.py:151} INFO - [2025-03-13T01:06:59.057+0000] {dag.py:2941} INFO - Sync 1 DAGs
[2025-03-13T01:06:59.067+0000] {logging_mixin.py:151} INFO - [2025-03-13T01:06:59.067+0000] {dag.py:3722} INFO - Setting next_dagrun for extract_exchange_rates to 2025-03-13T00:00:00+00:00, run_after=2025-03-14T00:00:00+00:00
[2025-03-13T01:06:59.074+0000] {processor.py:179} INFO - Processing /opt/airflow/dags/extract_exchange_rates.py took 0.052 seconds
[2025-03-13T01:07:29.250+0000] {processor.py:157} INFO - Started process (PID=5749) to work on /opt/airflow/dags/extract_exchange_rates.py
[2025-03-13T01:07:29.251+0000] {processor.py:829} INFO - Processing file /opt/airflow/dags/extract_exchange_rates.py for tasks to queue
[2025-03-13T01:07:29.252+0000] {logging_mixin.py:151} INFO - [2025-03-13T01:07:29.251+0000] {dagbag.py:536} INFO - Filling up the DagBag from /opt/airflow/dags/extract_exchange_rates.py
[2025-03-13T01:07:29.265+0000] {processor.py:839} INFO - DAG(s) dict_keys(['extract_exchange_rates']) retrieved from /opt/airflow/dags/extract_exchange_rates.py
[2025-03-13T01:07:29.280+0000] {logging_mixin.py:151} INFO - [2025-03-13T01:07:29.280+0000] {dag.py:2941} INFO - Sync 1 DAGs
[2025-03-13T01:07:29.290+0000] {logging_mixin.py:151} INFO - [2025-03-13T01:07:29.290+0000] {dag.py:3722} INFO - Setting next_dagrun for extract_exchange_rates to 2025-03-13T00:00:00+00:00, run_after=2025-03-14T00:00:00+00:00
[2025-03-13T01:07:29.296+0000] {processor.py:179} INFO - Processing /opt/airflow/dags/extract_exchange_rates.py took 0.050 seconds
[2025-03-13T01:07:59.526+0000] {processor.py:157} INFO - Started process (PID=5754) to work on /opt/airflow/dags/extract_exchange_rates.py
[2025-03-13T01:07:59.526+0000] {processor.py:829} INFO - Processing file /opt/airflow/dags/extract_exchange_rates.py for tasks to queue
[2025-03-13T01:07:59.527+0000] {logging_mixin.py:151} INFO - [2025-03-13T01:07:59.527+0000] {dagbag.py:536} INFO - Filling up the DagBag from /opt/airflow/dags/extract_exchange_rates.py
[2025-03-13T01:07:59.545+0000] {processor.py:839} INFO - DAG(s) dict_keys(['extract_exchange_rates']) retrieved from /opt/airflow/dags/extract_exchange_rates.py
[2025-03-13T01:07:59.566+0000] {logging_mixin.py:151} INFO - [2025-03-13T01:07:59.566+0000] {dag.py:2941} INFO - Sync 1 DAGs
[2025-03-13T01:07:59.579+0000] {logging_mixin.py:151} INFO - [2025-03-13T01:07:59.579+0000] {dag.py:3722} INFO - Setting next_dagrun for extract_exchange_rates to 2025-03-13T00:00:00+00:00, run_after=2025-03-14T00:00:00+00:00
[2025-03-13T01:07:59.588+0000] {processor.py:179} INFO - Processing /opt/airflow/dags/extract_exchange_rates.py took 0.067 seconds
[2025-03-13T01:08:29.780+0000] {processor.py:157} INFO - Started process (PID=5759) to work on /opt/airflow/dags/extract_exchange_rates.py
[2025-03-13T01:08:29.781+0000] {processor.py:829} INFO - Processing file /opt/airflow/dags/extract_exchange_rates.py for tasks to queue
[2025-03-13T01:08:29.782+0000] {logging_mixin.py:151} INFO - [2025-03-13T01:08:29.782+0000] {dagbag.py:536} INFO - Filling up the DagBag from /opt/airflow/dags/extract_exchange_rates.py
[2025-03-13T01:08:29.795+0000] {processor.py:839} INFO - DAG(s) dict_keys(['extract_exchange_rates']) retrieved from /opt/airflow/dags/extract_exchange_rates.py
[2025-03-13T01:08:29.812+0000] {logging_mixin.py:151} INFO - [2025-03-13T01:08:29.812+0000] {dag.py:2941} INFO - Sync 1 DAGs
[2025-03-13T01:08:29.824+0000] {logging_mixin.py:151} INFO - [2025-03-13T01:08:29.823+0000] {dag.py:3722} INFO - Setting next_dagrun for extract_exchange_rates to 2025-03-13T00:00:00+00:00, run_after=2025-03-14T00:00:00+00:00
[2025-03-13T01:08:29.831+0000] {processor.py:179} INFO - Processing /opt/airflow/dags/extract_exchange_rates.py took 0.055 seconds
[2025-03-13T01:09:00.032+0000] {processor.py:157} INFO - Started process (PID=5764) to work on /opt/airflow/dags/extract_exchange_rates.py
[2025-03-13T01:09:00.033+0000] {processor.py:829} INFO - Processing file /opt/airflow/dags/extract_exchange_rates.py for tasks to queue
[2025-03-13T01:09:00.034+0000] {logging_mixin.py:151} INFO - [2025-03-13T01:09:00.034+0000] {dagbag.py:536} INFO - Filling up the DagBag from /opt/airflow/dags/extract_exchange_rates.py
[2025-03-13T01:09:00.052+0000] {processor.py:839} INFO - DAG(s) dict_keys(['extract_exchange_rates']) retrieved from /opt/airflow/dags/extract_exchange_rates.py
[2025-03-13T01:09:00.074+0000] {logging_mixin.py:151} INFO - [2025-03-13T01:09:00.074+0000] {dag.py:2941} INFO - Sync 1 DAGs
[2025-03-13T01:09:00.088+0000] {logging_mixin.py:151} INFO - [2025-03-13T01:09:00.088+0000] {dag.py:3722} INFO - Setting next_dagrun for extract_exchange_rates to 2025-03-13T00:00:00+00:00, run_after=2025-03-14T00:00:00+00:00
[2025-03-13T01:09:00.096+0000] {processor.py:179} INFO - Processing /opt/airflow/dags/extract_exchange_rates.py took 0.069 seconds
[2025-03-13T01:09:30.281+0000] {processor.py:157} INFO - Started process (PID=5769) to work on /opt/airflow/dags/extract_exchange_rates.py
[2025-03-13T01:09:30.282+0000] {processor.py:829} INFO - Processing file /opt/airflow/dags/extract_exchange_rates.py for tasks to queue
[2025-03-13T01:09:30.283+0000] {logging_mixin.py:151} INFO - [2025-03-13T01:09:30.282+0000] {dagbag.py:536} INFO - Filling up the DagBag from /opt/airflow/dags/extract_exchange_rates.py
[2025-03-13T01:09:30.296+0000] {processor.py:839} INFO - DAG(s) dict_keys(['extract_exchange_rates']) retrieved from /opt/airflow/dags/extract_exchange_rates.py
[2025-03-13T01:09:30.323+0000] {logging_mixin.py:151} INFO - [2025-03-13T01:09:30.322+0000] {dag.py:2941} INFO - Sync 1 DAGs
[2025-03-13T01:09:30.339+0000] {logging_mixin.py:151} INFO - [2025-03-13T01:09:30.339+0000] {dag.py:3722} INFO - Setting next_dagrun for extract_exchange_rates to 2025-03-13T00:00:00+00:00, run_after=2025-03-14T00:00:00+00:00
[2025-03-13T01:09:30.349+0000] {processor.py:179} INFO - Processing /opt/airflow/dags/extract_exchange_rates.py took 0.071 seconds
[2025-03-13T01:10:00.527+0000] {processor.py:157} INFO - Started process (PID=5774) to work on /opt/airflow/dags/extract_exchange_rates.py
[2025-03-13T01:10:00.528+0000] {processor.py:829} INFO - Processing file /opt/airflow/dags/extract_exchange_rates.py for tasks to queue
[2025-03-13T01:10:00.529+0000] {logging_mixin.py:151} INFO - [2025-03-13T01:10:00.528+0000] {dagbag.py:536} INFO - Filling up the DagBag from /opt/airflow/dags/extract_exchange_rates.py
[2025-03-13T01:10:00.541+0000] {processor.py:839} INFO - DAG(s) dict_keys(['extract_exchange_rates']) retrieved from /opt/airflow/dags/extract_exchange_rates.py
[2025-03-13T01:10:00.555+0000] {logging_mixin.py:151} INFO - [2025-03-13T01:10:00.555+0000] {dag.py:2941} INFO - Sync 1 DAGs
[2025-03-13T01:10:00.566+0000] {logging_mixin.py:151} INFO - [2025-03-13T01:10:00.566+0000] {dag.py:3722} INFO - Setting next_dagrun for extract_exchange_rates to 2025-03-13T00:00:00+00:00, run_after=2025-03-14T00:00:00+00:00
[2025-03-13T01:10:00.573+0000] {processor.py:179} INFO - Processing /opt/airflow/dags/extract_exchange_rates.py took 0.050 seconds
[2025-03-13T01:10:30.777+0000] {processor.py:157} INFO - Started process (PID=5779) to work on /opt/airflow/dags/extract_exchange_rates.py
[2025-03-13T01:10:30.778+0000] {processor.py:829} INFO - Processing file /opt/airflow/dags/extract_exchange_rates.py for tasks to queue
[2025-03-13T01:10:30.779+0000] {logging_mixin.py:151} INFO - [2025-03-13T01:10:30.779+0000] {dagbag.py:536} INFO - Filling up the DagBag from /opt/airflow/dags/extract_exchange_rates.py
[2025-03-13T01:10:30.788+0000] {processor.py:839} INFO - DAG(s) dict_keys(['extract_exchange_rates']) retrieved from /opt/airflow/dags/extract_exchange_rates.py
[2025-03-13T01:10:30.803+0000] {logging_mixin.py:151} INFO - [2025-03-13T01:10:30.803+0000] {dag.py:2941} INFO - Sync 1 DAGs
[2025-03-13T01:10:30.813+0000] {logging_mixin.py:151} INFO - [2025-03-13T01:10:30.813+0000] {dag.py:3722} INFO - Setting next_dagrun for extract_exchange_rates to 2025-03-13T00:00:00+00:00, run_after=2025-03-14T00:00:00+00:00
[2025-03-13T01:10:30.821+0000] {processor.py:179} INFO - Processing /opt/airflow/dags/extract_exchange_rates.py took 0.046 seconds
[2025-03-13T01:11:01.007+0000] {processor.py:157} INFO - Started process (PID=5784) to work on /opt/airflow/dags/extract_exchange_rates.py
[2025-03-13T01:11:01.007+0000] {processor.py:829} INFO - Processing file /opt/airflow/dags/extract_exchange_rates.py for tasks to queue
[2025-03-13T01:11:01.008+0000] {logging_mixin.py:151} INFO - [2025-03-13T01:11:01.008+0000] {dagbag.py:536} INFO - Filling up the DagBag from /opt/airflow/dags/extract_exchange_rates.py
[2025-03-13T01:11:01.022+0000] {processor.py:839} INFO - DAG(s) dict_keys(['extract_exchange_rates']) retrieved from /opt/airflow/dags/extract_exchange_rates.py
[2025-03-13T01:11:01.042+0000] {logging_mixin.py:151} INFO - [2025-03-13T01:11:01.042+0000] {dag.py:2941} INFO - Sync 1 DAGs
[2025-03-13T01:11:01.055+0000] {logging_mixin.py:151} INFO - [2025-03-13T01:11:01.055+0000] {dag.py:3722} INFO - Setting next_dagrun for extract_exchange_rates to 2025-03-13T00:00:00+00:00, run_after=2025-03-14T00:00:00+00:00
[2025-03-13T01:11:01.064+0000] {processor.py:179} INFO - Processing /opt/airflow/dags/extract_exchange_rates.py took 0.061 seconds
[2025-03-13T01:11:31.238+0000] {processor.py:157} INFO - Started process (PID=5789) to work on /opt/airflow/dags/extract_exchange_rates.py
[2025-03-13T01:11:31.239+0000] {processor.py:829} INFO - Processing file /opt/airflow/dags/extract_exchange_rates.py for tasks to queue
[2025-03-13T01:11:31.240+0000] {logging_mixin.py:151} INFO - [2025-03-13T01:11:31.240+0000] {dagbag.py:536} INFO - Filling up the DagBag from /opt/airflow/dags/extract_exchange_rates.py
[2025-03-13T01:11:31.250+0000] {processor.py:839} INFO - DAG(s) dict_keys(['extract_exchange_rates']) retrieved from /opt/airflow/dags/extract_exchange_rates.py
[2025-03-13T01:11:31.267+0000] {logging_mixin.py:151} INFO - [2025-03-13T01:11:31.267+0000] {dag.py:2941} INFO - Sync 1 DAGs
[2025-03-13T01:11:31.277+0000] {logging_mixin.py:151} INFO - [2025-03-13T01:11:31.277+0000] {dag.py:3722} INFO - Setting next_dagrun for extract_exchange_rates to 2025-03-13T00:00:00+00:00, run_after=2025-03-14T00:00:00+00:00
[2025-03-13T01:11:31.284+0000] {processor.py:179} INFO - Processing /opt/airflow/dags/extract_exchange_rates.py took 0.050 seconds
[2025-03-13T01:12:01.480+0000] {processor.py:157} INFO - Started process (PID=5794) to work on /opt/airflow/dags/extract_exchange_rates.py
[2025-03-13T01:12:01.481+0000] {processor.py:829} INFO - Processing file /opt/airflow/dags/extract_exchange_rates.py for tasks to queue
[2025-03-13T01:12:01.482+0000] {logging_mixin.py:151} INFO - [2025-03-13T01:12:01.482+0000] {dagbag.py:536} INFO - Filling up the DagBag from /opt/airflow/dags/extract_exchange_rates.py
[2025-03-13T01:12:01.493+0000] {processor.py:839} INFO - DAG(s) dict_keys(['extract_exchange_rates']) retrieved from /opt/airflow/dags/extract_exchange_rates.py
[2025-03-13T01:12:01.510+0000] {logging_mixin.py:151} INFO - [2025-03-13T01:12:01.509+0000] {dag.py:2941} INFO - Sync 1 DAGs
[2025-03-13T01:12:01.520+0000] {logging_mixin.py:151} INFO - [2025-03-13T01:12:01.520+0000] {dag.py:3722} INFO - Setting next_dagrun for extract_exchange_rates to 2025-03-13T00:00:00+00:00, run_after=2025-03-14T00:00:00+00:00
[2025-03-13T01:12:01.527+0000] {processor.py:179} INFO - Processing /opt/airflow/dags/extract_exchange_rates.py took 0.051 seconds
[2025-03-13T01:12:31.705+0000] {processor.py:157} INFO - Started process (PID=5799) to work on /opt/airflow/dags/extract_exchange_rates.py
[2025-03-13T01:12:31.706+0000] {processor.py:829} INFO - Processing file /opt/airflow/dags/extract_exchange_rates.py for tasks to queue
[2025-03-13T01:12:31.706+0000] {logging_mixin.py:151} INFO - [2025-03-13T01:12:31.706+0000] {dagbag.py:536} INFO - Filling up the DagBag from /opt/airflow/dags/extract_exchange_rates.py
[2025-03-13T01:12:31.717+0000] {processor.py:839} INFO - DAG(s) dict_keys(['extract_exchange_rates']) retrieved from /opt/airflow/dags/extract_exchange_rates.py
[2025-03-13T01:12:31.732+0000] {logging_mixin.py:151} INFO - [2025-03-13T01:12:31.732+0000] {dag.py:2941} INFO - Sync 1 DAGs
[2025-03-13T01:12:31.743+0000] {logging_mixin.py:151} INFO - [2025-03-13T01:12:31.743+0000] {dag.py:3722} INFO - Setting next_dagrun for extract_exchange_rates to 2025-03-13T00:00:00+00:00, run_after=2025-03-14T00:00:00+00:00
[2025-03-13T01:12:31.751+0000] {processor.py:179} INFO - Processing /opt/airflow/dags/extract_exchange_rates.py took 0.047 seconds
[2025-03-13T01:13:01.944+0000] {processor.py:157} INFO - Started process (PID=5804) to work on /opt/airflow/dags/extract_exchange_rates.py
[2025-03-13T01:13:01.945+0000] {processor.py:829} INFO - Processing file /opt/airflow/dags/extract_exchange_rates.py for tasks to queue
[2025-03-13T01:13:01.945+0000] {logging_mixin.py:151} INFO - [2025-03-13T01:13:01.945+0000] {dagbag.py:536} INFO - Filling up the DagBag from /opt/airflow/dags/extract_exchange_rates.py
[2025-03-13T01:13:01.958+0000] {processor.py:839} INFO - DAG(s) dict_keys(['extract_exchange_rates']) retrieved from /opt/airflow/dags/extract_exchange_rates.py
[2025-03-13T01:13:01.973+0000] {logging_mixin.py:151} INFO - [2025-03-13T01:13:01.973+0000] {dag.py:2941} INFO - Sync 1 DAGs
[2025-03-13T01:13:01.983+0000] {logging_mixin.py:151} INFO - [2025-03-13T01:13:01.983+0000] {dag.py:3722} INFO - Setting next_dagrun for extract_exchange_rates to 2025-03-13T00:00:00+00:00, run_after=2025-03-14T00:00:00+00:00
[2025-03-13T01:13:01.990+0000] {processor.py:179} INFO - Processing /opt/airflow/dags/extract_exchange_rates.py took 0.049 seconds
[2025-03-13T01:13:32.180+0000] {processor.py:157} INFO - Started process (PID=5809) to work on /opt/airflow/dags/extract_exchange_rates.py
[2025-03-13T01:13:32.181+0000] {processor.py:829} INFO - Processing file /opt/airflow/dags/extract_exchange_rates.py for tasks to queue
[2025-03-13T01:13:32.182+0000] {logging_mixin.py:151} INFO - [2025-03-13T01:13:32.181+0000] {dagbag.py:536} INFO - Filling up the DagBag from /opt/airflow/dags/extract_exchange_rates.py
[2025-03-13T01:13:32.193+0000] {processor.py:839} INFO - DAG(s) dict_keys(['extract_exchange_rates']) retrieved from /opt/airflow/dags/extract_exchange_rates.py
[2025-03-13T01:13:32.210+0000] {logging_mixin.py:151} INFO - [2025-03-13T01:13:32.210+0000] {dag.py:2941} INFO - Sync 1 DAGs
[2025-03-13T01:13:32.221+0000] {logging_mixin.py:151} INFO - [2025-03-13T01:13:32.221+0000] {dag.py:3722} INFO - Setting next_dagrun for extract_exchange_rates to 2025-03-13T00:00:00+00:00, run_after=2025-03-14T00:00:00+00:00
[2025-03-13T01:13:32.229+0000] {processor.py:179} INFO - Processing /opt/airflow/dags/extract_exchange_rates.py took 0.052 seconds
[2025-03-13T01:14:02.402+0000] {processor.py:157} INFO - Started process (PID=5814) to work on /opt/airflow/dags/extract_exchange_rates.py
[2025-03-13T01:14:02.403+0000] {processor.py:829} INFO - Processing file /opt/airflow/dags/extract_exchange_rates.py for tasks to queue
[2025-03-13T01:14:02.403+0000] {logging_mixin.py:151} INFO - [2025-03-13T01:14:02.403+0000] {dagbag.py:536} INFO - Filling up the DagBag from /opt/airflow/dags/extract_exchange_rates.py
[2025-03-13T01:14:02.410+0000] {processor.py:839} INFO - DAG(s) dict_keys(['extract_exchange_rates']) retrieved from /opt/airflow/dags/extract_exchange_rates.py
[2025-03-13T01:14:02.423+0000] {logging_mixin.py:151} INFO - [2025-03-13T01:14:02.423+0000] {dag.py:2941} INFO - Sync 1 DAGs
[2025-03-13T01:14:02.434+0000] {logging_mixin.py:151} INFO - [2025-03-13T01:14:02.434+0000] {dag.py:3722} INFO - Setting next_dagrun for extract_exchange_rates to 2025-03-13T00:00:00+00:00, run_after=2025-03-14T00:00:00+00:00
[2025-03-13T01:14:02.442+0000] {processor.py:179} INFO - Processing /opt/airflow/dags/extract_exchange_rates.py took 0.041 seconds
[2025-03-13T01:14:32.674+0000] {processor.py:157} INFO - Started process (PID=5819) to work on /opt/airflow/dags/extract_exchange_rates.py
[2025-03-13T01:14:32.675+0000] {processor.py:829} INFO - Processing file /opt/airflow/dags/extract_exchange_rates.py for tasks to queue
[2025-03-13T01:14:32.676+0000] {logging_mixin.py:151} INFO - [2025-03-13T01:14:32.676+0000] {dagbag.py:536} INFO - Filling up the DagBag from /opt/airflow/dags/extract_exchange_rates.py
[2025-03-13T01:14:32.694+0000] {processor.py:839} INFO - DAG(s) dict_keys(['extract_exchange_rates']) retrieved from /opt/airflow/dags/extract_exchange_rates.py
[2025-03-13T01:14:32.716+0000] {logging_mixin.py:151} INFO - [2025-03-13T01:14:32.716+0000] {dag.py:2941} INFO - Sync 1 DAGs
[2025-03-13T01:14:32.731+0000] {logging_mixin.py:151} INFO - [2025-03-13T01:14:32.730+0000] {dag.py:3722} INFO - Setting next_dagrun for extract_exchange_rates to 2025-03-13T00:00:00+00:00, run_after=2025-03-14T00:00:00+00:00
[2025-03-13T01:14:32.741+0000] {processor.py:179} INFO - Processing /opt/airflow/dags/extract_exchange_rates.py took 0.071 seconds
[2025-03-13T01:15:02.884+0000] {processor.py:157} INFO - Started process (PID=5824) to work on /opt/airflow/dags/extract_exchange_rates.py
[2025-03-13T01:15:02.884+0000] {processor.py:829} INFO - Processing file /opt/airflow/dags/extract_exchange_rates.py for tasks to queue
[2025-03-13T01:15:02.885+0000] {logging_mixin.py:151} INFO - [2025-03-13T01:15:02.885+0000] {dagbag.py:536} INFO - Filling up the DagBag from /opt/airflow/dags/extract_exchange_rates.py
[2025-03-13T01:15:02.893+0000] {processor.py:839} INFO - DAG(s) dict_keys(['extract_exchange_rates']) retrieved from /opt/airflow/dags/extract_exchange_rates.py
[2025-03-13T01:15:02.907+0000] {logging_mixin.py:151} INFO - [2025-03-13T01:15:02.906+0000] {dag.py:2941} INFO - Sync 1 DAGs
[2025-03-13T01:15:02.918+0000] {logging_mixin.py:151} INFO - [2025-03-13T01:15:02.918+0000] {dag.py:3722} INFO - Setting next_dagrun for extract_exchange_rates to 2025-03-13T00:00:00+00:00, run_after=2025-03-14T00:00:00+00:00
[2025-03-13T01:15:02.926+0000] {processor.py:179} INFO - Processing /opt/airflow/dags/extract_exchange_rates.py took 0.045 seconds
[2025-03-13T01:15:33.098+0000] {processor.py:157} INFO - Started process (PID=5829) to work on /opt/airflow/dags/extract_exchange_rates.py
[2025-03-13T01:15:33.099+0000] {processor.py:829} INFO - Processing file /opt/airflow/dags/extract_exchange_rates.py for tasks to queue
[2025-03-13T01:15:33.100+0000] {logging_mixin.py:151} INFO - [2025-03-13T01:15:33.100+0000] {dagbag.py:536} INFO - Filling up the DagBag from /opt/airflow/dags/extract_exchange_rates.py
[2025-03-13T01:15:33.109+0000] {processor.py:839} INFO - DAG(s) dict_keys(['extract_exchange_rates']) retrieved from /opt/airflow/dags/extract_exchange_rates.py
[2025-03-13T01:15:33.124+0000] {logging_mixin.py:151} INFO - [2025-03-13T01:15:33.124+0000] {dag.py:2941} INFO - Sync 1 DAGs
[2025-03-13T01:15:33.135+0000] {logging_mixin.py:151} INFO - [2025-03-13T01:15:33.135+0000] {dag.py:3722} INFO - Setting next_dagrun for extract_exchange_rates to 2025-03-13T00:00:00+00:00, run_after=2025-03-14T00:00:00+00:00
[2025-03-13T01:15:33.142+0000] {processor.py:179} INFO - Processing /opt/airflow/dags/extract_exchange_rates.py took 0.046 seconds
[2025-03-13T01:16:03.465+0000] {processor.py:157} INFO - Started process (PID=5834) to work on /opt/airflow/dags/extract_exchange_rates.py
[2025-03-13T01:16:03.466+0000] {processor.py:829} INFO - Processing file /opt/airflow/dags/extract_exchange_rates.py for tasks to queue
[2025-03-13T01:16:03.466+0000] {logging_mixin.py:151} INFO - [2025-03-13T01:16:03.466+0000] {dagbag.py:536} INFO - Filling up the DagBag from /opt/airflow/dags/extract_exchange_rates.py
[2025-03-13T01:16:03.478+0000] {processor.py:839} INFO - DAG(s) dict_keys(['extract_exchange_rates']) retrieved from /opt/airflow/dags/extract_exchange_rates.py
[2025-03-13T01:16:03.494+0000] {logging_mixin.py:151} INFO - [2025-03-13T01:16:03.494+0000] {dag.py:2941} INFO - Sync 1 DAGs
[2025-03-13T01:16:03.504+0000] {logging_mixin.py:151} INFO - [2025-03-13T01:16:03.504+0000] {dag.py:3722} INFO - Setting next_dagrun for extract_exchange_rates to 2025-03-13T00:00:00+00:00, run_after=2025-03-14T00:00:00+00:00
[2025-03-13T01:16:03.512+0000] {processor.py:179} INFO - Processing /opt/airflow/dags/extract_exchange_rates.py took 0.050 seconds
[2025-03-13T01:16:33.721+0000] {processor.py:157} INFO - Started process (PID=5839) to work on /opt/airflow/dags/extract_exchange_rates.py
[2025-03-13T01:16:33.722+0000] {processor.py:829} INFO - Processing file /opt/airflow/dags/extract_exchange_rates.py for tasks to queue
[2025-03-13T01:16:33.723+0000] {logging_mixin.py:151} INFO - [2025-03-13T01:16:33.723+0000] {dagbag.py:536} INFO - Filling up the DagBag from /opt/airflow/dags/extract_exchange_rates.py
[2025-03-13T01:16:33.734+0000] {processor.py:839} INFO - DAG(s) dict_keys(['extract_exchange_rates']) retrieved from /opt/airflow/dags/extract_exchange_rates.py
[2025-03-13T01:16:33.749+0000] {logging_mixin.py:151} INFO - [2025-03-13T01:16:33.749+0000] {dag.py:2941} INFO - Sync 1 DAGs
[2025-03-13T01:16:33.759+0000] {logging_mixin.py:151} INFO - [2025-03-13T01:16:33.759+0000] {dag.py:3722} INFO - Setting next_dagrun for extract_exchange_rates to 2025-03-13T00:00:00+00:00, run_after=2025-03-14T00:00:00+00:00
[2025-03-13T01:16:33.767+0000] {processor.py:179} INFO - Processing /opt/airflow/dags/extract_exchange_rates.py took 0.049 seconds
[2025-03-13T01:17:03.959+0000] {processor.py:157} INFO - Started process (PID=5844) to work on /opt/airflow/dags/extract_exchange_rates.py
[2025-03-13T01:17:03.961+0000] {processor.py:829} INFO - Processing file /opt/airflow/dags/extract_exchange_rates.py for tasks to queue
[2025-03-13T01:17:03.961+0000] {logging_mixin.py:151} INFO - [2025-03-13T01:17:03.961+0000] {dagbag.py:536} INFO - Filling up the DagBag from /opt/airflow/dags/extract_exchange_rates.py
[2025-03-13T01:17:03.973+0000] {processor.py:839} INFO - DAG(s) dict_keys(['extract_exchange_rates']) retrieved from /opt/airflow/dags/extract_exchange_rates.py
[2025-03-13T01:17:03.987+0000] {logging_mixin.py:151} INFO - [2025-03-13T01:17:03.987+0000] {dag.py:2941} INFO - Sync 1 DAGs
[2025-03-13T01:17:03.999+0000] {logging_mixin.py:151} INFO - [2025-03-13T01:17:03.999+0000] {dag.py:3722} INFO - Setting next_dagrun for extract_exchange_rates to 2025-03-13T00:00:00+00:00, run_after=2025-03-14T00:00:00+00:00
[2025-03-13T01:17:04.006+0000] {processor.py:179} INFO - Processing /opt/airflow/dags/extract_exchange_rates.py took 0.050 seconds
[2025-03-13T01:17:34.219+0000] {processor.py:157} INFO - Started process (PID=5849) to work on /opt/airflow/dags/extract_exchange_rates.py
[2025-03-13T01:17:34.220+0000] {processor.py:829} INFO - Processing file /opt/airflow/dags/extract_exchange_rates.py for tasks to queue
[2025-03-13T01:17:34.220+0000] {logging_mixin.py:151} INFO - [2025-03-13T01:17:34.220+0000] {dagbag.py:536} INFO - Filling up the DagBag from /opt/airflow/dags/extract_exchange_rates.py
[2025-03-13T01:17:34.233+0000] {processor.py:839} INFO - DAG(s) dict_keys(['extract_exchange_rates']) retrieved from /opt/airflow/dags/extract_exchange_rates.py
[2025-03-13T01:17:34.247+0000] {logging_mixin.py:151} INFO - [2025-03-13T01:17:34.247+0000] {dag.py:2941} INFO - Sync 1 DAGs
[2025-03-13T01:17:34.257+0000] {logging_mixin.py:151} INFO - [2025-03-13T01:17:34.256+0000] {dag.py:3722} INFO - Setting next_dagrun for extract_exchange_rates to 2025-03-13T00:00:00+00:00, run_after=2025-03-14T00:00:00+00:00
[2025-03-13T01:17:34.263+0000] {processor.py:179} INFO - Processing /opt/airflow/dags/extract_exchange_rates.py took 0.047 seconds
[2025-03-13T01:18:04.504+0000] {processor.py:157} INFO - Started process (PID=5854) to work on /opt/airflow/dags/extract_exchange_rates.py
[2025-03-13T01:18:04.504+0000] {processor.py:829} INFO - Processing file /opt/airflow/dags/extract_exchange_rates.py for tasks to queue
[2025-03-13T01:18:04.505+0000] {logging_mixin.py:151} INFO - [2025-03-13T01:18:04.505+0000] {dagbag.py:536} INFO - Filling up the DagBag from /opt/airflow/dags/extract_exchange_rates.py
[2025-03-13T01:18:04.518+0000] {processor.py:839} INFO - DAG(s) dict_keys(['extract_exchange_rates']) retrieved from /opt/airflow/dags/extract_exchange_rates.py
[2025-03-13T01:18:04.533+0000] {logging_mixin.py:151} INFO - [2025-03-13T01:18:04.533+0000] {dag.py:2941} INFO - Sync 1 DAGs
[2025-03-13T01:18:04.543+0000] {logging_mixin.py:151} INFO - [2025-03-13T01:18:04.543+0000] {dag.py:3722} INFO - Setting next_dagrun for extract_exchange_rates to 2025-03-13T00:00:00+00:00, run_after=2025-03-14T00:00:00+00:00
[2025-03-13T01:18:04.550+0000] {processor.py:179} INFO - Processing /opt/airflow/dags/extract_exchange_rates.py took 0.049 seconds
[2025-03-13T01:18:34.731+0000] {processor.py:157} INFO - Started process (PID=5859) to work on /opt/airflow/dags/extract_exchange_rates.py
[2025-03-13T01:18:34.732+0000] {processor.py:829} INFO - Processing file /opt/airflow/dags/extract_exchange_rates.py for tasks to queue
[2025-03-13T01:18:34.733+0000] {logging_mixin.py:151} INFO - [2025-03-13T01:18:34.732+0000] {dagbag.py:536} INFO - Filling up the DagBag from /opt/airflow/dags/extract_exchange_rates.py
[2025-03-13T01:18:34.744+0000] {processor.py:839} INFO - DAG(s) dict_keys(['extract_exchange_rates']) retrieved from /opt/airflow/dags/extract_exchange_rates.py
[2025-03-13T01:18:34.763+0000] {logging_mixin.py:151} INFO - [2025-03-13T01:18:34.763+0000] {dag.py:2941} INFO - Sync 1 DAGs
[2025-03-13T01:18:34.776+0000] {logging_mixin.py:151} INFO - [2025-03-13T01:18:34.776+0000] {dag.py:3722} INFO - Setting next_dagrun for extract_exchange_rates to 2025-03-13T00:00:00+00:00, run_after=2025-03-14T00:00:00+00:00
[2025-03-13T01:18:34.784+0000] {processor.py:179} INFO - Processing /opt/airflow/dags/extract_exchange_rates.py took 0.056 seconds
[2025-03-13T01:19:04.979+0000] {processor.py:157} INFO - Started process (PID=5864) to work on /opt/airflow/dags/extract_exchange_rates.py
[2025-03-13T01:19:04.980+0000] {processor.py:829} INFO - Processing file /opt/airflow/dags/extract_exchange_rates.py for tasks to queue
[2025-03-13T01:19:04.981+0000] {logging_mixin.py:151} INFO - [2025-03-13T01:19:04.981+0000] {dagbag.py:536} INFO - Filling up the DagBag from /opt/airflow/dags/extract_exchange_rates.py
[2025-03-13T01:19:04.994+0000] {processor.py:839} INFO - DAG(s) dict_keys(['extract_exchange_rates']) retrieved from /opt/airflow/dags/extract_exchange_rates.py
[2025-03-13T01:19:05.017+0000] {logging_mixin.py:151} INFO - [2025-03-13T01:19:05.017+0000] {dag.py:2941} INFO - Sync 1 DAGs
[2025-03-13T01:19:05.031+0000] {logging_mixin.py:151} INFO - [2025-03-13T01:19:05.031+0000] {dag.py:3722} INFO - Setting next_dagrun for extract_exchange_rates to 2025-03-13T00:00:00+00:00, run_after=2025-03-14T00:00:00+00:00
[2025-03-13T01:19:05.039+0000] {processor.py:179} INFO - Processing /opt/airflow/dags/extract_exchange_rates.py took 0.063 seconds
[2025-03-13T01:19:35.250+0000] {processor.py:157} INFO - Started process (PID=5869) to work on /opt/airflow/dags/extract_exchange_rates.py
[2025-03-13T01:19:35.252+0000] {processor.py:829} INFO - Processing file /opt/airflow/dags/extract_exchange_rates.py for tasks to queue
[2025-03-13T01:19:35.253+0000] {logging_mixin.py:151} INFO - [2025-03-13T01:19:35.252+0000] {dagbag.py:536} INFO - Filling up the DagBag from /opt/airflow/dags/extract_exchange_rates.py
[2025-03-13T01:19:35.264+0000] {processor.py:839} INFO - DAG(s) dict_keys(['extract_exchange_rates']) retrieved from /opt/airflow/dags/extract_exchange_rates.py
[2025-03-13T01:19:35.280+0000] {logging_mixin.py:151} INFO - [2025-03-13T01:19:35.280+0000] {dag.py:2941} INFO - Sync 1 DAGs
[2025-03-13T01:19:35.294+0000] {logging_mixin.py:151} INFO - [2025-03-13T01:19:35.293+0000] {dag.py:3722} INFO - Setting next_dagrun for extract_exchange_rates to 2025-03-13T00:00:00+00:00, run_after=2025-03-14T00:00:00+00:00
[2025-03-13T01:19:35.303+0000] {processor.py:179} INFO - Processing /opt/airflow/dags/extract_exchange_rates.py took 0.056 seconds
[2025-03-13T01:20:05.504+0000] {processor.py:157} INFO - Started process (PID=5874) to work on /opt/airflow/dags/extract_exchange_rates.py
[2025-03-13T01:20:05.504+0000] {processor.py:829} INFO - Processing file /opt/airflow/dags/extract_exchange_rates.py for tasks to queue
[2025-03-13T01:20:05.505+0000] {logging_mixin.py:151} INFO - [2025-03-13T01:20:05.505+0000] {dagbag.py:536} INFO - Filling up the DagBag from /opt/airflow/dags/extract_exchange_rates.py
[2025-03-13T01:20:05.515+0000] {processor.py:839} INFO - DAG(s) dict_keys(['extract_exchange_rates']) retrieved from /opt/airflow/dags/extract_exchange_rates.py
[2025-03-13T01:20:05.532+0000] {logging_mixin.py:151} INFO - [2025-03-13T01:20:05.532+0000] {dag.py:2941} INFO - Sync 1 DAGs
[2025-03-13T01:20:05.544+0000] {logging_mixin.py:151} INFO - [2025-03-13T01:20:05.544+0000] {dag.py:3722} INFO - Setting next_dagrun for extract_exchange_rates to 2025-03-13T00:00:00+00:00, run_after=2025-03-14T00:00:00+00:00
[2025-03-13T01:20:05.552+0000] {processor.py:179} INFO - Processing /opt/airflow/dags/extract_exchange_rates.py took 0.051 seconds
[2025-03-13T01:20:35.739+0000] {processor.py:157} INFO - Started process (PID=5879) to work on /opt/airflow/dags/extract_exchange_rates.py
[2025-03-13T01:20:35.740+0000] {processor.py:829} INFO - Processing file /opt/airflow/dags/extract_exchange_rates.py for tasks to queue
[2025-03-13T01:20:35.740+0000] {logging_mixin.py:151} INFO - [2025-03-13T01:20:35.740+0000] {dagbag.py:536} INFO - Filling up the DagBag from /opt/airflow/dags/extract_exchange_rates.py
[2025-03-13T01:20:35.749+0000] {processor.py:839} INFO - DAG(s) dict_keys(['extract_exchange_rates']) retrieved from /opt/airflow/dags/extract_exchange_rates.py
[2025-03-13T01:20:35.761+0000] {logging_mixin.py:151} INFO - [2025-03-13T01:20:35.761+0000] {dag.py:2941} INFO - Sync 1 DAGs
[2025-03-13T01:20:35.772+0000] {logging_mixin.py:151} INFO - [2025-03-13T01:20:35.771+0000] {dag.py:3722} INFO - Setting next_dagrun for extract_exchange_rates to 2025-03-13T00:00:00+00:00, run_after=2025-03-14T00:00:00+00:00
[2025-03-13T01:20:35.779+0000] {processor.py:179} INFO - Processing /opt/airflow/dags/extract_exchange_rates.py took 0.042 seconds
[2025-03-13T01:21:06.004+0000] {processor.py:157} INFO - Started process (PID=5884) to work on /opt/airflow/dags/extract_exchange_rates.py
[2025-03-13T01:21:06.005+0000] {processor.py:829} INFO - Processing file /opt/airflow/dags/extract_exchange_rates.py for tasks to queue
[2025-03-13T01:21:06.006+0000] {logging_mixin.py:151} INFO - [2025-03-13T01:21:06.005+0000] {dagbag.py:536} INFO - Filling up the DagBag from /opt/airflow/dags/extract_exchange_rates.py
[2025-03-13T01:21:06.015+0000] {processor.py:839} INFO - DAG(s) dict_keys(['extract_exchange_rates']) retrieved from /opt/airflow/dags/extract_exchange_rates.py
[2025-03-13T01:21:06.029+0000] {logging_mixin.py:151} INFO - [2025-03-13T01:21:06.029+0000] {dag.py:2941} INFO - Sync 1 DAGs
[2025-03-13T01:21:06.039+0000] {logging_mixin.py:151} INFO - [2025-03-13T01:21:06.039+0000] {dag.py:3722} INFO - Setting next_dagrun for extract_exchange_rates to 2025-03-13T00:00:00+00:00, run_after=2025-03-14T00:00:00+00:00
[2025-03-13T01:21:06.047+0000] {processor.py:179} INFO - Processing /opt/airflow/dags/extract_exchange_rates.py took 0.045 seconds
[2025-03-13T01:21:36.271+0000] {processor.py:157} INFO - Started process (PID=5889) to work on /opt/airflow/dags/extract_exchange_rates.py
[2025-03-13T01:21:36.271+0000] {processor.py:829} INFO - Processing file /opt/airflow/dags/extract_exchange_rates.py for tasks to queue
[2025-03-13T01:21:36.272+0000] {logging_mixin.py:151} INFO - [2025-03-13T01:21:36.272+0000] {dagbag.py:536} INFO - Filling up the DagBag from /opt/airflow/dags/extract_exchange_rates.py
[2025-03-13T01:21:36.282+0000] {processor.py:839} INFO - DAG(s) dict_keys(['extract_exchange_rates']) retrieved from /opt/airflow/dags/extract_exchange_rates.py
[2025-03-13T01:21:36.296+0000] {logging_mixin.py:151} INFO - [2025-03-13T01:21:36.296+0000] {dag.py:2941} INFO - Sync 1 DAGs
[2025-03-13T01:21:36.308+0000] {logging_mixin.py:151} INFO - [2025-03-13T01:21:36.307+0000] {dag.py:3722} INFO - Setting next_dagrun for extract_exchange_rates to 2025-03-13T00:00:00+00:00, run_after=2025-03-14T00:00:00+00:00
[2025-03-13T01:21:36.315+0000] {processor.py:179} INFO - Processing /opt/airflow/dags/extract_exchange_rates.py took 0.047 seconds
[2025-03-13T01:22:06.507+0000] {processor.py:157} INFO - Started process (PID=5894) to work on /opt/airflow/dags/extract_exchange_rates.py
[2025-03-13T01:22:06.509+0000] {processor.py:829} INFO - Processing file /opt/airflow/dags/extract_exchange_rates.py for tasks to queue
[2025-03-13T01:22:06.510+0000] {logging_mixin.py:151} INFO - [2025-03-13T01:22:06.509+0000] {dagbag.py:536} INFO - Filling up the DagBag from /opt/airflow/dags/extract_exchange_rates.py
[2025-03-13T01:22:06.522+0000] {processor.py:839} INFO - DAG(s) dict_keys(['extract_exchange_rates']) retrieved from /opt/airflow/dags/extract_exchange_rates.py
[2025-03-13T01:22:06.538+0000] {logging_mixin.py:151} INFO - [2025-03-13T01:22:06.538+0000] {dag.py:2941} INFO - Sync 1 DAGs
[2025-03-13T01:22:06.548+0000] {logging_mixin.py:151} INFO - [2025-03-13T01:22:06.548+0000] {dag.py:3722} INFO - Setting next_dagrun for extract_exchange_rates to 2025-03-13T00:00:00+00:00, run_after=2025-03-14T00:00:00+00:00
[2025-03-13T01:22:06.555+0000] {processor.py:179} INFO - Processing /opt/airflow/dags/extract_exchange_rates.py took 0.051 seconds
[2025-03-13T01:22:36.749+0000] {processor.py:157} INFO - Started process (PID=5899) to work on /opt/airflow/dags/extract_exchange_rates.py
[2025-03-13T01:22:36.749+0000] {processor.py:829} INFO - Processing file /opt/airflow/dags/extract_exchange_rates.py for tasks to queue
[2025-03-13T01:22:36.750+0000] {logging_mixin.py:151} INFO - [2025-03-13T01:22:36.750+0000] {dagbag.py:536} INFO - Filling up the DagBag from /opt/airflow/dags/extract_exchange_rates.py
[2025-03-13T01:22:36.762+0000] {processor.py:839} INFO - DAG(s) dict_keys(['extract_exchange_rates']) retrieved from /opt/airflow/dags/extract_exchange_rates.py
[2025-03-13T01:22:36.775+0000] {logging_mixin.py:151} INFO - [2025-03-13T01:22:36.775+0000] {dag.py:2941} INFO - Sync 1 DAGs
[2025-03-13T01:22:36.785+0000] {logging_mixin.py:151} INFO - [2025-03-13T01:22:36.785+0000] {dag.py:3722} INFO - Setting next_dagrun for extract_exchange_rates to 2025-03-13T00:00:00+00:00, run_after=2025-03-14T00:00:00+00:00
[2025-03-13T01:22:36.793+0000] {processor.py:179} INFO - Processing /opt/airflow/dags/extract_exchange_rates.py took 0.047 seconds
[2025-03-13T01:23:07.002+0000] {processor.py:157} INFO - Started process (PID=5904) to work on /opt/airflow/dags/extract_exchange_rates.py
[2025-03-13T01:23:07.003+0000] {processor.py:829} INFO - Processing file /opt/airflow/dags/extract_exchange_rates.py for tasks to queue
[2025-03-13T01:23:07.004+0000] {logging_mixin.py:151} INFO - [2025-03-13T01:23:07.004+0000] {dagbag.py:536} INFO - Filling up the DagBag from /opt/airflow/dags/extract_exchange_rates.py
[2025-03-13T01:23:07.017+0000] {processor.py:839} INFO - DAG(s) dict_keys(['extract_exchange_rates']) retrieved from /opt/airflow/dags/extract_exchange_rates.py
[2025-03-13T01:23:07.032+0000] {logging_mixin.py:151} INFO - [2025-03-13T01:23:07.032+0000] {dag.py:2941} INFO - Sync 1 DAGs
[2025-03-13T01:23:07.041+0000] {logging_mixin.py:151} INFO - [2025-03-13T01:23:07.041+0000] {dag.py:3722} INFO - Setting next_dagrun for extract_exchange_rates to 2025-03-13T00:00:00+00:00, run_after=2025-03-14T00:00:00+00:00
[2025-03-13T01:23:07.048+0000] {processor.py:179} INFO - Processing /opt/airflow/dags/extract_exchange_rates.py took 0.049 seconds
[2025-03-13T01:23:37.261+0000] {processor.py:157} INFO - Started process (PID=5909) to work on /opt/airflow/dags/extract_exchange_rates.py
[2025-03-13T01:23:37.262+0000] {processor.py:829} INFO - Processing file /opt/airflow/dags/extract_exchange_rates.py for tasks to queue
[2025-03-13T01:23:37.262+0000] {logging_mixin.py:151} INFO - [2025-03-13T01:23:37.262+0000] {dagbag.py:536} INFO - Filling up the DagBag from /opt/airflow/dags/extract_exchange_rates.py
[2025-03-13T01:23:37.272+0000] {processor.py:839} INFO - DAG(s) dict_keys(['extract_exchange_rates']) retrieved from /opt/airflow/dags/extract_exchange_rates.py
[2025-03-13T01:23:37.288+0000] {logging_mixin.py:151} INFO - [2025-03-13T01:23:37.288+0000] {dag.py:2941} INFO - Sync 1 DAGs
[2025-03-13T01:23:37.298+0000] {logging_mixin.py:151} INFO - [2025-03-13T01:23:37.298+0000] {dag.py:3722} INFO - Setting next_dagrun for extract_exchange_rates to 2025-03-13T00:00:00+00:00, run_after=2025-03-14T00:00:00+00:00
[2025-03-13T01:23:37.305+0000] {processor.py:179} INFO - Processing /opt/airflow/dags/extract_exchange_rates.py took 0.047 seconds
[2025-03-13T01:24:07.497+0000] {processor.py:157} INFO - Started process (PID=5914) to work on /opt/airflow/dags/extract_exchange_rates.py
[2025-03-13T01:24:07.501+0000] {processor.py:829} INFO - Processing file /opt/airflow/dags/extract_exchange_rates.py for tasks to queue
[2025-03-13T01:24:07.501+0000] {logging_mixin.py:151} INFO - [2025-03-13T01:24:07.501+0000] {dagbag.py:536} INFO - Filling up the DagBag from /opt/airflow/dags/extract_exchange_rates.py
[2025-03-13T01:24:07.517+0000] {processor.py:839} INFO - DAG(s) dict_keys(['extract_exchange_rates']) retrieved from /opt/airflow/dags/extract_exchange_rates.py
[2025-03-13T01:24:07.538+0000] {logging_mixin.py:151} INFO - [2025-03-13T01:24:07.538+0000] {dag.py:2941} INFO - Sync 1 DAGs
[2025-03-13T01:24:07.551+0000] {logging_mixin.py:151} INFO - [2025-03-13T01:24:07.551+0000] {dag.py:3722} INFO - Setting next_dagrun for extract_exchange_rates to 2025-03-13T00:00:00+00:00, run_after=2025-03-14T00:00:00+00:00
[2025-03-13T01:24:07.559+0000] {processor.py:179} INFO - Processing /opt/airflow/dags/extract_exchange_rates.py took 0.065 seconds
[2025-03-13T01:24:37.744+0000] {processor.py:157} INFO - Started process (PID=5919) to work on /opt/airflow/dags/extract_exchange_rates.py
[2025-03-13T01:24:37.745+0000] {processor.py:829} INFO - Processing file /opt/airflow/dags/extract_exchange_rates.py for tasks to queue
[2025-03-13T01:24:37.746+0000] {logging_mixin.py:151} INFO - [2025-03-13T01:24:37.745+0000] {dagbag.py:536} INFO - Filling up the DagBag from /opt/airflow/dags/extract_exchange_rates.py
[2025-03-13T01:24:37.756+0000] {processor.py:839} INFO - DAG(s) dict_keys(['extract_exchange_rates']) retrieved from /opt/airflow/dags/extract_exchange_rates.py
[2025-03-13T01:24:37.771+0000] {logging_mixin.py:151} INFO - [2025-03-13T01:24:37.771+0000] {dag.py:2941} INFO - Sync 1 DAGs
[2025-03-13T01:24:37.781+0000] {logging_mixin.py:151} INFO - [2025-03-13T01:24:37.781+0000] {dag.py:3722} INFO - Setting next_dagrun for extract_exchange_rates to 2025-03-13T00:00:00+00:00, run_after=2025-03-14T00:00:00+00:00
[2025-03-13T01:24:37.788+0000] {processor.py:179} INFO - Processing /opt/airflow/dags/extract_exchange_rates.py took 0.049 seconds
[2025-03-13T01:25:07.986+0000] {processor.py:157} INFO - Started process (PID=5924) to work on /opt/airflow/dags/extract_exchange_rates.py
[2025-03-13T01:25:07.987+0000] {processor.py:829} INFO - Processing file /opt/airflow/dags/extract_exchange_rates.py for tasks to queue
[2025-03-13T01:25:07.987+0000] {logging_mixin.py:151} INFO - [2025-03-13T01:25:07.987+0000] {dagbag.py:536} INFO - Filling up the DagBag from /opt/airflow/dags/extract_exchange_rates.py
[2025-03-13T01:25:07.998+0000] {processor.py:839} INFO - DAG(s) dict_keys(['extract_exchange_rates']) retrieved from /opt/airflow/dags/extract_exchange_rates.py
[2025-03-13T01:25:08.012+0000] {logging_mixin.py:151} INFO - [2025-03-13T01:25:08.012+0000] {dag.py:2941} INFO - Sync 1 DAGs
[2025-03-13T01:25:08.022+0000] {logging_mixin.py:151} INFO - [2025-03-13T01:25:08.021+0000] {dag.py:3722} INFO - Setting next_dagrun for extract_exchange_rates to 2025-03-13T00:00:00+00:00, run_after=2025-03-14T00:00:00+00:00
[2025-03-13T01:25:08.029+0000] {processor.py:179} INFO - Processing /opt/airflow/dags/extract_exchange_rates.py took 0.046 seconds
[2025-03-13T01:25:38.243+0000] {processor.py:157} INFO - Started process (PID=5929) to work on /opt/airflow/dags/extract_exchange_rates.py
[2025-03-13T01:25:38.245+0000] {processor.py:829} INFO - Processing file /opt/airflow/dags/extract_exchange_rates.py for tasks to queue
[2025-03-13T01:25:38.246+0000] {logging_mixin.py:151} INFO - [2025-03-13T01:25:38.246+0000] {dagbag.py:536} INFO - Filling up the DagBag from /opt/airflow/dags/extract_exchange_rates.py
[2025-03-13T01:25:38.257+0000] {processor.py:839} INFO - DAG(s) dict_keys(['extract_exchange_rates']) retrieved from /opt/airflow/dags/extract_exchange_rates.py
[2025-03-13T01:25:38.272+0000] {logging_mixin.py:151} INFO - [2025-03-13T01:25:38.272+0000] {dag.py:2941} INFO - Sync 1 DAGs
[2025-03-13T01:25:38.282+0000] {logging_mixin.py:151} INFO - [2025-03-13T01:25:38.282+0000] {dag.py:3722} INFO - Setting next_dagrun for extract_exchange_rates to 2025-03-13T00:00:00+00:00, run_after=2025-03-14T00:00:00+00:00
[2025-03-13T01:25:38.291+0000] {processor.py:179} INFO - Processing /opt/airflow/dags/extract_exchange_rates.py took 0.051 seconds
[2025-03-13T01:26:08.509+0000] {processor.py:157} INFO - Started process (PID=5934) to work on /opt/airflow/dags/extract_exchange_rates.py
[2025-03-13T01:26:08.510+0000] {processor.py:829} INFO - Processing file /opt/airflow/dags/extract_exchange_rates.py for tasks to queue
[2025-03-13T01:26:08.510+0000] {logging_mixin.py:151} INFO - [2025-03-13T01:26:08.510+0000] {dagbag.py:536} INFO - Filling up the DagBag from /opt/airflow/dags/extract_exchange_rates.py
[2025-03-13T01:26:08.522+0000] {processor.py:839} INFO - DAG(s) dict_keys(['extract_exchange_rates']) retrieved from /opt/airflow/dags/extract_exchange_rates.py
[2025-03-13T01:26:08.538+0000] {logging_mixin.py:151} INFO - [2025-03-13T01:26:08.538+0000] {dag.py:2941} INFO - Sync 1 DAGs
[2025-03-13T01:26:08.549+0000] {logging_mixin.py:151} INFO - [2025-03-13T01:26:08.549+0000] {dag.py:3722} INFO - Setting next_dagrun for extract_exchange_rates to 2025-03-13T00:00:00+00:00, run_after=2025-03-14T00:00:00+00:00
[2025-03-13T01:26:08.557+0000] {processor.py:179} INFO - Processing /opt/airflow/dags/extract_exchange_rates.py took 0.051 seconds
[2025-03-13T01:26:38.813+0000] {processor.py:157} INFO - Started process (PID=5939) to work on /opt/airflow/dags/extract_exchange_rates.py
[2025-03-13T01:26:38.815+0000] {processor.py:829} INFO - Processing file /opt/airflow/dags/extract_exchange_rates.py for tasks to queue
[2025-03-13T01:26:38.815+0000] {logging_mixin.py:151} INFO - [2025-03-13T01:26:38.815+0000] {dagbag.py:536} INFO - Filling up the DagBag from /opt/airflow/dags/extract_exchange_rates.py
[2025-03-13T01:26:38.828+0000] {processor.py:839} INFO - DAG(s) dict_keys(['extract_exchange_rates']) retrieved from /opt/airflow/dags/extract_exchange_rates.py
[2025-03-13T01:26:38.843+0000] {logging_mixin.py:151} INFO - [2025-03-13T01:26:38.843+0000] {dag.py:2941} INFO - Sync 1 DAGs
[2025-03-13T01:26:38.853+0000] {logging_mixin.py:151} INFO - [2025-03-13T01:26:38.853+0000] {dag.py:3722} INFO - Setting next_dagrun for extract_exchange_rates to 2025-03-13T00:00:00+00:00, run_after=2025-03-14T00:00:00+00:00
[2025-03-13T01:26:38.861+0000] {processor.py:179} INFO - Processing /opt/airflow/dags/extract_exchange_rates.py took 0.051 seconds
[2025-03-13T01:27:09.134+0000] {processor.py:157} INFO - Started process (PID=5944) to work on /opt/airflow/dags/extract_exchange_rates.py
[2025-03-13T01:27:09.136+0000] {processor.py:829} INFO - Processing file /opt/airflow/dags/extract_exchange_rates.py for tasks to queue
[2025-03-13T01:27:09.137+0000] {logging_mixin.py:151} INFO - [2025-03-13T01:27:09.136+0000] {dagbag.py:536} INFO - Filling up the DagBag from /opt/airflow/dags/extract_exchange_rates.py
[2025-03-13T01:27:09.155+0000] {processor.py:839} INFO - DAG(s) dict_keys(['extract_exchange_rates']) retrieved from /opt/airflow/dags/extract_exchange_rates.py
[2025-03-13T01:27:09.177+0000] {logging_mixin.py:151} INFO - [2025-03-13T01:27:09.177+0000] {dag.py:2941} INFO - Sync 1 DAGs
[2025-03-13T01:27:09.191+0000] {logging_mixin.py:151} INFO - [2025-03-13T01:27:09.190+0000] {dag.py:3722} INFO - Setting next_dagrun for extract_exchange_rates to 2025-03-13T00:00:00+00:00, run_after=2025-03-14T00:00:00+00:00
[2025-03-13T01:27:09.199+0000] {processor.py:179} INFO - Processing /opt/airflow/dags/extract_exchange_rates.py took 0.069 seconds
[2025-03-13T01:27:39.408+0000] {processor.py:157} INFO - Started process (PID=5949) to work on /opt/airflow/dags/extract_exchange_rates.py
[2025-03-13T01:27:39.409+0000] {processor.py:829} INFO - Processing file /opt/airflow/dags/extract_exchange_rates.py for tasks to queue
[2025-03-13T01:27:39.410+0000] {logging_mixin.py:151} INFO - [2025-03-13T01:27:39.410+0000] {dagbag.py:536} INFO - Filling up the DagBag from /opt/airflow/dags/extract_exchange_rates.py
[2025-03-13T01:27:39.422+0000] {processor.py:839} INFO - DAG(s) dict_keys(['extract_exchange_rates']) retrieved from /opt/airflow/dags/extract_exchange_rates.py
[2025-03-13T01:27:39.439+0000] {logging_mixin.py:151} INFO - [2025-03-13T01:27:39.439+0000] {dag.py:2941} INFO - Sync 1 DAGs
[2025-03-13T01:27:39.450+0000] {logging_mixin.py:151} INFO - [2025-03-13T01:27:39.450+0000] {dag.py:3722} INFO - Setting next_dagrun for extract_exchange_rates to 2025-03-13T00:00:00+00:00, run_after=2025-03-14T00:00:00+00:00
[2025-03-13T01:27:39.457+0000] {processor.py:179} INFO - Processing /opt/airflow/dags/extract_exchange_rates.py took 0.052 seconds
[2025-03-13T01:28:09.672+0000] {processor.py:157} INFO - Started process (PID=5954) to work on /opt/airflow/dags/extract_exchange_rates.py
[2025-03-13T01:28:09.672+0000] {processor.py:829} INFO - Processing file /opt/airflow/dags/extract_exchange_rates.py for tasks to queue
[2025-03-13T01:28:09.673+0000] {logging_mixin.py:151} INFO - [2025-03-13T01:28:09.673+0000] {dagbag.py:536} INFO - Filling up the DagBag from /opt/airflow/dags/extract_exchange_rates.py
[2025-03-13T01:28:09.687+0000] {processor.py:839} INFO - DAG(s) dict_keys(['extract_exchange_rates']) retrieved from /opt/airflow/dags/extract_exchange_rates.py
[2025-03-13T01:28:09.702+0000] {logging_mixin.py:151} INFO - [2025-03-13T01:28:09.702+0000] {dag.py:2941} INFO - Sync 1 DAGs
[2025-03-13T01:28:09.712+0000] {logging_mixin.py:151} INFO - [2025-03-13T01:28:09.712+0000] {dag.py:3722} INFO - Setting next_dagrun for extract_exchange_rates to 2025-03-13T00:00:00+00:00, run_after=2025-03-14T00:00:00+00:00
[2025-03-13T01:28:09.720+0000] {processor.py:179} INFO - Processing /opt/airflow/dags/extract_exchange_rates.py took 0.052 seconds
[2025-03-13T01:28:39.905+0000] {processor.py:157} INFO - Started process (PID=5959) to work on /opt/airflow/dags/extract_exchange_rates.py
[2025-03-13T01:28:39.906+0000] {processor.py:829} INFO - Processing file /opt/airflow/dags/extract_exchange_rates.py for tasks to queue
[2025-03-13T01:28:39.906+0000] {logging_mixin.py:151} INFO - [2025-03-13T01:28:39.906+0000] {dagbag.py:536} INFO - Filling up the DagBag from /opt/airflow/dags/extract_exchange_rates.py
[2025-03-13T01:28:39.913+0000] {processor.py:839} INFO - DAG(s) dict_keys(['extract_exchange_rates']) retrieved from /opt/airflow/dags/extract_exchange_rates.py
[2025-03-13T01:28:39.925+0000] {logging_mixin.py:151} INFO - [2025-03-13T01:28:39.925+0000] {dag.py:2941} INFO - Sync 1 DAGs
[2025-03-13T01:28:39.935+0000] {logging_mixin.py:151} INFO - [2025-03-13T01:28:39.935+0000] {dag.py:3722} INFO - Setting next_dagrun for extract_exchange_rates to 2025-03-13T00:00:00+00:00, run_after=2025-03-14T00:00:00+00:00
[2025-03-13T01:28:39.941+0000] {processor.py:179} INFO - Processing /opt/airflow/dags/extract_exchange_rates.py took 0.038 seconds
[2025-03-13T01:29:10.136+0000] {processor.py:157} INFO - Started process (PID=5964) to work on /opt/airflow/dags/extract_exchange_rates.py
[2025-03-13T01:29:10.136+0000] {processor.py:829} INFO - Processing file /opt/airflow/dags/extract_exchange_rates.py for tasks to queue
[2025-03-13T01:29:10.137+0000] {logging_mixin.py:151} INFO - [2025-03-13T01:29:10.137+0000] {dagbag.py:536} INFO - Filling up the DagBag from /opt/airflow/dags/extract_exchange_rates.py
[2025-03-13T01:29:10.146+0000] {processor.py:839} INFO - DAG(s) dict_keys(['extract_exchange_rates']) retrieved from /opt/airflow/dags/extract_exchange_rates.py
[2025-03-13T01:29:10.160+0000] {logging_mixin.py:151} INFO - [2025-03-13T01:29:10.160+0000] {dag.py:2941} INFO - Sync 1 DAGs
[2025-03-13T01:29:10.171+0000] {logging_mixin.py:151} INFO - [2025-03-13T01:29:10.171+0000] {dag.py:3722} INFO - Setting next_dagrun for extract_exchange_rates to 2025-03-13T00:00:00+00:00, run_after=2025-03-14T00:00:00+00:00
[2025-03-13T01:29:10.178+0000] {processor.py:179} INFO - Processing /opt/airflow/dags/extract_exchange_rates.py took 0.045 seconds
[2025-03-13T01:29:40.368+0000] {processor.py:157} INFO - Started process (PID=5969) to work on /opt/airflow/dags/extract_exchange_rates.py
[2025-03-13T01:29:40.369+0000] {processor.py:829} INFO - Processing file /opt/airflow/dags/extract_exchange_rates.py for tasks to queue
[2025-03-13T01:29:40.370+0000] {logging_mixin.py:151} INFO - [2025-03-13T01:29:40.369+0000] {dagbag.py:536} INFO - Filling up the DagBag from /opt/airflow/dags/extract_exchange_rates.py
[2025-03-13T01:29:40.383+0000] {processor.py:839} INFO - DAG(s) dict_keys(['extract_exchange_rates']) retrieved from /opt/airflow/dags/extract_exchange_rates.py
[2025-03-13T01:29:40.400+0000] {logging_mixin.py:151} INFO - [2025-03-13T01:29:40.399+0000] {dag.py:2941} INFO - Sync 1 DAGs
[2025-03-13T01:29:40.410+0000] {logging_mixin.py:151} INFO - [2025-03-13T01:29:40.410+0000] {dag.py:3722} INFO - Setting next_dagrun for extract_exchange_rates to 2025-03-13T00:00:00+00:00, run_after=2025-03-14T00:00:00+00:00
[2025-03-13T01:29:40.417+0000] {processor.py:179} INFO - Processing /opt/airflow/dags/extract_exchange_rates.py took 0.052 seconds
[2025-03-13T01:30:10.624+0000] {processor.py:157} INFO - Started process (PID=5974) to work on /opt/airflow/dags/extract_exchange_rates.py
[2025-03-13T01:30:10.625+0000] {processor.py:829} INFO - Processing file /opt/airflow/dags/extract_exchange_rates.py for tasks to queue
[2025-03-13T01:30:10.626+0000] {logging_mixin.py:151} INFO - [2025-03-13T01:30:10.626+0000] {dagbag.py:536} INFO - Filling up the DagBag from /opt/airflow/dags/extract_exchange_rates.py
[2025-03-13T01:30:10.638+0000] {processor.py:839} INFO - DAG(s) dict_keys(['extract_exchange_rates']) retrieved from /opt/airflow/dags/extract_exchange_rates.py
[2025-03-13T01:30:10.656+0000] {logging_mixin.py:151} INFO - [2025-03-13T01:30:10.655+0000] {dag.py:2941} INFO - Sync 1 DAGs
[2025-03-13T01:30:10.666+0000] {logging_mixin.py:151} INFO - [2025-03-13T01:30:10.666+0000] {dag.py:3722} INFO - Setting next_dagrun for extract_exchange_rates to 2025-03-13T00:00:00+00:00, run_after=2025-03-14T00:00:00+00:00
[2025-03-13T01:30:10.674+0000] {processor.py:179} INFO - Processing /opt/airflow/dags/extract_exchange_rates.py took 0.053 seconds
[2025-03-13T01:30:40.875+0000] {processor.py:157} INFO - Started process (PID=5979) to work on /opt/airflow/dags/extract_exchange_rates.py
[2025-03-13T01:30:40.876+0000] {processor.py:829} INFO - Processing file /opt/airflow/dags/extract_exchange_rates.py for tasks to queue
[2025-03-13T01:30:40.877+0000] {logging_mixin.py:151} INFO - [2025-03-13T01:30:40.877+0000] {dagbag.py:536} INFO - Filling up the DagBag from /opt/airflow/dags/extract_exchange_rates.py
[2025-03-13T01:30:40.887+0000] {processor.py:839} INFO - DAG(s) dict_keys(['extract_exchange_rates']) retrieved from /opt/airflow/dags/extract_exchange_rates.py
[2025-03-13T01:30:40.900+0000] {logging_mixin.py:151} INFO - [2025-03-13T01:30:40.900+0000] {dag.py:2941} INFO - Sync 1 DAGs
[2025-03-13T01:30:40.910+0000] {logging_mixin.py:151} INFO - [2025-03-13T01:30:40.910+0000] {dag.py:3722} INFO - Setting next_dagrun for extract_exchange_rates to 2025-03-13T00:00:00+00:00, run_after=2025-03-14T00:00:00+00:00
[2025-03-13T01:30:40.917+0000] {processor.py:179} INFO - Processing /opt/airflow/dags/extract_exchange_rates.py took 0.045 seconds
[2025-03-13T01:31:11.128+0000] {processor.py:157} INFO - Started process (PID=5984) to work on /opt/airflow/dags/extract_exchange_rates.py
[2025-03-13T01:31:11.129+0000] {processor.py:829} INFO - Processing file /opt/airflow/dags/extract_exchange_rates.py for tasks to queue
[2025-03-13T01:31:11.129+0000] {logging_mixin.py:151} INFO - [2025-03-13T01:31:11.129+0000] {dagbag.py:536} INFO - Filling up the DagBag from /opt/airflow/dags/extract_exchange_rates.py
[2025-03-13T01:31:11.137+0000] {processor.py:839} INFO - DAG(s) dict_keys(['extract_exchange_rates']) retrieved from /opt/airflow/dags/extract_exchange_rates.py
[2025-03-13T01:31:11.150+0000] {logging_mixin.py:151} INFO - [2025-03-13T01:31:11.150+0000] {dag.py:2941} INFO - Sync 1 DAGs
[2025-03-13T01:31:11.161+0000] {logging_mixin.py:151} INFO - [2025-03-13T01:31:11.161+0000] {dag.py:3722} INFO - Setting next_dagrun for extract_exchange_rates to 2025-03-13T00:00:00+00:00, run_after=2025-03-14T00:00:00+00:00
[2025-03-13T01:31:11.170+0000] {processor.py:179} INFO - Processing /opt/airflow/dags/extract_exchange_rates.py took 0.044 seconds
[2025-03-13T01:31:41.386+0000] {processor.py:157} INFO - Started process (PID=5989) to work on /opt/airflow/dags/extract_exchange_rates.py
[2025-03-13T01:31:41.387+0000] {processor.py:829} INFO - Processing file /opt/airflow/dags/extract_exchange_rates.py for tasks to queue
[2025-03-13T01:31:41.388+0000] {logging_mixin.py:151} INFO - [2025-03-13T01:31:41.387+0000] {dagbag.py:536} INFO - Filling up the DagBag from /opt/airflow/dags/extract_exchange_rates.py
[2025-03-13T01:31:41.398+0000] {processor.py:839} INFO - DAG(s) dict_keys(['extract_exchange_rates']) retrieved from /opt/airflow/dags/extract_exchange_rates.py
[2025-03-13T01:31:41.413+0000] {logging_mixin.py:151} INFO - [2025-03-13T01:31:41.413+0000] {dag.py:2941} INFO - Sync 1 DAGs
[2025-03-13T01:31:41.424+0000] {logging_mixin.py:151} INFO - [2025-03-13T01:31:41.424+0000] {dag.py:3722} INFO - Setting next_dagrun for extract_exchange_rates to 2025-03-13T00:00:00+00:00, run_after=2025-03-14T00:00:00+00:00
[2025-03-13T01:31:41.430+0000] {processor.py:179} INFO - Processing /opt/airflow/dags/extract_exchange_rates.py took 0.047 seconds
[2025-03-13T01:32:11.637+0000] {processor.py:157} INFO - Started process (PID=5994) to work on /opt/airflow/dags/extract_exchange_rates.py
[2025-03-13T01:32:11.638+0000] {processor.py:829} INFO - Processing file /opt/airflow/dags/extract_exchange_rates.py for tasks to queue
[2025-03-13T01:32:11.638+0000] {logging_mixin.py:151} INFO - [2025-03-13T01:32:11.638+0000] {dagbag.py:536} INFO - Filling up the DagBag from /opt/airflow/dags/extract_exchange_rates.py
[2025-03-13T01:32:11.649+0000] {processor.py:839} INFO - DAG(s) dict_keys(['extract_exchange_rates']) retrieved from /opt/airflow/dags/extract_exchange_rates.py
[2025-03-13T01:32:11.662+0000] {logging_mixin.py:151} INFO - [2025-03-13T01:32:11.662+0000] {dag.py:2941} INFO - Sync 1 DAGs
[2025-03-13T01:32:11.672+0000] {logging_mixin.py:151} INFO - [2025-03-13T01:32:11.672+0000] {dag.py:3722} INFO - Setting next_dagrun for extract_exchange_rates to 2025-03-13T00:00:00+00:00, run_after=2025-03-14T00:00:00+00:00
[2025-03-13T01:32:11.679+0000] {processor.py:179} INFO - Processing /opt/airflow/dags/extract_exchange_rates.py took 0.045 seconds
[2025-03-13T01:32:41.898+0000] {processor.py:157} INFO - Started process (PID=5999) to work on /opt/airflow/dags/extract_exchange_rates.py
[2025-03-13T01:32:41.898+0000] {processor.py:829} INFO - Processing file /opt/airflow/dags/extract_exchange_rates.py for tasks to queue
[2025-03-13T01:32:41.899+0000] {logging_mixin.py:151} INFO - [2025-03-13T01:32:41.899+0000] {dagbag.py:536} INFO - Filling up the DagBag from /opt/airflow/dags/extract_exchange_rates.py
[2025-03-13T01:32:41.909+0000] {processor.py:839} INFO - DAG(s) dict_keys(['extract_exchange_rates']) retrieved from /opt/airflow/dags/extract_exchange_rates.py
[2025-03-13T01:32:41.923+0000] {logging_mixin.py:151} INFO - [2025-03-13T01:32:41.923+0000] {dag.py:2941} INFO - Sync 1 DAGs
[2025-03-13T01:32:41.933+0000] {logging_mixin.py:151} INFO - [2025-03-13T01:32:41.933+0000] {dag.py:3722} INFO - Setting next_dagrun for extract_exchange_rates to 2025-03-13T00:00:00+00:00, run_after=2025-03-14T00:00:00+00:00
[2025-03-13T01:32:41.941+0000] {processor.py:179} INFO - Processing /opt/airflow/dags/extract_exchange_rates.py took 0.046 seconds
[2025-03-13T01:33:12.134+0000] {processor.py:157} INFO - Started process (PID=6004) to work on /opt/airflow/dags/extract_exchange_rates.py
[2025-03-13T01:33:12.134+0000] {processor.py:829} INFO - Processing file /opt/airflow/dags/extract_exchange_rates.py for tasks to queue
[2025-03-13T01:33:12.135+0000] {logging_mixin.py:151} INFO - [2025-03-13T01:33:12.135+0000] {dagbag.py:536} INFO - Filling up the DagBag from /opt/airflow/dags/extract_exchange_rates.py
[2025-03-13T01:33:12.145+0000] {processor.py:839} INFO - DAG(s) dict_keys(['extract_exchange_rates']) retrieved from /opt/airflow/dags/extract_exchange_rates.py
[2025-03-13T01:33:12.159+0000] {logging_mixin.py:151} INFO - [2025-03-13T01:33:12.159+0000] {dag.py:2941} INFO - Sync 1 DAGs
[2025-03-13T01:33:12.169+0000] {logging_mixin.py:151} INFO - [2025-03-13T01:33:12.168+0000] {dag.py:3722} INFO - Setting next_dagrun for extract_exchange_rates to 2025-03-13T00:00:00+00:00, run_after=2025-03-14T00:00:00+00:00
[2025-03-13T01:33:12.176+0000] {processor.py:179} INFO - Processing /opt/airflow/dags/extract_exchange_rates.py took 0.045 seconds
[2025-03-13T01:33:42.377+0000] {processor.py:157} INFO - Started process (PID=6009) to work on /opt/airflow/dags/extract_exchange_rates.py
[2025-03-13T01:33:42.377+0000] {processor.py:829} INFO - Processing file /opt/airflow/dags/extract_exchange_rates.py for tasks to queue
[2025-03-13T01:33:42.377+0000] {logging_mixin.py:151} INFO - [2025-03-13T01:33:42.377+0000] {dagbag.py:536} INFO - Filling up the DagBag from /opt/airflow/dags/extract_exchange_rates.py
[2025-03-13T01:33:42.386+0000] {processor.py:839} INFO - DAG(s) dict_keys(['extract_exchange_rates']) retrieved from /opt/airflow/dags/extract_exchange_rates.py
[2025-03-13T01:33:42.399+0000] {logging_mixin.py:151} INFO - [2025-03-13T01:33:42.399+0000] {dag.py:2941} INFO - Sync 1 DAGs
[2025-03-13T01:33:42.410+0000] {logging_mixin.py:151} INFO - [2025-03-13T01:33:42.410+0000] {dag.py:3722} INFO - Setting next_dagrun for extract_exchange_rates to 2025-03-13T00:00:00+00:00, run_after=2025-03-14T00:00:00+00:00
[2025-03-13T01:33:42.419+0000] {processor.py:179} INFO - Processing /opt/airflow/dags/extract_exchange_rates.py took 0.044 seconds
[2025-03-13T01:34:12.608+0000] {processor.py:157} INFO - Started process (PID=6014) to work on /opt/airflow/dags/extract_exchange_rates.py
[2025-03-13T01:34:12.609+0000] {processor.py:829} INFO - Processing file /opt/airflow/dags/extract_exchange_rates.py for tasks to queue
[2025-03-13T01:34:12.609+0000] {logging_mixin.py:151} INFO - [2025-03-13T01:34:12.609+0000] {dagbag.py:536} INFO - Filling up the DagBag from /opt/airflow/dags/extract_exchange_rates.py
[2025-03-13T01:34:12.620+0000] {processor.py:839} INFO - DAG(s) dict_keys(['extract_exchange_rates']) retrieved from /opt/airflow/dags/extract_exchange_rates.py
[2025-03-13T01:34:12.634+0000] {logging_mixin.py:151} INFO - [2025-03-13T01:34:12.633+0000] {dag.py:2941} INFO - Sync 1 DAGs
[2025-03-13T01:34:12.643+0000] {logging_mixin.py:151} INFO - [2025-03-13T01:34:12.643+0000] {dag.py:3722} INFO - Setting next_dagrun for extract_exchange_rates to 2025-03-13T00:00:00+00:00, run_after=2025-03-14T00:00:00+00:00
[2025-03-13T01:34:12.651+0000] {processor.py:179} INFO - Processing /opt/airflow/dags/extract_exchange_rates.py took 0.046 seconds
[2025-03-13T01:34:42.833+0000] {processor.py:157} INFO - Started process (PID=6019) to work on /opt/airflow/dags/extract_exchange_rates.py
[2025-03-13T01:34:42.833+0000] {processor.py:829} INFO - Processing file /opt/airflow/dags/extract_exchange_rates.py for tasks to queue
[2025-03-13T01:34:42.834+0000] {logging_mixin.py:151} INFO - [2025-03-13T01:34:42.834+0000] {dagbag.py:536} INFO - Filling up the DagBag from /opt/airflow/dags/extract_exchange_rates.py
[2025-03-13T01:34:42.844+0000] {processor.py:839} INFO - DAG(s) dict_keys(['extract_exchange_rates']) retrieved from /opt/airflow/dags/extract_exchange_rates.py
[2025-03-13T01:34:42.860+0000] {logging_mixin.py:151} INFO - [2025-03-13T01:34:42.859+0000] {dag.py:2941} INFO - Sync 1 DAGs
[2025-03-13T01:34:42.871+0000] {logging_mixin.py:151} INFO - [2025-03-13T01:34:42.871+0000] {dag.py:3722} INFO - Setting next_dagrun for extract_exchange_rates to 2025-03-13T00:00:00+00:00, run_after=2025-03-14T00:00:00+00:00
[2025-03-13T01:34:42.879+0000] {processor.py:179} INFO - Processing /opt/airflow/dags/extract_exchange_rates.py took 0.048 seconds
[2025-03-13T01:35:13.079+0000] {processor.py:157} INFO - Started process (PID=6024) to work on /opt/airflow/dags/extract_exchange_rates.py
[2025-03-13T01:35:13.079+0000] {processor.py:829} INFO - Processing file /opt/airflow/dags/extract_exchange_rates.py for tasks to queue
[2025-03-13T01:35:13.080+0000] {logging_mixin.py:151} INFO - [2025-03-13T01:35:13.080+0000] {dagbag.py:536} INFO - Filling up the DagBag from /opt/airflow/dags/extract_exchange_rates.py
[2025-03-13T01:35:13.090+0000] {processor.py:839} INFO - DAG(s) dict_keys(['extract_exchange_rates']) retrieved from /opt/airflow/dags/extract_exchange_rates.py
[2025-03-13T01:35:13.104+0000] {logging_mixin.py:151} INFO - [2025-03-13T01:35:13.104+0000] {dag.py:2941} INFO - Sync 1 DAGs
[2025-03-13T01:35:13.114+0000] {logging_mixin.py:151} INFO - [2025-03-13T01:35:13.113+0000] {dag.py:3722} INFO - Setting next_dagrun for extract_exchange_rates to 2025-03-13T00:00:00+00:00, run_after=2025-03-14T00:00:00+00:00
[2025-03-13T01:35:13.121+0000] {processor.py:179} INFO - Processing /opt/airflow/dags/extract_exchange_rates.py took 0.044 seconds
[2025-03-13T01:35:43.335+0000] {processor.py:157} INFO - Started process (PID=6029) to work on /opt/airflow/dags/extract_exchange_rates.py
[2025-03-13T01:35:43.336+0000] {processor.py:829} INFO - Processing file /opt/airflow/dags/extract_exchange_rates.py for tasks to queue
[2025-03-13T01:35:43.337+0000] {logging_mixin.py:151} INFO - [2025-03-13T01:35:43.336+0000] {dagbag.py:536} INFO - Filling up the DagBag from /opt/airflow/dags/extract_exchange_rates.py
[2025-03-13T01:35:43.347+0000] {processor.py:839} INFO - DAG(s) dict_keys(['extract_exchange_rates']) retrieved from /opt/airflow/dags/extract_exchange_rates.py
[2025-03-13T01:35:43.362+0000] {logging_mixin.py:151} INFO - [2025-03-13T01:35:43.362+0000] {dag.py:2941} INFO - Sync 1 DAGs
[2025-03-13T01:35:43.372+0000] {logging_mixin.py:151} INFO - [2025-03-13T01:35:43.372+0000] {dag.py:3722} INFO - Setting next_dagrun for extract_exchange_rates to 2025-03-13T00:00:00+00:00, run_after=2025-03-14T00:00:00+00:00
[2025-03-13T01:35:43.379+0000] {processor.py:179} INFO - Processing /opt/airflow/dags/extract_exchange_rates.py took 0.047 seconds
[2025-03-13T01:36:13.587+0000] {processor.py:157} INFO - Started process (PID=6034) to work on /opt/airflow/dags/extract_exchange_rates.py
[2025-03-13T01:36:13.588+0000] {processor.py:829} INFO - Processing file /opt/airflow/dags/extract_exchange_rates.py for tasks to queue
[2025-03-13T01:36:13.589+0000] {logging_mixin.py:151} INFO - [2025-03-13T01:36:13.588+0000] {dagbag.py:536} INFO - Filling up the DagBag from /opt/airflow/dags/extract_exchange_rates.py
[2025-03-13T01:36:13.601+0000] {processor.py:839} INFO - DAG(s) dict_keys(['extract_exchange_rates']) retrieved from /opt/airflow/dags/extract_exchange_rates.py
[2025-03-13T01:36:13.617+0000] {logging_mixin.py:151} INFO - [2025-03-13T01:36:13.617+0000] {dag.py:2941} INFO - Sync 1 DAGs
[2025-03-13T01:36:13.629+0000] {logging_mixin.py:151} INFO - [2025-03-13T01:36:13.629+0000] {dag.py:3722} INFO - Setting next_dagrun for extract_exchange_rates to 2025-03-13T00:00:00+00:00, run_after=2025-03-14T00:00:00+00:00
[2025-03-13T01:36:13.639+0000] {processor.py:179} INFO - Processing /opt/airflow/dags/extract_exchange_rates.py took 0.055 seconds
[2025-03-13T01:36:43.820+0000] {processor.py:157} INFO - Started process (PID=6039) to work on /opt/airflow/dags/extract_exchange_rates.py
[2025-03-13T01:36:43.820+0000] {processor.py:829} INFO - Processing file /opt/airflow/dags/extract_exchange_rates.py for tasks to queue
[2025-03-13T01:36:43.821+0000] {logging_mixin.py:151} INFO - [2025-03-13T01:36:43.821+0000] {dagbag.py:536} INFO - Filling up the DagBag from /opt/airflow/dags/extract_exchange_rates.py
[2025-03-13T01:36:43.831+0000] {processor.py:839} INFO - DAG(s) dict_keys(['extract_exchange_rates']) retrieved from /opt/airflow/dags/extract_exchange_rates.py
[2025-03-13T01:36:43.845+0000] {logging_mixin.py:151} INFO - [2025-03-13T01:36:43.845+0000] {dag.py:2941} INFO - Sync 1 DAGs
[2025-03-13T01:36:43.856+0000] {logging_mixin.py:151} INFO - [2025-03-13T01:36:43.856+0000] {dag.py:3722} INFO - Setting next_dagrun for extract_exchange_rates to 2025-03-13T00:00:00+00:00, run_after=2025-03-14T00:00:00+00:00
[2025-03-13T01:36:43.863+0000] {processor.py:179} INFO - Processing /opt/airflow/dags/extract_exchange_rates.py took 0.046 seconds
[2025-03-13T01:37:14.055+0000] {processor.py:157} INFO - Started process (PID=6044) to work on /opt/airflow/dags/extract_exchange_rates.py
[2025-03-13T01:37:14.055+0000] {processor.py:829} INFO - Processing file /opt/airflow/dags/extract_exchange_rates.py for tasks to queue
[2025-03-13T01:37:14.056+0000] {logging_mixin.py:151} INFO - [2025-03-13T01:37:14.056+0000] {dagbag.py:536} INFO - Filling up the DagBag from /opt/airflow/dags/extract_exchange_rates.py
[2025-03-13T01:37:14.067+0000] {processor.py:839} INFO - DAG(s) dict_keys(['extract_exchange_rates']) retrieved from /opt/airflow/dags/extract_exchange_rates.py
[2025-03-13T01:37:14.082+0000] {logging_mixin.py:151} INFO - [2025-03-13T01:37:14.082+0000] {dag.py:2941} INFO - Sync 1 DAGs
[2025-03-13T01:37:14.093+0000] {logging_mixin.py:151} INFO - [2025-03-13T01:37:14.093+0000] {dag.py:3722} INFO - Setting next_dagrun for extract_exchange_rates to 2025-03-13T00:00:00+00:00, run_after=2025-03-14T00:00:00+00:00
[2025-03-13T01:37:14.099+0000] {processor.py:179} INFO - Processing /opt/airflow/dags/extract_exchange_rates.py took 0.047 seconds
[2025-03-13T01:37:44.297+0000] {processor.py:157} INFO - Started process (PID=6049) to work on /opt/airflow/dags/extract_exchange_rates.py
[2025-03-13T01:37:44.297+0000] {processor.py:829} INFO - Processing file /opt/airflow/dags/extract_exchange_rates.py for tasks to queue
[2025-03-13T01:37:44.298+0000] {logging_mixin.py:151} INFO - [2025-03-13T01:37:44.298+0000] {dagbag.py:536} INFO - Filling up the DagBag from /opt/airflow/dags/extract_exchange_rates.py
[2025-03-13T01:37:44.310+0000] {processor.py:839} INFO - DAG(s) dict_keys(['extract_exchange_rates']) retrieved from /opt/airflow/dags/extract_exchange_rates.py
[2025-03-13T01:37:44.324+0000] {logging_mixin.py:151} INFO - [2025-03-13T01:37:44.324+0000] {dag.py:2941} INFO - Sync 1 DAGs
[2025-03-13T01:37:44.334+0000] {logging_mixin.py:151} INFO - [2025-03-13T01:37:44.334+0000] {dag.py:3722} INFO - Setting next_dagrun for extract_exchange_rates to 2025-03-13T00:00:00+00:00, run_after=2025-03-14T00:00:00+00:00
[2025-03-13T01:37:44.342+0000] {processor.py:179} INFO - Processing /opt/airflow/dags/extract_exchange_rates.py took 0.047 seconds
[2025-03-13T01:38:14.543+0000] {processor.py:157} INFO - Started process (PID=6054) to work on /opt/airflow/dags/extract_exchange_rates.py
[2025-03-13T01:38:14.545+0000] {processor.py:829} INFO - Processing file /opt/airflow/dags/extract_exchange_rates.py for tasks to queue
[2025-03-13T01:38:14.545+0000] {logging_mixin.py:151} INFO - [2025-03-13T01:38:14.545+0000] {dagbag.py:536} INFO - Filling up the DagBag from /opt/airflow/dags/extract_exchange_rates.py
[2025-03-13T01:38:14.553+0000] {processor.py:839} INFO - DAG(s) dict_keys(['extract_exchange_rates']) retrieved from /opt/airflow/dags/extract_exchange_rates.py
[2025-03-13T01:38:14.571+0000] {logging_mixin.py:151} INFO - [2025-03-13T01:38:14.571+0000] {dag.py:2941} INFO - Sync 1 DAGs
[2025-03-13T01:38:14.583+0000] {logging_mixin.py:151} INFO - [2025-03-13T01:38:14.583+0000] {dag.py:3722} INFO - Setting next_dagrun for extract_exchange_rates to 2025-03-13T00:00:00+00:00, run_after=2025-03-14T00:00:00+00:00
[2025-03-13T01:38:14.592+0000] {processor.py:179} INFO - Processing /opt/airflow/dags/extract_exchange_rates.py took 0.051 seconds
[2025-03-13T01:38:44.815+0000] {processor.py:157} INFO - Started process (PID=6059) to work on /opt/airflow/dags/extract_exchange_rates.py
[2025-03-13T01:38:44.816+0000] {processor.py:829} INFO - Processing file /opt/airflow/dags/extract_exchange_rates.py for tasks to queue
[2025-03-13T01:38:44.817+0000] {logging_mixin.py:151} INFO - [2025-03-13T01:38:44.817+0000] {dagbag.py:536} INFO - Filling up the DagBag from /opt/airflow/dags/extract_exchange_rates.py
[2025-03-13T01:38:44.828+0000] {processor.py:839} INFO - DAG(s) dict_keys(['extract_exchange_rates']) retrieved from /opt/airflow/dags/extract_exchange_rates.py
[2025-03-13T01:38:44.843+0000] {logging_mixin.py:151} INFO - [2025-03-13T01:38:44.843+0000] {dag.py:2941} INFO - Sync 1 DAGs
[2025-03-13T01:38:44.853+0000] {logging_mixin.py:151} INFO - [2025-03-13T01:38:44.853+0000] {dag.py:3722} INFO - Setting next_dagrun for extract_exchange_rates to 2025-03-13T00:00:00+00:00, run_after=2025-03-14T00:00:00+00:00
[2025-03-13T01:38:44.860+0000] {processor.py:179} INFO - Processing /opt/airflow/dags/extract_exchange_rates.py took 0.047 seconds
[2025-03-13T01:39:15.062+0000] {processor.py:157} INFO - Started process (PID=6064) to work on /opt/airflow/dags/extract_exchange_rates.py
[2025-03-13T01:39:15.063+0000] {processor.py:829} INFO - Processing file /opt/airflow/dags/extract_exchange_rates.py for tasks to queue
[2025-03-13T01:39:15.064+0000] {logging_mixin.py:151} INFO - [2025-03-13T01:39:15.063+0000] {dagbag.py:536} INFO - Filling up the DagBag from /opt/airflow/dags/extract_exchange_rates.py
[2025-03-13T01:39:15.075+0000] {processor.py:839} INFO - DAG(s) dict_keys(['extract_exchange_rates']) retrieved from /opt/airflow/dags/extract_exchange_rates.py
[2025-03-13T01:39:15.087+0000] {logging_mixin.py:151} INFO - [2025-03-13T01:39:15.087+0000] {dag.py:2941} INFO - Sync 1 DAGs
[2025-03-13T01:39:15.096+0000] {logging_mixin.py:151} INFO - [2025-03-13T01:39:15.096+0000] {dag.py:3722} INFO - Setting next_dagrun for extract_exchange_rates to 2025-03-13T00:00:00+00:00, run_after=2025-03-14T00:00:00+00:00
[2025-03-13T01:39:15.104+0000] {processor.py:179} INFO - Processing /opt/airflow/dags/extract_exchange_rates.py took 0.044 seconds
[2025-03-13T01:39:45.309+0000] {processor.py:157} INFO - Started process (PID=6069) to work on /opt/airflow/dags/extract_exchange_rates.py
[2025-03-13T01:39:45.309+0000] {processor.py:829} INFO - Processing file /opt/airflow/dags/extract_exchange_rates.py for tasks to queue
[2025-03-13T01:39:45.310+0000] {logging_mixin.py:151} INFO - [2025-03-13T01:39:45.310+0000] {dagbag.py:536} INFO - Filling up the DagBag from /opt/airflow/dags/extract_exchange_rates.py
[2025-03-13T01:39:45.319+0000] {processor.py:839} INFO - DAG(s) dict_keys(['extract_exchange_rates']) retrieved from /opt/airflow/dags/extract_exchange_rates.py
[2025-03-13T01:39:45.333+0000] {logging_mixin.py:151} INFO - [2025-03-13T01:39:45.333+0000] {dag.py:2941} INFO - Sync 1 DAGs
[2025-03-13T01:39:45.344+0000] {logging_mixin.py:151} INFO - [2025-03-13T01:39:45.344+0000] {dag.py:3722} INFO - Setting next_dagrun for extract_exchange_rates to 2025-03-13T00:00:00+00:00, run_after=2025-03-14T00:00:00+00:00
[2025-03-13T01:39:45.352+0000] {processor.py:179} INFO - Processing /opt/airflow/dags/extract_exchange_rates.py took 0.046 seconds
[2025-03-13T01:40:15.566+0000] {processor.py:157} INFO - Started process (PID=6074) to work on /opt/airflow/dags/extract_exchange_rates.py
[2025-03-13T01:40:15.567+0000] {processor.py:829} INFO - Processing file /opt/airflow/dags/extract_exchange_rates.py for tasks to queue
[2025-03-13T01:40:15.567+0000] {logging_mixin.py:151} INFO - [2025-03-13T01:40:15.567+0000] {dagbag.py:536} INFO - Filling up the DagBag from /opt/airflow/dags/extract_exchange_rates.py
[2025-03-13T01:40:15.576+0000] {processor.py:839} INFO - DAG(s) dict_keys(['extract_exchange_rates']) retrieved from /opt/airflow/dags/extract_exchange_rates.py
[2025-03-13T01:40:15.593+0000] {logging_mixin.py:151} INFO - [2025-03-13T01:40:15.593+0000] {dag.py:2941} INFO - Sync 1 DAGs
[2025-03-13T01:40:15.605+0000] {logging_mixin.py:151} INFO - [2025-03-13T01:40:15.605+0000] {dag.py:3722} INFO - Setting next_dagrun for extract_exchange_rates to 2025-03-13T00:00:00+00:00, run_after=2025-03-14T00:00:00+00:00
[2025-03-13T01:40:15.612+0000] {processor.py:179} INFO - Processing /opt/airflow/dags/extract_exchange_rates.py took 0.048 seconds
[2025-03-13T01:40:45.838+0000] {processor.py:157} INFO - Started process (PID=6079) to work on /opt/airflow/dags/extract_exchange_rates.py
[2025-03-13T01:40:45.839+0000] {processor.py:829} INFO - Processing file /opt/airflow/dags/extract_exchange_rates.py for tasks to queue
[2025-03-13T01:40:45.840+0000] {logging_mixin.py:151} INFO - [2025-03-13T01:40:45.839+0000] {dagbag.py:536} INFO - Filling up the DagBag from /opt/airflow/dags/extract_exchange_rates.py
[2025-03-13T01:40:45.857+0000] {processor.py:839} INFO - DAG(s) dict_keys(['extract_exchange_rates']) retrieved from /opt/airflow/dags/extract_exchange_rates.py
[2025-03-13T01:40:45.880+0000] {logging_mixin.py:151} INFO - [2025-03-13T01:40:45.880+0000] {dag.py:2941} INFO - Sync 1 DAGs
[2025-03-13T01:40:45.893+0000] {logging_mixin.py:151} INFO - [2025-03-13T01:40:45.893+0000] {dag.py:3722} INFO - Setting next_dagrun for extract_exchange_rates to 2025-03-13T00:00:00+00:00, run_after=2025-03-14T00:00:00+00:00
[2025-03-13T01:40:45.901+0000] {processor.py:179} INFO - Processing /opt/airflow/dags/extract_exchange_rates.py took 0.068 seconds
[2025-03-13T01:41:16.104+0000] {processor.py:157} INFO - Started process (PID=6084) to work on /opt/airflow/dags/extract_exchange_rates.py
[2025-03-13T01:41:16.105+0000] {processor.py:829} INFO - Processing file /opt/airflow/dags/extract_exchange_rates.py for tasks to queue
[2025-03-13T01:41:16.106+0000] {logging_mixin.py:151} INFO - [2025-03-13T01:41:16.105+0000] {dagbag.py:536} INFO - Filling up the DagBag from /opt/airflow/dags/extract_exchange_rates.py
[2025-03-13T01:41:16.116+0000] {processor.py:839} INFO - DAG(s) dict_keys(['extract_exchange_rates']) retrieved from /opt/airflow/dags/extract_exchange_rates.py
[2025-03-13T01:41:16.128+0000] {logging_mixin.py:151} INFO - [2025-03-13T01:41:16.128+0000] {dag.py:2941} INFO - Sync 1 DAGs
[2025-03-13T01:41:16.137+0000] {logging_mixin.py:151} INFO - [2025-03-13T01:41:16.137+0000] {dag.py:3722} INFO - Setting next_dagrun for extract_exchange_rates to 2025-03-13T00:00:00+00:00, run_after=2025-03-14T00:00:00+00:00
[2025-03-13T01:41:16.144+0000] {processor.py:179} INFO - Processing /opt/airflow/dags/extract_exchange_rates.py took 0.042 seconds
[2025-03-13T01:41:46.357+0000] {processor.py:157} INFO - Started process (PID=6089) to work on /opt/airflow/dags/extract_exchange_rates.py
[2025-03-13T01:41:46.358+0000] {processor.py:829} INFO - Processing file /opt/airflow/dags/extract_exchange_rates.py for tasks to queue
[2025-03-13T01:41:46.359+0000] {logging_mixin.py:151} INFO - [2025-03-13T01:41:46.358+0000] {dagbag.py:536} INFO - Filling up the DagBag from /opt/airflow/dags/extract_exchange_rates.py
[2025-03-13T01:41:46.369+0000] {processor.py:839} INFO - DAG(s) dict_keys(['extract_exchange_rates']) retrieved from /opt/airflow/dags/extract_exchange_rates.py
[2025-03-13T01:41:46.383+0000] {logging_mixin.py:151} INFO - [2025-03-13T01:41:46.383+0000] {dag.py:2941} INFO - Sync 1 DAGs
[2025-03-13T01:41:46.393+0000] {logging_mixin.py:151} INFO - [2025-03-13T01:41:46.393+0000] {dag.py:3722} INFO - Setting next_dagrun for extract_exchange_rates to 2025-03-13T00:00:00+00:00, run_after=2025-03-14T00:00:00+00:00
[2025-03-13T01:41:46.401+0000] {processor.py:179} INFO - Processing /opt/airflow/dags/extract_exchange_rates.py took 0.045 seconds
[2025-03-13T01:42:16.600+0000] {processor.py:157} INFO - Started process (PID=6094) to work on /opt/airflow/dags/extract_exchange_rates.py
[2025-03-13T01:42:16.601+0000] {processor.py:829} INFO - Processing file /opt/airflow/dags/extract_exchange_rates.py for tasks to queue
[2025-03-13T01:42:16.602+0000] {logging_mixin.py:151} INFO - [2025-03-13T01:42:16.602+0000] {dagbag.py:536} INFO - Filling up the DagBag from /opt/airflow/dags/extract_exchange_rates.py
[2025-03-13T01:42:16.613+0000] {processor.py:839} INFO - DAG(s) dict_keys(['extract_exchange_rates']) retrieved from /opt/airflow/dags/extract_exchange_rates.py
[2025-03-13T01:42:16.626+0000] {logging_mixin.py:151} INFO - [2025-03-13T01:42:16.626+0000] {dag.py:2941} INFO - Sync 1 DAGs
[2025-03-13T01:42:16.636+0000] {logging_mixin.py:151} INFO - [2025-03-13T01:42:16.636+0000] {dag.py:3722} INFO - Setting next_dagrun for extract_exchange_rates to 2025-03-13T00:00:00+00:00, run_after=2025-03-14T00:00:00+00:00
[2025-03-13T01:42:16.643+0000] {processor.py:179} INFO - Processing /opt/airflow/dags/extract_exchange_rates.py took 0.046 seconds
[2025-03-13T01:42:46.813+0000] {processor.py:157} INFO - Started process (PID=6099) to work on /opt/airflow/dags/extract_exchange_rates.py
[2025-03-13T01:42:46.814+0000] {processor.py:829} INFO - Processing file /opt/airflow/dags/extract_exchange_rates.py for tasks to queue
[2025-03-13T01:42:46.814+0000] {logging_mixin.py:151} INFO - [2025-03-13T01:42:46.814+0000] {dagbag.py:536} INFO - Filling up the DagBag from /opt/airflow/dags/extract_exchange_rates.py
[2025-03-13T01:42:46.826+0000] {processor.py:839} INFO - DAG(s) dict_keys(['extract_exchange_rates']) retrieved from /opt/airflow/dags/extract_exchange_rates.py
[2025-03-13T01:42:46.840+0000] {logging_mixin.py:151} INFO - [2025-03-13T01:42:46.840+0000] {dag.py:2941} INFO - Sync 1 DAGs
[2025-03-13T01:42:46.850+0000] {logging_mixin.py:151} INFO - [2025-03-13T01:42:46.850+0000] {dag.py:3722} INFO - Setting next_dagrun for extract_exchange_rates to 2025-03-13T00:00:00+00:00, run_after=2025-03-14T00:00:00+00:00
[2025-03-13T01:42:46.859+0000] {processor.py:179} INFO - Processing /opt/airflow/dags/extract_exchange_rates.py took 0.048 seconds
[2025-03-13T01:43:17.091+0000] {processor.py:157} INFO - Started process (PID=6104) to work on /opt/airflow/dags/extract_exchange_rates.py
[2025-03-13T01:43:17.092+0000] {processor.py:829} INFO - Processing file /opt/airflow/dags/extract_exchange_rates.py for tasks to queue
[2025-03-13T01:43:17.092+0000] {logging_mixin.py:151} INFO - [2025-03-13T01:43:17.092+0000] {dagbag.py:536} INFO - Filling up the DagBag from /opt/airflow/dags/extract_exchange_rates.py
[2025-03-13T01:43:17.103+0000] {processor.py:839} INFO - DAG(s) dict_keys(['extract_exchange_rates']) retrieved from /opt/airflow/dags/extract_exchange_rates.py
[2025-03-13T01:43:17.119+0000] {logging_mixin.py:151} INFO - [2025-03-13T01:43:17.119+0000] {dag.py:2941} INFO - Sync 1 DAGs
[2025-03-13T01:43:17.129+0000] {logging_mixin.py:151} INFO - [2025-03-13T01:43:17.129+0000] {dag.py:3722} INFO - Setting next_dagrun for extract_exchange_rates to 2025-03-13T00:00:00+00:00, run_after=2025-03-14T00:00:00+00:00
[2025-03-13T01:43:17.136+0000] {processor.py:179} INFO - Processing /opt/airflow/dags/extract_exchange_rates.py took 0.048 seconds
[2025-03-13T01:43:47.326+0000] {processor.py:157} INFO - Started process (PID=6109) to work on /opt/airflow/dags/extract_exchange_rates.py
[2025-03-13T01:43:47.327+0000] {processor.py:829} INFO - Processing file /opt/airflow/dags/extract_exchange_rates.py for tasks to queue
[2025-03-13T01:43:47.327+0000] {logging_mixin.py:151} INFO - [2025-03-13T01:43:47.327+0000] {dagbag.py:536} INFO - Filling up the DagBag from /opt/airflow/dags/extract_exchange_rates.py
[2025-03-13T01:43:47.336+0000] {processor.py:839} INFO - DAG(s) dict_keys(['extract_exchange_rates']) retrieved from /opt/airflow/dags/extract_exchange_rates.py
[2025-03-13T01:43:47.349+0000] {logging_mixin.py:151} INFO - [2025-03-13T01:43:47.349+0000] {dag.py:2941} INFO - Sync 1 DAGs
[2025-03-13T01:43:47.359+0000] {logging_mixin.py:151} INFO - [2025-03-13T01:43:47.359+0000] {dag.py:3722} INFO - Setting next_dagrun for extract_exchange_rates to 2025-03-13T00:00:00+00:00, run_after=2025-03-14T00:00:00+00:00
[2025-03-13T01:43:47.366+0000] {processor.py:179} INFO - Processing /opt/airflow/dags/extract_exchange_rates.py took 0.042 seconds
[2025-03-13T01:44:17.554+0000] {processor.py:157} INFO - Started process (PID=6114) to work on /opt/airflow/dags/extract_exchange_rates.py
[2025-03-13T01:44:17.555+0000] {processor.py:829} INFO - Processing file /opt/airflow/dags/extract_exchange_rates.py for tasks to queue
[2025-03-13T01:44:17.556+0000] {logging_mixin.py:151} INFO - [2025-03-13T01:44:17.556+0000] {dagbag.py:536} INFO - Filling up the DagBag from /opt/airflow/dags/extract_exchange_rates.py
[2025-03-13T01:44:17.568+0000] {processor.py:839} INFO - DAG(s) dict_keys(['extract_exchange_rates']) retrieved from /opt/airflow/dags/extract_exchange_rates.py
[2025-03-13T01:44:17.584+0000] {logging_mixin.py:151} INFO - [2025-03-13T01:44:17.584+0000] {dag.py:2941} INFO - Sync 1 DAGs
[2025-03-13T01:44:17.593+0000] {logging_mixin.py:151} INFO - [2025-03-13T01:44:17.593+0000] {dag.py:3722} INFO - Setting next_dagrun for extract_exchange_rates to 2025-03-13T00:00:00+00:00, run_after=2025-03-14T00:00:00+00:00
[2025-03-13T01:44:17.600+0000] {processor.py:179} INFO - Processing /opt/airflow/dags/extract_exchange_rates.py took 0.049 seconds
[2025-03-13T01:44:47.808+0000] {processor.py:157} INFO - Started process (PID=6119) to work on /opt/airflow/dags/extract_exchange_rates.py
[2025-03-13T01:44:47.808+0000] {processor.py:829} INFO - Processing file /opt/airflow/dags/extract_exchange_rates.py for tasks to queue
[2025-03-13T01:44:47.809+0000] {logging_mixin.py:151} INFO - [2025-03-13T01:44:47.809+0000] {dagbag.py:536} INFO - Filling up the DagBag from /opt/airflow/dags/extract_exchange_rates.py
[2025-03-13T01:44:47.820+0000] {processor.py:839} INFO - DAG(s) dict_keys(['extract_exchange_rates']) retrieved from /opt/airflow/dags/extract_exchange_rates.py
[2025-03-13T01:44:47.836+0000] {logging_mixin.py:151} INFO - [2025-03-13T01:44:47.835+0000] {dag.py:2941} INFO - Sync 1 DAGs
[2025-03-13T01:44:47.845+0000] {logging_mixin.py:151} INFO - [2025-03-13T01:44:47.845+0000] {dag.py:3722} INFO - Setting next_dagrun for extract_exchange_rates to 2025-03-13T00:00:00+00:00, run_after=2025-03-14T00:00:00+00:00
[2025-03-13T01:44:47.852+0000] {processor.py:179} INFO - Processing /opt/airflow/dags/extract_exchange_rates.py took 0.047 seconds
[2025-03-13T01:45:18.069+0000] {processor.py:157} INFO - Started process (PID=6124) to work on /opt/airflow/dags/extract_exchange_rates.py
[2025-03-13T01:45:18.069+0000] {processor.py:829} INFO - Processing file /opt/airflow/dags/extract_exchange_rates.py for tasks to queue
[2025-03-13T01:45:18.070+0000] {logging_mixin.py:151} INFO - [2025-03-13T01:45:18.070+0000] {dagbag.py:536} INFO - Filling up the DagBag from /opt/airflow/dags/extract_exchange_rates.py
[2025-03-13T01:45:18.081+0000] {processor.py:839} INFO - DAG(s) dict_keys(['extract_exchange_rates']) retrieved from /opt/airflow/dags/extract_exchange_rates.py
[2025-03-13T01:45:18.093+0000] {logging_mixin.py:151} INFO - [2025-03-13T01:45:18.093+0000] {dag.py:2941} INFO - Sync 1 DAGs
[2025-03-13T01:45:18.102+0000] {logging_mixin.py:151} INFO - [2025-03-13T01:45:18.102+0000] {dag.py:3722} INFO - Setting next_dagrun for extract_exchange_rates to 2025-03-13T00:00:00+00:00, run_after=2025-03-14T00:00:00+00:00
[2025-03-13T01:45:18.109+0000] {processor.py:179} INFO - Processing /opt/airflow/dags/extract_exchange_rates.py took 0.043 seconds
[2025-03-13T01:45:48.329+0000] {processor.py:157} INFO - Started process (PID=6129) to work on /opt/airflow/dags/extract_exchange_rates.py
[2025-03-13T01:45:48.330+0000] {processor.py:829} INFO - Processing file /opt/airflow/dags/extract_exchange_rates.py for tasks to queue
[2025-03-13T01:45:48.331+0000] {logging_mixin.py:151} INFO - [2025-03-13T01:45:48.330+0000] {dagbag.py:536} INFO - Filling up the DagBag from /opt/airflow/dags/extract_exchange_rates.py
[2025-03-13T01:45:48.341+0000] {processor.py:839} INFO - DAG(s) dict_keys(['extract_exchange_rates']) retrieved from /opt/airflow/dags/extract_exchange_rates.py
[2025-03-13T01:45:48.355+0000] {logging_mixin.py:151} INFO - [2025-03-13T01:45:48.355+0000] {dag.py:2941} INFO - Sync 1 DAGs
[2025-03-13T01:45:48.364+0000] {logging_mixin.py:151} INFO - [2025-03-13T01:45:48.364+0000] {dag.py:3722} INFO - Setting next_dagrun for extract_exchange_rates to 2025-03-13T00:00:00+00:00, run_after=2025-03-14T00:00:00+00:00
[2025-03-13T01:45:48.372+0000] {processor.py:179} INFO - Processing /opt/airflow/dags/extract_exchange_rates.py took 0.046 seconds
[2025-03-13T01:46:18.604+0000] {processor.py:157} INFO - Started process (PID=6134) to work on /opt/airflow/dags/extract_exchange_rates.py
[2025-03-13T01:46:18.605+0000] {processor.py:829} INFO - Processing file /opt/airflow/dags/extract_exchange_rates.py for tasks to queue
[2025-03-13T01:46:18.606+0000] {logging_mixin.py:151} INFO - [2025-03-13T01:46:18.605+0000] {dagbag.py:536} INFO - Filling up the DagBag from /opt/airflow/dags/extract_exchange_rates.py
[2025-03-13T01:46:18.616+0000] {processor.py:839} INFO - DAG(s) dict_keys(['extract_exchange_rates']) retrieved from /opt/airflow/dags/extract_exchange_rates.py
[2025-03-13T01:46:18.629+0000] {logging_mixin.py:151} INFO - [2025-03-13T01:46:18.629+0000] {dag.py:2941} INFO - Sync 1 DAGs
[2025-03-13T01:46:18.639+0000] {logging_mixin.py:151} INFO - [2025-03-13T01:46:18.638+0000] {dag.py:3722} INFO - Setting next_dagrun for extract_exchange_rates to 2025-03-13T00:00:00+00:00, run_after=2025-03-14T00:00:00+00:00
[2025-03-13T01:46:18.646+0000] {processor.py:179} INFO - Processing /opt/airflow/dags/extract_exchange_rates.py took 0.045 seconds
[2025-03-13T01:46:48.860+0000] {processor.py:157} INFO - Started process (PID=6139) to work on /opt/airflow/dags/extract_exchange_rates.py
[2025-03-13T01:46:48.861+0000] {processor.py:829} INFO - Processing file /opt/airflow/dags/extract_exchange_rates.py for tasks to queue
[2025-03-13T01:46:48.862+0000] {logging_mixin.py:151} INFO - [2025-03-13T01:46:48.861+0000] {dagbag.py:536} INFO - Filling up the DagBag from /opt/airflow/dags/extract_exchange_rates.py
[2025-03-13T01:46:48.873+0000] {processor.py:839} INFO - DAG(s) dict_keys(['extract_exchange_rates']) retrieved from /opt/airflow/dags/extract_exchange_rates.py
[2025-03-13T01:46:48.890+0000] {logging_mixin.py:151} INFO - [2025-03-13T01:46:48.890+0000] {dag.py:2941} INFO - Sync 1 DAGs
[2025-03-13T01:46:48.901+0000] {logging_mixin.py:151} INFO - [2025-03-13T01:46:48.901+0000] {dag.py:3722} INFO - Setting next_dagrun for extract_exchange_rates to 2025-03-13T00:00:00+00:00, run_after=2025-03-14T00:00:00+00:00
[2025-03-13T01:46:48.909+0000] {processor.py:179} INFO - Processing /opt/airflow/dags/extract_exchange_rates.py took 0.052 seconds
[2025-03-13T01:47:19.104+0000] {processor.py:157} INFO - Started process (PID=6144) to work on /opt/airflow/dags/extract_exchange_rates.py
[2025-03-13T01:47:19.104+0000] {processor.py:829} INFO - Processing file /opt/airflow/dags/extract_exchange_rates.py for tasks to queue
[2025-03-13T01:47:19.105+0000] {logging_mixin.py:151} INFO - [2025-03-13T01:47:19.104+0000] {dagbag.py:536} INFO - Filling up the DagBag from /opt/airflow/dags/extract_exchange_rates.py
[2025-03-13T01:47:19.113+0000] {processor.py:839} INFO - DAG(s) dict_keys(['extract_exchange_rates']) retrieved from /opt/airflow/dags/extract_exchange_rates.py
[2025-03-13T01:47:19.129+0000] {logging_mixin.py:151} INFO - [2025-03-13T01:47:19.128+0000] {dag.py:2941} INFO - Sync 1 DAGs
[2025-03-13T01:47:19.139+0000] {logging_mixin.py:151} INFO - [2025-03-13T01:47:19.139+0000] {dag.py:3722} INFO - Setting next_dagrun for extract_exchange_rates to 2025-03-13T00:00:00+00:00, run_after=2025-03-14T00:00:00+00:00
[2025-03-13T01:47:19.146+0000] {processor.py:179} INFO - Processing /opt/airflow/dags/extract_exchange_rates.py took 0.044 seconds
[2025-03-13T01:47:49.318+0000] {processor.py:157} INFO - Started process (PID=6149) to work on /opt/airflow/dags/extract_exchange_rates.py
[2025-03-13T01:47:49.319+0000] {processor.py:829} INFO - Processing file /opt/airflow/dags/extract_exchange_rates.py for tasks to queue
[2025-03-13T01:47:49.320+0000] {logging_mixin.py:151} INFO - [2025-03-13T01:47:49.320+0000] {dagbag.py:536} INFO - Filling up the DagBag from /opt/airflow/dags/extract_exchange_rates.py
[2025-03-13T01:47:49.331+0000] {processor.py:839} INFO - DAG(s) dict_keys(['extract_exchange_rates']) retrieved from /opt/airflow/dags/extract_exchange_rates.py
[2025-03-13T01:47:49.344+0000] {logging_mixin.py:151} INFO - [2025-03-13T01:47:49.344+0000] {dag.py:2941} INFO - Sync 1 DAGs
[2025-03-13T01:47:49.354+0000] {logging_mixin.py:151} INFO - [2025-03-13T01:47:49.354+0000] {dag.py:3722} INFO - Setting next_dagrun for extract_exchange_rates to 2025-03-13T00:00:00+00:00, run_after=2025-03-14T00:00:00+00:00
[2025-03-13T01:47:49.361+0000] {processor.py:179} INFO - Processing /opt/airflow/dags/extract_exchange_rates.py took 0.045 seconds
[2025-03-13T01:48:19.543+0000] {processor.py:157} INFO - Started process (PID=6154) to work on /opt/airflow/dags/extract_exchange_rates.py
[2025-03-13T01:48:19.544+0000] {processor.py:829} INFO - Processing file /opt/airflow/dags/extract_exchange_rates.py for tasks to queue
[2025-03-13T01:48:19.545+0000] {logging_mixin.py:151} INFO - [2025-03-13T01:48:19.545+0000] {dagbag.py:536} INFO - Filling up the DagBag from /opt/airflow/dags/extract_exchange_rates.py
[2025-03-13T01:48:19.557+0000] {processor.py:839} INFO - DAG(s) dict_keys(['extract_exchange_rates']) retrieved from /opt/airflow/dags/extract_exchange_rates.py
[2025-03-13T01:48:19.572+0000] {logging_mixin.py:151} INFO - [2025-03-13T01:48:19.572+0000] {dag.py:2941} INFO - Sync 1 DAGs
[2025-03-13T01:48:19.582+0000] {logging_mixin.py:151} INFO - [2025-03-13T01:48:19.582+0000] {dag.py:3722} INFO - Setting next_dagrun for extract_exchange_rates to 2025-03-13T00:00:00+00:00, run_after=2025-03-14T00:00:00+00:00
[2025-03-13T01:48:19.589+0000] {processor.py:179} INFO - Processing /opt/airflow/dags/extract_exchange_rates.py took 0.048 seconds
[2025-03-13T01:48:49.798+0000] {processor.py:157} INFO - Started process (PID=6159) to work on /opt/airflow/dags/extract_exchange_rates.py
[2025-03-13T01:48:49.799+0000] {processor.py:829} INFO - Processing file /opt/airflow/dags/extract_exchange_rates.py for tasks to queue
[2025-03-13T01:48:49.799+0000] {logging_mixin.py:151} INFO - [2025-03-13T01:48:49.799+0000] {dagbag.py:536} INFO - Filling up the DagBag from /opt/airflow/dags/extract_exchange_rates.py
[2025-03-13T01:48:49.811+0000] {processor.py:839} INFO - DAG(s) dict_keys(['extract_exchange_rates']) retrieved from /opt/airflow/dags/extract_exchange_rates.py
[2025-03-13T01:48:49.826+0000] {logging_mixin.py:151} INFO - [2025-03-13T01:48:49.826+0000] {dag.py:2941} INFO - Sync 1 DAGs
[2025-03-13T01:48:49.836+0000] {logging_mixin.py:151} INFO - [2025-03-13T01:48:49.836+0000] {dag.py:3722} INFO - Setting next_dagrun for extract_exchange_rates to 2025-03-13T00:00:00+00:00, run_after=2025-03-14T00:00:00+00:00
[2025-03-13T01:48:49.844+0000] {processor.py:179} INFO - Processing /opt/airflow/dags/extract_exchange_rates.py took 0.048 seconds
[2025-03-13T01:49:20.051+0000] {processor.py:157} INFO - Started process (PID=6164) to work on /opt/airflow/dags/extract_exchange_rates.py
[2025-03-13T01:49:20.052+0000] {processor.py:829} INFO - Processing file /opt/airflow/dags/extract_exchange_rates.py for tasks to queue
[2025-03-13T01:49:20.053+0000] {logging_mixin.py:151} INFO - [2025-03-13T01:49:20.053+0000] {dagbag.py:536} INFO - Filling up the DagBag from /opt/airflow/dags/extract_exchange_rates.py
[2025-03-13T01:49:20.063+0000] {processor.py:839} INFO - DAG(s) dict_keys(['extract_exchange_rates']) retrieved from /opt/airflow/dags/extract_exchange_rates.py
[2025-03-13T01:49:20.077+0000] {logging_mixin.py:151} INFO - [2025-03-13T01:49:20.077+0000] {dag.py:2941} INFO - Sync 1 DAGs
[2025-03-13T01:49:20.088+0000] {logging_mixin.py:151} INFO - [2025-03-13T01:49:20.088+0000] {dag.py:3722} INFO - Setting next_dagrun for extract_exchange_rates to 2025-03-13T00:00:00+00:00, run_after=2025-03-14T00:00:00+00:00
[2025-03-13T01:49:20.095+0000] {processor.py:179} INFO - Processing /opt/airflow/dags/extract_exchange_rates.py took 0.046 seconds
[2025-03-13T01:49:50.296+0000] {processor.py:157} INFO - Started process (PID=6169) to work on /opt/airflow/dags/extract_exchange_rates.py
[2025-03-13T01:49:50.297+0000] {processor.py:829} INFO - Processing file /opt/airflow/dags/extract_exchange_rates.py for tasks to queue
[2025-03-13T01:49:50.298+0000] {logging_mixin.py:151} INFO - [2025-03-13T01:49:50.297+0000] {dagbag.py:536} INFO - Filling up the DagBag from /opt/airflow/dags/extract_exchange_rates.py
[2025-03-13T01:49:50.309+0000] {processor.py:839} INFO - DAG(s) dict_keys(['extract_exchange_rates']) retrieved from /opt/airflow/dags/extract_exchange_rates.py
[2025-03-13T01:49:50.323+0000] {logging_mixin.py:151} INFO - [2025-03-13T01:49:50.323+0000] {dag.py:2941} INFO - Sync 1 DAGs
[2025-03-13T01:49:50.333+0000] {logging_mixin.py:151} INFO - [2025-03-13T01:49:50.333+0000] {dag.py:3722} INFO - Setting next_dagrun for extract_exchange_rates to 2025-03-13T00:00:00+00:00, run_after=2025-03-14T00:00:00+00:00
[2025-03-13T01:49:50.341+0000] {processor.py:179} INFO - Processing /opt/airflow/dags/extract_exchange_rates.py took 0.047 seconds
[2025-03-13T01:50:20.558+0000] {processor.py:157} INFO - Started process (PID=6174) to work on /opt/airflow/dags/extract_exchange_rates.py
[2025-03-13T01:50:20.558+0000] {processor.py:829} INFO - Processing file /opt/airflow/dags/extract_exchange_rates.py for tasks to queue
[2025-03-13T01:50:20.559+0000] {logging_mixin.py:151} INFO - [2025-03-13T01:50:20.559+0000] {dagbag.py:536} INFO - Filling up the DagBag from /opt/airflow/dags/extract_exchange_rates.py
[2025-03-13T01:50:20.570+0000] {processor.py:839} INFO - DAG(s) dict_keys(['extract_exchange_rates']) retrieved from /opt/airflow/dags/extract_exchange_rates.py
[2025-03-13T01:50:20.585+0000] {logging_mixin.py:151} INFO - [2025-03-13T01:50:20.585+0000] {dag.py:2941} INFO - Sync 1 DAGs
[2025-03-13T01:50:20.594+0000] {logging_mixin.py:151} INFO - [2025-03-13T01:50:20.594+0000] {dag.py:3722} INFO - Setting next_dagrun for extract_exchange_rates to 2025-03-13T00:00:00+00:00, run_after=2025-03-14T00:00:00+00:00
[2025-03-13T01:50:20.601+0000] {processor.py:179} INFO - Processing /opt/airflow/dags/extract_exchange_rates.py took 0.046 seconds
[2025-03-13T01:50:50.821+0000] {processor.py:157} INFO - Started process (PID=6179) to work on /opt/airflow/dags/extract_exchange_rates.py
[2025-03-13T01:50:50.822+0000] {processor.py:829} INFO - Processing file /opt/airflow/dags/extract_exchange_rates.py for tasks to queue
[2025-03-13T01:50:50.823+0000] {logging_mixin.py:151} INFO - [2025-03-13T01:50:50.822+0000] {dagbag.py:536} INFO - Filling up the DagBag from /opt/airflow/dags/extract_exchange_rates.py
[2025-03-13T01:50:50.833+0000] {processor.py:839} INFO - DAG(s) dict_keys(['extract_exchange_rates']) retrieved from /opt/airflow/dags/extract_exchange_rates.py
[2025-03-13T01:50:50.847+0000] {logging_mixin.py:151} INFO - [2025-03-13T01:50:50.847+0000] {dag.py:2941} INFO - Sync 1 DAGs
[2025-03-13T01:50:50.857+0000] {logging_mixin.py:151} INFO - [2025-03-13T01:50:50.857+0000] {dag.py:3722} INFO - Setting next_dagrun for extract_exchange_rates to 2025-03-13T00:00:00+00:00, run_after=2025-03-14T00:00:00+00:00
[2025-03-13T01:50:50.865+0000] {processor.py:179} INFO - Processing /opt/airflow/dags/extract_exchange_rates.py took 0.046 seconds
[2025-03-13T01:51:21.060+0000] {processor.py:157} INFO - Started process (PID=6184) to work on /opt/airflow/dags/extract_exchange_rates.py
[2025-03-13T01:51:21.061+0000] {processor.py:829} INFO - Processing file /opt/airflow/dags/extract_exchange_rates.py for tasks to queue
[2025-03-13T01:51:21.062+0000] {logging_mixin.py:151} INFO - [2025-03-13T01:51:21.062+0000] {dagbag.py:536} INFO - Filling up the DagBag from /opt/airflow/dags/extract_exchange_rates.py
[2025-03-13T01:51:21.072+0000] {processor.py:839} INFO - DAG(s) dict_keys(['extract_exchange_rates']) retrieved from /opt/airflow/dags/extract_exchange_rates.py
[2025-03-13T01:51:21.086+0000] {logging_mixin.py:151} INFO - [2025-03-13T01:51:21.086+0000] {dag.py:2941} INFO - Sync 1 DAGs
[2025-03-13T01:51:21.096+0000] {logging_mixin.py:151} INFO - [2025-03-13T01:51:21.095+0000] {dag.py:3722} INFO - Setting next_dagrun for extract_exchange_rates to 2025-03-13T00:00:00+00:00, run_after=2025-03-14T00:00:00+00:00
[2025-03-13T01:51:21.104+0000] {processor.py:179} INFO - Processing /opt/airflow/dags/extract_exchange_rates.py took 0.045 seconds
[2025-03-13T01:51:51.284+0000] {processor.py:157} INFO - Started process (PID=6189) to work on /opt/airflow/dags/extract_exchange_rates.py
[2025-03-13T01:51:51.285+0000] {processor.py:829} INFO - Processing file /opt/airflow/dags/extract_exchange_rates.py for tasks to queue
[2025-03-13T01:51:51.286+0000] {logging_mixin.py:151} INFO - [2025-03-13T01:51:51.285+0000] {dagbag.py:536} INFO - Filling up the DagBag from /opt/airflow/dags/extract_exchange_rates.py
[2025-03-13T01:51:51.296+0000] {processor.py:839} INFO - DAG(s) dict_keys(['extract_exchange_rates']) retrieved from /opt/airflow/dags/extract_exchange_rates.py
[2025-03-13T01:51:51.310+0000] {logging_mixin.py:151} INFO - [2025-03-13T01:51:51.310+0000] {dag.py:2941} INFO - Sync 1 DAGs
[2025-03-13T01:51:51.320+0000] {logging_mixin.py:151} INFO - [2025-03-13T01:51:51.320+0000] {dag.py:3722} INFO - Setting next_dagrun for extract_exchange_rates to 2025-03-13T00:00:00+00:00, run_after=2025-03-14T00:00:00+00:00
[2025-03-13T01:51:51.328+0000] {processor.py:179} INFO - Processing /opt/airflow/dags/extract_exchange_rates.py took 0.046 seconds
[2025-03-13T01:52:21.504+0000] {processor.py:157} INFO - Started process (PID=6194) to work on /opt/airflow/dags/extract_exchange_rates.py
[2025-03-13T01:52:21.505+0000] {processor.py:829} INFO - Processing file /opt/airflow/dags/extract_exchange_rates.py for tasks to queue
[2025-03-13T01:52:21.506+0000] {logging_mixin.py:151} INFO - [2025-03-13T01:52:21.506+0000] {dagbag.py:536} INFO - Filling up the DagBag from /opt/airflow/dags/extract_exchange_rates.py
[2025-03-13T01:52:21.516+0000] {processor.py:839} INFO - DAG(s) dict_keys(['extract_exchange_rates']) retrieved from /opt/airflow/dags/extract_exchange_rates.py
[2025-03-13T01:52:21.531+0000] {logging_mixin.py:151} INFO - [2025-03-13T01:52:21.531+0000] {dag.py:2941} INFO - Sync 1 DAGs
[2025-03-13T01:52:21.541+0000] {logging_mixin.py:151} INFO - [2025-03-13T01:52:21.541+0000] {dag.py:3722} INFO - Setting next_dagrun for extract_exchange_rates to 2025-03-13T00:00:00+00:00, run_after=2025-03-14T00:00:00+00:00
[2025-03-13T01:52:21.548+0000] {processor.py:179} INFO - Processing /opt/airflow/dags/extract_exchange_rates.py took 0.046 seconds
[2025-03-13T01:52:51.746+0000] {processor.py:157} INFO - Started process (PID=6199) to work on /opt/airflow/dags/extract_exchange_rates.py
[2025-03-13T01:52:51.747+0000] {processor.py:829} INFO - Processing file /opt/airflow/dags/extract_exchange_rates.py for tasks to queue
[2025-03-13T01:52:51.748+0000] {logging_mixin.py:151} INFO - [2025-03-13T01:52:51.748+0000] {dagbag.py:536} INFO - Filling up the DagBag from /opt/airflow/dags/extract_exchange_rates.py
[2025-03-13T01:52:51.761+0000] {processor.py:839} INFO - DAG(s) dict_keys(['extract_exchange_rates']) retrieved from /opt/airflow/dags/extract_exchange_rates.py
[2025-03-13T01:52:51.777+0000] {logging_mixin.py:151} INFO - [2025-03-13T01:52:51.777+0000] {dag.py:2941} INFO - Sync 1 DAGs
[2025-03-13T01:52:51.787+0000] {logging_mixin.py:151} INFO - [2025-03-13T01:52:51.786+0000] {dag.py:3722} INFO - Setting next_dagrun for extract_exchange_rates to 2025-03-13T00:00:00+00:00, run_after=2025-03-14T00:00:00+00:00
[2025-03-13T01:52:51.793+0000] {processor.py:179} INFO - Processing /opt/airflow/dags/extract_exchange_rates.py took 0.049 seconds
[2025-03-13T01:53:21.971+0000] {processor.py:157} INFO - Started process (PID=6204) to work on /opt/airflow/dags/extract_exchange_rates.py
[2025-03-13T01:53:21.972+0000] {processor.py:829} INFO - Processing file /opt/airflow/dags/extract_exchange_rates.py for tasks to queue
[2025-03-13T01:53:21.973+0000] {logging_mixin.py:151} INFO - [2025-03-13T01:53:21.973+0000] {dagbag.py:536} INFO - Filling up the DagBag from /opt/airflow/dags/extract_exchange_rates.py
[2025-03-13T01:53:21.984+0000] {processor.py:839} INFO - DAG(s) dict_keys(['extract_exchange_rates']) retrieved from /opt/airflow/dags/extract_exchange_rates.py
[2025-03-13T01:53:21.997+0000] {logging_mixin.py:151} INFO - [2025-03-13T01:53:21.997+0000] {dag.py:2941} INFO - Sync 1 DAGs
[2025-03-13T01:53:22.007+0000] {logging_mixin.py:151} INFO - [2025-03-13T01:53:22.007+0000] {dag.py:3722} INFO - Setting next_dagrun for extract_exchange_rates to 2025-03-13T00:00:00+00:00, run_after=2025-03-14T00:00:00+00:00
[2025-03-13T01:53:22.014+0000] {processor.py:179} INFO - Processing /opt/airflow/dags/extract_exchange_rates.py took 0.045 seconds
[2025-03-13T01:53:52.224+0000] {processor.py:157} INFO - Started process (PID=6209) to work on /opt/airflow/dags/extract_exchange_rates.py
[2025-03-13T01:53:52.225+0000] {processor.py:829} INFO - Processing file /opt/airflow/dags/extract_exchange_rates.py for tasks to queue
[2025-03-13T01:53:52.226+0000] {logging_mixin.py:151} INFO - [2025-03-13T01:53:52.225+0000] {dagbag.py:536} INFO - Filling up the DagBag from /opt/airflow/dags/extract_exchange_rates.py
[2025-03-13T01:53:52.236+0000] {processor.py:839} INFO - DAG(s) dict_keys(['extract_exchange_rates']) retrieved from /opt/airflow/dags/extract_exchange_rates.py
[2025-03-13T01:53:52.249+0000] {logging_mixin.py:151} INFO - [2025-03-13T01:53:52.249+0000] {dag.py:2941} INFO - Sync 1 DAGs
[2025-03-13T01:53:52.258+0000] {logging_mixin.py:151} INFO - [2025-03-13T01:53:52.258+0000] {dag.py:3722} INFO - Setting next_dagrun for extract_exchange_rates to 2025-03-13T00:00:00+00:00, run_after=2025-03-14T00:00:00+00:00
[2025-03-13T01:53:52.266+0000] {processor.py:179} INFO - Processing /opt/airflow/dags/extract_exchange_rates.py took 0.044 seconds
[2025-03-13T01:54:22.453+0000] {processor.py:157} INFO - Started process (PID=6214) to work on /opt/airflow/dags/extract_exchange_rates.py
[2025-03-13T01:54:22.454+0000] {processor.py:829} INFO - Processing file /opt/airflow/dags/extract_exchange_rates.py for tasks to queue
[2025-03-13T01:54:22.455+0000] {logging_mixin.py:151} INFO - [2025-03-13T01:54:22.455+0000] {dagbag.py:536} INFO - Filling up the DagBag from /opt/airflow/dags/extract_exchange_rates.py
[2025-03-13T01:54:22.466+0000] {processor.py:839} INFO - DAG(s) dict_keys(['extract_exchange_rates']) retrieved from /opt/airflow/dags/extract_exchange_rates.py
[2025-03-13T01:54:22.478+0000] {logging_mixin.py:151} INFO - [2025-03-13T01:54:22.478+0000] {dag.py:2941} INFO - Sync 1 DAGs
[2025-03-13T01:54:22.488+0000] {logging_mixin.py:151} INFO - [2025-03-13T01:54:22.488+0000] {dag.py:3722} INFO - Setting next_dagrun for extract_exchange_rates to 2025-03-13T00:00:00+00:00, run_after=2025-03-14T00:00:00+00:00
[2025-03-13T01:54:22.496+0000] {processor.py:179} INFO - Processing /opt/airflow/dags/extract_exchange_rates.py took 0.045 seconds
[2025-03-13T01:54:52.694+0000] {processor.py:157} INFO - Started process (PID=6219) to work on /opt/airflow/dags/extract_exchange_rates.py
[2025-03-13T01:54:52.695+0000] {processor.py:829} INFO - Processing file /opt/airflow/dags/extract_exchange_rates.py for tasks to queue
[2025-03-13T01:54:52.696+0000] {logging_mixin.py:151} INFO - [2025-03-13T01:54:52.695+0000] {dagbag.py:536} INFO - Filling up the DagBag from /opt/airflow/dags/extract_exchange_rates.py
[2025-03-13T01:54:52.708+0000] {processor.py:839} INFO - DAG(s) dict_keys(['extract_exchange_rates']) retrieved from /opt/airflow/dags/extract_exchange_rates.py
[2025-03-13T01:54:52.724+0000] {logging_mixin.py:151} INFO - [2025-03-13T01:54:52.724+0000] {dag.py:2941} INFO - Sync 1 DAGs
[2025-03-13T01:54:52.735+0000] {logging_mixin.py:151} INFO - [2025-03-13T01:54:52.734+0000] {dag.py:3722} INFO - Setting next_dagrun for extract_exchange_rates to 2025-03-13T00:00:00+00:00, run_after=2025-03-14T00:00:00+00:00
[2025-03-13T01:54:52.742+0000] {processor.py:179} INFO - Processing /opt/airflow/dags/extract_exchange_rates.py took 0.051 seconds
[2025-03-13T01:55:22.954+0000] {processor.py:157} INFO - Started process (PID=6224) to work on /opt/airflow/dags/extract_exchange_rates.py
[2025-03-13T01:55:22.955+0000] {processor.py:829} INFO - Processing file /opt/airflow/dags/extract_exchange_rates.py for tasks to queue
[2025-03-13T01:55:22.955+0000] {logging_mixin.py:151} INFO - [2025-03-13T01:55:22.955+0000] {dagbag.py:536} INFO - Filling up the DagBag from /opt/airflow/dags/extract_exchange_rates.py
[2025-03-13T01:55:22.966+0000] {processor.py:839} INFO - DAG(s) dict_keys(['extract_exchange_rates']) retrieved from /opt/airflow/dags/extract_exchange_rates.py
[2025-03-13T01:55:22.979+0000] {logging_mixin.py:151} INFO - [2025-03-13T01:55:22.979+0000] {dag.py:2941} INFO - Sync 1 DAGs
[2025-03-13T01:55:22.989+0000] {logging_mixin.py:151} INFO - [2025-03-13T01:55:22.988+0000] {dag.py:3722} INFO - Setting next_dagrun for extract_exchange_rates to 2025-03-13T00:00:00+00:00, run_after=2025-03-14T00:00:00+00:00
[2025-03-13T01:55:22.995+0000] {processor.py:179} INFO - Processing /opt/airflow/dags/extract_exchange_rates.py took 0.044 seconds
[2025-03-13T01:55:53.203+0000] {processor.py:157} INFO - Started process (PID=6229) to work on /opt/airflow/dags/extract_exchange_rates.py
[2025-03-13T01:55:53.205+0000] {processor.py:829} INFO - Processing file /opt/airflow/dags/extract_exchange_rates.py for tasks to queue
[2025-03-13T01:55:53.206+0000] {logging_mixin.py:151} INFO - [2025-03-13T01:55:53.205+0000] {dagbag.py:536} INFO - Filling up the DagBag from /opt/airflow/dags/extract_exchange_rates.py
[2025-03-13T01:55:53.218+0000] {processor.py:839} INFO - DAG(s) dict_keys(['extract_exchange_rates']) retrieved from /opt/airflow/dags/extract_exchange_rates.py
[2025-03-13T01:55:53.233+0000] {logging_mixin.py:151} INFO - [2025-03-13T01:55:53.233+0000] {dag.py:2941} INFO - Sync 1 DAGs
[2025-03-13T01:55:53.244+0000] {logging_mixin.py:151} INFO - [2025-03-13T01:55:53.244+0000] {dag.py:3722} INFO - Setting next_dagrun for extract_exchange_rates to 2025-03-13T00:00:00+00:00, run_after=2025-03-14T00:00:00+00:00
[2025-03-13T01:55:53.251+0000] {processor.py:179} INFO - Processing /opt/airflow/dags/extract_exchange_rates.py took 0.051 seconds
[2025-03-13T01:56:23.453+0000] {processor.py:157} INFO - Started process (PID=6235) to work on /opt/airflow/dags/extract_exchange_rates.py
[2025-03-13T01:56:23.454+0000] {processor.py:829} INFO - Processing file /opt/airflow/dags/extract_exchange_rates.py for tasks to queue
[2025-03-13T01:56:23.455+0000] {logging_mixin.py:151} INFO - [2025-03-13T01:56:23.455+0000] {dagbag.py:536} INFO - Filling up the DagBag from /opt/airflow/dags/extract_exchange_rates.py
[2025-03-13T01:56:23.465+0000] {processor.py:839} INFO - DAG(s) dict_keys(['extract_exchange_rates']) retrieved from /opt/airflow/dags/extract_exchange_rates.py
[2025-03-13T01:56:23.480+0000] {logging_mixin.py:151} INFO - [2025-03-13T01:56:23.480+0000] {dag.py:2941} INFO - Sync 1 DAGs
[2025-03-13T01:56:23.490+0000] {logging_mixin.py:151} INFO - [2025-03-13T01:56:23.490+0000] {dag.py:3722} INFO - Setting next_dagrun for extract_exchange_rates to 2025-03-13T00:00:00+00:00, run_after=2025-03-14T00:00:00+00:00
[2025-03-13T01:56:23.498+0000] {processor.py:179} INFO - Processing /opt/airflow/dags/extract_exchange_rates.py took 0.048 seconds
[2025-03-13T01:56:53.679+0000] {processor.py:157} INFO - Started process (PID=6240) to work on /opt/airflow/dags/extract_exchange_rates.py
[2025-03-13T01:56:53.679+0000] {processor.py:829} INFO - Processing file /opt/airflow/dags/extract_exchange_rates.py for tasks to queue
[2025-03-13T01:56:53.680+0000] {logging_mixin.py:151} INFO - [2025-03-13T01:56:53.680+0000] {dagbag.py:536} INFO - Filling up the DagBag from /opt/airflow/dags/extract_exchange_rates.py
[2025-03-13T01:56:53.689+0000] {processor.py:839} INFO - DAG(s) dict_keys(['extract_exchange_rates']) retrieved from /opt/airflow/dags/extract_exchange_rates.py
[2025-03-13T01:56:53.703+0000] {logging_mixin.py:151} INFO - [2025-03-13T01:56:53.703+0000] {dag.py:2941} INFO - Sync 1 DAGs
[2025-03-13T01:56:53.715+0000] {logging_mixin.py:151} INFO - [2025-03-13T01:56:53.715+0000] {dag.py:3722} INFO - Setting next_dagrun for extract_exchange_rates to 2025-03-13T00:00:00+00:00, run_after=2025-03-14T00:00:00+00:00
[2025-03-13T01:56:53.723+0000] {processor.py:179} INFO - Processing /opt/airflow/dags/extract_exchange_rates.py took 0.046 seconds
[2025-03-13T01:57:23.904+0000] {processor.py:157} INFO - Started process (PID=6245) to work on /opt/airflow/dags/extract_exchange_rates.py
[2025-03-13T01:57:23.904+0000] {processor.py:829} INFO - Processing file /opt/airflow/dags/extract_exchange_rates.py for tasks to queue
[2025-03-13T01:57:23.905+0000] {logging_mixin.py:151} INFO - [2025-03-13T01:57:23.905+0000] {dagbag.py:536} INFO - Filling up the DagBag from /opt/airflow/dags/extract_exchange_rates.py
[2025-03-13T01:57:23.914+0000] {processor.py:839} INFO - DAG(s) dict_keys(['extract_exchange_rates']) retrieved from /opt/airflow/dags/extract_exchange_rates.py
[2025-03-13T01:57:23.928+0000] {logging_mixin.py:151} INFO - [2025-03-13T01:57:23.927+0000] {dag.py:2941} INFO - Sync 1 DAGs
[2025-03-13T01:57:23.937+0000] {logging_mixin.py:151} INFO - [2025-03-13T01:57:23.937+0000] {dag.py:3722} INFO - Setting next_dagrun for extract_exchange_rates to 2025-03-13T00:00:00+00:00, run_after=2025-03-14T00:00:00+00:00
[2025-03-13T01:57:23.945+0000] {processor.py:179} INFO - Processing /opt/airflow/dags/extract_exchange_rates.py took 0.044 seconds
[2025-03-13T01:57:54.143+0000] {processor.py:157} INFO - Started process (PID=6250) to work on /opt/airflow/dags/extract_exchange_rates.py
[2025-03-13T01:57:54.144+0000] {processor.py:829} INFO - Processing file /opt/airflow/dags/extract_exchange_rates.py for tasks to queue
[2025-03-13T01:57:54.144+0000] {logging_mixin.py:151} INFO - [2025-03-13T01:57:54.144+0000] {dagbag.py:536} INFO - Filling up the DagBag from /opt/airflow/dags/extract_exchange_rates.py
[2025-03-13T01:57:54.157+0000] {processor.py:839} INFO - DAG(s) dict_keys(['extract_exchange_rates']) retrieved from /opt/airflow/dags/extract_exchange_rates.py
[2025-03-13T01:57:54.170+0000] {logging_mixin.py:151} INFO - [2025-03-13T01:57:54.170+0000] {dag.py:2941} INFO - Sync 1 DAGs
[2025-03-13T01:57:54.180+0000] {logging_mixin.py:151} INFO - [2025-03-13T01:57:54.180+0000] {dag.py:3722} INFO - Setting next_dagrun for extract_exchange_rates to 2025-03-13T00:00:00+00:00, run_after=2025-03-14T00:00:00+00:00
[2025-03-13T01:57:54.187+0000] {processor.py:179} INFO - Processing /opt/airflow/dags/extract_exchange_rates.py took 0.047 seconds
[2025-03-13T01:58:24.397+0000] {processor.py:157} INFO - Started process (PID=6255) to work on /opt/airflow/dags/extract_exchange_rates.py
[2025-03-13T01:58:24.397+0000] {processor.py:829} INFO - Processing file /opt/airflow/dags/extract_exchange_rates.py for tasks to queue
[2025-03-13T01:58:24.398+0000] {logging_mixin.py:151} INFO - [2025-03-13T01:58:24.398+0000] {dagbag.py:536} INFO - Filling up the DagBag from /opt/airflow/dags/extract_exchange_rates.py
[2025-03-13T01:58:24.409+0000] {processor.py:839} INFO - DAG(s) dict_keys(['extract_exchange_rates']) retrieved from /opt/airflow/dags/extract_exchange_rates.py
[2025-03-13T01:58:24.422+0000] {logging_mixin.py:151} INFO - [2025-03-13T01:58:24.422+0000] {dag.py:2941} INFO - Sync 1 DAGs
[2025-03-13T01:58:24.432+0000] {logging_mixin.py:151} INFO - [2025-03-13T01:58:24.432+0000] {dag.py:3722} INFO - Setting next_dagrun for extract_exchange_rates to 2025-03-13T00:00:00+00:00, run_after=2025-03-14T00:00:00+00:00
[2025-03-13T01:58:24.439+0000] {processor.py:179} INFO - Processing /opt/airflow/dags/extract_exchange_rates.py took 0.045 seconds
[2025-03-13T01:58:54.636+0000] {processor.py:157} INFO - Started process (PID=6260) to work on /opt/airflow/dags/extract_exchange_rates.py
[2025-03-13T01:58:54.637+0000] {processor.py:829} INFO - Processing file /opt/airflow/dags/extract_exchange_rates.py for tasks to queue
[2025-03-13T01:58:54.638+0000] {logging_mixin.py:151} INFO - [2025-03-13T01:58:54.637+0000] {dagbag.py:536} INFO - Filling up the DagBag from /opt/airflow/dags/extract_exchange_rates.py
[2025-03-13T01:58:54.648+0000] {processor.py:839} INFO - DAG(s) dict_keys(['extract_exchange_rates']) retrieved from /opt/airflow/dags/extract_exchange_rates.py
[2025-03-13T01:58:54.662+0000] {logging_mixin.py:151} INFO - [2025-03-13T01:58:54.662+0000] {dag.py:2941} INFO - Sync 1 DAGs
[2025-03-13T01:58:54.673+0000] {logging_mixin.py:151} INFO - [2025-03-13T01:58:54.673+0000] {dag.py:3722} INFO - Setting next_dagrun for extract_exchange_rates to 2025-03-13T00:00:00+00:00, run_after=2025-03-14T00:00:00+00:00
[2025-03-13T01:58:54.681+0000] {processor.py:179} INFO - Processing /opt/airflow/dags/extract_exchange_rates.py took 0.047 seconds
[2025-03-13T01:59:24.889+0000] {processor.py:157} INFO - Started process (PID=6265) to work on /opt/airflow/dags/extract_exchange_rates.py
[2025-03-13T01:59:24.889+0000] {processor.py:829} INFO - Processing file /opt/airflow/dags/extract_exchange_rates.py for tasks to queue
[2025-03-13T01:59:24.890+0000] {logging_mixin.py:151} INFO - [2025-03-13T01:59:24.890+0000] {dagbag.py:536} INFO - Filling up the DagBag from /opt/airflow/dags/extract_exchange_rates.py
[2025-03-13T01:59:24.899+0000] {processor.py:839} INFO - DAG(s) dict_keys(['extract_exchange_rates']) retrieved from /opt/airflow/dags/extract_exchange_rates.py
[2025-03-13T01:59:24.914+0000] {logging_mixin.py:151} INFO - [2025-03-13T01:59:24.914+0000] {dag.py:2941} INFO - Sync 1 DAGs
[2025-03-13T01:59:24.925+0000] {logging_mixin.py:151} INFO - [2025-03-13T01:59:24.925+0000] {dag.py:3722} INFO - Setting next_dagrun for extract_exchange_rates to 2025-03-13T00:00:00+00:00, run_after=2025-03-14T00:00:00+00:00
[2025-03-13T01:59:24.933+0000] {processor.py:179} INFO - Processing /opt/airflow/dags/extract_exchange_rates.py took 0.047 seconds
[2025-03-13T01:59:55.124+0000] {processor.py:157} INFO - Started process (PID=6270) to work on /opt/airflow/dags/extract_exchange_rates.py
[2025-03-13T01:59:55.124+0000] {processor.py:829} INFO - Processing file /opt/airflow/dags/extract_exchange_rates.py for tasks to queue
[2025-03-13T01:59:55.125+0000] {logging_mixin.py:151} INFO - [2025-03-13T01:59:55.125+0000] {dagbag.py:536} INFO - Filling up the DagBag from /opt/airflow/dags/extract_exchange_rates.py
[2025-03-13T01:59:55.132+0000] {processor.py:839} INFO - DAG(s) dict_keys(['extract_exchange_rates']) retrieved from /opt/airflow/dags/extract_exchange_rates.py
[2025-03-13T01:59:55.145+0000] {logging_mixin.py:151} INFO - [2025-03-13T01:59:55.145+0000] {dag.py:2941} INFO - Sync 1 DAGs
[2025-03-13T01:59:55.155+0000] {logging_mixin.py:151} INFO - [2025-03-13T01:59:55.155+0000] {dag.py:3722} INFO - Setting next_dagrun for extract_exchange_rates to 2025-03-13T00:00:00+00:00, run_after=2025-03-14T00:00:00+00:00
[2025-03-13T01:59:55.162+0000] {processor.py:179} INFO - Processing /opt/airflow/dags/extract_exchange_rates.py took 0.040 seconds
[2025-03-13T02:00:25.338+0000] {processor.py:157} INFO - Started process (PID=6275) to work on /opt/airflow/dags/extract_exchange_rates.py
[2025-03-13T02:00:25.338+0000] {processor.py:829} INFO - Processing file /opt/airflow/dags/extract_exchange_rates.py for tasks to queue
[2025-03-13T02:00:25.339+0000] {logging_mixin.py:151} INFO - [2025-03-13T02:00:25.339+0000] {dagbag.py:536} INFO - Filling up the DagBag from /opt/airflow/dags/extract_exchange_rates.py
[2025-03-13T02:00:25.347+0000] {processor.py:839} INFO - DAG(s) dict_keys(['extract_exchange_rates']) retrieved from /opt/airflow/dags/extract_exchange_rates.py
[2025-03-13T02:00:25.359+0000] {logging_mixin.py:151} INFO - [2025-03-13T02:00:25.359+0000] {dag.py:2941} INFO - Sync 1 DAGs
[2025-03-13T02:00:25.368+0000] {logging_mixin.py:151} INFO - [2025-03-13T02:00:25.368+0000] {dag.py:3722} INFO - Setting next_dagrun for extract_exchange_rates to 2025-03-13T00:00:00+00:00, run_after=2025-03-14T00:00:00+00:00
[2025-03-13T02:00:25.376+0000] {processor.py:179} INFO - Processing /opt/airflow/dags/extract_exchange_rates.py took 0.040 seconds
[2025-03-13T02:00:55.571+0000] {processor.py:157} INFO - Started process (PID=6280) to work on /opt/airflow/dags/extract_exchange_rates.py
[2025-03-13T02:00:55.572+0000] {processor.py:829} INFO - Processing file /opt/airflow/dags/extract_exchange_rates.py for tasks to queue
[2025-03-13T02:00:55.573+0000] {logging_mixin.py:151} INFO - [2025-03-13T02:00:55.572+0000] {dagbag.py:536} INFO - Filling up the DagBag from /opt/airflow/dags/extract_exchange_rates.py
[2025-03-13T02:00:55.584+0000] {processor.py:839} INFO - DAG(s) dict_keys(['extract_exchange_rates']) retrieved from /opt/airflow/dags/extract_exchange_rates.py
[2025-03-13T02:00:55.598+0000] {logging_mixin.py:151} INFO - [2025-03-13T02:00:55.597+0000] {dag.py:2941} INFO - Sync 1 DAGs
[2025-03-13T02:00:55.608+0000] {logging_mixin.py:151} INFO - [2025-03-13T02:00:55.608+0000] {dag.py:3722} INFO - Setting next_dagrun for extract_exchange_rates to 2025-03-13T00:00:00+00:00, run_after=2025-03-14T00:00:00+00:00
[2025-03-13T02:00:55.615+0000] {processor.py:179} INFO - Processing /opt/airflow/dags/extract_exchange_rates.py took 0.046 seconds
[2025-03-13T02:01:25.818+0000] {processor.py:157} INFO - Started process (PID=6285) to work on /opt/airflow/dags/extract_exchange_rates.py
[2025-03-13T02:01:25.819+0000] {processor.py:829} INFO - Processing file /opt/airflow/dags/extract_exchange_rates.py for tasks to queue
[2025-03-13T02:01:25.820+0000] {logging_mixin.py:151} INFO - [2025-03-13T02:01:25.819+0000] {dagbag.py:536} INFO - Filling up the DagBag from /opt/airflow/dags/extract_exchange_rates.py
[2025-03-13T02:01:25.830+0000] {processor.py:839} INFO - DAG(s) dict_keys(['extract_exchange_rates']) retrieved from /opt/airflow/dags/extract_exchange_rates.py
[2025-03-13T02:01:25.843+0000] {logging_mixin.py:151} INFO - [2025-03-13T02:01:25.843+0000] {dag.py:2941} INFO - Sync 1 DAGs
[2025-03-13T02:01:25.853+0000] {logging_mixin.py:151} INFO - [2025-03-13T02:01:25.853+0000] {dag.py:3722} INFO - Setting next_dagrun for extract_exchange_rates to 2025-03-13T00:00:00+00:00, run_after=2025-03-14T00:00:00+00:00
[2025-03-13T02:01:25.860+0000] {processor.py:179} INFO - Processing /opt/airflow/dags/extract_exchange_rates.py took 0.044 seconds
[2025-03-13T02:01:56.062+0000] {processor.py:157} INFO - Started process (PID=6290) to work on /opt/airflow/dags/extract_exchange_rates.py
[2025-03-13T02:01:56.063+0000] {processor.py:829} INFO - Processing file /opt/airflow/dags/extract_exchange_rates.py for tasks to queue
[2025-03-13T02:01:56.064+0000] {logging_mixin.py:151} INFO - [2025-03-13T02:01:56.063+0000] {dagbag.py:536} INFO - Filling up the DagBag from /opt/airflow/dags/extract_exchange_rates.py
[2025-03-13T02:01:56.075+0000] {processor.py:839} INFO - DAG(s) dict_keys(['extract_exchange_rates']) retrieved from /opt/airflow/dags/extract_exchange_rates.py
[2025-03-13T02:01:56.090+0000] {logging_mixin.py:151} INFO - [2025-03-13T02:01:56.090+0000] {dag.py:2941} INFO - Sync 1 DAGs
[2025-03-13T02:01:56.102+0000] {logging_mixin.py:151} INFO - [2025-03-13T02:01:56.102+0000] {dag.py:3722} INFO - Setting next_dagrun for extract_exchange_rates to 2025-03-13T00:00:00+00:00, run_after=2025-03-14T00:00:00+00:00
[2025-03-13T02:01:56.111+0000] {processor.py:179} INFO - Processing /opt/airflow/dags/extract_exchange_rates.py took 0.052 seconds
[2025-03-13T02:02:26.304+0000] {processor.py:157} INFO - Started process (PID=6295) to work on /opt/airflow/dags/extract_exchange_rates.py
[2025-03-13T02:02:26.304+0000] {processor.py:829} INFO - Processing file /opt/airflow/dags/extract_exchange_rates.py for tasks to queue
[2025-03-13T02:02:26.305+0000] {logging_mixin.py:151} INFO - [2025-03-13T02:02:26.305+0000] {dagbag.py:536} INFO - Filling up the DagBag from /opt/airflow/dags/extract_exchange_rates.py
[2025-03-13T02:02:26.316+0000] {processor.py:839} INFO - DAG(s) dict_keys(['extract_exchange_rates']) retrieved from /opt/airflow/dags/extract_exchange_rates.py
[2025-03-13T02:02:26.330+0000] {logging_mixin.py:151} INFO - [2025-03-13T02:02:26.330+0000] {dag.py:2941} INFO - Sync 1 DAGs
[2025-03-13T02:02:26.340+0000] {logging_mixin.py:151} INFO - [2025-03-13T02:02:26.340+0000] {dag.py:3722} INFO - Setting next_dagrun for extract_exchange_rates to 2025-03-13T00:00:00+00:00, run_after=2025-03-14T00:00:00+00:00
[2025-03-13T02:02:26.348+0000] {processor.py:179} INFO - Processing /opt/airflow/dags/extract_exchange_rates.py took 0.047 seconds
[2025-03-13T02:02:56.531+0000] {processor.py:157} INFO - Started process (PID=6300) to work on /opt/airflow/dags/extract_exchange_rates.py
[2025-03-13T02:02:56.531+0000] {processor.py:829} INFO - Processing file /opt/airflow/dags/extract_exchange_rates.py for tasks to queue
[2025-03-13T02:02:56.532+0000] {logging_mixin.py:151} INFO - [2025-03-13T02:02:56.532+0000] {dagbag.py:536} INFO - Filling up the DagBag from /opt/airflow/dags/extract_exchange_rates.py
[2025-03-13T02:02:56.542+0000] {processor.py:839} INFO - DAG(s) dict_keys(['extract_exchange_rates']) retrieved from /opt/airflow/dags/extract_exchange_rates.py
[2025-03-13T02:02:56.557+0000] {logging_mixin.py:151} INFO - [2025-03-13T02:02:56.557+0000] {dag.py:2941} INFO - Sync 1 DAGs
[2025-03-13T02:02:56.567+0000] {logging_mixin.py:151} INFO - [2025-03-13T02:02:56.567+0000] {dag.py:3722} INFO - Setting next_dagrun for extract_exchange_rates to 2025-03-13T00:00:00+00:00, run_after=2025-03-14T00:00:00+00:00
[2025-03-13T02:02:56.574+0000] {processor.py:179} INFO - Processing /opt/airflow/dags/extract_exchange_rates.py took 0.046 seconds
[2025-03-13T02:03:26.780+0000] {processor.py:157} INFO - Started process (PID=6305) to work on /opt/airflow/dags/extract_exchange_rates.py
[2025-03-13T02:03:26.781+0000] {processor.py:829} INFO - Processing file /opt/airflow/dags/extract_exchange_rates.py for tasks to queue
[2025-03-13T02:03:26.782+0000] {logging_mixin.py:151} INFO - [2025-03-13T02:03:26.781+0000] {dagbag.py:536} INFO - Filling up the DagBag from /opt/airflow/dags/extract_exchange_rates.py
[2025-03-13T02:03:26.792+0000] {processor.py:839} INFO - DAG(s) dict_keys(['extract_exchange_rates']) retrieved from /opt/airflow/dags/extract_exchange_rates.py
[2025-03-13T02:03:26.807+0000] {logging_mixin.py:151} INFO - [2025-03-13T02:03:26.807+0000] {dag.py:2941} INFO - Sync 1 DAGs
[2025-03-13T02:03:26.817+0000] {logging_mixin.py:151} INFO - [2025-03-13T02:03:26.817+0000] {dag.py:3722} INFO - Setting next_dagrun for extract_exchange_rates to 2025-03-13T00:00:00+00:00, run_after=2025-03-14T00:00:00+00:00
[2025-03-13T02:03:26.824+0000] {processor.py:179} INFO - Processing /opt/airflow/dags/extract_exchange_rates.py took 0.046 seconds
[2025-03-13T02:03:57.008+0000] {processor.py:157} INFO - Started process (PID=6310) to work on /opt/airflow/dags/extract_exchange_rates.py
[2025-03-13T02:03:57.008+0000] {processor.py:829} INFO - Processing file /opt/airflow/dags/extract_exchange_rates.py for tasks to queue
[2025-03-13T02:03:57.009+0000] {logging_mixin.py:151} INFO - [2025-03-13T02:03:57.009+0000] {dagbag.py:536} INFO - Filling up the DagBag from /opt/airflow/dags/extract_exchange_rates.py
[2025-03-13T02:03:57.019+0000] {processor.py:839} INFO - DAG(s) dict_keys(['extract_exchange_rates']) retrieved from /opt/airflow/dags/extract_exchange_rates.py
[2025-03-13T02:03:57.035+0000] {logging_mixin.py:151} INFO - [2025-03-13T02:03:57.035+0000] {dag.py:2941} INFO - Sync 1 DAGs
[2025-03-13T02:03:57.048+0000] {logging_mixin.py:151} INFO - [2025-03-13T02:03:57.048+0000] {dag.py:3722} INFO - Setting next_dagrun for extract_exchange_rates to 2025-03-13T00:00:00+00:00, run_after=2025-03-14T00:00:00+00:00
[2025-03-13T02:03:57.056+0000] {processor.py:179} INFO - Processing /opt/airflow/dags/extract_exchange_rates.py took 0.050 seconds
[2025-03-13T02:04:27.254+0000] {processor.py:157} INFO - Started process (PID=6315) to work on /opt/airflow/dags/extract_exchange_rates.py
[2025-03-13T02:04:27.255+0000] {processor.py:829} INFO - Processing file /opt/airflow/dags/extract_exchange_rates.py for tasks to queue
[2025-03-13T02:04:27.256+0000] {logging_mixin.py:151} INFO - [2025-03-13T02:04:27.255+0000] {dagbag.py:536} INFO - Filling up the DagBag from /opt/airflow/dags/extract_exchange_rates.py
[2025-03-13T02:04:27.266+0000] {processor.py:839} INFO - DAG(s) dict_keys(['extract_exchange_rates']) retrieved from /opt/airflow/dags/extract_exchange_rates.py
[2025-03-13T02:04:27.280+0000] {logging_mixin.py:151} INFO - [2025-03-13T02:04:27.279+0000] {dag.py:2941} INFO - Sync 1 DAGs
[2025-03-13T02:04:27.289+0000] {logging_mixin.py:151} INFO - [2025-03-13T02:04:27.289+0000] {dag.py:3722} INFO - Setting next_dagrun for extract_exchange_rates to 2025-03-13T00:00:00+00:00, run_after=2025-03-14T00:00:00+00:00
[2025-03-13T02:04:27.297+0000] {processor.py:179} INFO - Processing /opt/airflow/dags/extract_exchange_rates.py took 0.045 seconds
[2025-03-13T02:04:57.507+0000] {processor.py:157} INFO - Started process (PID=6320) to work on /opt/airflow/dags/extract_exchange_rates.py
[2025-03-13T02:04:57.508+0000] {processor.py:829} INFO - Processing file /opt/airflow/dags/extract_exchange_rates.py for tasks to queue
[2025-03-13T02:04:57.508+0000] {logging_mixin.py:151} INFO - [2025-03-13T02:04:57.508+0000] {dagbag.py:536} INFO - Filling up the DagBag from /opt/airflow/dags/extract_exchange_rates.py
[2025-03-13T02:04:57.518+0000] {processor.py:839} INFO - DAG(s) dict_keys(['extract_exchange_rates']) retrieved from /opt/airflow/dags/extract_exchange_rates.py
[2025-03-13T02:04:57.532+0000] {logging_mixin.py:151} INFO - [2025-03-13T02:04:57.532+0000] {dag.py:2941} INFO - Sync 1 DAGs
[2025-03-13T02:04:57.542+0000] {logging_mixin.py:151} INFO - [2025-03-13T02:04:57.542+0000] {dag.py:3722} INFO - Setting next_dagrun for extract_exchange_rates to 2025-03-13T00:00:00+00:00, run_after=2025-03-14T00:00:00+00:00
[2025-03-13T02:04:57.549+0000] {processor.py:179} INFO - Processing /opt/airflow/dags/extract_exchange_rates.py took 0.045 seconds
[2025-03-13T02:05:27.744+0000] {processor.py:157} INFO - Started process (PID=6325) to work on /opt/airflow/dags/extract_exchange_rates.py
[2025-03-13T02:05:27.745+0000] {processor.py:829} INFO - Processing file /opt/airflow/dags/extract_exchange_rates.py for tasks to queue
[2025-03-13T02:05:27.746+0000] {logging_mixin.py:151} INFO - [2025-03-13T02:05:27.745+0000] {dagbag.py:536} INFO - Filling up the DagBag from /opt/airflow/dags/extract_exchange_rates.py
[2025-03-13T02:05:27.756+0000] {processor.py:839} INFO - DAG(s) dict_keys(['extract_exchange_rates']) retrieved from /opt/airflow/dags/extract_exchange_rates.py
[2025-03-13T02:05:27.773+0000] {logging_mixin.py:151} INFO - [2025-03-13T02:05:27.773+0000] {dag.py:2941} INFO - Sync 1 DAGs
[2025-03-13T02:05:27.783+0000] {logging_mixin.py:151} INFO - [2025-03-13T02:05:27.783+0000] {dag.py:3722} INFO - Setting next_dagrun for extract_exchange_rates to 2025-03-13T00:00:00+00:00, run_after=2025-03-14T00:00:00+00:00
[2025-03-13T02:05:27.791+0000] {processor.py:179} INFO - Processing /opt/airflow/dags/extract_exchange_rates.py took 0.049 seconds
[2025-03-13T02:05:57.987+0000] {processor.py:157} INFO - Started process (PID=6330) to work on /opt/airflow/dags/extract_exchange_rates.py
[2025-03-13T02:05:57.988+0000] {processor.py:829} INFO - Processing file /opt/airflow/dags/extract_exchange_rates.py for tasks to queue
[2025-03-13T02:05:57.988+0000] {logging_mixin.py:151} INFO - [2025-03-13T02:05:57.988+0000] {dagbag.py:536} INFO - Filling up the DagBag from /opt/airflow/dags/extract_exchange_rates.py
[2025-03-13T02:05:57.998+0000] {processor.py:839} INFO - DAG(s) dict_keys(['extract_exchange_rates']) retrieved from /opt/airflow/dags/extract_exchange_rates.py
[2025-03-13T02:05:58.011+0000] {logging_mixin.py:151} INFO - [2025-03-13T02:05:58.011+0000] {dag.py:2941} INFO - Sync 1 DAGs
[2025-03-13T02:05:58.021+0000] {logging_mixin.py:151} INFO - [2025-03-13T02:05:58.021+0000] {dag.py:3722} INFO - Setting next_dagrun for extract_exchange_rates to 2025-03-13T00:00:00+00:00, run_after=2025-03-14T00:00:00+00:00
[2025-03-13T02:05:58.028+0000] {processor.py:179} INFO - Processing /opt/airflow/dags/extract_exchange_rates.py took 0.043 seconds
[2025-03-13T02:06:28.245+0000] {processor.py:157} INFO - Started process (PID=6335) to work on /opt/airflow/dags/extract_exchange_rates.py
[2025-03-13T02:06:28.246+0000] {processor.py:829} INFO - Processing file /opt/airflow/dags/extract_exchange_rates.py for tasks to queue
[2025-03-13T02:06:28.246+0000] {logging_mixin.py:151} INFO - [2025-03-13T02:06:28.246+0000] {dagbag.py:536} INFO - Filling up the DagBag from /opt/airflow/dags/extract_exchange_rates.py
[2025-03-13T02:06:28.257+0000] {processor.py:839} INFO - DAG(s) dict_keys(['extract_exchange_rates']) retrieved from /opt/airflow/dags/extract_exchange_rates.py
[2025-03-13T02:06:28.270+0000] {logging_mixin.py:151} INFO - [2025-03-13T02:06:28.270+0000] {dag.py:2941} INFO - Sync 1 DAGs
[2025-03-13T02:06:28.280+0000] {logging_mixin.py:151} INFO - [2025-03-13T02:06:28.280+0000] {dag.py:3722} INFO - Setting next_dagrun for extract_exchange_rates to 2025-03-13T00:00:00+00:00, run_after=2025-03-14T00:00:00+00:00
[2025-03-13T02:06:28.288+0000] {processor.py:179} INFO - Processing /opt/airflow/dags/extract_exchange_rates.py took 0.046 seconds
[2025-03-13T02:06:58.476+0000] {processor.py:157} INFO - Started process (PID=6340) to work on /opt/airflow/dags/extract_exchange_rates.py
[2025-03-13T02:06:58.478+0000] {processor.py:829} INFO - Processing file /opt/airflow/dags/extract_exchange_rates.py for tasks to queue
[2025-03-13T02:06:58.479+0000] {logging_mixin.py:151} INFO - [2025-03-13T02:06:58.479+0000] {dagbag.py:536} INFO - Filling up the DagBag from /opt/airflow/dags/extract_exchange_rates.py
[2025-03-13T02:06:58.490+0000] {processor.py:839} INFO - DAG(s) dict_keys(['extract_exchange_rates']) retrieved from /opt/airflow/dags/extract_exchange_rates.py
[2025-03-13T02:06:58.504+0000] {logging_mixin.py:151} INFO - [2025-03-13T02:06:58.504+0000] {dag.py:2941} INFO - Sync 1 DAGs
[2025-03-13T02:06:58.515+0000] {logging_mixin.py:151} INFO - [2025-03-13T02:06:58.515+0000] {dag.py:3722} INFO - Setting next_dagrun for extract_exchange_rates to 2025-03-13T00:00:00+00:00, run_after=2025-03-14T00:00:00+00:00
[2025-03-13T02:06:58.521+0000] {processor.py:179} INFO - Processing /opt/airflow/dags/extract_exchange_rates.py took 0.048 seconds
[2025-03-13T02:07:28.699+0000] {processor.py:157} INFO - Started process (PID=6345) to work on /opt/airflow/dags/extract_exchange_rates.py
[2025-03-13T02:07:28.700+0000] {processor.py:829} INFO - Processing file /opt/airflow/dags/extract_exchange_rates.py for tasks to queue
[2025-03-13T02:07:28.700+0000] {logging_mixin.py:151} INFO - [2025-03-13T02:07:28.700+0000] {dagbag.py:536} INFO - Filling up the DagBag from /opt/airflow/dags/extract_exchange_rates.py
[2025-03-13T02:07:28.711+0000] {processor.py:839} INFO - DAG(s) dict_keys(['extract_exchange_rates']) retrieved from /opt/airflow/dags/extract_exchange_rates.py
[2025-03-13T02:07:28.725+0000] {logging_mixin.py:151} INFO - [2025-03-13T02:07:28.725+0000] {dag.py:2941} INFO - Sync 1 DAGs
[2025-03-13T02:07:28.735+0000] {logging_mixin.py:151} INFO - [2025-03-13T02:07:28.735+0000] {dag.py:3722} INFO - Setting next_dagrun for extract_exchange_rates to 2025-03-13T00:00:00+00:00, run_after=2025-03-14T00:00:00+00:00
[2025-03-13T02:07:28.742+0000] {processor.py:179} INFO - Processing /opt/airflow/dags/extract_exchange_rates.py took 0.045 seconds
[2025-03-13T02:07:58.942+0000] {processor.py:157} INFO - Started process (PID=6350) to work on /opt/airflow/dags/extract_exchange_rates.py
[2025-03-13T02:07:58.943+0000] {processor.py:829} INFO - Processing file /opt/airflow/dags/extract_exchange_rates.py for tasks to queue
[2025-03-13T02:07:58.944+0000] {logging_mixin.py:151} INFO - [2025-03-13T02:07:58.943+0000] {dagbag.py:536} INFO - Filling up the DagBag from /opt/airflow/dags/extract_exchange_rates.py
[2025-03-13T02:07:58.959+0000] {processor.py:839} INFO - DAG(s) dict_keys(['extract_exchange_rates']) retrieved from /opt/airflow/dags/extract_exchange_rates.py
[2025-03-13T02:07:58.972+0000] {logging_mixin.py:151} INFO - [2025-03-13T02:07:58.972+0000] {dag.py:2941} INFO - Sync 1 DAGs
[2025-03-13T02:07:58.982+0000] {logging_mixin.py:151} INFO - [2025-03-13T02:07:58.981+0000] {dag.py:3722} INFO - Setting next_dagrun for extract_exchange_rates to 2025-03-13T00:00:00+00:00, run_after=2025-03-14T00:00:00+00:00
[2025-03-13T02:07:58.988+0000] {processor.py:179} INFO - Processing /opt/airflow/dags/extract_exchange_rates.py took 0.049 seconds
[2025-03-13T02:08:29.199+0000] {processor.py:157} INFO - Started process (PID=6355) to work on /opt/airflow/dags/extract_exchange_rates.py
[2025-03-13T02:08:29.200+0000] {processor.py:829} INFO - Processing file /opt/airflow/dags/extract_exchange_rates.py for tasks to queue
[2025-03-13T02:08:29.200+0000] {logging_mixin.py:151} INFO - [2025-03-13T02:08:29.200+0000] {dagbag.py:536} INFO - Filling up the DagBag from /opt/airflow/dags/extract_exchange_rates.py
[2025-03-13T02:08:29.209+0000] {processor.py:839} INFO - DAG(s) dict_keys(['extract_exchange_rates']) retrieved from /opt/airflow/dags/extract_exchange_rates.py
[2025-03-13T02:08:29.223+0000] {logging_mixin.py:151} INFO - [2025-03-13T02:08:29.222+0000] {dag.py:2941} INFO - Sync 1 DAGs
[2025-03-13T02:08:29.232+0000] {logging_mixin.py:151} INFO - [2025-03-13T02:08:29.232+0000] {dag.py:3722} INFO - Setting next_dagrun for extract_exchange_rates to 2025-03-13T00:00:00+00:00, run_after=2025-03-14T00:00:00+00:00
[2025-03-13T02:08:29.240+0000] {processor.py:179} INFO - Processing /opt/airflow/dags/extract_exchange_rates.py took 0.043 seconds
[2025-03-13T02:08:59.436+0000] {processor.py:157} INFO - Started process (PID=6360) to work on /opt/airflow/dags/extract_exchange_rates.py
[2025-03-13T02:08:59.437+0000] {processor.py:829} INFO - Processing file /opt/airflow/dags/extract_exchange_rates.py for tasks to queue
[2025-03-13T02:08:59.438+0000] {logging_mixin.py:151} INFO - [2025-03-13T02:08:59.438+0000] {dagbag.py:536} INFO - Filling up the DagBag from /opt/airflow/dags/extract_exchange_rates.py
[2025-03-13T02:08:59.449+0000] {processor.py:839} INFO - DAG(s) dict_keys(['extract_exchange_rates']) retrieved from /opt/airflow/dags/extract_exchange_rates.py
[2025-03-13T02:08:59.463+0000] {logging_mixin.py:151} INFO - [2025-03-13T02:08:59.463+0000] {dag.py:2941} INFO - Sync 1 DAGs
[2025-03-13T02:08:59.473+0000] {logging_mixin.py:151} INFO - [2025-03-13T02:08:59.473+0000] {dag.py:3722} INFO - Setting next_dagrun for extract_exchange_rates to 2025-03-13T00:00:00+00:00, run_after=2025-03-14T00:00:00+00:00
[2025-03-13T02:08:59.480+0000] {processor.py:179} INFO - Processing /opt/airflow/dags/extract_exchange_rates.py took 0.047 seconds
[2025-03-13T02:09:29.688+0000] {processor.py:157} INFO - Started process (PID=6365) to work on /opt/airflow/dags/extract_exchange_rates.py
[2025-03-13T02:09:29.689+0000] {processor.py:829} INFO - Processing file /opt/airflow/dags/extract_exchange_rates.py for tasks to queue
[2025-03-13T02:09:29.689+0000] {logging_mixin.py:151} INFO - [2025-03-13T02:09:29.689+0000] {dagbag.py:536} INFO - Filling up the DagBag from /opt/airflow/dags/extract_exchange_rates.py
[2025-03-13T02:09:29.699+0000] {processor.py:839} INFO - DAG(s) dict_keys(['extract_exchange_rates']) retrieved from /opt/airflow/dags/extract_exchange_rates.py
[2025-03-13T02:09:29.714+0000] {logging_mixin.py:151} INFO - [2025-03-13T02:09:29.714+0000] {dag.py:2941} INFO - Sync 1 DAGs
[2025-03-13T02:09:29.724+0000] {logging_mixin.py:151} INFO - [2025-03-13T02:09:29.724+0000] {dag.py:3722} INFO - Setting next_dagrun for extract_exchange_rates to 2025-03-13T00:00:00+00:00, run_after=2025-03-14T00:00:00+00:00
[2025-03-13T02:09:29.731+0000] {processor.py:179} INFO - Processing /opt/airflow/dags/extract_exchange_rates.py took 0.046 seconds
[2025-03-13T02:09:59.922+0000] {processor.py:157} INFO - Started process (PID=6370) to work on /opt/airflow/dags/extract_exchange_rates.py
[2025-03-13T02:09:59.923+0000] {processor.py:829} INFO - Processing file /opt/airflow/dags/extract_exchange_rates.py for tasks to queue
[2025-03-13T02:09:59.924+0000] {logging_mixin.py:151} INFO - [2025-03-13T02:09:59.923+0000] {dagbag.py:536} INFO - Filling up the DagBag from /opt/airflow/dags/extract_exchange_rates.py
[2025-03-13T02:09:59.934+0000] {processor.py:839} INFO - DAG(s) dict_keys(['extract_exchange_rates']) retrieved from /opt/airflow/dags/extract_exchange_rates.py
[2025-03-13T02:09:59.950+0000] {logging_mixin.py:151} INFO - [2025-03-13T02:09:59.950+0000] {dag.py:2941} INFO - Sync 1 DAGs
[2025-03-13T02:09:59.962+0000] {logging_mixin.py:151} INFO - [2025-03-13T02:09:59.962+0000] {dag.py:3722} INFO - Setting next_dagrun for extract_exchange_rates to 2025-03-13T00:00:00+00:00, run_after=2025-03-14T00:00:00+00:00
[2025-03-13T02:09:59.971+0000] {processor.py:179} INFO - Processing /opt/airflow/dags/extract_exchange_rates.py took 0.051 seconds
[2025-03-13T02:10:30.153+0000] {processor.py:157} INFO - Started process (PID=6375) to work on /opt/airflow/dags/extract_exchange_rates.py
[2025-03-13T02:10:30.154+0000] {processor.py:829} INFO - Processing file /opt/airflow/dags/extract_exchange_rates.py for tasks to queue
[2025-03-13T02:10:30.154+0000] {logging_mixin.py:151} INFO - [2025-03-13T02:10:30.154+0000] {dagbag.py:536} INFO - Filling up the DagBag from /opt/airflow/dags/extract_exchange_rates.py
[2025-03-13T02:10:30.164+0000] {processor.py:839} INFO - DAG(s) dict_keys(['extract_exchange_rates']) retrieved from /opt/airflow/dags/extract_exchange_rates.py
[2025-03-13T02:10:30.178+0000] {logging_mixin.py:151} INFO - [2025-03-13T02:10:30.177+0000] {dag.py:2941} INFO - Sync 1 DAGs
[2025-03-13T02:10:30.188+0000] {logging_mixin.py:151} INFO - [2025-03-13T02:10:30.188+0000] {dag.py:3722} INFO - Setting next_dagrun for extract_exchange_rates to 2025-03-13T00:00:00+00:00, run_after=2025-03-14T00:00:00+00:00
[2025-03-13T02:10:30.196+0000] {processor.py:179} INFO - Processing /opt/airflow/dags/extract_exchange_rates.py took 0.045 seconds
[2025-03-13T02:11:00.410+0000] {processor.py:157} INFO - Started process (PID=6380) to work on /opt/airflow/dags/extract_exchange_rates.py
[2025-03-13T02:11:00.411+0000] {processor.py:829} INFO - Processing file /opt/airflow/dags/extract_exchange_rates.py for tasks to queue
[2025-03-13T02:11:00.412+0000] {logging_mixin.py:151} INFO - [2025-03-13T02:11:00.412+0000] {dagbag.py:536} INFO - Filling up the DagBag from /opt/airflow/dags/extract_exchange_rates.py
[2025-03-13T02:11:00.422+0000] {processor.py:839} INFO - DAG(s) dict_keys(['extract_exchange_rates']) retrieved from /opt/airflow/dags/extract_exchange_rates.py
[2025-03-13T02:11:00.438+0000] {logging_mixin.py:151} INFO - [2025-03-13T02:11:00.438+0000] {dag.py:2941} INFO - Sync 1 DAGs
[2025-03-13T02:11:00.447+0000] {logging_mixin.py:151} INFO - [2025-03-13T02:11:00.447+0000] {dag.py:3722} INFO - Setting next_dagrun for extract_exchange_rates to 2025-03-13T00:00:00+00:00, run_after=2025-03-14T00:00:00+00:00
[2025-03-13T02:11:00.455+0000] {processor.py:179} INFO - Processing /opt/airflow/dags/extract_exchange_rates.py took 0.047 seconds
[2025-03-13T02:11:30.652+0000] {processor.py:157} INFO - Started process (PID=6385) to work on /opt/airflow/dags/extract_exchange_rates.py
[2025-03-13T02:11:30.652+0000] {processor.py:829} INFO - Processing file /opt/airflow/dags/extract_exchange_rates.py for tasks to queue
[2025-03-13T02:11:30.652+0000] {logging_mixin.py:151} INFO - [2025-03-13T02:11:30.652+0000] {dagbag.py:536} INFO - Filling up the DagBag from /opt/airflow/dags/extract_exchange_rates.py
[2025-03-13T02:11:30.661+0000] {processor.py:839} INFO - DAG(s) dict_keys(['extract_exchange_rates']) retrieved from /opt/airflow/dags/extract_exchange_rates.py
[2025-03-13T02:11:30.673+0000] {logging_mixin.py:151} INFO - [2025-03-13T02:11:30.673+0000] {dag.py:2941} INFO - Sync 1 DAGs
[2025-03-13T02:11:30.682+0000] {logging_mixin.py:151} INFO - [2025-03-13T02:11:30.682+0000] {dag.py:3722} INFO - Setting next_dagrun for extract_exchange_rates to 2025-03-13T00:00:00+00:00, run_after=2025-03-14T00:00:00+00:00
[2025-03-13T02:11:30.689+0000] {processor.py:179} INFO - Processing /opt/airflow/dags/extract_exchange_rates.py took 0.039 seconds
[2025-03-13T02:12:00.880+0000] {processor.py:157} INFO - Started process (PID=6390) to work on /opt/airflow/dags/extract_exchange_rates.py
[2025-03-13T02:12:00.881+0000] {processor.py:829} INFO - Processing file /opt/airflow/dags/extract_exchange_rates.py for tasks to queue
[2025-03-13T02:12:00.882+0000] {logging_mixin.py:151} INFO - [2025-03-13T02:12:00.882+0000] {dagbag.py:536} INFO - Filling up the DagBag from /opt/airflow/dags/extract_exchange_rates.py
[2025-03-13T02:12:00.893+0000] {processor.py:839} INFO - DAG(s) dict_keys(['extract_exchange_rates']) retrieved from /opt/airflow/dags/extract_exchange_rates.py
[2025-03-13T02:12:00.910+0000] {logging_mixin.py:151} INFO - [2025-03-13T02:12:00.909+0000] {dag.py:2941} INFO - Sync 1 DAGs
[2025-03-13T02:12:00.922+0000] {logging_mixin.py:151} INFO - [2025-03-13T02:12:00.922+0000] {dag.py:3722} INFO - Setting next_dagrun for extract_exchange_rates to 2025-03-13T00:00:00+00:00, run_after=2025-03-14T00:00:00+00:00
[2025-03-13T02:12:00.929+0000] {processor.py:179} INFO - Processing /opt/airflow/dags/extract_exchange_rates.py took 0.051 seconds
[2025-03-13T02:12:31.125+0000] {processor.py:157} INFO - Started process (PID=6395) to work on /opt/airflow/dags/extract_exchange_rates.py
[2025-03-13T02:12:31.127+0000] {processor.py:829} INFO - Processing file /opt/airflow/dags/extract_exchange_rates.py for tasks to queue
[2025-03-13T02:12:31.128+0000] {logging_mixin.py:151} INFO - [2025-03-13T02:12:31.127+0000] {dagbag.py:536} INFO - Filling up the DagBag from /opt/airflow/dags/extract_exchange_rates.py
[2025-03-13T02:12:31.138+0000] {processor.py:839} INFO - DAG(s) dict_keys(['extract_exchange_rates']) retrieved from /opt/airflow/dags/extract_exchange_rates.py
[2025-03-13T02:12:31.153+0000] {logging_mixin.py:151} INFO - [2025-03-13T02:12:31.152+0000] {dag.py:2941} INFO - Sync 1 DAGs
[2025-03-13T02:12:31.163+0000] {logging_mixin.py:151} INFO - [2025-03-13T02:12:31.163+0000] {dag.py:3722} INFO - Setting next_dagrun for extract_exchange_rates to 2025-03-13T00:00:00+00:00, run_after=2025-03-14T00:00:00+00:00
[2025-03-13T02:12:31.170+0000] {processor.py:179} INFO - Processing /opt/airflow/dags/extract_exchange_rates.py took 0.047 seconds
[2025-03-13T02:13:01.364+0000] {processor.py:157} INFO - Started process (PID=6400) to work on /opt/airflow/dags/extract_exchange_rates.py
[2025-03-13T02:13:01.365+0000] {processor.py:829} INFO - Processing file /opt/airflow/dags/extract_exchange_rates.py for tasks to queue
[2025-03-13T02:13:01.366+0000] {logging_mixin.py:151} INFO - [2025-03-13T02:13:01.365+0000] {dagbag.py:536} INFO - Filling up the DagBag from /opt/airflow/dags/extract_exchange_rates.py
[2025-03-13T02:13:01.380+0000] {processor.py:839} INFO - DAG(s) dict_keys(['extract_exchange_rates']) retrieved from /opt/airflow/dags/extract_exchange_rates.py
[2025-03-13T02:13:01.392+0000] {logging_mixin.py:151} INFO - [2025-03-13T02:13:01.392+0000] {dag.py:2941} INFO - Sync 1 DAGs
[2025-03-13T02:13:01.402+0000] {logging_mixin.py:151} INFO - [2025-03-13T02:13:01.402+0000] {dag.py:3722} INFO - Setting next_dagrun for extract_exchange_rates to 2025-03-13T00:00:00+00:00, run_after=2025-03-14T00:00:00+00:00
[2025-03-13T02:13:01.409+0000] {processor.py:179} INFO - Processing /opt/airflow/dags/extract_exchange_rates.py took 0.048 seconds
[2025-03-13T02:13:31.627+0000] {processor.py:157} INFO - Started process (PID=6405) to work on /opt/airflow/dags/extract_exchange_rates.py
[2025-03-13T02:13:31.628+0000] {processor.py:829} INFO - Processing file /opt/airflow/dags/extract_exchange_rates.py for tasks to queue
[2025-03-13T02:13:31.628+0000] {logging_mixin.py:151} INFO - [2025-03-13T02:13:31.628+0000] {dagbag.py:536} INFO - Filling up the DagBag from /opt/airflow/dags/extract_exchange_rates.py
[2025-03-13T02:13:31.638+0000] {processor.py:839} INFO - DAG(s) dict_keys(['extract_exchange_rates']) retrieved from /opt/airflow/dags/extract_exchange_rates.py
[2025-03-13T02:13:31.651+0000] {logging_mixin.py:151} INFO - [2025-03-13T02:13:31.651+0000] {dag.py:2941} INFO - Sync 1 DAGs
[2025-03-13T02:13:31.661+0000] {logging_mixin.py:151} INFO - [2025-03-13T02:13:31.661+0000] {dag.py:3722} INFO - Setting next_dagrun for extract_exchange_rates to 2025-03-13T00:00:00+00:00, run_after=2025-03-14T00:00:00+00:00
[2025-03-13T02:13:31.668+0000] {processor.py:179} INFO - Processing /opt/airflow/dags/extract_exchange_rates.py took 0.042 seconds
[2025-03-13T02:14:01.870+0000] {processor.py:157} INFO - Started process (PID=6410) to work on /opt/airflow/dags/extract_exchange_rates.py
[2025-03-13T02:14:01.871+0000] {processor.py:829} INFO - Processing file /opt/airflow/dags/extract_exchange_rates.py for tasks to queue
[2025-03-13T02:14:01.871+0000] {logging_mixin.py:151} INFO - [2025-03-13T02:14:01.871+0000] {dagbag.py:536} INFO - Filling up the DagBag from /opt/airflow/dags/extract_exchange_rates.py
[2025-03-13T02:14:01.882+0000] {processor.py:839} INFO - DAG(s) dict_keys(['extract_exchange_rates']) retrieved from /opt/airflow/dags/extract_exchange_rates.py
[2025-03-13T02:14:01.896+0000] {logging_mixin.py:151} INFO - [2025-03-13T02:14:01.896+0000] {dag.py:2941} INFO - Sync 1 DAGs
[2025-03-13T02:14:01.906+0000] {logging_mixin.py:151} INFO - [2025-03-13T02:14:01.906+0000] {dag.py:3722} INFO - Setting next_dagrun for extract_exchange_rates to 2025-03-13T00:00:00+00:00, run_after=2025-03-14T00:00:00+00:00
[2025-03-13T02:14:01.912+0000] {processor.py:179} INFO - Processing /opt/airflow/dags/extract_exchange_rates.py took 0.046 seconds
[2025-03-13T02:14:32.137+0000] {processor.py:157} INFO - Started process (PID=6415) to work on /opt/airflow/dags/extract_exchange_rates.py
[2025-03-13T02:14:32.137+0000] {processor.py:829} INFO - Processing file /opt/airflow/dags/extract_exchange_rates.py for tasks to queue
[2025-03-13T02:14:32.138+0000] {logging_mixin.py:151} INFO - [2025-03-13T02:14:32.138+0000] {dagbag.py:536} INFO - Filling up the DagBag from /opt/airflow/dags/extract_exchange_rates.py
[2025-03-13T02:14:32.149+0000] {processor.py:839} INFO - DAG(s) dict_keys(['extract_exchange_rates']) retrieved from /opt/airflow/dags/extract_exchange_rates.py
[2025-03-13T02:14:32.162+0000] {logging_mixin.py:151} INFO - [2025-03-13T02:14:32.162+0000] {dag.py:2941} INFO - Sync 1 DAGs
[2025-03-13T02:14:32.172+0000] {logging_mixin.py:151} INFO - [2025-03-13T02:14:32.172+0000] {dag.py:3722} INFO - Setting next_dagrun for extract_exchange_rates to 2025-03-13T00:00:00+00:00, run_after=2025-03-14T00:00:00+00:00
[2025-03-13T02:14:32.179+0000] {processor.py:179} INFO - Processing /opt/airflow/dags/extract_exchange_rates.py took 0.045 seconds
[2025-03-13T02:15:02.429+0000] {processor.py:157} INFO - Started process (PID=6420) to work on /opt/airflow/dags/extract_exchange_rates.py
[2025-03-13T02:15:02.430+0000] {processor.py:829} INFO - Processing file /opt/airflow/dags/extract_exchange_rates.py for tasks to queue
[2025-03-13T02:15:02.431+0000] {logging_mixin.py:151} INFO - [2025-03-13T02:15:02.430+0000] {dagbag.py:536} INFO - Filling up the DagBag from /opt/airflow/dags/extract_exchange_rates.py
[2025-03-13T02:15:02.442+0000] {processor.py:839} INFO - DAG(s) dict_keys(['extract_exchange_rates']) retrieved from /opt/airflow/dags/extract_exchange_rates.py
[2025-03-13T02:15:02.456+0000] {logging_mixin.py:151} INFO - [2025-03-13T02:15:02.456+0000] {dag.py:2941} INFO - Sync 1 DAGs
[2025-03-13T02:15:02.466+0000] {logging_mixin.py:151} INFO - [2025-03-13T02:15:02.466+0000] {dag.py:3722} INFO - Setting next_dagrun for extract_exchange_rates to 2025-03-13T00:00:00+00:00, run_after=2025-03-14T00:00:00+00:00
[2025-03-13T02:15:02.473+0000] {processor.py:179} INFO - Processing /opt/airflow/dags/extract_exchange_rates.py took 0.047 seconds
[2025-03-13T02:15:32.661+0000] {processor.py:157} INFO - Started process (PID=6425) to work on /opt/airflow/dags/extract_exchange_rates.py
[2025-03-13T02:15:32.662+0000] {processor.py:829} INFO - Processing file /opt/airflow/dags/extract_exchange_rates.py for tasks to queue
[2025-03-13T02:15:32.662+0000] {logging_mixin.py:151} INFO - [2025-03-13T02:15:32.662+0000] {dagbag.py:536} INFO - Filling up the DagBag from /opt/airflow/dags/extract_exchange_rates.py
[2025-03-13T02:15:32.673+0000] {processor.py:839} INFO - DAG(s) dict_keys(['extract_exchange_rates']) retrieved from /opt/airflow/dags/extract_exchange_rates.py
[2025-03-13T02:15:32.687+0000] {logging_mixin.py:151} INFO - [2025-03-13T02:15:32.687+0000] {dag.py:2941} INFO - Sync 1 DAGs
[2025-03-13T02:15:32.698+0000] {logging_mixin.py:151} INFO - [2025-03-13T02:15:32.698+0000] {dag.py:3722} INFO - Setting next_dagrun for extract_exchange_rates to 2025-03-13T00:00:00+00:00, run_after=2025-03-14T00:00:00+00:00
[2025-03-13T02:15:32.705+0000] {processor.py:179} INFO - Processing /opt/airflow/dags/extract_exchange_rates.py took 0.046 seconds
[2025-03-13T02:16:02.884+0000] {processor.py:157} INFO - Started process (PID=6430) to work on /opt/airflow/dags/extract_exchange_rates.py
[2025-03-13T02:16:02.885+0000] {processor.py:829} INFO - Processing file /opt/airflow/dags/extract_exchange_rates.py for tasks to queue
[2025-03-13T02:16:02.885+0000] {logging_mixin.py:151} INFO - [2025-03-13T02:16:02.885+0000] {dagbag.py:536} INFO - Filling up the DagBag from /opt/airflow/dags/extract_exchange_rates.py
[2025-03-13T02:16:02.894+0000] {processor.py:839} INFO - DAG(s) dict_keys(['extract_exchange_rates']) retrieved from /opt/airflow/dags/extract_exchange_rates.py
[2025-03-13T02:16:02.907+0000] {logging_mixin.py:151} INFO - [2025-03-13T02:16:02.907+0000] {dag.py:2941} INFO - Sync 1 DAGs
[2025-03-13T02:16:02.917+0000] {logging_mixin.py:151} INFO - [2025-03-13T02:16:02.917+0000] {dag.py:3722} INFO - Setting next_dagrun for extract_exchange_rates to 2025-03-13T00:00:00+00:00, run_after=2025-03-14T00:00:00+00:00
[2025-03-13T02:16:02.925+0000] {processor.py:179} INFO - Processing /opt/airflow/dags/extract_exchange_rates.py took 0.043 seconds
[2025-03-13T02:16:33.118+0000] {processor.py:157} INFO - Started process (PID=6435) to work on /opt/airflow/dags/extract_exchange_rates.py
[2025-03-13T02:16:33.119+0000] {processor.py:829} INFO - Processing file /opt/airflow/dags/extract_exchange_rates.py for tasks to queue
[2025-03-13T02:16:33.120+0000] {logging_mixin.py:151} INFO - [2025-03-13T02:16:33.119+0000] {dagbag.py:536} INFO - Filling up the DagBag from /opt/airflow/dags/extract_exchange_rates.py
[2025-03-13T02:16:33.131+0000] {processor.py:839} INFO - DAG(s) dict_keys(['extract_exchange_rates']) retrieved from /opt/airflow/dags/extract_exchange_rates.py
[2025-03-13T02:16:33.143+0000] {logging_mixin.py:151} INFO - [2025-03-13T02:16:33.143+0000] {dag.py:2941} INFO - Sync 1 DAGs
[2025-03-13T02:16:33.153+0000] {logging_mixin.py:151} INFO - [2025-03-13T02:16:33.153+0000] {dag.py:3722} INFO - Setting next_dagrun for extract_exchange_rates to 2025-03-13T00:00:00+00:00, run_after=2025-03-14T00:00:00+00:00
[2025-03-13T02:16:33.160+0000] {processor.py:179} INFO - Processing /opt/airflow/dags/extract_exchange_rates.py took 0.045 seconds
[2025-03-13T02:17:03.370+0000] {processor.py:157} INFO - Started process (PID=6440) to work on /opt/airflow/dags/extract_exchange_rates.py
[2025-03-13T02:17:03.371+0000] {processor.py:829} INFO - Processing file /opt/airflow/dags/extract_exchange_rates.py for tasks to queue
[2025-03-13T02:17:03.371+0000] {logging_mixin.py:151} INFO - [2025-03-13T02:17:03.371+0000] {dagbag.py:536} INFO - Filling up the DagBag from /opt/airflow/dags/extract_exchange_rates.py
[2025-03-13T02:17:03.378+0000] {processor.py:839} INFO - DAG(s) dict_keys(['extract_exchange_rates']) retrieved from /opt/airflow/dags/extract_exchange_rates.py
[2025-03-13T02:17:03.392+0000] {logging_mixin.py:151} INFO - [2025-03-13T02:17:03.392+0000] {dag.py:2941} INFO - Sync 1 DAGs
[2025-03-13T02:17:03.401+0000] {logging_mixin.py:151} INFO - [2025-03-13T02:17:03.401+0000] {dag.py:3722} INFO - Setting next_dagrun for extract_exchange_rates to 2025-03-13T00:00:00+00:00, run_after=2025-03-14T00:00:00+00:00
[2025-03-13T02:17:03.409+0000] {processor.py:179} INFO - Processing /opt/airflow/dags/extract_exchange_rates.py took 0.040 seconds
[2025-03-13T02:17:33.611+0000] {processor.py:157} INFO - Started process (PID=6445) to work on /opt/airflow/dags/extract_exchange_rates.py
[2025-03-13T02:17:33.612+0000] {processor.py:829} INFO - Processing file /opt/airflow/dags/extract_exchange_rates.py for tasks to queue
[2025-03-13T02:17:33.612+0000] {logging_mixin.py:151} INFO - [2025-03-13T02:17:33.612+0000] {dagbag.py:536} INFO - Filling up the DagBag from /opt/airflow/dags/extract_exchange_rates.py
[2025-03-13T02:17:33.623+0000] {processor.py:839} INFO - DAG(s) dict_keys(['extract_exchange_rates']) retrieved from /opt/airflow/dags/extract_exchange_rates.py
[2025-03-13T02:17:33.638+0000] {logging_mixin.py:151} INFO - [2025-03-13T02:17:33.638+0000] {dag.py:2941} INFO - Sync 1 DAGs
[2025-03-13T02:17:33.648+0000] {logging_mixin.py:151} INFO - [2025-03-13T02:17:33.647+0000] {dag.py:3722} INFO - Setting next_dagrun for extract_exchange_rates to 2025-03-13T00:00:00+00:00, run_after=2025-03-14T00:00:00+00:00
[2025-03-13T02:17:33.655+0000] {processor.py:179} INFO - Processing /opt/airflow/dags/extract_exchange_rates.py took 0.047 seconds
[2025-03-13T02:18:03.860+0000] {processor.py:157} INFO - Started process (PID=6450) to work on /opt/airflow/dags/extract_exchange_rates.py
[2025-03-13T02:18:03.861+0000] {processor.py:829} INFO - Processing file /opt/airflow/dags/extract_exchange_rates.py for tasks to queue
[2025-03-13T02:18:03.861+0000] {logging_mixin.py:151} INFO - [2025-03-13T02:18:03.861+0000] {dagbag.py:536} INFO - Filling up the DagBag from /opt/airflow/dags/extract_exchange_rates.py
[2025-03-13T02:18:03.875+0000] {processor.py:839} INFO - DAG(s) dict_keys(['extract_exchange_rates']) retrieved from /opt/airflow/dags/extract_exchange_rates.py
[2025-03-13T02:18:03.888+0000] {logging_mixin.py:151} INFO - [2025-03-13T02:18:03.888+0000] {dag.py:2941} INFO - Sync 1 DAGs
[2025-03-13T02:18:03.898+0000] {logging_mixin.py:151} INFO - [2025-03-13T02:18:03.898+0000] {dag.py:3722} INFO - Setting next_dagrun for extract_exchange_rates to 2025-03-13T00:00:00+00:00, run_after=2025-03-14T00:00:00+00:00
[2025-03-13T02:18:03.905+0000] {processor.py:179} INFO - Processing /opt/airflow/dags/extract_exchange_rates.py took 0.048 seconds
[2025-03-13T02:18:34.077+0000] {processor.py:157} INFO - Started process (PID=6455) to work on /opt/airflow/dags/extract_exchange_rates.py
[2025-03-13T02:18:34.078+0000] {processor.py:829} INFO - Processing file /opt/airflow/dags/extract_exchange_rates.py for tasks to queue
[2025-03-13T02:18:34.078+0000] {logging_mixin.py:151} INFO - [2025-03-13T02:18:34.078+0000] {dagbag.py:536} INFO - Filling up the DagBag from /opt/airflow/dags/extract_exchange_rates.py
[2025-03-13T02:18:34.089+0000] {processor.py:839} INFO - DAG(s) dict_keys(['extract_exchange_rates']) retrieved from /opt/airflow/dags/extract_exchange_rates.py
[2025-03-13T02:18:34.102+0000] {logging_mixin.py:151} INFO - [2025-03-13T02:18:34.102+0000] {dag.py:2941} INFO - Sync 1 DAGs
[2025-03-13T02:18:34.113+0000] {logging_mixin.py:151} INFO - [2025-03-13T02:18:34.113+0000] {dag.py:3722} INFO - Setting next_dagrun for extract_exchange_rates to 2025-03-13T00:00:00+00:00, run_after=2025-03-14T00:00:00+00:00
[2025-03-13T02:18:34.121+0000] {processor.py:179} INFO - Processing /opt/airflow/dags/extract_exchange_rates.py took 0.045 seconds
[2025-03-13T02:19:04.309+0000] {processor.py:157} INFO - Started process (PID=6460) to work on /opt/airflow/dags/extract_exchange_rates.py
[2025-03-13T02:19:04.310+0000] {processor.py:829} INFO - Processing file /opt/airflow/dags/extract_exchange_rates.py for tasks to queue
[2025-03-13T02:19:04.311+0000] {logging_mixin.py:151} INFO - [2025-03-13T02:19:04.310+0000] {dagbag.py:536} INFO - Filling up the DagBag from /opt/airflow/dags/extract_exchange_rates.py
[2025-03-13T02:19:04.322+0000] {processor.py:839} INFO - DAG(s) dict_keys(['extract_exchange_rates']) retrieved from /opt/airflow/dags/extract_exchange_rates.py
[2025-03-13T02:19:04.336+0000] {logging_mixin.py:151} INFO - [2025-03-13T02:19:04.336+0000] {dag.py:2941} INFO - Sync 1 DAGs
[2025-03-13T02:19:04.346+0000] {logging_mixin.py:151} INFO - [2025-03-13T02:19:04.346+0000] {dag.py:3722} INFO - Setting next_dagrun for extract_exchange_rates to 2025-03-13T00:00:00+00:00, run_after=2025-03-14T00:00:00+00:00
[2025-03-13T02:19:04.354+0000] {processor.py:179} INFO - Processing /opt/airflow/dags/extract_exchange_rates.py took 0.048 seconds
[2025-03-13T02:19:34.539+0000] {processor.py:157} INFO - Started process (PID=6465) to work on /opt/airflow/dags/extract_exchange_rates.py
[2025-03-13T02:19:34.540+0000] {processor.py:829} INFO - Processing file /opt/airflow/dags/extract_exchange_rates.py for tasks to queue
[2025-03-13T02:19:34.541+0000] {logging_mixin.py:151} INFO - [2025-03-13T02:19:34.540+0000] {dagbag.py:536} INFO - Filling up the DagBag from /opt/airflow/dags/extract_exchange_rates.py
[2025-03-13T02:19:34.552+0000] {processor.py:839} INFO - DAG(s) dict_keys(['extract_exchange_rates']) retrieved from /opt/airflow/dags/extract_exchange_rates.py
[2025-03-13T02:19:34.565+0000] {logging_mixin.py:151} INFO - [2025-03-13T02:19:34.565+0000] {dag.py:2941} INFO - Sync 1 DAGs
[2025-03-13T02:19:34.575+0000] {logging_mixin.py:151} INFO - [2025-03-13T02:19:34.575+0000] {dag.py:3722} INFO - Setting next_dagrun for extract_exchange_rates to 2025-03-13T00:00:00+00:00, run_after=2025-03-14T00:00:00+00:00
[2025-03-13T02:19:34.582+0000] {processor.py:179} INFO - Processing /opt/airflow/dags/extract_exchange_rates.py took 0.046 seconds
[2025-03-13T02:20:04.734+0000] {processor.py:157} INFO - Started process (PID=6470) to work on /opt/airflow/dags/extract_exchange_rates.py
[2025-03-13T02:20:04.734+0000] {processor.py:829} INFO - Processing file /opt/airflow/dags/extract_exchange_rates.py for tasks to queue
[2025-03-13T02:20:04.735+0000] {logging_mixin.py:151} INFO - [2025-03-13T02:20:04.735+0000] {dagbag.py:536} INFO - Filling up the DagBag from /opt/airflow/dags/extract_exchange_rates.py
[2025-03-13T02:20:04.744+0000] {processor.py:839} INFO - DAG(s) dict_keys(['extract_exchange_rates']) retrieved from /opt/airflow/dags/extract_exchange_rates.py
[2025-03-13T02:20:04.758+0000] {logging_mixin.py:151} INFO - [2025-03-13T02:20:04.758+0000] {dag.py:2941} INFO - Sync 1 DAGs
[2025-03-13T02:20:04.769+0000] {logging_mixin.py:151} INFO - [2025-03-13T02:20:04.769+0000] {dag.py:3722} INFO - Setting next_dagrun for extract_exchange_rates to 2025-03-13T00:00:00+00:00, run_after=2025-03-14T00:00:00+00:00
[2025-03-13T02:20:04.777+0000] {processor.py:179} INFO - Processing /opt/airflow/dags/extract_exchange_rates.py took 0.044 seconds
[2025-03-13T02:20:34.983+0000] {processor.py:157} INFO - Started process (PID=6475) to work on /opt/airflow/dags/extract_exchange_rates.py
[2025-03-13T02:20:34.984+0000] {processor.py:829} INFO - Processing file /opt/airflow/dags/extract_exchange_rates.py for tasks to queue
[2025-03-13T02:20:34.985+0000] {logging_mixin.py:151} INFO - [2025-03-13T02:20:34.985+0000] {dagbag.py:536} INFO - Filling up the DagBag from /opt/airflow/dags/extract_exchange_rates.py
[2025-03-13T02:20:34.995+0000] {processor.py:839} INFO - DAG(s) dict_keys(['extract_exchange_rates']) retrieved from /opt/airflow/dags/extract_exchange_rates.py
[2025-03-13T02:20:35.009+0000] {logging_mixin.py:151} INFO - [2025-03-13T02:20:35.009+0000] {dag.py:2941} INFO - Sync 1 DAGs
[2025-03-13T02:20:35.019+0000] {logging_mixin.py:151} INFO - [2025-03-13T02:20:35.019+0000] {dag.py:3722} INFO - Setting next_dagrun for extract_exchange_rates to 2025-03-13T00:00:00+00:00, run_after=2025-03-14T00:00:00+00:00
[2025-03-13T02:20:35.028+0000] {processor.py:179} INFO - Processing /opt/airflow/dags/extract_exchange_rates.py took 0.047 seconds
[2025-03-13T02:21:05.224+0000] {processor.py:157} INFO - Started process (PID=6480) to work on /opt/airflow/dags/extract_exchange_rates.py
[2025-03-13T02:21:05.226+0000] {processor.py:829} INFO - Processing file /opt/airflow/dags/extract_exchange_rates.py for tasks to queue
[2025-03-13T02:21:05.226+0000] {logging_mixin.py:151} INFO - [2025-03-13T02:21:05.226+0000] {dagbag.py:536} INFO - Filling up the DagBag from /opt/airflow/dags/extract_exchange_rates.py
[2025-03-13T02:21:05.237+0000] {processor.py:839} INFO - DAG(s) dict_keys(['extract_exchange_rates']) retrieved from /opt/airflow/dags/extract_exchange_rates.py
[2025-03-13T02:21:05.254+0000] {logging_mixin.py:151} INFO - [2025-03-13T02:21:05.254+0000] {dag.py:2941} INFO - Sync 1 DAGs
[2025-03-13T02:21:05.264+0000] {logging_mixin.py:151} INFO - [2025-03-13T02:21:05.264+0000] {dag.py:3722} INFO - Setting next_dagrun for extract_exchange_rates to 2025-03-13T00:00:00+00:00, run_after=2025-03-14T00:00:00+00:00
[2025-03-13T02:21:05.272+0000] {processor.py:179} INFO - Processing /opt/airflow/dags/extract_exchange_rates.py took 0.050 seconds
[2025-03-13T02:21:35.450+0000] {processor.py:157} INFO - Started process (PID=6485) to work on /opt/airflow/dags/extract_exchange_rates.py
[2025-03-13T02:21:35.450+0000] {processor.py:829} INFO - Processing file /opt/airflow/dags/extract_exchange_rates.py for tasks to queue
[2025-03-13T02:21:35.451+0000] {logging_mixin.py:151} INFO - [2025-03-13T02:21:35.451+0000] {dagbag.py:536} INFO - Filling up the DagBag from /opt/airflow/dags/extract_exchange_rates.py
[2025-03-13T02:21:35.458+0000] {processor.py:839} INFO - DAG(s) dict_keys(['extract_exchange_rates']) retrieved from /opt/airflow/dags/extract_exchange_rates.py
[2025-03-13T02:21:35.471+0000] {logging_mixin.py:151} INFO - [2025-03-13T02:21:35.471+0000] {dag.py:2941} INFO - Sync 1 DAGs
[2025-03-13T02:21:35.485+0000] {logging_mixin.py:151} INFO - [2025-03-13T02:21:35.485+0000] {dag.py:3722} INFO - Setting next_dagrun for extract_exchange_rates to 2025-03-13T00:00:00+00:00, run_after=2025-03-14T00:00:00+00:00
[2025-03-13T02:21:35.495+0000] {processor.py:179} INFO - Processing /opt/airflow/dags/extract_exchange_rates.py took 0.047 seconds
[2025-03-13T02:22:05.689+0000] {processor.py:157} INFO - Started process (PID=6490) to work on /opt/airflow/dags/extract_exchange_rates.py
[2025-03-13T02:22:05.690+0000] {processor.py:829} INFO - Processing file /opt/airflow/dags/extract_exchange_rates.py for tasks to queue
[2025-03-13T02:22:05.690+0000] {logging_mixin.py:151} INFO - [2025-03-13T02:22:05.690+0000] {dagbag.py:536} INFO - Filling up the DagBag from /opt/airflow/dags/extract_exchange_rates.py
[2025-03-13T02:22:05.699+0000] {processor.py:839} INFO - DAG(s) dict_keys(['extract_exchange_rates']) retrieved from /opt/airflow/dags/extract_exchange_rates.py
[2025-03-13T02:22:05.713+0000] {logging_mixin.py:151} INFO - [2025-03-13T02:22:05.713+0000] {dag.py:2941} INFO - Sync 1 DAGs
[2025-03-13T02:22:05.723+0000] {logging_mixin.py:151} INFO - [2025-03-13T02:22:05.723+0000] {dag.py:3722} INFO - Setting next_dagrun for extract_exchange_rates to 2025-03-13T00:00:00+00:00, run_after=2025-03-14T00:00:00+00:00
[2025-03-13T02:22:05.731+0000] {processor.py:179} INFO - Processing /opt/airflow/dags/extract_exchange_rates.py took 0.044 seconds
[2025-03-13T02:22:35.946+0000] {processor.py:157} INFO - Started process (PID=6495) to work on /opt/airflow/dags/extract_exchange_rates.py
[2025-03-13T02:22:35.947+0000] {processor.py:829} INFO - Processing file /opt/airflow/dags/extract_exchange_rates.py for tasks to queue
[2025-03-13T02:22:35.948+0000] {logging_mixin.py:151} INFO - [2025-03-13T02:22:35.947+0000] {dagbag.py:536} INFO - Filling up the DagBag from /opt/airflow/dags/extract_exchange_rates.py
[2025-03-13T02:22:35.957+0000] {processor.py:839} INFO - DAG(s) dict_keys(['extract_exchange_rates']) retrieved from /opt/airflow/dags/extract_exchange_rates.py
[2025-03-13T02:22:35.970+0000] {logging_mixin.py:151} INFO - [2025-03-13T02:22:35.970+0000] {dag.py:2941} INFO - Sync 1 DAGs
[2025-03-13T02:22:35.980+0000] {logging_mixin.py:151} INFO - [2025-03-13T02:22:35.980+0000] {dag.py:3722} INFO - Setting next_dagrun for extract_exchange_rates to 2025-03-13T00:00:00+00:00, run_after=2025-03-14T00:00:00+00:00
[2025-03-13T02:22:35.988+0000] {processor.py:179} INFO - Processing /opt/airflow/dags/extract_exchange_rates.py took 0.044 seconds
[2025-03-13T02:23:06.178+0000] {processor.py:157} INFO - Started process (PID=6500) to work on /opt/airflow/dags/extract_exchange_rates.py
[2025-03-13T02:23:06.179+0000] {processor.py:829} INFO - Processing file /opt/airflow/dags/extract_exchange_rates.py for tasks to queue
[2025-03-13T02:23:06.180+0000] {logging_mixin.py:151} INFO - [2025-03-13T02:23:06.180+0000] {dagbag.py:536} INFO - Filling up the DagBag from /opt/airflow/dags/extract_exchange_rates.py
[2025-03-13T02:23:06.192+0000] {processor.py:839} INFO - DAG(s) dict_keys(['extract_exchange_rates']) retrieved from /opt/airflow/dags/extract_exchange_rates.py
[2025-03-13T02:23:06.205+0000] {logging_mixin.py:151} INFO - [2025-03-13T02:23:06.205+0000] {dag.py:2941} INFO - Sync 1 DAGs
[2025-03-13T02:23:06.215+0000] {logging_mixin.py:151} INFO - [2025-03-13T02:23:06.215+0000] {dag.py:3722} INFO - Setting next_dagrun for extract_exchange_rates to 2025-03-13T00:00:00+00:00, run_after=2025-03-14T00:00:00+00:00
[2025-03-13T02:23:06.222+0000] {processor.py:179} INFO - Processing /opt/airflow/dags/extract_exchange_rates.py took 0.046 seconds
[2025-03-13T02:23:36.409+0000] {processor.py:157} INFO - Started process (PID=6505) to work on /opt/airflow/dags/extract_exchange_rates.py
[2025-03-13T02:23:36.410+0000] {processor.py:829} INFO - Processing file /opt/airflow/dags/extract_exchange_rates.py for tasks to queue
[2025-03-13T02:23:36.411+0000] {logging_mixin.py:151} INFO - [2025-03-13T02:23:36.411+0000] {dagbag.py:536} INFO - Filling up the DagBag from /opt/airflow/dags/extract_exchange_rates.py
[2025-03-13T02:23:36.421+0000] {processor.py:839} INFO - DAG(s) dict_keys(['extract_exchange_rates']) retrieved from /opt/airflow/dags/extract_exchange_rates.py
[2025-03-13T02:23:36.436+0000] {logging_mixin.py:151} INFO - [2025-03-13T02:23:36.436+0000] {dag.py:2941} INFO - Sync 1 DAGs
[2025-03-13T02:23:36.447+0000] {logging_mixin.py:151} INFO - [2025-03-13T02:23:36.447+0000] {dag.py:3722} INFO - Setting next_dagrun for extract_exchange_rates to 2025-03-13T00:00:00+00:00, run_after=2025-03-14T00:00:00+00:00
[2025-03-13T02:23:36.456+0000] {processor.py:179} INFO - Processing /opt/airflow/dags/extract_exchange_rates.py took 0.049 seconds
[2025-03-13T02:24:06.617+0000] {processor.py:157} INFO - Started process (PID=6510) to work on /opt/airflow/dags/extract_exchange_rates.py
[2025-03-13T02:24:06.618+0000] {processor.py:829} INFO - Processing file /opt/airflow/dags/extract_exchange_rates.py for tasks to queue
[2025-03-13T02:24:06.619+0000] {logging_mixin.py:151} INFO - [2025-03-13T02:24:06.618+0000] {dagbag.py:536} INFO - Filling up the DagBag from /opt/airflow/dags/extract_exchange_rates.py
[2025-03-13T02:24:06.630+0000] {processor.py:839} INFO - DAG(s) dict_keys(['extract_exchange_rates']) retrieved from /opt/airflow/dags/extract_exchange_rates.py
[2025-03-13T02:24:06.643+0000] {logging_mixin.py:151} INFO - [2025-03-13T02:24:06.643+0000] {dag.py:2941} INFO - Sync 1 DAGs
[2025-03-13T02:24:06.653+0000] {logging_mixin.py:151} INFO - [2025-03-13T02:24:06.653+0000] {dag.py:3722} INFO - Setting next_dagrun for extract_exchange_rates to 2025-03-13T00:00:00+00:00, run_after=2025-03-14T00:00:00+00:00
[2025-03-13T02:24:06.660+0000] {processor.py:179} INFO - Processing /opt/airflow/dags/extract_exchange_rates.py took 0.046 seconds
[2025-03-13T02:24:36.861+0000] {processor.py:157} INFO - Started process (PID=6515) to work on /opt/airflow/dags/extract_exchange_rates.py
[2025-03-13T02:24:36.862+0000] {processor.py:829} INFO - Processing file /opt/airflow/dags/extract_exchange_rates.py for tasks to queue
[2025-03-13T02:24:36.863+0000] {logging_mixin.py:151} INFO - [2025-03-13T02:24:36.863+0000] {dagbag.py:536} INFO - Filling up the DagBag from /opt/airflow/dags/extract_exchange_rates.py
[2025-03-13T02:24:36.873+0000] {processor.py:839} INFO - DAG(s) dict_keys(['extract_exchange_rates']) retrieved from /opt/airflow/dags/extract_exchange_rates.py
[2025-03-13T02:24:36.889+0000] {logging_mixin.py:151} INFO - [2025-03-13T02:24:36.889+0000] {dag.py:2941} INFO - Sync 1 DAGs
[2025-03-13T02:24:36.900+0000] {logging_mixin.py:151} INFO - [2025-03-13T02:24:36.900+0000] {dag.py:3722} INFO - Setting next_dagrun for extract_exchange_rates to 2025-03-13T00:00:00+00:00, run_after=2025-03-14T00:00:00+00:00
[2025-03-13T02:24:36.907+0000] {processor.py:179} INFO - Processing /opt/airflow/dags/extract_exchange_rates.py took 0.049 seconds
[2025-03-13T02:25:07.066+0000] {processor.py:157} INFO - Started process (PID=6520) to work on /opt/airflow/dags/extract_exchange_rates.py
[2025-03-13T02:25:07.066+0000] {processor.py:829} INFO - Processing file /opt/airflow/dags/extract_exchange_rates.py for tasks to queue
[2025-03-13T02:25:07.067+0000] {logging_mixin.py:151} INFO - [2025-03-13T02:25:07.067+0000] {dagbag.py:536} INFO - Filling up the DagBag from /opt/airflow/dags/extract_exchange_rates.py
[2025-03-13T02:25:07.076+0000] {processor.py:839} INFO - DAG(s) dict_keys(['extract_exchange_rates']) retrieved from /opt/airflow/dags/extract_exchange_rates.py
[2025-03-13T02:25:07.088+0000] {logging_mixin.py:151} INFO - [2025-03-13T02:25:07.088+0000] {dag.py:2941} INFO - Sync 1 DAGs
[2025-03-13T02:25:07.099+0000] {logging_mixin.py:151} INFO - [2025-03-13T02:25:07.098+0000] {dag.py:3722} INFO - Setting next_dagrun for extract_exchange_rates to 2025-03-13T00:00:00+00:00, run_after=2025-03-14T00:00:00+00:00
[2025-03-13T02:25:07.107+0000] {processor.py:179} INFO - Processing /opt/airflow/dags/extract_exchange_rates.py took 0.043 seconds
[2025-03-13T02:25:37.277+0000] {processor.py:157} INFO - Started process (PID=6525) to work on /opt/airflow/dags/extract_exchange_rates.py
[2025-03-13T02:25:37.278+0000] {processor.py:829} INFO - Processing file /opt/airflow/dags/extract_exchange_rates.py for tasks to queue
[2025-03-13T02:25:37.279+0000] {logging_mixin.py:151} INFO - [2025-03-13T02:25:37.278+0000] {dagbag.py:536} INFO - Filling up the DagBag from /opt/airflow/dags/extract_exchange_rates.py
[2025-03-13T02:25:37.289+0000] {processor.py:839} INFO - DAG(s) dict_keys(['extract_exchange_rates']) retrieved from /opt/airflow/dags/extract_exchange_rates.py
[2025-03-13T02:25:37.303+0000] {logging_mixin.py:151} INFO - [2025-03-13T02:25:37.303+0000] {dag.py:2941} INFO - Sync 1 DAGs
[2025-03-13T02:25:37.312+0000] {logging_mixin.py:151} INFO - [2025-03-13T02:25:37.312+0000] {dag.py:3722} INFO - Setting next_dagrun for extract_exchange_rates to 2025-03-13T00:00:00+00:00, run_after=2025-03-14T00:00:00+00:00
[2025-03-13T02:25:37.320+0000] {processor.py:179} INFO - Processing /opt/airflow/dags/extract_exchange_rates.py took 0.046 seconds
[2025-03-13T02:26:07.511+0000] {processor.py:157} INFO - Started process (PID=6530) to work on /opt/airflow/dags/extract_exchange_rates.py
[2025-03-13T02:26:07.512+0000] {processor.py:829} INFO - Processing file /opt/airflow/dags/extract_exchange_rates.py for tasks to queue
[2025-03-13T02:26:07.513+0000] {logging_mixin.py:151} INFO - [2025-03-13T02:26:07.512+0000] {dagbag.py:536} INFO - Filling up the DagBag from /opt/airflow/dags/extract_exchange_rates.py
[2025-03-13T02:26:07.523+0000] {processor.py:839} INFO - DAG(s) dict_keys(['extract_exchange_rates']) retrieved from /opt/airflow/dags/extract_exchange_rates.py
[2025-03-13T02:26:07.538+0000] {logging_mixin.py:151} INFO - [2025-03-13T02:26:07.538+0000] {dag.py:2941} INFO - Sync 1 DAGs
[2025-03-13T02:26:07.548+0000] {logging_mixin.py:151} INFO - [2025-03-13T02:26:07.548+0000] {dag.py:3722} INFO - Setting next_dagrun for extract_exchange_rates to 2025-03-13T00:00:00+00:00, run_after=2025-03-14T00:00:00+00:00
[2025-03-13T02:26:07.557+0000] {processor.py:179} INFO - Processing /opt/airflow/dags/extract_exchange_rates.py took 0.048 seconds
[2025-03-13T02:26:37.755+0000] {processor.py:157} INFO - Started process (PID=6535) to work on /opt/airflow/dags/extract_exchange_rates.py
[2025-03-13T02:26:37.756+0000] {processor.py:829} INFO - Processing file /opt/airflow/dags/extract_exchange_rates.py for tasks to queue
[2025-03-13T02:26:37.756+0000] {logging_mixin.py:151} INFO - [2025-03-13T02:26:37.756+0000] {dagbag.py:536} INFO - Filling up the DagBag from /opt/airflow/dags/extract_exchange_rates.py
[2025-03-13T02:26:37.767+0000] {processor.py:839} INFO - DAG(s) dict_keys(['extract_exchange_rates']) retrieved from /opt/airflow/dags/extract_exchange_rates.py
[2025-03-13T02:26:37.782+0000] {logging_mixin.py:151} INFO - [2025-03-13T02:26:37.782+0000] {dag.py:2941} INFO - Sync 1 DAGs
[2025-03-13T02:26:37.792+0000] {logging_mixin.py:151} INFO - [2025-03-13T02:26:37.792+0000] {dag.py:3722} INFO - Setting next_dagrun for extract_exchange_rates to 2025-03-13T00:00:00+00:00, run_after=2025-03-14T00:00:00+00:00
[2025-03-13T02:26:37.800+0000] {processor.py:179} INFO - Processing /opt/airflow/dags/extract_exchange_rates.py took 0.048 seconds
[2025-03-13T02:27:08.004+0000] {processor.py:157} INFO - Started process (PID=6540) to work on /opt/airflow/dags/extract_exchange_rates.py
[2025-03-13T02:27:08.006+0000] {processor.py:829} INFO - Processing file /opt/airflow/dags/extract_exchange_rates.py for tasks to queue
[2025-03-13T02:27:08.007+0000] {logging_mixin.py:151} INFO - [2025-03-13T02:27:08.006+0000] {dagbag.py:536} INFO - Filling up the DagBag from /opt/airflow/dags/extract_exchange_rates.py
[2025-03-13T02:27:08.021+0000] {processor.py:839} INFO - DAG(s) dict_keys(['extract_exchange_rates']) retrieved from /opt/airflow/dags/extract_exchange_rates.py
[2025-03-13T02:27:08.044+0000] {logging_mixin.py:151} INFO - [2025-03-13T02:27:08.044+0000] {dag.py:2941} INFO - Sync 1 DAGs
[2025-03-13T02:27:08.057+0000] {logging_mixin.py:151} INFO - [2025-03-13T02:27:08.057+0000] {dag.py:3722} INFO - Setting next_dagrun for extract_exchange_rates to 2025-03-13T00:00:00+00:00, run_after=2025-03-14T00:00:00+00:00
[2025-03-13T02:27:08.066+0000] {processor.py:179} INFO - Processing /opt/airflow/dags/extract_exchange_rates.py took 0.065 seconds
[2025-03-13T02:27:38.225+0000] {processor.py:157} INFO - Started process (PID=6545) to work on /opt/airflow/dags/extract_exchange_rates.py
[2025-03-13T02:27:38.226+0000] {processor.py:829} INFO - Processing file /opt/airflow/dags/extract_exchange_rates.py for tasks to queue
[2025-03-13T02:27:38.227+0000] {logging_mixin.py:151} INFO - [2025-03-13T02:27:38.226+0000] {dagbag.py:536} INFO - Filling up the DagBag from /opt/airflow/dags/extract_exchange_rates.py
[2025-03-13T02:27:38.236+0000] {processor.py:839} INFO - DAG(s) dict_keys(['extract_exchange_rates']) retrieved from /opt/airflow/dags/extract_exchange_rates.py
[2025-03-13T02:27:38.250+0000] {logging_mixin.py:151} INFO - [2025-03-13T02:27:38.250+0000] {dag.py:2941} INFO - Sync 1 DAGs
[2025-03-13T02:27:38.260+0000] {logging_mixin.py:151} INFO - [2025-03-13T02:27:38.260+0000] {dag.py:3722} INFO - Setting next_dagrun for extract_exchange_rates to 2025-03-13T00:00:00+00:00, run_after=2025-03-14T00:00:00+00:00
[2025-03-13T02:27:38.267+0000] {processor.py:179} INFO - Processing /opt/airflow/dags/extract_exchange_rates.py took 0.044 seconds
[2025-03-13T02:28:08.463+0000] {processor.py:157} INFO - Started process (PID=6550) to work on /opt/airflow/dags/extract_exchange_rates.py
[2025-03-13T02:28:08.464+0000] {processor.py:829} INFO - Processing file /opt/airflow/dags/extract_exchange_rates.py for tasks to queue
[2025-03-13T02:28:08.465+0000] {logging_mixin.py:151} INFO - [2025-03-13T02:28:08.464+0000] {dagbag.py:536} INFO - Filling up the DagBag from /opt/airflow/dags/extract_exchange_rates.py
[2025-03-13T02:28:08.480+0000] {processor.py:839} INFO - DAG(s) dict_keys(['extract_exchange_rates']) retrieved from /opt/airflow/dags/extract_exchange_rates.py
[2025-03-13T02:28:08.493+0000] {logging_mixin.py:151} INFO - [2025-03-13T02:28:08.493+0000] {dag.py:2941} INFO - Sync 1 DAGs
[2025-03-13T02:28:08.503+0000] {logging_mixin.py:151} INFO - [2025-03-13T02:28:08.503+0000] {dag.py:3722} INFO - Setting next_dagrun for extract_exchange_rates to 2025-03-13T00:00:00+00:00, run_after=2025-03-14T00:00:00+00:00
[2025-03-13T02:28:08.510+0000] {processor.py:179} INFO - Processing /opt/airflow/dags/extract_exchange_rates.py took 0.050 seconds
[2025-03-13T02:28:38.712+0000] {processor.py:157} INFO - Started process (PID=6555) to work on /opt/airflow/dags/extract_exchange_rates.py
[2025-03-13T02:28:38.712+0000] {processor.py:829} INFO - Processing file /opt/airflow/dags/extract_exchange_rates.py for tasks to queue
[2025-03-13T02:28:38.713+0000] {logging_mixin.py:151} INFO - [2025-03-13T02:28:38.713+0000] {dagbag.py:536} INFO - Filling up the DagBag from /opt/airflow/dags/extract_exchange_rates.py
[2025-03-13T02:28:38.724+0000] {processor.py:839} INFO - DAG(s) dict_keys(['extract_exchange_rates']) retrieved from /opt/airflow/dags/extract_exchange_rates.py
[2025-03-13T02:28:38.739+0000] {logging_mixin.py:151} INFO - [2025-03-13T02:28:38.739+0000] {dag.py:2941} INFO - Sync 1 DAGs
[2025-03-13T02:28:38.749+0000] {logging_mixin.py:151} INFO - [2025-03-13T02:28:38.749+0000] {dag.py:3722} INFO - Setting next_dagrun for extract_exchange_rates to 2025-03-13T00:00:00+00:00, run_after=2025-03-14T00:00:00+00:00
[2025-03-13T02:28:38.757+0000] {processor.py:179} INFO - Processing /opt/airflow/dags/extract_exchange_rates.py took 0.047 seconds
[2025-03-13T02:29:08.942+0000] {processor.py:157} INFO - Started process (PID=6560) to work on /opt/airflow/dags/extract_exchange_rates.py
[2025-03-13T02:29:08.943+0000] {processor.py:829} INFO - Processing file /opt/airflow/dags/extract_exchange_rates.py for tasks to queue
[2025-03-13T02:29:08.944+0000] {logging_mixin.py:151} INFO - [2025-03-13T02:29:08.944+0000] {dagbag.py:536} INFO - Filling up the DagBag from /opt/airflow/dags/extract_exchange_rates.py
[2025-03-13T02:29:08.955+0000] {processor.py:839} INFO - DAG(s) dict_keys(['extract_exchange_rates']) retrieved from /opt/airflow/dags/extract_exchange_rates.py
[2025-03-13T02:29:08.969+0000] {logging_mixin.py:151} INFO - [2025-03-13T02:29:08.969+0000] {dag.py:2941} INFO - Sync 1 DAGs
[2025-03-13T02:29:08.979+0000] {logging_mixin.py:151} INFO - [2025-03-13T02:29:08.979+0000] {dag.py:3722} INFO - Setting next_dagrun for extract_exchange_rates to 2025-03-13T00:00:00+00:00, run_after=2025-03-14T00:00:00+00:00
[2025-03-13T02:29:08.986+0000] {processor.py:179} INFO - Processing /opt/airflow/dags/extract_exchange_rates.py took 0.047 seconds
[2025-03-13T02:29:39.171+0000] {processor.py:157} INFO - Started process (PID=6565) to work on /opt/airflow/dags/extract_exchange_rates.py
[2025-03-13T02:29:39.173+0000] {processor.py:829} INFO - Processing file /opt/airflow/dags/extract_exchange_rates.py for tasks to queue
[2025-03-13T02:29:39.174+0000] {logging_mixin.py:151} INFO - [2025-03-13T02:29:39.173+0000] {dagbag.py:536} INFO - Filling up the DagBag from /opt/airflow/dags/extract_exchange_rates.py
[2025-03-13T02:29:39.184+0000] {processor.py:839} INFO - DAG(s) dict_keys(['extract_exchange_rates']) retrieved from /opt/airflow/dags/extract_exchange_rates.py
[2025-03-13T02:29:39.197+0000] {logging_mixin.py:151} INFO - [2025-03-13T02:29:39.197+0000] {dag.py:2941} INFO - Sync 1 DAGs
[2025-03-13T02:29:39.208+0000] {logging_mixin.py:151} INFO - [2025-03-13T02:29:39.208+0000] {dag.py:3722} INFO - Setting next_dagrun for extract_exchange_rates to 2025-03-13T00:00:00+00:00, run_after=2025-03-14T00:00:00+00:00
[2025-03-13T02:29:39.215+0000] {processor.py:179} INFO - Processing /opt/airflow/dags/extract_exchange_rates.py took 0.046 seconds
[2025-03-13T02:30:09.416+0000] {processor.py:157} INFO - Started process (PID=6570) to work on /opt/airflow/dags/extract_exchange_rates.py
[2025-03-13T02:30:09.417+0000] {processor.py:829} INFO - Processing file /opt/airflow/dags/extract_exchange_rates.py for tasks to queue
[2025-03-13T02:30:09.417+0000] {logging_mixin.py:151} INFO - [2025-03-13T02:30:09.417+0000] {dagbag.py:536} INFO - Filling up the DagBag from /opt/airflow/dags/extract_exchange_rates.py
[2025-03-13T02:30:09.428+0000] {processor.py:839} INFO - DAG(s) dict_keys(['extract_exchange_rates']) retrieved from /opt/airflow/dags/extract_exchange_rates.py
[2025-03-13T02:30:09.444+0000] {logging_mixin.py:151} INFO - [2025-03-13T02:30:09.444+0000] {dag.py:2941} INFO - Sync 1 DAGs
[2025-03-13T02:30:09.455+0000] {logging_mixin.py:151} INFO - [2025-03-13T02:30:09.455+0000] {dag.py:3722} INFO - Setting next_dagrun for extract_exchange_rates to 2025-03-13T00:00:00+00:00, run_after=2025-03-14T00:00:00+00:00
[2025-03-13T02:30:09.462+0000] {processor.py:179} INFO - Processing /opt/airflow/dags/extract_exchange_rates.py took 0.049 seconds
[2025-03-13T02:30:39.650+0000] {processor.py:157} INFO - Started process (PID=6575) to work on /opt/airflow/dags/extract_exchange_rates.py
[2025-03-13T02:30:39.651+0000] {processor.py:829} INFO - Processing file /opt/airflow/dags/extract_exchange_rates.py for tasks to queue
[2025-03-13T02:30:39.651+0000] {logging_mixin.py:151} INFO - [2025-03-13T02:30:39.651+0000] {dagbag.py:536} INFO - Filling up the DagBag from /opt/airflow/dags/extract_exchange_rates.py
[2025-03-13T02:30:39.658+0000] {processor.py:839} INFO - DAG(s) dict_keys(['extract_exchange_rates']) retrieved from /opt/airflow/dags/extract_exchange_rates.py
[2025-03-13T02:30:39.670+0000] {logging_mixin.py:151} INFO - [2025-03-13T02:30:39.670+0000] {dag.py:2941} INFO - Sync 1 DAGs
[2025-03-13T02:30:39.679+0000] {logging_mixin.py:151} INFO - [2025-03-13T02:30:39.679+0000] {dag.py:3722} INFO - Setting next_dagrun for extract_exchange_rates to 2025-03-13T00:00:00+00:00, run_after=2025-03-14T00:00:00+00:00
[2025-03-13T02:30:39.686+0000] {processor.py:179} INFO - Processing /opt/airflow/dags/extract_exchange_rates.py took 0.038 seconds
[2025-03-13T02:31:09.897+0000] {processor.py:157} INFO - Started process (PID=6580) to work on /opt/airflow/dags/extract_exchange_rates.py
[2025-03-13T02:31:09.898+0000] {processor.py:829} INFO - Processing file /opt/airflow/dags/extract_exchange_rates.py for tasks to queue
[2025-03-13T02:31:09.898+0000] {logging_mixin.py:151} INFO - [2025-03-13T02:31:09.898+0000] {dagbag.py:536} INFO - Filling up the DagBag from /opt/airflow/dags/extract_exchange_rates.py
[2025-03-13T02:31:09.907+0000] {processor.py:839} INFO - DAG(s) dict_keys(['extract_exchange_rates']) retrieved from /opt/airflow/dags/extract_exchange_rates.py
[2025-03-13T02:31:09.920+0000] {logging_mixin.py:151} INFO - [2025-03-13T02:31:09.920+0000] {dag.py:2941} INFO - Sync 1 DAGs
[2025-03-13T02:31:09.931+0000] {logging_mixin.py:151} INFO - [2025-03-13T02:31:09.931+0000] {dag.py:3722} INFO - Setting next_dagrun for extract_exchange_rates to 2025-03-13T00:00:00+00:00, run_after=2025-03-14T00:00:00+00:00
[2025-03-13T02:31:09.939+0000] {processor.py:179} INFO - Processing /opt/airflow/dags/extract_exchange_rates.py took 0.044 seconds
[2025-03-13T02:31:40.107+0000] {processor.py:157} INFO - Started process (PID=6585) to work on /opt/airflow/dags/extract_exchange_rates.py
[2025-03-13T02:31:40.107+0000] {processor.py:829} INFO - Processing file /opt/airflow/dags/extract_exchange_rates.py for tasks to queue
[2025-03-13T02:31:40.108+0000] {logging_mixin.py:151} INFO - [2025-03-13T02:31:40.108+0000] {dagbag.py:536} INFO - Filling up the DagBag from /opt/airflow/dags/extract_exchange_rates.py
[2025-03-13T02:31:40.116+0000] {processor.py:839} INFO - DAG(s) dict_keys(['extract_exchange_rates']) retrieved from /opt/airflow/dags/extract_exchange_rates.py
[2025-03-13T02:31:40.129+0000] {logging_mixin.py:151} INFO - [2025-03-13T02:31:40.129+0000] {dag.py:2941} INFO - Sync 1 DAGs
[2025-03-13T02:31:40.138+0000] {logging_mixin.py:151} INFO - [2025-03-13T02:31:40.138+0000] {dag.py:3722} INFO - Setting next_dagrun for extract_exchange_rates to 2025-03-13T00:00:00+00:00, run_after=2025-03-14T00:00:00+00:00
[2025-03-13T02:31:40.145+0000] {processor.py:179} INFO - Processing /opt/airflow/dags/extract_exchange_rates.py took 0.040 seconds
[2025-03-13T02:32:10.323+0000] {processor.py:157} INFO - Started process (PID=6590) to work on /opt/airflow/dags/extract_exchange_rates.py
[2025-03-13T02:32:10.323+0000] {processor.py:829} INFO - Processing file /opt/airflow/dags/extract_exchange_rates.py for tasks to queue
[2025-03-13T02:32:10.324+0000] {logging_mixin.py:151} INFO - [2025-03-13T02:32:10.324+0000] {dagbag.py:536} INFO - Filling up the DagBag from /opt/airflow/dags/extract_exchange_rates.py
[2025-03-13T02:32:10.334+0000] {processor.py:839} INFO - DAG(s) dict_keys(['extract_exchange_rates']) retrieved from /opt/airflow/dags/extract_exchange_rates.py
[2025-03-13T02:32:10.348+0000] {logging_mixin.py:151} INFO - [2025-03-13T02:32:10.348+0000] {dag.py:2941} INFO - Sync 1 DAGs
[2025-03-13T02:32:10.358+0000] {logging_mixin.py:151} INFO - [2025-03-13T02:32:10.358+0000] {dag.py:3722} INFO - Setting next_dagrun for extract_exchange_rates to 2025-03-13T00:00:00+00:00, run_after=2025-03-14T00:00:00+00:00
[2025-03-13T02:32:10.367+0000] {processor.py:179} INFO - Processing /opt/airflow/dags/extract_exchange_rates.py took 0.046 seconds
[2025-03-13T02:32:40.533+0000] {processor.py:157} INFO - Started process (PID=6595) to work on /opt/airflow/dags/extract_exchange_rates.py
[2025-03-13T02:32:40.534+0000] {processor.py:829} INFO - Processing file /opt/airflow/dags/extract_exchange_rates.py for tasks to queue
[2025-03-13T02:32:40.534+0000] {logging_mixin.py:151} INFO - [2025-03-13T02:32:40.534+0000] {dagbag.py:536} INFO - Filling up the DagBag from /opt/airflow/dags/extract_exchange_rates.py
[2025-03-13T02:32:40.541+0000] {processor.py:839} INFO - DAG(s) dict_keys(['extract_exchange_rates']) retrieved from /opt/airflow/dags/extract_exchange_rates.py
[2025-03-13T02:32:40.555+0000] {logging_mixin.py:151} INFO - [2025-03-13T02:32:40.555+0000] {dag.py:2941} INFO - Sync 1 DAGs
[2025-03-13T02:32:40.566+0000] {logging_mixin.py:151} INFO - [2025-03-13T02:32:40.566+0000] {dag.py:3722} INFO - Setting next_dagrun for extract_exchange_rates to 2025-03-13T00:00:00+00:00, run_after=2025-03-14T00:00:00+00:00
[2025-03-13T02:32:40.574+0000] {processor.py:179} INFO - Processing /opt/airflow/dags/extract_exchange_rates.py took 0.042 seconds
[2025-03-13T02:33:10.788+0000] {processor.py:157} INFO - Started process (PID=6600) to work on /opt/airflow/dags/extract_exchange_rates.py
[2025-03-13T02:33:10.789+0000] {processor.py:829} INFO - Processing file /opt/airflow/dags/extract_exchange_rates.py for tasks to queue
[2025-03-13T02:33:10.790+0000] {logging_mixin.py:151} INFO - [2025-03-13T02:33:10.789+0000] {dagbag.py:536} INFO - Filling up the DagBag from /opt/airflow/dags/extract_exchange_rates.py
[2025-03-13T02:33:10.802+0000] {processor.py:839} INFO - DAG(s) dict_keys(['extract_exchange_rates']) retrieved from /opt/airflow/dags/extract_exchange_rates.py
[2025-03-13T02:33:10.818+0000] {logging_mixin.py:151} INFO - [2025-03-13T02:33:10.818+0000] {dag.py:2941} INFO - Sync 1 DAGs
[2025-03-13T02:33:10.828+0000] {logging_mixin.py:151} INFO - [2025-03-13T02:33:10.828+0000] {dag.py:3722} INFO - Setting next_dagrun for extract_exchange_rates to 2025-03-13T00:00:00+00:00, run_after=2025-03-14T00:00:00+00:00
[2025-03-13T02:33:10.838+0000] {processor.py:179} INFO - Processing /opt/airflow/dags/extract_exchange_rates.py took 0.053 seconds
[2025-03-13T02:33:41.043+0000] {processor.py:157} INFO - Started process (PID=6605) to work on /opt/airflow/dags/extract_exchange_rates.py
[2025-03-13T02:33:41.044+0000] {processor.py:829} INFO - Processing file /opt/airflow/dags/extract_exchange_rates.py for tasks to queue
[2025-03-13T02:33:41.044+0000] {logging_mixin.py:151} INFO - [2025-03-13T02:33:41.044+0000] {dagbag.py:536} INFO - Filling up the DagBag from /opt/airflow/dags/extract_exchange_rates.py
[2025-03-13T02:33:41.055+0000] {processor.py:839} INFO - DAG(s) dict_keys(['extract_exchange_rates']) retrieved from /opt/airflow/dags/extract_exchange_rates.py
[2025-03-13T02:33:41.068+0000] {logging_mixin.py:151} INFO - [2025-03-13T02:33:41.068+0000] {dag.py:2941} INFO - Sync 1 DAGs
[2025-03-13T02:33:41.078+0000] {logging_mixin.py:151} INFO - [2025-03-13T02:33:41.078+0000] {dag.py:3722} INFO - Setting next_dagrun for extract_exchange_rates to 2025-03-13T00:00:00+00:00, run_after=2025-03-14T00:00:00+00:00
[2025-03-13T02:33:41.085+0000] {processor.py:179} INFO - Processing /opt/airflow/dags/extract_exchange_rates.py took 0.045 seconds
[2025-03-13T02:34:11.255+0000] {processor.py:157} INFO - Started process (PID=6610) to work on /opt/airflow/dags/extract_exchange_rates.py
[2025-03-13T02:34:11.256+0000] {processor.py:829} INFO - Processing file /opt/airflow/dags/extract_exchange_rates.py for tasks to queue
[2025-03-13T02:34:11.257+0000] {logging_mixin.py:151} INFO - [2025-03-13T02:34:11.256+0000] {dagbag.py:536} INFO - Filling up the DagBag from /opt/airflow/dags/extract_exchange_rates.py
[2025-03-13T02:34:11.266+0000] {processor.py:839} INFO - DAG(s) dict_keys(['extract_exchange_rates']) retrieved from /opt/airflow/dags/extract_exchange_rates.py
[2025-03-13T02:34:11.280+0000] {logging_mixin.py:151} INFO - [2025-03-13T02:34:11.279+0000] {dag.py:2941} INFO - Sync 1 DAGs
[2025-03-13T02:34:11.289+0000] {logging_mixin.py:151} INFO - [2025-03-13T02:34:11.289+0000] {dag.py:3722} INFO - Setting next_dagrun for extract_exchange_rates to 2025-03-13T00:00:00+00:00, run_after=2025-03-14T00:00:00+00:00
[2025-03-13T02:34:11.297+0000] {processor.py:179} INFO - Processing /opt/airflow/dags/extract_exchange_rates.py took 0.044 seconds
[2025-03-13T02:34:41.485+0000] {processor.py:157} INFO - Started process (PID=6615) to work on /opt/airflow/dags/extract_exchange_rates.py
[2025-03-13T02:34:41.486+0000] {processor.py:829} INFO - Processing file /opt/airflow/dags/extract_exchange_rates.py for tasks to queue
[2025-03-13T02:34:41.486+0000] {logging_mixin.py:151} INFO - [2025-03-13T02:34:41.486+0000] {dagbag.py:536} INFO - Filling up the DagBag from /opt/airflow/dags/extract_exchange_rates.py
[2025-03-13T02:34:41.497+0000] {processor.py:839} INFO - DAG(s) dict_keys(['extract_exchange_rates']) retrieved from /opt/airflow/dags/extract_exchange_rates.py
[2025-03-13T02:34:41.511+0000] {logging_mixin.py:151} INFO - [2025-03-13T02:34:41.511+0000] {dag.py:2941} INFO - Sync 1 DAGs
[2025-03-13T02:34:41.521+0000] {logging_mixin.py:151} INFO - [2025-03-13T02:34:41.521+0000] {dag.py:3722} INFO - Setting next_dagrun for extract_exchange_rates to 2025-03-13T00:00:00+00:00, run_after=2025-03-14T00:00:00+00:00
[2025-03-13T02:34:41.528+0000] {processor.py:179} INFO - Processing /opt/airflow/dags/extract_exchange_rates.py took 0.044 seconds
[2025-03-13T02:35:11.741+0000] {processor.py:157} INFO - Started process (PID=6620) to work on /opt/airflow/dags/extract_exchange_rates.py
[2025-03-13T02:35:11.742+0000] {processor.py:829} INFO - Processing file /opt/airflow/dags/extract_exchange_rates.py for tasks to queue
[2025-03-13T02:35:11.742+0000] {logging_mixin.py:151} INFO - [2025-03-13T02:35:11.742+0000] {dagbag.py:536} INFO - Filling up the DagBag from /opt/airflow/dags/extract_exchange_rates.py
[2025-03-13T02:35:11.752+0000] {processor.py:839} INFO - DAG(s) dict_keys(['extract_exchange_rates']) retrieved from /opt/airflow/dags/extract_exchange_rates.py
[2025-03-13T02:35:11.766+0000] {logging_mixin.py:151} INFO - [2025-03-13T02:35:11.766+0000] {dag.py:2941} INFO - Sync 1 DAGs
[2025-03-13T02:35:11.777+0000] {logging_mixin.py:151} INFO - [2025-03-13T02:35:11.776+0000] {dag.py:3722} INFO - Setting next_dagrun for extract_exchange_rates to 2025-03-13T00:00:00+00:00, run_after=2025-03-14T00:00:00+00:00
[2025-03-13T02:35:11.784+0000] {processor.py:179} INFO - Processing /opt/airflow/dags/extract_exchange_rates.py took 0.046 seconds
[2025-03-13T02:35:41.979+0000] {processor.py:157} INFO - Started process (PID=6625) to work on /opt/airflow/dags/extract_exchange_rates.py
[2025-03-13T02:35:41.980+0000] {processor.py:829} INFO - Processing file /opt/airflow/dags/extract_exchange_rates.py for tasks to queue
[2025-03-13T02:35:41.981+0000] {logging_mixin.py:151} INFO - [2025-03-13T02:35:41.981+0000] {dagbag.py:536} INFO - Filling up the DagBag from /opt/airflow/dags/extract_exchange_rates.py
[2025-03-13T02:35:41.992+0000] {processor.py:839} INFO - DAG(s) dict_keys(['extract_exchange_rates']) retrieved from /opt/airflow/dags/extract_exchange_rates.py
[2025-03-13T02:35:42.006+0000] {logging_mixin.py:151} INFO - [2025-03-13T02:35:42.006+0000] {dag.py:2941} INFO - Sync 1 DAGs
[2025-03-13T02:35:42.016+0000] {logging_mixin.py:151} INFO - [2025-03-13T02:35:42.016+0000] {dag.py:3722} INFO - Setting next_dagrun for extract_exchange_rates to 2025-03-13T00:00:00+00:00, run_after=2025-03-14T00:00:00+00:00
[2025-03-13T02:35:42.024+0000] {processor.py:179} INFO - Processing /opt/airflow/dags/extract_exchange_rates.py took 0.047 seconds
[2025-03-13T02:36:12.212+0000] {processor.py:157} INFO - Started process (PID=6630) to work on /opt/airflow/dags/extract_exchange_rates.py
[2025-03-13T02:36:12.213+0000] {processor.py:829} INFO - Processing file /opt/airflow/dags/extract_exchange_rates.py for tasks to queue
[2025-03-13T02:36:12.213+0000] {logging_mixin.py:151} INFO - [2025-03-13T02:36:12.213+0000] {dagbag.py:536} INFO - Filling up the DagBag from /opt/airflow/dags/extract_exchange_rates.py
[2025-03-13T02:36:12.223+0000] {processor.py:839} INFO - DAG(s) dict_keys(['extract_exchange_rates']) retrieved from /opt/airflow/dags/extract_exchange_rates.py
[2025-03-13T02:36:12.236+0000] {logging_mixin.py:151} INFO - [2025-03-13T02:36:12.236+0000] {dag.py:2941} INFO - Sync 1 DAGs
[2025-03-13T02:36:12.246+0000] {logging_mixin.py:151} INFO - [2025-03-13T02:36:12.246+0000] {dag.py:3722} INFO - Setting next_dagrun for extract_exchange_rates to 2025-03-13T00:00:00+00:00, run_after=2025-03-14T00:00:00+00:00
[2025-03-13T02:36:12.253+0000] {processor.py:179} INFO - Processing /opt/airflow/dags/extract_exchange_rates.py took 0.043 seconds
[2025-03-13T02:36:42.438+0000] {processor.py:157} INFO - Started process (PID=6635) to work on /opt/airflow/dags/extract_exchange_rates.py
[2025-03-13T02:36:42.439+0000] {processor.py:829} INFO - Processing file /opt/airflow/dags/extract_exchange_rates.py for tasks to queue
[2025-03-13T02:36:42.439+0000] {logging_mixin.py:151} INFO - [2025-03-13T02:36:42.439+0000] {dagbag.py:536} INFO - Filling up the DagBag from /opt/airflow/dags/extract_exchange_rates.py
[2025-03-13T02:36:42.449+0000] {processor.py:839} INFO - DAG(s) dict_keys(['extract_exchange_rates']) retrieved from /opt/airflow/dags/extract_exchange_rates.py
[2025-03-13T02:36:42.462+0000] {logging_mixin.py:151} INFO - [2025-03-13T02:36:42.462+0000] {dag.py:2941} INFO - Sync 1 DAGs
[2025-03-13T02:36:42.472+0000] {logging_mixin.py:151} INFO - [2025-03-13T02:36:42.472+0000] {dag.py:3722} INFO - Setting next_dagrun for extract_exchange_rates to 2025-03-13T00:00:00+00:00, run_after=2025-03-14T00:00:00+00:00
[2025-03-13T02:36:42.480+0000] {processor.py:179} INFO - Processing /opt/airflow/dags/extract_exchange_rates.py took 0.044 seconds
[2025-03-13T02:37:12.680+0000] {processor.py:157} INFO - Started process (PID=6640) to work on /opt/airflow/dags/extract_exchange_rates.py
[2025-03-13T02:37:12.681+0000] {processor.py:829} INFO - Processing file /opt/airflow/dags/extract_exchange_rates.py for tasks to queue
[2025-03-13T02:37:12.681+0000] {logging_mixin.py:151} INFO - [2025-03-13T02:37:12.681+0000] {dagbag.py:536} INFO - Filling up the DagBag from /opt/airflow/dags/extract_exchange_rates.py
[2025-03-13T02:37:12.692+0000] {processor.py:839} INFO - DAG(s) dict_keys(['extract_exchange_rates']) retrieved from /opt/airflow/dags/extract_exchange_rates.py
[2025-03-13T02:37:12.707+0000] {logging_mixin.py:151} INFO - [2025-03-13T02:37:12.707+0000] {dag.py:2941} INFO - Sync 1 DAGs
[2025-03-13T02:37:12.716+0000] {logging_mixin.py:151} INFO - [2025-03-13T02:37:12.716+0000] {dag.py:3722} INFO - Setting next_dagrun for extract_exchange_rates to 2025-03-13T00:00:00+00:00, run_after=2025-03-14T00:00:00+00:00
[2025-03-13T02:37:12.724+0000] {processor.py:179} INFO - Processing /opt/airflow/dags/extract_exchange_rates.py took 0.047 seconds
[2025-03-13T02:37:42.920+0000] {processor.py:157} INFO - Started process (PID=6645) to work on /opt/airflow/dags/extract_exchange_rates.py
[2025-03-13T02:37:42.921+0000] {processor.py:829} INFO - Processing file /opt/airflow/dags/extract_exchange_rates.py for tasks to queue
[2025-03-13T02:37:42.922+0000] {logging_mixin.py:151} INFO - [2025-03-13T02:37:42.921+0000] {dagbag.py:536} INFO - Filling up the DagBag from /opt/airflow/dags/extract_exchange_rates.py
[2025-03-13T02:37:42.932+0000] {processor.py:839} INFO - DAG(s) dict_keys(['extract_exchange_rates']) retrieved from /opt/airflow/dags/extract_exchange_rates.py
[2025-03-13T02:37:42.947+0000] {logging_mixin.py:151} INFO - [2025-03-13T02:37:42.947+0000] {dag.py:2941} INFO - Sync 1 DAGs
[2025-03-13T02:37:42.956+0000] {logging_mixin.py:151} INFO - [2025-03-13T02:37:42.956+0000] {dag.py:3722} INFO - Setting next_dagrun for extract_exchange_rates to 2025-03-13T00:00:00+00:00, run_after=2025-03-14T00:00:00+00:00
[2025-03-13T02:37:42.963+0000] {processor.py:179} INFO - Processing /opt/airflow/dags/extract_exchange_rates.py took 0.046 seconds
[2025-03-13T02:38:13.176+0000] {processor.py:157} INFO - Started process (PID=6650) to work on /opt/airflow/dags/extract_exchange_rates.py
[2025-03-13T02:38:13.177+0000] {processor.py:829} INFO - Processing file /opt/airflow/dags/extract_exchange_rates.py for tasks to queue
[2025-03-13T02:38:13.177+0000] {logging_mixin.py:151} INFO - [2025-03-13T02:38:13.177+0000] {dagbag.py:536} INFO - Filling up the DagBag from /opt/airflow/dags/extract_exchange_rates.py
[2025-03-13T02:38:13.190+0000] {processor.py:839} INFO - DAG(s) dict_keys(['extract_exchange_rates']) retrieved from /opt/airflow/dags/extract_exchange_rates.py
[2025-03-13T02:38:13.204+0000] {logging_mixin.py:151} INFO - [2025-03-13T02:38:13.204+0000] {dag.py:2941} INFO - Sync 1 DAGs
[2025-03-13T02:38:13.214+0000] {logging_mixin.py:151} INFO - [2025-03-13T02:38:13.214+0000] {dag.py:3722} INFO - Setting next_dagrun for extract_exchange_rates to 2025-03-13T00:00:00+00:00, run_after=2025-03-14T00:00:00+00:00
[2025-03-13T02:38:13.220+0000] {processor.py:179} INFO - Processing /opt/airflow/dags/extract_exchange_rates.py took 0.047 seconds
[2025-03-13T02:38:43.394+0000] {processor.py:157} INFO - Started process (PID=6655) to work on /opt/airflow/dags/extract_exchange_rates.py
[2025-03-13T02:38:43.395+0000] {processor.py:829} INFO - Processing file /opt/airflow/dags/extract_exchange_rates.py for tasks to queue
[2025-03-13T02:38:43.396+0000] {logging_mixin.py:151} INFO - [2025-03-13T02:38:43.396+0000] {dagbag.py:536} INFO - Filling up the DagBag from /opt/airflow/dags/extract_exchange_rates.py
[2025-03-13T02:38:43.406+0000] {processor.py:839} INFO - DAG(s) dict_keys(['extract_exchange_rates']) retrieved from /opt/airflow/dags/extract_exchange_rates.py
[2025-03-13T02:38:43.420+0000] {logging_mixin.py:151} INFO - [2025-03-13T02:38:43.419+0000] {dag.py:2941} INFO - Sync 1 DAGs
[2025-03-13T02:38:43.430+0000] {logging_mixin.py:151} INFO - [2025-03-13T02:38:43.430+0000] {dag.py:3722} INFO - Setting next_dagrun for extract_exchange_rates to 2025-03-13T00:00:00+00:00, run_after=2025-03-14T00:00:00+00:00
[2025-03-13T02:38:43.438+0000] {processor.py:179} INFO - Processing /opt/airflow/dags/extract_exchange_rates.py took 0.046 seconds
[2025-03-13T02:39:13.658+0000] {processor.py:157} INFO - Started process (PID=6660) to work on /opt/airflow/dags/extract_exchange_rates.py
[2025-03-13T02:39:13.659+0000] {processor.py:829} INFO - Processing file /opt/airflow/dags/extract_exchange_rates.py for tasks to queue
[2025-03-13T02:39:13.659+0000] {logging_mixin.py:151} INFO - [2025-03-13T02:39:13.659+0000] {dagbag.py:536} INFO - Filling up the DagBag from /opt/airflow/dags/extract_exchange_rates.py
[2025-03-13T02:39:13.670+0000] {processor.py:839} INFO - DAG(s) dict_keys(['extract_exchange_rates']) retrieved from /opt/airflow/dags/extract_exchange_rates.py
[2025-03-13T02:39:13.684+0000] {logging_mixin.py:151} INFO - [2025-03-13T02:39:13.684+0000] {dag.py:2941} INFO - Sync 1 DAGs
[2025-03-13T02:39:13.694+0000] {logging_mixin.py:151} INFO - [2025-03-13T02:39:13.694+0000] {dag.py:3722} INFO - Setting next_dagrun for extract_exchange_rates to 2025-03-13T00:00:00+00:00, run_after=2025-03-14T00:00:00+00:00
[2025-03-13T02:39:13.701+0000] {processor.py:179} INFO - Processing /opt/airflow/dags/extract_exchange_rates.py took 0.047 seconds
[2025-03-13T02:39:43.896+0000] {processor.py:157} INFO - Started process (PID=6665) to work on /opt/airflow/dags/extract_exchange_rates.py
[2025-03-13T02:39:43.896+0000] {processor.py:829} INFO - Processing file /opt/airflow/dags/extract_exchange_rates.py for tasks to queue
[2025-03-13T02:39:43.897+0000] {logging_mixin.py:151} INFO - [2025-03-13T02:39:43.897+0000] {dagbag.py:536} INFO - Filling up the DagBag from /opt/airflow/dags/extract_exchange_rates.py
[2025-03-13T02:39:43.908+0000] {processor.py:839} INFO - DAG(s) dict_keys(['extract_exchange_rates']) retrieved from /opt/airflow/dags/extract_exchange_rates.py
[2025-03-13T02:39:43.922+0000] {logging_mixin.py:151} INFO - [2025-03-13T02:39:43.922+0000] {dag.py:2941} INFO - Sync 1 DAGs
[2025-03-13T02:39:43.932+0000] {logging_mixin.py:151} INFO - [2025-03-13T02:39:43.931+0000] {dag.py:3722} INFO - Setting next_dagrun for extract_exchange_rates to 2025-03-13T00:00:00+00:00, run_after=2025-03-14T00:00:00+00:00
[2025-03-13T02:39:43.939+0000] {processor.py:179} INFO - Processing /opt/airflow/dags/extract_exchange_rates.py took 0.046 seconds
[2025-03-13T02:40:14.118+0000] {processor.py:157} INFO - Started process (PID=6670) to work on /opt/airflow/dags/extract_exchange_rates.py
[2025-03-13T02:40:14.119+0000] {processor.py:829} INFO - Processing file /opt/airflow/dags/extract_exchange_rates.py for tasks to queue
[2025-03-13T02:40:14.119+0000] {logging_mixin.py:151} INFO - [2025-03-13T02:40:14.119+0000] {dagbag.py:536} INFO - Filling up the DagBag from /opt/airflow/dags/extract_exchange_rates.py
[2025-03-13T02:40:14.130+0000] {processor.py:839} INFO - DAG(s) dict_keys(['extract_exchange_rates']) retrieved from /opt/airflow/dags/extract_exchange_rates.py
[2025-03-13T02:40:14.142+0000] {logging_mixin.py:151} INFO - [2025-03-13T02:40:14.142+0000] {dag.py:2941} INFO - Sync 1 DAGs
[2025-03-13T02:40:14.152+0000] {logging_mixin.py:151} INFO - [2025-03-13T02:40:14.152+0000] {dag.py:3722} INFO - Setting next_dagrun for extract_exchange_rates to 2025-03-13T00:00:00+00:00, run_after=2025-03-14T00:00:00+00:00
[2025-03-13T02:40:14.160+0000] {processor.py:179} INFO - Processing /opt/airflow/dags/extract_exchange_rates.py took 0.044 seconds
[2025-03-13T02:40:44.339+0000] {processor.py:157} INFO - Started process (PID=6675) to work on /opt/airflow/dags/extract_exchange_rates.py
[2025-03-13T02:40:44.340+0000] {processor.py:829} INFO - Processing file /opt/airflow/dags/extract_exchange_rates.py for tasks to queue
[2025-03-13T02:40:44.341+0000] {logging_mixin.py:151} INFO - [2025-03-13T02:40:44.341+0000] {dagbag.py:536} INFO - Filling up the DagBag from /opt/airflow/dags/extract_exchange_rates.py
[2025-03-13T02:40:44.351+0000] {processor.py:839} INFO - DAG(s) dict_keys(['extract_exchange_rates']) retrieved from /opt/airflow/dags/extract_exchange_rates.py
[2025-03-13T02:40:44.365+0000] {logging_mixin.py:151} INFO - [2025-03-13T02:40:44.364+0000] {dag.py:2941} INFO - Sync 1 DAGs
[2025-03-13T02:40:44.374+0000] {logging_mixin.py:151} INFO - [2025-03-13T02:40:44.374+0000] {dag.py:3722} INFO - Setting next_dagrun for extract_exchange_rates to 2025-03-13T00:00:00+00:00, run_after=2025-03-14T00:00:00+00:00
[2025-03-13T02:40:44.382+0000] {processor.py:179} INFO - Processing /opt/airflow/dags/extract_exchange_rates.py took 0.045 seconds
[2025-03-13T02:41:14.621+0000] {processor.py:157} INFO - Started process (PID=6680) to work on /opt/airflow/dags/extract_exchange_rates.py
[2025-03-13T02:41:14.621+0000] {processor.py:829} INFO - Processing file /opt/airflow/dags/extract_exchange_rates.py for tasks to queue
[2025-03-13T02:41:14.622+0000] {logging_mixin.py:151} INFO - [2025-03-13T02:41:14.622+0000] {dagbag.py:536} INFO - Filling up the DagBag from /opt/airflow/dags/extract_exchange_rates.py
[2025-03-13T02:41:14.633+0000] {processor.py:839} INFO - DAG(s) dict_keys(['extract_exchange_rates']) retrieved from /opt/airflow/dags/extract_exchange_rates.py
[2025-03-13T02:41:14.646+0000] {logging_mixin.py:151} INFO - [2025-03-13T02:41:14.646+0000] {dag.py:2941} INFO - Sync 1 DAGs
[2025-03-13T02:41:14.656+0000] {logging_mixin.py:151} INFO - [2025-03-13T02:41:14.656+0000] {dag.py:3722} INFO - Setting next_dagrun for extract_exchange_rates to 2025-03-13T00:00:00+00:00, run_after=2025-03-14T00:00:00+00:00
[2025-03-13T02:41:14.664+0000] {processor.py:179} INFO - Processing /opt/airflow/dags/extract_exchange_rates.py took 0.045 seconds
[2025-03-13T02:41:44.886+0000] {processor.py:157} INFO - Started process (PID=6685) to work on /opt/airflow/dags/extract_exchange_rates.py
[2025-03-13T02:41:44.887+0000] {processor.py:829} INFO - Processing file /opt/airflow/dags/extract_exchange_rates.py for tasks to queue
[2025-03-13T02:41:44.888+0000] {logging_mixin.py:151} INFO - [2025-03-13T02:41:44.888+0000] {dagbag.py:536} INFO - Filling up the DagBag from /opt/airflow/dags/extract_exchange_rates.py
[2025-03-13T02:41:44.898+0000] {processor.py:839} INFO - DAG(s) dict_keys(['extract_exchange_rates']) retrieved from /opt/airflow/dags/extract_exchange_rates.py
[2025-03-13T02:41:44.911+0000] {logging_mixin.py:151} INFO - [2025-03-13T02:41:44.911+0000] {dag.py:2941} INFO - Sync 1 DAGs
[2025-03-13T02:41:44.921+0000] {logging_mixin.py:151} INFO - [2025-03-13T02:41:44.921+0000] {dag.py:3722} INFO - Setting next_dagrun for extract_exchange_rates to 2025-03-13T00:00:00+00:00, run_after=2025-03-14T00:00:00+00:00
[2025-03-13T02:41:44.928+0000] {processor.py:179} INFO - Processing /opt/airflow/dags/extract_exchange_rates.py took 0.045 seconds
[2025-03-13T02:42:15.146+0000] {processor.py:157} INFO - Started process (PID=6690) to work on /opt/airflow/dags/extract_exchange_rates.py
[2025-03-13T02:42:15.146+0000] {processor.py:829} INFO - Processing file /opt/airflow/dags/extract_exchange_rates.py for tasks to queue
[2025-03-13T02:42:15.147+0000] {logging_mixin.py:151} INFO - [2025-03-13T02:42:15.147+0000] {dagbag.py:536} INFO - Filling up the DagBag from /opt/airflow/dags/extract_exchange_rates.py
[2025-03-13T02:42:15.157+0000] {processor.py:839} INFO - DAG(s) dict_keys(['extract_exchange_rates']) retrieved from /opt/airflow/dags/extract_exchange_rates.py
[2025-03-13T02:42:15.170+0000] {logging_mixin.py:151} INFO - [2025-03-13T02:42:15.170+0000] {dag.py:2941} INFO - Sync 1 DAGs
[2025-03-13T02:42:15.180+0000] {logging_mixin.py:151} INFO - [2025-03-13T02:42:15.180+0000] {dag.py:3722} INFO - Setting next_dagrun for extract_exchange_rates to 2025-03-13T00:00:00+00:00, run_after=2025-03-14T00:00:00+00:00
[2025-03-13T02:42:15.188+0000] {processor.py:179} INFO - Processing /opt/airflow/dags/extract_exchange_rates.py took 0.044 seconds
[2025-03-13T02:42:45.418+0000] {processor.py:157} INFO - Started process (PID=6695) to work on /opt/airflow/dags/extract_exchange_rates.py
[2025-03-13T02:42:45.419+0000] {processor.py:829} INFO - Processing file /opt/airflow/dags/extract_exchange_rates.py for tasks to queue
[2025-03-13T02:42:45.420+0000] {logging_mixin.py:151} INFO - [2025-03-13T02:42:45.419+0000] {dagbag.py:536} INFO - Filling up the DagBag from /opt/airflow/dags/extract_exchange_rates.py
[2025-03-13T02:42:45.431+0000] {processor.py:839} INFO - DAG(s) dict_keys(['extract_exchange_rates']) retrieved from /opt/airflow/dags/extract_exchange_rates.py
[2025-03-13T02:42:45.444+0000] {logging_mixin.py:151} INFO - [2025-03-13T02:42:45.444+0000] {dag.py:2941} INFO - Sync 1 DAGs
[2025-03-13T02:42:45.453+0000] {logging_mixin.py:151} INFO - [2025-03-13T02:42:45.453+0000] {dag.py:3722} INFO - Setting next_dagrun for extract_exchange_rates to 2025-03-13T00:00:00+00:00, run_after=2025-03-14T00:00:00+00:00
[2025-03-13T02:42:45.460+0000] {processor.py:179} INFO - Processing /opt/airflow/dags/extract_exchange_rates.py took 0.045 seconds
[2025-03-13T02:43:15.668+0000] {processor.py:157} INFO - Started process (PID=6700) to work on /opt/airflow/dags/extract_exchange_rates.py
[2025-03-13T02:43:15.669+0000] {processor.py:829} INFO - Processing file /opt/airflow/dags/extract_exchange_rates.py for tasks to queue
[2025-03-13T02:43:15.670+0000] {logging_mixin.py:151} INFO - [2025-03-13T02:43:15.669+0000] {dagbag.py:536} INFO - Filling up the DagBag from /opt/airflow/dags/extract_exchange_rates.py
[2025-03-13T02:43:15.681+0000] {processor.py:839} INFO - DAG(s) dict_keys(['extract_exchange_rates']) retrieved from /opt/airflow/dags/extract_exchange_rates.py
[2025-03-13T02:43:15.697+0000] {logging_mixin.py:151} INFO - [2025-03-13T02:43:15.697+0000] {dag.py:2941} INFO - Sync 1 DAGs
[2025-03-13T02:43:15.706+0000] {logging_mixin.py:151} INFO - [2025-03-13T02:43:15.706+0000] {dag.py:3722} INFO - Setting next_dagrun for extract_exchange_rates to 2025-03-13T00:00:00+00:00, run_after=2025-03-14T00:00:00+00:00
[2025-03-13T02:43:15.714+0000] {processor.py:179} INFO - Processing /opt/airflow/dags/extract_exchange_rates.py took 0.048 seconds
[2025-03-13T02:43:45.930+0000] {processor.py:157} INFO - Started process (PID=6705) to work on /opt/airflow/dags/extract_exchange_rates.py
[2025-03-13T02:43:45.931+0000] {processor.py:829} INFO - Processing file /opt/airflow/dags/extract_exchange_rates.py for tasks to queue
[2025-03-13T02:43:45.932+0000] {logging_mixin.py:151} INFO - [2025-03-13T02:43:45.932+0000] {dagbag.py:536} INFO - Filling up the DagBag from /opt/airflow/dags/extract_exchange_rates.py
[2025-03-13T02:43:45.942+0000] {processor.py:839} INFO - DAG(s) dict_keys(['extract_exchange_rates']) retrieved from /opt/airflow/dags/extract_exchange_rates.py
[2025-03-13T02:43:45.955+0000] {logging_mixin.py:151} INFO - [2025-03-13T02:43:45.955+0000] {dag.py:2941} INFO - Sync 1 DAGs
[2025-03-13T02:43:45.964+0000] {logging_mixin.py:151} INFO - [2025-03-13T02:43:45.964+0000] {dag.py:3722} INFO - Setting next_dagrun for extract_exchange_rates to 2025-03-13T00:00:00+00:00, run_after=2025-03-14T00:00:00+00:00
[2025-03-13T02:43:45.972+0000] {processor.py:179} INFO - Processing /opt/airflow/dags/extract_exchange_rates.py took 0.044 seconds
[2025-03-13T02:44:16.194+0000] {processor.py:157} INFO - Started process (PID=6710) to work on /opt/airflow/dags/extract_exchange_rates.py
[2025-03-13T02:44:16.195+0000] {processor.py:829} INFO - Processing file /opt/airflow/dags/extract_exchange_rates.py for tasks to queue
[2025-03-13T02:44:16.195+0000] {logging_mixin.py:151} INFO - [2025-03-13T02:44:16.195+0000] {dagbag.py:536} INFO - Filling up the DagBag from /opt/airflow/dags/extract_exchange_rates.py
[2025-03-13T02:44:16.206+0000] {processor.py:839} INFO - DAG(s) dict_keys(['extract_exchange_rates']) retrieved from /opt/airflow/dags/extract_exchange_rates.py
[2025-03-13T02:44:16.219+0000] {logging_mixin.py:151} INFO - [2025-03-13T02:44:16.219+0000] {dag.py:2941} INFO - Sync 1 DAGs
[2025-03-13T02:44:16.229+0000] {logging_mixin.py:151} INFO - [2025-03-13T02:44:16.229+0000] {dag.py:3722} INFO - Setting next_dagrun for extract_exchange_rates to 2025-03-13T00:00:00+00:00, run_after=2025-03-14T00:00:00+00:00
[2025-03-13T02:44:16.237+0000] {processor.py:179} INFO - Processing /opt/airflow/dags/extract_exchange_rates.py took 0.046 seconds
[2025-03-13T02:44:46.445+0000] {processor.py:157} INFO - Started process (PID=6715) to work on /opt/airflow/dags/extract_exchange_rates.py
[2025-03-13T02:44:46.446+0000] {processor.py:829} INFO - Processing file /opt/airflow/dags/extract_exchange_rates.py for tasks to queue
[2025-03-13T02:44:46.447+0000] {logging_mixin.py:151} INFO - [2025-03-13T02:44:46.447+0000] {dagbag.py:536} INFO - Filling up the DagBag from /opt/airflow/dags/extract_exchange_rates.py
[2025-03-13T02:44:46.457+0000] {processor.py:839} INFO - DAG(s) dict_keys(['extract_exchange_rates']) retrieved from /opt/airflow/dags/extract_exchange_rates.py
[2025-03-13T02:44:46.472+0000] {logging_mixin.py:151} INFO - [2025-03-13T02:44:46.472+0000] {dag.py:2941} INFO - Sync 1 DAGs
[2025-03-13T02:44:46.482+0000] {logging_mixin.py:151} INFO - [2025-03-13T02:44:46.482+0000] {dag.py:3722} INFO - Setting next_dagrun for extract_exchange_rates to 2025-03-13T00:00:00+00:00, run_after=2025-03-14T00:00:00+00:00
[2025-03-13T02:44:46.489+0000] {processor.py:179} INFO - Processing /opt/airflow/dags/extract_exchange_rates.py took 0.046 seconds
[2025-03-13T02:45:16.718+0000] {processor.py:157} INFO - Started process (PID=6720) to work on /opt/airflow/dags/extract_exchange_rates.py
[2025-03-13T02:45:16.718+0000] {processor.py:829} INFO - Processing file /opt/airflow/dags/extract_exchange_rates.py for tasks to queue
[2025-03-13T02:45:16.719+0000] {logging_mixin.py:151} INFO - [2025-03-13T02:45:16.719+0000] {dagbag.py:536} INFO - Filling up the DagBag from /opt/airflow/dags/extract_exchange_rates.py
[2025-03-13T02:45:16.729+0000] {processor.py:839} INFO - DAG(s) dict_keys(['extract_exchange_rates']) retrieved from /opt/airflow/dags/extract_exchange_rates.py
[2025-03-13T02:45:16.744+0000] {logging_mixin.py:151} INFO - [2025-03-13T02:45:16.744+0000] {dag.py:2941} INFO - Sync 1 DAGs
[2025-03-13T02:45:16.754+0000] {logging_mixin.py:151} INFO - [2025-03-13T02:45:16.754+0000] {dag.py:3722} INFO - Setting next_dagrun for extract_exchange_rates to 2025-03-13T00:00:00+00:00, run_after=2025-03-14T00:00:00+00:00
[2025-03-13T02:45:16.761+0000] {processor.py:179} INFO - Processing /opt/airflow/dags/extract_exchange_rates.py took 0.046 seconds
[2025-03-13T02:45:46.989+0000] {processor.py:157} INFO - Started process (PID=6725) to work on /opt/airflow/dags/extract_exchange_rates.py
[2025-03-13T02:45:46.989+0000] {processor.py:829} INFO - Processing file /opt/airflow/dags/extract_exchange_rates.py for tasks to queue
[2025-03-13T02:45:46.990+0000] {logging_mixin.py:151} INFO - [2025-03-13T02:45:46.990+0000] {dagbag.py:536} INFO - Filling up the DagBag from /opt/airflow/dags/extract_exchange_rates.py
[2025-03-13T02:45:47.001+0000] {processor.py:839} INFO - DAG(s) dict_keys(['extract_exchange_rates']) retrieved from /opt/airflow/dags/extract_exchange_rates.py
[2025-03-13T02:45:47.015+0000] {logging_mixin.py:151} INFO - [2025-03-13T02:45:47.015+0000] {dag.py:2941} INFO - Sync 1 DAGs
[2025-03-13T02:45:47.024+0000] {logging_mixin.py:151} INFO - [2025-03-13T02:45:47.024+0000] {dag.py:3722} INFO - Setting next_dagrun for extract_exchange_rates to 2025-03-13T00:00:00+00:00, run_after=2025-03-14T00:00:00+00:00
[2025-03-13T02:45:47.031+0000] {processor.py:179} INFO - Processing /opt/airflow/dags/extract_exchange_rates.py took 0.046 seconds
[2025-03-13T02:46:17.265+0000] {processor.py:157} INFO - Started process (PID=6730) to work on /opt/airflow/dags/extract_exchange_rates.py
[2025-03-13T02:46:17.266+0000] {processor.py:829} INFO - Processing file /opt/airflow/dags/extract_exchange_rates.py for tasks to queue
[2025-03-13T02:46:17.266+0000] {logging_mixin.py:151} INFO - [2025-03-13T02:46:17.266+0000] {dagbag.py:536} INFO - Filling up the DagBag from /opt/airflow/dags/extract_exchange_rates.py
[2025-03-13T02:46:17.278+0000] {processor.py:839} INFO - DAG(s) dict_keys(['extract_exchange_rates']) retrieved from /opt/airflow/dags/extract_exchange_rates.py
[2025-03-13T02:46:17.292+0000] {logging_mixin.py:151} INFO - [2025-03-13T02:46:17.291+0000] {dag.py:2941} INFO - Sync 1 DAGs
[2025-03-13T02:46:17.301+0000] {logging_mixin.py:151} INFO - [2025-03-13T02:46:17.301+0000] {dag.py:3722} INFO - Setting next_dagrun for extract_exchange_rates to 2025-03-13T00:00:00+00:00, run_after=2025-03-14T00:00:00+00:00
[2025-03-13T02:46:17.309+0000] {processor.py:179} INFO - Processing /opt/airflow/dags/extract_exchange_rates.py took 0.047 seconds
[2025-03-13T02:46:47.524+0000] {processor.py:157} INFO - Started process (PID=6735) to work on /opt/airflow/dags/extract_exchange_rates.py
[2025-03-13T02:46:47.525+0000] {processor.py:829} INFO - Processing file /opt/airflow/dags/extract_exchange_rates.py for tasks to queue
[2025-03-13T02:46:47.526+0000] {logging_mixin.py:151} INFO - [2025-03-13T02:46:47.525+0000] {dagbag.py:536} INFO - Filling up the DagBag from /opt/airflow/dags/extract_exchange_rates.py
[2025-03-13T02:46:47.535+0000] {processor.py:839} INFO - DAG(s) dict_keys(['extract_exchange_rates']) retrieved from /opt/airflow/dags/extract_exchange_rates.py
[2025-03-13T02:46:47.548+0000] {logging_mixin.py:151} INFO - [2025-03-13T02:46:47.548+0000] {dag.py:2941} INFO - Sync 1 DAGs
[2025-03-13T02:46:47.557+0000] {logging_mixin.py:151} INFO - [2025-03-13T02:46:47.557+0000] {dag.py:3722} INFO - Setting next_dagrun for extract_exchange_rates to 2025-03-13T00:00:00+00:00, run_after=2025-03-14T00:00:00+00:00
[2025-03-13T02:46:47.565+0000] {processor.py:179} INFO - Processing /opt/airflow/dags/extract_exchange_rates.py took 0.043 seconds
[2025-03-13T02:47:17.783+0000] {processor.py:157} INFO - Started process (PID=6740) to work on /opt/airflow/dags/extract_exchange_rates.py
[2025-03-13T02:47:17.784+0000] {processor.py:829} INFO - Processing file /opt/airflow/dags/extract_exchange_rates.py for tasks to queue
[2025-03-13T02:47:17.785+0000] {logging_mixin.py:151} INFO - [2025-03-13T02:47:17.784+0000] {dagbag.py:536} INFO - Filling up the DagBag from /opt/airflow/dags/extract_exchange_rates.py
[2025-03-13T02:47:17.796+0000] {processor.py:839} INFO - DAG(s) dict_keys(['extract_exchange_rates']) retrieved from /opt/airflow/dags/extract_exchange_rates.py
[2025-03-13T02:47:17.810+0000] {logging_mixin.py:151} INFO - [2025-03-13T02:47:17.810+0000] {dag.py:2941} INFO - Sync 1 DAGs
[2025-03-13T02:47:17.820+0000] {logging_mixin.py:151} INFO - [2025-03-13T02:47:17.820+0000] {dag.py:3722} INFO - Setting next_dagrun for extract_exchange_rates to 2025-03-13T00:00:00+00:00, run_after=2025-03-14T00:00:00+00:00
[2025-03-13T02:47:17.828+0000] {processor.py:179} INFO - Processing /opt/airflow/dags/extract_exchange_rates.py took 0.047 seconds
[2025-03-13T02:47:48.051+0000] {processor.py:157} INFO - Started process (PID=6745) to work on /opt/airflow/dags/extract_exchange_rates.py
[2025-03-13T02:47:48.053+0000] {processor.py:829} INFO - Processing file /opt/airflow/dags/extract_exchange_rates.py for tasks to queue
[2025-03-13T02:47:48.053+0000] {logging_mixin.py:151} INFO - [2025-03-13T02:47:48.053+0000] {dagbag.py:536} INFO - Filling up the DagBag from /opt/airflow/dags/extract_exchange_rates.py
[2025-03-13T02:47:48.068+0000] {processor.py:839} INFO - DAG(s) dict_keys(['extract_exchange_rates']) retrieved from /opt/airflow/dags/extract_exchange_rates.py
[2025-03-13T02:47:48.084+0000] {logging_mixin.py:151} INFO - [2025-03-13T02:47:48.084+0000] {dag.py:2941} INFO - Sync 1 DAGs
[2025-03-13T02:47:48.095+0000] {logging_mixin.py:151} INFO - [2025-03-13T02:47:48.095+0000] {dag.py:3722} INFO - Setting next_dagrun for extract_exchange_rates to 2025-03-13T00:00:00+00:00, run_after=2025-03-14T00:00:00+00:00
[2025-03-13T02:47:48.102+0000] {processor.py:179} INFO - Processing /opt/airflow/dags/extract_exchange_rates.py took 0.055 seconds
[2025-03-13T02:48:18.292+0000] {processor.py:157} INFO - Started process (PID=6750) to work on /opt/airflow/dags/extract_exchange_rates.py
[2025-03-13T02:48:18.292+0000] {processor.py:829} INFO - Processing file /opt/airflow/dags/extract_exchange_rates.py for tasks to queue
[2025-03-13T02:48:18.293+0000] {logging_mixin.py:151} INFO - [2025-03-13T02:48:18.293+0000] {dagbag.py:536} INFO - Filling up the DagBag from /opt/airflow/dags/extract_exchange_rates.py
[2025-03-13T02:48:18.305+0000] {processor.py:839} INFO - DAG(s) dict_keys(['extract_exchange_rates']) retrieved from /opt/airflow/dags/extract_exchange_rates.py
[2025-03-13T02:48:18.320+0000] {logging_mixin.py:151} INFO - [2025-03-13T02:48:18.320+0000] {dag.py:2941} INFO - Sync 1 DAGs
[2025-03-13T02:48:18.332+0000] {logging_mixin.py:151} INFO - [2025-03-13T02:48:18.331+0000] {dag.py:3722} INFO - Setting next_dagrun for extract_exchange_rates to 2025-03-13T00:00:00+00:00, run_after=2025-03-14T00:00:00+00:00
[2025-03-13T02:48:18.339+0000] {processor.py:179} INFO - Processing /opt/airflow/dags/extract_exchange_rates.py took 0.050 seconds
[2025-03-13T02:48:48.511+0000] {processor.py:157} INFO - Started process (PID=6755) to work on /opt/airflow/dags/extract_exchange_rates.py
[2025-03-13T02:48:48.512+0000] {processor.py:829} INFO - Processing file /opt/airflow/dags/extract_exchange_rates.py for tasks to queue
[2025-03-13T02:48:48.512+0000] {logging_mixin.py:151} INFO - [2025-03-13T02:48:48.512+0000] {dagbag.py:536} INFO - Filling up the DagBag from /opt/airflow/dags/extract_exchange_rates.py
[2025-03-13T02:48:48.521+0000] {processor.py:839} INFO - DAG(s) dict_keys(['extract_exchange_rates']) retrieved from /opt/airflow/dags/extract_exchange_rates.py
[2025-03-13T02:48:48.535+0000] {logging_mixin.py:151} INFO - [2025-03-13T02:48:48.535+0000] {dag.py:2941} INFO - Sync 1 DAGs
[2025-03-13T02:48:48.545+0000] {logging_mixin.py:151} INFO - [2025-03-13T02:48:48.545+0000] {dag.py:3722} INFO - Setting next_dagrun for extract_exchange_rates to 2025-03-13T00:00:00+00:00, run_after=2025-03-14T00:00:00+00:00
[2025-03-13T02:48:48.555+0000] {processor.py:179} INFO - Processing /opt/airflow/dags/extract_exchange_rates.py took 0.046 seconds
[2025-03-13T02:49:18.769+0000] {processor.py:157} INFO - Started process (PID=6760) to work on /opt/airflow/dags/extract_exchange_rates.py
[2025-03-13T02:49:18.770+0000] {processor.py:829} INFO - Processing file /opt/airflow/dags/extract_exchange_rates.py for tasks to queue
[2025-03-13T02:49:18.771+0000] {logging_mixin.py:151} INFO - [2025-03-13T02:49:18.771+0000] {dagbag.py:536} INFO - Filling up the DagBag from /opt/airflow/dags/extract_exchange_rates.py
[2025-03-13T02:49:18.781+0000] {processor.py:839} INFO - DAG(s) dict_keys(['extract_exchange_rates']) retrieved from /opt/airflow/dags/extract_exchange_rates.py
[2025-03-13T02:49:18.794+0000] {logging_mixin.py:151} INFO - [2025-03-13T02:49:18.794+0000] {dag.py:2941} INFO - Sync 1 DAGs
[2025-03-13T02:49:18.804+0000] {logging_mixin.py:151} INFO - [2025-03-13T02:49:18.804+0000] {dag.py:3722} INFO - Setting next_dagrun for extract_exchange_rates to 2025-03-13T00:00:00+00:00, run_after=2025-03-14T00:00:00+00:00
[2025-03-13T02:49:18.812+0000] {processor.py:179} INFO - Processing /opt/airflow/dags/extract_exchange_rates.py took 0.045 seconds
[2025-03-13T02:49:48.994+0000] {processor.py:157} INFO - Started process (PID=6765) to work on /opt/airflow/dags/extract_exchange_rates.py
[2025-03-13T02:49:48.995+0000] {processor.py:829} INFO - Processing file /opt/airflow/dags/extract_exchange_rates.py for tasks to queue
[2025-03-13T02:49:48.995+0000] {logging_mixin.py:151} INFO - [2025-03-13T02:49:48.995+0000] {dagbag.py:536} INFO - Filling up the DagBag from /opt/airflow/dags/extract_exchange_rates.py
[2025-03-13T02:49:49.006+0000] {processor.py:839} INFO - DAG(s) dict_keys(['extract_exchange_rates']) retrieved from /opt/airflow/dags/extract_exchange_rates.py
[2025-03-13T02:49:49.020+0000] {logging_mixin.py:151} INFO - [2025-03-13T02:49:49.020+0000] {dag.py:2941} INFO - Sync 1 DAGs
[2025-03-13T02:49:49.032+0000] {logging_mixin.py:151} INFO - [2025-03-13T02:49:49.032+0000] {dag.py:3722} INFO - Setting next_dagrun for extract_exchange_rates to 2025-03-13T00:00:00+00:00, run_after=2025-03-14T00:00:00+00:00
[2025-03-13T02:49:49.040+0000] {processor.py:179} INFO - Processing /opt/airflow/dags/extract_exchange_rates.py took 0.047 seconds
[2025-03-13T02:50:19.223+0000] {processor.py:157} INFO - Started process (PID=6770) to work on /opt/airflow/dags/extract_exchange_rates.py
[2025-03-13T02:50:19.224+0000] {processor.py:829} INFO - Processing file /opt/airflow/dags/extract_exchange_rates.py for tasks to queue
[2025-03-13T02:50:19.224+0000] {logging_mixin.py:151} INFO - [2025-03-13T02:50:19.224+0000] {dagbag.py:536} INFO - Filling up the DagBag from /opt/airflow/dags/extract_exchange_rates.py
[2025-03-13T02:50:19.230+0000] {processor.py:839} INFO - DAG(s) dict_keys(['extract_exchange_rates']) retrieved from /opt/airflow/dags/extract_exchange_rates.py
[2025-03-13T02:50:19.242+0000] {logging_mixin.py:151} INFO - [2025-03-13T02:50:19.242+0000] {dag.py:2941} INFO - Sync 1 DAGs
[2025-03-13T02:50:19.251+0000] {logging_mixin.py:151} INFO - [2025-03-13T02:50:19.251+0000] {dag.py:3722} INFO - Setting next_dagrun for extract_exchange_rates to 2025-03-13T00:00:00+00:00, run_after=2025-03-14T00:00:00+00:00
[2025-03-13T02:50:19.258+0000] {processor.py:179} INFO - Processing /opt/airflow/dags/extract_exchange_rates.py took 0.036 seconds
[2025-03-13T02:50:49.460+0000] {processor.py:157} INFO - Started process (PID=6775) to work on /opt/airflow/dags/extract_exchange_rates.py
[2025-03-13T02:50:49.461+0000] {processor.py:829} INFO - Processing file /opt/airflow/dags/extract_exchange_rates.py for tasks to queue
[2025-03-13T02:50:49.461+0000] {logging_mixin.py:151} INFO - [2025-03-13T02:50:49.461+0000] {dagbag.py:536} INFO - Filling up the DagBag from /opt/airflow/dags/extract_exchange_rates.py
[2025-03-13T02:50:49.471+0000] {processor.py:839} INFO - DAG(s) dict_keys(['extract_exchange_rates']) retrieved from /opt/airflow/dags/extract_exchange_rates.py
[2025-03-13T02:50:49.485+0000] {logging_mixin.py:151} INFO - [2025-03-13T02:50:49.484+0000] {dag.py:2941} INFO - Sync 1 DAGs
[2025-03-13T02:50:49.495+0000] {logging_mixin.py:151} INFO - [2025-03-13T02:50:49.495+0000] {dag.py:3722} INFO - Setting next_dagrun for extract_exchange_rates to 2025-03-13T00:00:00+00:00, run_after=2025-03-14T00:00:00+00:00
[2025-03-13T02:50:49.504+0000] {processor.py:179} INFO - Processing /opt/airflow/dags/extract_exchange_rates.py took 0.046 seconds
[2025-03-13T02:51:19.700+0000] {processor.py:157} INFO - Started process (PID=6780) to work on /opt/airflow/dags/extract_exchange_rates.py
[2025-03-13T02:51:19.700+0000] {processor.py:829} INFO - Processing file /opt/airflow/dags/extract_exchange_rates.py for tasks to queue
[2025-03-13T02:51:19.701+0000] {logging_mixin.py:151} INFO - [2025-03-13T02:51:19.701+0000] {dagbag.py:536} INFO - Filling up the DagBag from /opt/airflow/dags/extract_exchange_rates.py
[2025-03-13T02:51:19.712+0000] {processor.py:839} INFO - DAG(s) dict_keys(['extract_exchange_rates']) retrieved from /opt/airflow/dags/extract_exchange_rates.py
[2025-03-13T02:51:19.726+0000] {logging_mixin.py:151} INFO - [2025-03-13T02:51:19.726+0000] {dag.py:2941} INFO - Sync 1 DAGs
[2025-03-13T02:51:19.736+0000] {logging_mixin.py:151} INFO - [2025-03-13T02:51:19.736+0000] {dag.py:3722} INFO - Setting next_dagrun for extract_exchange_rates to 2025-03-13T00:00:00+00:00, run_after=2025-03-14T00:00:00+00:00
[2025-03-13T02:51:19.743+0000] {processor.py:179} INFO - Processing /opt/airflow/dags/extract_exchange_rates.py took 0.046 seconds
[2025-03-13T02:51:49.932+0000] {processor.py:157} INFO - Started process (PID=6785) to work on /opt/airflow/dags/extract_exchange_rates.py
[2025-03-13T02:51:49.933+0000] {processor.py:829} INFO - Processing file /opt/airflow/dags/extract_exchange_rates.py for tasks to queue
[2025-03-13T02:51:49.933+0000] {logging_mixin.py:151} INFO - [2025-03-13T02:51:49.933+0000] {dagbag.py:536} INFO - Filling up the DagBag from /opt/airflow/dags/extract_exchange_rates.py
[2025-03-13T02:51:49.945+0000] {processor.py:839} INFO - DAG(s) dict_keys(['extract_exchange_rates']) retrieved from /opt/airflow/dags/extract_exchange_rates.py
[2025-03-13T02:51:49.962+0000] {logging_mixin.py:151} INFO - [2025-03-13T02:51:49.962+0000] {dag.py:2941} INFO - Sync 1 DAGs
[2025-03-13T02:51:49.971+0000] {logging_mixin.py:151} INFO - [2025-03-13T02:51:49.971+0000] {dag.py:3722} INFO - Setting next_dagrun for extract_exchange_rates to 2025-03-13T00:00:00+00:00, run_after=2025-03-14T00:00:00+00:00
[2025-03-13T02:51:49.978+0000] {processor.py:179} INFO - Processing /opt/airflow/dags/extract_exchange_rates.py took 0.049 seconds
[2025-03-13T02:52:20.156+0000] {processor.py:157} INFO - Started process (PID=6790) to work on /opt/airflow/dags/extract_exchange_rates.py
[2025-03-13T02:52:20.157+0000] {processor.py:829} INFO - Processing file /opt/airflow/dags/extract_exchange_rates.py for tasks to queue
[2025-03-13T02:52:20.157+0000] {logging_mixin.py:151} INFO - [2025-03-13T02:52:20.157+0000] {dagbag.py:536} INFO - Filling up the DagBag from /opt/airflow/dags/extract_exchange_rates.py
[2025-03-13T02:52:20.167+0000] {processor.py:839} INFO - DAG(s) dict_keys(['extract_exchange_rates']) retrieved from /opt/airflow/dags/extract_exchange_rates.py
[2025-03-13T02:52:20.181+0000] {logging_mixin.py:151} INFO - [2025-03-13T02:52:20.181+0000] {dag.py:2941} INFO - Sync 1 DAGs
[2025-03-13T02:52:20.192+0000] {logging_mixin.py:151} INFO - [2025-03-13T02:52:20.192+0000] {dag.py:3722} INFO - Setting next_dagrun for extract_exchange_rates to 2025-03-13T00:00:00+00:00, run_after=2025-03-14T00:00:00+00:00
[2025-03-13T02:52:20.201+0000] {processor.py:179} INFO - Processing /opt/airflow/dags/extract_exchange_rates.py took 0.047 seconds
[2025-03-13T02:52:50.383+0000] {processor.py:157} INFO - Started process (PID=6795) to work on /opt/airflow/dags/extract_exchange_rates.py
[2025-03-13T02:52:50.384+0000] {processor.py:829} INFO - Processing file /opt/airflow/dags/extract_exchange_rates.py for tasks to queue
[2025-03-13T02:52:50.385+0000] {logging_mixin.py:151} INFO - [2025-03-13T02:52:50.385+0000] {dagbag.py:536} INFO - Filling up the DagBag from /opt/airflow/dags/extract_exchange_rates.py
[2025-03-13T02:52:50.397+0000] {processor.py:839} INFO - DAG(s) dict_keys(['extract_exchange_rates']) retrieved from /opt/airflow/dags/extract_exchange_rates.py
[2025-03-13T02:52:50.412+0000] {logging_mixin.py:151} INFO - [2025-03-13T02:52:50.412+0000] {dag.py:2941} INFO - Sync 1 DAGs
[2025-03-13T02:52:50.423+0000] {logging_mixin.py:151} INFO - [2025-03-13T02:52:50.423+0000] {dag.py:3722} INFO - Setting next_dagrun for extract_exchange_rates to 2025-03-13T00:00:00+00:00, run_after=2025-03-14T00:00:00+00:00
[2025-03-13T02:52:50.431+0000] {processor.py:179} INFO - Processing /opt/airflow/dags/extract_exchange_rates.py took 0.049 seconds
[2025-03-13T02:53:20.615+0000] {processor.py:157} INFO - Started process (PID=6800) to work on /opt/airflow/dags/extract_exchange_rates.py
[2025-03-13T02:53:20.616+0000] {processor.py:829} INFO - Processing file /opt/airflow/dags/extract_exchange_rates.py for tasks to queue
[2025-03-13T02:53:20.617+0000] {logging_mixin.py:151} INFO - [2025-03-13T02:53:20.617+0000] {dagbag.py:536} INFO - Filling up the DagBag from /opt/airflow/dags/extract_exchange_rates.py
[2025-03-13T02:53:20.628+0000] {processor.py:839} INFO - DAG(s) dict_keys(['extract_exchange_rates']) retrieved from /opt/airflow/dags/extract_exchange_rates.py
[2025-03-13T02:53:20.642+0000] {logging_mixin.py:151} INFO - [2025-03-13T02:53:20.642+0000] {dag.py:2941} INFO - Sync 1 DAGs
[2025-03-13T02:53:20.652+0000] {logging_mixin.py:151} INFO - [2025-03-13T02:53:20.652+0000] {dag.py:3722} INFO - Setting next_dagrun for extract_exchange_rates to 2025-03-13T00:00:00+00:00, run_after=2025-03-14T00:00:00+00:00
[2025-03-13T02:53:20.660+0000] {processor.py:179} INFO - Processing /opt/airflow/dags/extract_exchange_rates.py took 0.047 seconds
[2025-03-13T02:53:50.844+0000] {processor.py:157} INFO - Started process (PID=6805) to work on /opt/airflow/dags/extract_exchange_rates.py
[2025-03-13T02:53:50.844+0000] {processor.py:829} INFO - Processing file /opt/airflow/dags/extract_exchange_rates.py for tasks to queue
[2025-03-13T02:53:50.845+0000] {logging_mixin.py:151} INFO - [2025-03-13T02:53:50.845+0000] {dagbag.py:536} INFO - Filling up the DagBag from /opt/airflow/dags/extract_exchange_rates.py
[2025-03-13T02:53:50.856+0000] {processor.py:839} INFO - DAG(s) dict_keys(['extract_exchange_rates']) retrieved from /opt/airflow/dags/extract_exchange_rates.py
[2025-03-13T02:53:50.870+0000] {logging_mixin.py:151} INFO - [2025-03-13T02:53:50.870+0000] {dag.py:2941} INFO - Sync 1 DAGs
[2025-03-13T02:53:50.880+0000] {logging_mixin.py:151} INFO - [2025-03-13T02:53:50.880+0000] {dag.py:3722} INFO - Setting next_dagrun for extract_exchange_rates to 2025-03-13T00:00:00+00:00, run_after=2025-03-14T00:00:00+00:00
[2025-03-13T02:53:50.888+0000] {processor.py:179} INFO - Processing /opt/airflow/dags/extract_exchange_rates.py took 0.046 seconds
[2025-03-13T02:54:21.091+0000] {processor.py:157} INFO - Started process (PID=6810) to work on /opt/airflow/dags/extract_exchange_rates.py
[2025-03-13T02:54:21.092+0000] {processor.py:829} INFO - Processing file /opt/airflow/dags/extract_exchange_rates.py for tasks to queue
[2025-03-13T02:54:21.093+0000] {logging_mixin.py:151} INFO - [2025-03-13T02:54:21.092+0000] {dagbag.py:536} INFO - Filling up the DagBag from /opt/airflow/dags/extract_exchange_rates.py
[2025-03-13T02:54:21.104+0000] {processor.py:839} INFO - DAG(s) dict_keys(['extract_exchange_rates']) retrieved from /opt/airflow/dags/extract_exchange_rates.py
[2025-03-13T02:54:21.119+0000] {logging_mixin.py:151} INFO - [2025-03-13T02:54:21.119+0000] {dag.py:2941} INFO - Sync 1 DAGs
[2025-03-13T02:54:21.129+0000] {logging_mixin.py:151} INFO - [2025-03-13T02:54:21.129+0000] {dag.py:3722} INFO - Setting next_dagrun for extract_exchange_rates to 2025-03-13T00:00:00+00:00, run_after=2025-03-14T00:00:00+00:00
[2025-03-13T02:54:21.136+0000] {processor.py:179} INFO - Processing /opt/airflow/dags/extract_exchange_rates.py took 0.048 seconds
[2025-03-13T02:54:51.350+0000] {processor.py:157} INFO - Started process (PID=6815) to work on /opt/airflow/dags/extract_exchange_rates.py
[2025-03-13T02:54:51.350+0000] {processor.py:829} INFO - Processing file /opt/airflow/dags/extract_exchange_rates.py for tasks to queue
[2025-03-13T02:54:51.351+0000] {logging_mixin.py:151} INFO - [2025-03-13T02:54:51.351+0000] {dagbag.py:536} INFO - Filling up the DagBag from /opt/airflow/dags/extract_exchange_rates.py
[2025-03-13T02:54:51.362+0000] {processor.py:839} INFO - DAG(s) dict_keys(['extract_exchange_rates']) retrieved from /opt/airflow/dags/extract_exchange_rates.py
[2025-03-13T02:54:51.376+0000] {logging_mixin.py:151} INFO - [2025-03-13T02:54:51.376+0000] {dag.py:2941} INFO - Sync 1 DAGs
[2025-03-13T02:54:51.387+0000] {logging_mixin.py:151} INFO - [2025-03-13T02:54:51.387+0000] {dag.py:3722} INFO - Setting next_dagrun for extract_exchange_rates to 2025-03-13T00:00:00+00:00, run_after=2025-03-14T00:00:00+00:00
[2025-03-13T02:54:51.395+0000] {processor.py:179} INFO - Processing /opt/airflow/dags/extract_exchange_rates.py took 0.047 seconds
[2025-03-13T02:55:21.613+0000] {processor.py:157} INFO - Started process (PID=6820) to work on /opt/airflow/dags/extract_exchange_rates.py
[2025-03-13T02:55:21.614+0000] {processor.py:829} INFO - Processing file /opt/airflow/dags/extract_exchange_rates.py for tasks to queue
[2025-03-13T02:55:21.614+0000] {logging_mixin.py:151} INFO - [2025-03-13T02:55:21.614+0000] {dagbag.py:536} INFO - Filling up the DagBag from /opt/airflow/dags/extract_exchange_rates.py
[2025-03-13T02:55:21.625+0000] {processor.py:839} INFO - DAG(s) dict_keys(['extract_exchange_rates']) retrieved from /opt/airflow/dags/extract_exchange_rates.py
[2025-03-13T02:55:21.639+0000] {logging_mixin.py:151} INFO - [2025-03-13T02:55:21.639+0000] {dag.py:2941} INFO - Sync 1 DAGs
[2025-03-13T02:55:21.650+0000] {logging_mixin.py:151} INFO - [2025-03-13T02:55:21.650+0000] {dag.py:3722} INFO - Setting next_dagrun for extract_exchange_rates to 2025-03-13T00:00:00+00:00, run_after=2025-03-14T00:00:00+00:00
[2025-03-13T02:55:21.659+0000] {processor.py:179} INFO - Processing /opt/airflow/dags/extract_exchange_rates.py took 0.047 seconds
[2025-03-13T02:55:51.831+0000] {processor.py:157} INFO - Started process (PID=6825) to work on /opt/airflow/dags/extract_exchange_rates.py
[2025-03-13T02:55:51.831+0000] {processor.py:829} INFO - Processing file /opt/airflow/dags/extract_exchange_rates.py for tasks to queue
[2025-03-13T02:55:51.832+0000] {logging_mixin.py:151} INFO - [2025-03-13T02:55:51.832+0000] {dagbag.py:536} INFO - Filling up the DagBag from /opt/airflow/dags/extract_exchange_rates.py
[2025-03-13T02:55:51.840+0000] {processor.py:839} INFO - DAG(s) dict_keys(['extract_exchange_rates']) retrieved from /opt/airflow/dags/extract_exchange_rates.py
[2025-03-13T02:55:51.854+0000] {logging_mixin.py:151} INFO - [2025-03-13T02:55:51.854+0000] {dag.py:2941} INFO - Sync 1 DAGs
[2025-03-13T02:55:51.866+0000] {logging_mixin.py:151} INFO - [2025-03-13T02:55:51.866+0000] {dag.py:3722} INFO - Setting next_dagrun for extract_exchange_rates to 2025-03-13T00:00:00+00:00, run_after=2025-03-14T00:00:00+00:00
[2025-03-13T02:55:51.874+0000] {processor.py:179} INFO - Processing /opt/airflow/dags/extract_exchange_rates.py took 0.044 seconds
[2025-03-13T02:56:22.075+0000] {processor.py:157} INFO - Started process (PID=6830) to work on /opt/airflow/dags/extract_exchange_rates.py
[2025-03-13T02:56:22.076+0000] {processor.py:829} INFO - Processing file /opt/airflow/dags/extract_exchange_rates.py for tasks to queue
[2025-03-13T02:56:22.077+0000] {logging_mixin.py:151} INFO - [2025-03-13T02:56:22.077+0000] {dagbag.py:536} INFO - Filling up the DagBag from /opt/airflow/dags/extract_exchange_rates.py
[2025-03-13T02:56:22.085+0000] {processor.py:839} INFO - DAG(s) dict_keys(['extract_exchange_rates']) retrieved from /opt/airflow/dags/extract_exchange_rates.py
[2025-03-13T02:56:22.098+0000] {logging_mixin.py:151} INFO - [2025-03-13T02:56:22.098+0000] {dag.py:2941} INFO - Sync 1 DAGs
[2025-03-13T02:56:22.109+0000] {logging_mixin.py:151} INFO - [2025-03-13T02:56:22.108+0000] {dag.py:3722} INFO - Setting next_dagrun for extract_exchange_rates to 2025-03-13T00:00:00+00:00, run_after=2025-03-14T00:00:00+00:00
[2025-03-13T02:56:22.116+0000] {processor.py:179} INFO - Processing /opt/airflow/dags/extract_exchange_rates.py took 0.044 seconds
[2025-03-13T02:56:52.320+0000] {processor.py:157} INFO - Started process (PID=6835) to work on /opt/airflow/dags/extract_exchange_rates.py
[2025-03-13T02:56:52.321+0000] {processor.py:829} INFO - Processing file /opt/airflow/dags/extract_exchange_rates.py for tasks to queue
[2025-03-13T02:56:52.321+0000] {logging_mixin.py:151} INFO - [2025-03-13T02:56:52.321+0000] {dagbag.py:536} INFO - Filling up the DagBag from /opt/airflow/dags/extract_exchange_rates.py
[2025-03-13T02:56:52.335+0000] {processor.py:839} INFO - DAG(s) dict_keys(['extract_exchange_rates']) retrieved from /opt/airflow/dags/extract_exchange_rates.py
[2025-03-13T02:56:52.351+0000] {logging_mixin.py:151} INFO - [2025-03-13T02:56:52.351+0000] {dag.py:2941} INFO - Sync 1 DAGs
[2025-03-13T02:56:52.361+0000] {logging_mixin.py:151} INFO - [2025-03-13T02:56:52.361+0000] {dag.py:3722} INFO - Setting next_dagrun for extract_exchange_rates to 2025-03-13T00:00:00+00:00, run_after=2025-03-14T00:00:00+00:00
[2025-03-13T02:56:52.368+0000] {processor.py:179} INFO - Processing /opt/airflow/dags/extract_exchange_rates.py took 0.051 seconds
[2025-03-13T02:57:22.561+0000] {processor.py:157} INFO - Started process (PID=6840) to work on /opt/airflow/dags/extract_exchange_rates.py
[2025-03-13T02:57:22.562+0000] {processor.py:829} INFO - Processing file /opt/airflow/dags/extract_exchange_rates.py for tasks to queue
[2025-03-13T02:57:22.562+0000] {logging_mixin.py:151} INFO - [2025-03-13T02:57:22.562+0000] {dagbag.py:536} INFO - Filling up the DagBag from /opt/airflow/dags/extract_exchange_rates.py
[2025-03-13T02:57:22.574+0000] {processor.py:839} INFO - DAG(s) dict_keys(['extract_exchange_rates']) retrieved from /opt/airflow/dags/extract_exchange_rates.py
[2025-03-13T02:57:22.593+0000] {logging_mixin.py:151} INFO - [2025-03-13T02:57:22.593+0000] {dag.py:2941} INFO - Sync 1 DAGs
[2025-03-13T02:57:22.605+0000] {logging_mixin.py:151} INFO - [2025-03-13T02:57:22.605+0000] {dag.py:3722} INFO - Setting next_dagrun for extract_exchange_rates to 2025-03-13T00:00:00+00:00, run_after=2025-03-14T00:00:00+00:00
[2025-03-13T02:57:22.613+0000] {processor.py:179} INFO - Processing /opt/airflow/dags/extract_exchange_rates.py took 0.054 seconds
[2025-03-13T02:57:52.775+0000] {processor.py:157} INFO - Started process (PID=6845) to work on /opt/airflow/dags/extract_exchange_rates.py
[2025-03-13T02:57:52.776+0000] {processor.py:829} INFO - Processing file /opt/airflow/dags/extract_exchange_rates.py for tasks to queue
[2025-03-13T02:57:52.776+0000] {logging_mixin.py:151} INFO - [2025-03-13T02:57:52.776+0000] {dagbag.py:536} INFO - Filling up the DagBag from /opt/airflow/dags/extract_exchange_rates.py
[2025-03-13T02:57:52.783+0000] {processor.py:839} INFO - DAG(s) dict_keys(['extract_exchange_rates']) retrieved from /opt/airflow/dags/extract_exchange_rates.py
[2025-03-13T02:57:52.795+0000] {logging_mixin.py:151} INFO - [2025-03-13T02:57:52.795+0000] {dag.py:2941} INFO - Sync 1 DAGs
[2025-03-13T02:57:52.804+0000] {logging_mixin.py:151} INFO - [2025-03-13T02:57:52.804+0000] {dag.py:3722} INFO - Setting next_dagrun for extract_exchange_rates to 2025-03-13T00:00:00+00:00, run_after=2025-03-14T00:00:00+00:00
[2025-03-13T02:57:52.811+0000] {processor.py:179} INFO - Processing /opt/airflow/dags/extract_exchange_rates.py took 0.037 seconds
[2025-03-13T02:58:23.010+0000] {processor.py:157} INFO - Started process (PID=6850) to work on /opt/airflow/dags/extract_exchange_rates.py
[2025-03-13T02:58:23.011+0000] {processor.py:829} INFO - Processing file /opt/airflow/dags/extract_exchange_rates.py for tasks to queue
[2025-03-13T02:58:23.011+0000] {logging_mixin.py:151} INFO - [2025-03-13T02:58:23.011+0000] {dagbag.py:536} INFO - Filling up the DagBag from /opt/airflow/dags/extract_exchange_rates.py
[2025-03-13T02:58:23.025+0000] {processor.py:839} INFO - DAG(s) dict_keys(['extract_exchange_rates']) retrieved from /opt/airflow/dags/extract_exchange_rates.py
[2025-03-13T02:58:23.040+0000] {logging_mixin.py:151} INFO - [2025-03-13T02:58:23.040+0000] {dag.py:2941} INFO - Sync 1 DAGs
[2025-03-13T02:58:23.050+0000] {logging_mixin.py:151} INFO - [2025-03-13T02:58:23.050+0000] {dag.py:3722} INFO - Setting next_dagrun for extract_exchange_rates to 2025-03-13T00:00:00+00:00, run_after=2025-03-14T00:00:00+00:00
[2025-03-13T02:58:23.058+0000] {processor.py:179} INFO - Processing /opt/airflow/dags/extract_exchange_rates.py took 0.052 seconds
[2025-03-13T02:58:53.243+0000] {processor.py:157} INFO - Started process (PID=6855) to work on /opt/airflow/dags/extract_exchange_rates.py
[2025-03-13T02:58:53.244+0000] {processor.py:829} INFO - Processing file /opt/airflow/dags/extract_exchange_rates.py for tasks to queue
[2025-03-13T02:58:53.245+0000] {logging_mixin.py:151} INFO - [2025-03-13T02:58:53.244+0000] {dagbag.py:536} INFO - Filling up the DagBag from /opt/airflow/dags/extract_exchange_rates.py
[2025-03-13T02:58:53.256+0000] {processor.py:839} INFO - DAG(s) dict_keys(['extract_exchange_rates']) retrieved from /opt/airflow/dags/extract_exchange_rates.py
[2025-03-13T02:58:53.270+0000] {logging_mixin.py:151} INFO - [2025-03-13T02:58:53.270+0000] {dag.py:2941} INFO - Sync 1 DAGs
[2025-03-13T02:58:53.281+0000] {logging_mixin.py:151} INFO - [2025-03-13T02:58:53.281+0000] {dag.py:3722} INFO - Setting next_dagrun for extract_exchange_rates to 2025-03-13T00:00:00+00:00, run_after=2025-03-14T00:00:00+00:00
[2025-03-13T02:58:53.289+0000] {processor.py:179} INFO - Processing /opt/airflow/dags/extract_exchange_rates.py took 0.048 seconds
[2025-03-13T02:59:23.507+0000] {processor.py:157} INFO - Started process (PID=6860) to work on /opt/airflow/dags/extract_exchange_rates.py
[2025-03-13T02:59:23.508+0000] {processor.py:829} INFO - Processing file /opt/airflow/dags/extract_exchange_rates.py for tasks to queue
[2025-03-13T02:59:23.509+0000] {logging_mixin.py:151} INFO - [2025-03-13T02:59:23.509+0000] {dagbag.py:536} INFO - Filling up the DagBag from /opt/airflow/dags/extract_exchange_rates.py
[2025-03-13T02:59:23.521+0000] {processor.py:839} INFO - DAG(s) dict_keys(['extract_exchange_rates']) retrieved from /opt/airflow/dags/extract_exchange_rates.py
[2025-03-13T02:59:23.537+0000] {logging_mixin.py:151} INFO - [2025-03-13T02:59:23.537+0000] {dag.py:2941} INFO - Sync 1 DAGs
[2025-03-13T02:59:23.547+0000] {logging_mixin.py:151} INFO - [2025-03-13T02:59:23.547+0000] {dag.py:3722} INFO - Setting next_dagrun for extract_exchange_rates to 2025-03-13T00:00:00+00:00, run_after=2025-03-14T00:00:00+00:00
[2025-03-13T02:59:23.554+0000] {processor.py:179} INFO - Processing /opt/airflow/dags/extract_exchange_rates.py took 0.050 seconds
[2025-03-13T02:59:53.744+0000] {processor.py:157} INFO - Started process (PID=6865) to work on /opt/airflow/dags/extract_exchange_rates.py
[2025-03-13T02:59:53.745+0000] {processor.py:829} INFO - Processing file /opt/airflow/dags/extract_exchange_rates.py for tasks to queue
[2025-03-13T02:59:53.745+0000] {logging_mixin.py:151} INFO - [2025-03-13T02:59:53.745+0000] {dagbag.py:536} INFO - Filling up the DagBag from /opt/airflow/dags/extract_exchange_rates.py
[2025-03-13T02:59:53.758+0000] {processor.py:839} INFO - DAG(s) dict_keys(['extract_exchange_rates']) retrieved from /opt/airflow/dags/extract_exchange_rates.py
[2025-03-13T02:59:53.774+0000] {logging_mixin.py:151} INFO - [2025-03-13T02:59:53.774+0000] {dag.py:2941} INFO - Sync 1 DAGs
[2025-03-13T02:59:53.784+0000] {logging_mixin.py:151} INFO - [2025-03-13T02:59:53.784+0000] {dag.py:3722} INFO - Setting next_dagrun for extract_exchange_rates to 2025-03-13T00:00:00+00:00, run_after=2025-03-14T00:00:00+00:00
[2025-03-13T02:59:53.791+0000] {processor.py:179} INFO - Processing /opt/airflow/dags/extract_exchange_rates.py took 0.050 seconds
[2025-03-13T03:00:23.982+0000] {processor.py:157} INFO - Started process (PID=6870) to work on /opt/airflow/dags/extract_exchange_rates.py
[2025-03-13T03:00:23.983+0000] {processor.py:829} INFO - Processing file /opt/airflow/dags/extract_exchange_rates.py for tasks to queue
[2025-03-13T03:00:23.984+0000] {logging_mixin.py:151} INFO - [2025-03-13T03:00:23.984+0000] {dagbag.py:536} INFO - Filling up the DagBag from /opt/airflow/dags/extract_exchange_rates.py
[2025-03-13T03:00:23.995+0000] {processor.py:839} INFO - DAG(s) dict_keys(['extract_exchange_rates']) retrieved from /opt/airflow/dags/extract_exchange_rates.py
[2025-03-13T03:00:24.008+0000] {logging_mixin.py:151} INFO - [2025-03-13T03:00:24.008+0000] {dag.py:2941} INFO - Sync 1 DAGs
[2025-03-13T03:00:24.018+0000] {logging_mixin.py:151} INFO - [2025-03-13T03:00:24.018+0000] {dag.py:3722} INFO - Setting next_dagrun for extract_exchange_rates to 2025-03-13T00:00:00+00:00, run_after=2025-03-14T00:00:00+00:00
[2025-03-13T03:00:24.025+0000] {processor.py:179} INFO - Processing /opt/airflow/dags/extract_exchange_rates.py took 0.046 seconds
[2025-03-13T03:00:54.229+0000] {processor.py:157} INFO - Started process (PID=6875) to work on /opt/airflow/dags/extract_exchange_rates.py
[2025-03-13T03:00:54.229+0000] {processor.py:829} INFO - Processing file /opt/airflow/dags/extract_exchange_rates.py for tasks to queue
[2025-03-13T03:00:54.230+0000] {logging_mixin.py:151} INFO - [2025-03-13T03:00:54.229+0000] {dagbag.py:536} INFO - Filling up the DagBag from /opt/airflow/dags/extract_exchange_rates.py
[2025-03-13T03:00:54.239+0000] {processor.py:839} INFO - DAG(s) dict_keys(['extract_exchange_rates']) retrieved from /opt/airflow/dags/extract_exchange_rates.py
[2025-03-13T03:00:54.254+0000] {logging_mixin.py:151} INFO - [2025-03-13T03:00:54.254+0000] {dag.py:2941} INFO - Sync 1 DAGs
[2025-03-13T03:00:54.265+0000] {logging_mixin.py:151} INFO - [2025-03-13T03:00:54.265+0000] {dag.py:3722} INFO - Setting next_dagrun for extract_exchange_rates to 2025-03-13T00:00:00+00:00, run_after=2025-03-14T00:00:00+00:00
[2025-03-13T03:00:54.273+0000] {processor.py:179} INFO - Processing /opt/airflow/dags/extract_exchange_rates.py took 0.046 seconds
[2025-03-13T03:01:24.453+0000] {processor.py:157} INFO - Started process (PID=6880) to work on /opt/airflow/dags/extract_exchange_rates.py
[2025-03-13T03:01:24.454+0000] {processor.py:829} INFO - Processing file /opt/airflow/dags/extract_exchange_rates.py for tasks to queue
[2025-03-13T03:01:24.454+0000] {logging_mixin.py:151} INFO - [2025-03-13T03:01:24.454+0000] {dagbag.py:536} INFO - Filling up the DagBag from /opt/airflow/dags/extract_exchange_rates.py
[2025-03-13T03:01:24.461+0000] {processor.py:839} INFO - DAG(s) dict_keys(['extract_exchange_rates']) retrieved from /opt/airflow/dags/extract_exchange_rates.py
[2025-03-13T03:01:24.473+0000] {logging_mixin.py:151} INFO - [2025-03-13T03:01:24.473+0000] {dag.py:2941} INFO - Sync 1 DAGs
[2025-03-13T03:01:24.482+0000] {logging_mixin.py:151} INFO - [2025-03-13T03:01:24.482+0000] {dag.py:3722} INFO - Setting next_dagrun for extract_exchange_rates to 2025-03-13T00:00:00+00:00, run_after=2025-03-14T00:00:00+00:00
[2025-03-13T03:01:24.490+0000] {processor.py:179} INFO - Processing /opt/airflow/dags/extract_exchange_rates.py took 0.038 seconds
[2025-03-13T03:01:54.707+0000] {processor.py:157} INFO - Started process (PID=6885) to work on /opt/airflow/dags/extract_exchange_rates.py
[2025-03-13T03:01:54.707+0000] {processor.py:829} INFO - Processing file /opt/airflow/dags/extract_exchange_rates.py for tasks to queue
[2025-03-13T03:01:54.708+0000] {logging_mixin.py:151} INFO - [2025-03-13T03:01:54.708+0000] {dagbag.py:536} INFO - Filling up the DagBag from /opt/airflow/dags/extract_exchange_rates.py
[2025-03-13T03:01:54.718+0000] {processor.py:839} INFO - DAG(s) dict_keys(['extract_exchange_rates']) retrieved from /opt/airflow/dags/extract_exchange_rates.py
[2025-03-13T03:01:54.733+0000] {logging_mixin.py:151} INFO - [2025-03-13T03:01:54.733+0000] {dag.py:2941} INFO - Sync 1 DAGs
[2025-03-13T03:01:54.745+0000] {logging_mixin.py:151} INFO - [2025-03-13T03:01:54.745+0000] {dag.py:3722} INFO - Setting next_dagrun for extract_exchange_rates to 2025-03-13T00:00:00+00:00, run_after=2025-03-14T00:00:00+00:00
[2025-03-13T03:01:54.755+0000] {processor.py:179} INFO - Processing /opt/airflow/dags/extract_exchange_rates.py took 0.050 seconds
[2025-03-13T03:02:24.947+0000] {processor.py:157} INFO - Started process (PID=6890) to work on /opt/airflow/dags/extract_exchange_rates.py
[2025-03-13T03:02:24.948+0000] {processor.py:829} INFO - Processing file /opt/airflow/dags/extract_exchange_rates.py for tasks to queue
[2025-03-13T03:02:24.949+0000] {logging_mixin.py:151} INFO - [2025-03-13T03:02:24.948+0000] {dagbag.py:536} INFO - Filling up the DagBag from /opt/airflow/dags/extract_exchange_rates.py
[2025-03-13T03:02:24.961+0000] {processor.py:839} INFO - DAG(s) dict_keys(['extract_exchange_rates']) retrieved from /opt/airflow/dags/extract_exchange_rates.py
[2025-03-13T03:02:24.976+0000] {logging_mixin.py:151} INFO - [2025-03-13T03:02:24.976+0000] {dag.py:2941} INFO - Sync 1 DAGs
[2025-03-13T03:02:24.986+0000] {logging_mixin.py:151} INFO - [2025-03-13T03:02:24.986+0000] {dag.py:3722} INFO - Setting next_dagrun for extract_exchange_rates to 2025-03-13T00:00:00+00:00, run_after=2025-03-14T00:00:00+00:00
[2025-03-13T03:02:24.993+0000] {processor.py:179} INFO - Processing /opt/airflow/dags/extract_exchange_rates.py took 0.049 seconds
[2025-03-13T03:02:55.192+0000] {processor.py:157} INFO - Started process (PID=6895) to work on /opt/airflow/dags/extract_exchange_rates.py
[2025-03-13T03:02:55.193+0000] {processor.py:829} INFO - Processing file /opt/airflow/dags/extract_exchange_rates.py for tasks to queue
[2025-03-13T03:02:55.193+0000] {logging_mixin.py:151} INFO - [2025-03-13T03:02:55.193+0000] {dagbag.py:536} INFO - Filling up the DagBag from /opt/airflow/dags/extract_exchange_rates.py
[2025-03-13T03:02:55.205+0000] {processor.py:839} INFO - DAG(s) dict_keys(['extract_exchange_rates']) retrieved from /opt/airflow/dags/extract_exchange_rates.py
[2025-03-13T03:02:55.220+0000] {logging_mixin.py:151} INFO - [2025-03-13T03:02:55.220+0000] {dag.py:2941} INFO - Sync 1 DAGs
[2025-03-13T03:02:55.230+0000] {logging_mixin.py:151} INFO - [2025-03-13T03:02:55.230+0000] {dag.py:3722} INFO - Setting next_dagrun for extract_exchange_rates to 2025-03-13T00:00:00+00:00, run_after=2025-03-14T00:00:00+00:00
[2025-03-13T03:02:55.237+0000] {processor.py:179} INFO - Processing /opt/airflow/dags/extract_exchange_rates.py took 0.048 seconds
[2025-03-13T03:03:25.434+0000] {processor.py:157} INFO - Started process (PID=6900) to work on /opt/airflow/dags/extract_exchange_rates.py
[2025-03-13T03:03:25.435+0000] {processor.py:829} INFO - Processing file /opt/airflow/dags/extract_exchange_rates.py for tasks to queue
[2025-03-13T03:03:25.435+0000] {logging_mixin.py:151} INFO - [2025-03-13T03:03:25.435+0000] {dagbag.py:536} INFO - Filling up the DagBag from /opt/airflow/dags/extract_exchange_rates.py
[2025-03-13T03:03:25.445+0000] {processor.py:839} INFO - DAG(s) dict_keys(['extract_exchange_rates']) retrieved from /opt/airflow/dags/extract_exchange_rates.py
[2025-03-13T03:03:25.457+0000] {logging_mixin.py:151} INFO - [2025-03-13T03:03:25.457+0000] {dag.py:2941} INFO - Sync 1 DAGs
[2025-03-13T03:03:25.466+0000] {logging_mixin.py:151} INFO - [2025-03-13T03:03:25.466+0000] {dag.py:3722} INFO - Setting next_dagrun for extract_exchange_rates to 2025-03-13T00:00:00+00:00, run_after=2025-03-14T00:00:00+00:00
[2025-03-13T03:03:25.473+0000] {processor.py:179} INFO - Processing /opt/airflow/dags/extract_exchange_rates.py took 0.041 seconds
[2025-03-13T03:03:55.677+0000] {processor.py:157} INFO - Started process (PID=6905) to work on /opt/airflow/dags/extract_exchange_rates.py
[2025-03-13T03:03:55.679+0000] {processor.py:829} INFO - Processing file /opt/airflow/dags/extract_exchange_rates.py for tasks to queue
[2025-03-13T03:03:55.680+0000] {logging_mixin.py:151} INFO - [2025-03-13T03:03:55.680+0000] {dagbag.py:536} INFO - Filling up the DagBag from /opt/airflow/dags/extract_exchange_rates.py
[2025-03-13T03:03:55.691+0000] {processor.py:839} INFO - DAG(s) dict_keys(['extract_exchange_rates']) retrieved from /opt/airflow/dags/extract_exchange_rates.py
[2025-03-13T03:03:55.703+0000] {logging_mixin.py:151} INFO - [2025-03-13T03:03:55.703+0000] {dag.py:2941} INFO - Sync 1 DAGs
[2025-03-13T03:03:55.712+0000] {logging_mixin.py:151} INFO - [2025-03-13T03:03:55.712+0000] {dag.py:3722} INFO - Setting next_dagrun for extract_exchange_rates to 2025-03-13T00:00:00+00:00, run_after=2025-03-14T00:00:00+00:00
[2025-03-13T03:03:55.720+0000] {processor.py:179} INFO - Processing /opt/airflow/dags/extract_exchange_rates.py took 0.045 seconds
[2025-03-13T03:04:25.903+0000] {processor.py:157} INFO - Started process (PID=6910) to work on /opt/airflow/dags/extract_exchange_rates.py
[2025-03-13T03:04:25.904+0000] {processor.py:829} INFO - Processing file /opt/airflow/dags/extract_exchange_rates.py for tasks to queue
[2025-03-13T03:04:25.904+0000] {logging_mixin.py:151} INFO - [2025-03-13T03:04:25.904+0000] {dagbag.py:536} INFO - Filling up the DagBag from /opt/airflow/dags/extract_exchange_rates.py
[2025-03-13T03:04:25.910+0000] {processor.py:839} INFO - DAG(s) dict_keys(['extract_exchange_rates']) retrieved from /opt/airflow/dags/extract_exchange_rates.py
[2025-03-13T03:04:25.920+0000] {logging_mixin.py:151} INFO - [2025-03-13T03:04:25.920+0000] {dag.py:2941} INFO - Sync 1 DAGs
[2025-03-13T03:04:25.929+0000] {logging_mixin.py:151} INFO - [2025-03-13T03:04:25.929+0000] {dag.py:3722} INFO - Setting next_dagrun for extract_exchange_rates to 2025-03-13T00:00:00+00:00, run_after=2025-03-14T00:00:00+00:00
[2025-03-13T03:04:25.935+0000] {processor.py:179} INFO - Processing /opt/airflow/dags/extract_exchange_rates.py took 0.033 seconds
[2025-03-13T03:04:56.180+0000] {processor.py:157} INFO - Started process (PID=6915) to work on /opt/airflow/dags/extract_exchange_rates.py
[2025-03-13T03:04:56.180+0000] {processor.py:829} INFO - Processing file /opt/airflow/dags/extract_exchange_rates.py for tasks to queue
[2025-03-13T03:04:56.181+0000] {logging_mixin.py:151} INFO - [2025-03-13T03:04:56.181+0000] {dagbag.py:536} INFO - Filling up the DagBag from /opt/airflow/dags/extract_exchange_rates.py
[2025-03-13T03:04:56.192+0000] {processor.py:839} INFO - DAG(s) dict_keys(['extract_exchange_rates']) retrieved from /opt/airflow/dags/extract_exchange_rates.py
[2025-03-13T03:04:56.207+0000] {logging_mixin.py:151} INFO - [2025-03-13T03:04:56.207+0000] {dag.py:2941} INFO - Sync 1 DAGs
[2025-03-13T03:04:56.217+0000] {logging_mixin.py:151} INFO - [2025-03-13T03:04:56.217+0000] {dag.py:3722} INFO - Setting next_dagrun for extract_exchange_rates to 2025-03-13T00:00:00+00:00, run_after=2025-03-14T00:00:00+00:00
[2025-03-13T03:04:56.224+0000] {processor.py:179} INFO - Processing /opt/airflow/dags/extract_exchange_rates.py took 0.047 seconds
[2025-03-13T03:05:26.425+0000] {processor.py:157} INFO - Started process (PID=6920) to work on /opt/airflow/dags/extract_exchange_rates.py
[2025-03-13T03:05:26.426+0000] {processor.py:829} INFO - Processing file /opt/airflow/dags/extract_exchange_rates.py for tasks to queue
[2025-03-13T03:05:26.427+0000] {logging_mixin.py:151} INFO - [2025-03-13T03:05:26.427+0000] {dagbag.py:536} INFO - Filling up the DagBag from /opt/airflow/dags/extract_exchange_rates.py
[2025-03-13T03:05:26.438+0000] {processor.py:839} INFO - DAG(s) dict_keys(['extract_exchange_rates']) retrieved from /opt/airflow/dags/extract_exchange_rates.py
[2025-03-13T03:05:26.453+0000] {logging_mixin.py:151} INFO - [2025-03-13T03:05:26.453+0000] {dag.py:2941} INFO - Sync 1 DAGs
[2025-03-13T03:05:26.463+0000] {logging_mixin.py:151} INFO - [2025-03-13T03:05:26.463+0000] {dag.py:3722} INFO - Setting next_dagrun for extract_exchange_rates to 2025-03-13T00:00:00+00:00, run_after=2025-03-14T00:00:00+00:00
[2025-03-13T03:05:26.470+0000] {processor.py:179} INFO - Processing /opt/airflow/dags/extract_exchange_rates.py took 0.047 seconds
[2025-03-13T03:05:56.667+0000] {processor.py:157} INFO - Started process (PID=6925) to work on /opt/airflow/dags/extract_exchange_rates.py
[2025-03-13T03:05:56.667+0000] {processor.py:829} INFO - Processing file /opt/airflow/dags/extract_exchange_rates.py for tasks to queue
[2025-03-13T03:05:56.668+0000] {logging_mixin.py:151} INFO - [2025-03-13T03:05:56.668+0000] {dagbag.py:536} INFO - Filling up the DagBag from /opt/airflow/dags/extract_exchange_rates.py
[2025-03-13T03:05:56.679+0000] {processor.py:839} INFO - DAG(s) dict_keys(['extract_exchange_rates']) retrieved from /opt/airflow/dags/extract_exchange_rates.py
[2025-03-13T03:05:56.693+0000] {logging_mixin.py:151} INFO - [2025-03-13T03:05:56.693+0000] {dag.py:2941} INFO - Sync 1 DAGs
[2025-03-13T03:05:56.703+0000] {logging_mixin.py:151} INFO - [2025-03-13T03:05:56.703+0000] {dag.py:3722} INFO - Setting next_dagrun for extract_exchange_rates to 2025-03-13T00:00:00+00:00, run_after=2025-03-14T00:00:00+00:00
[2025-03-13T03:05:56.711+0000] {processor.py:179} INFO - Processing /opt/airflow/dags/extract_exchange_rates.py took 0.046 seconds
[2025-03-13T03:06:26.918+0000] {processor.py:157} INFO - Started process (PID=6930) to work on /opt/airflow/dags/extract_exchange_rates.py
[2025-03-13T03:06:26.919+0000] {processor.py:829} INFO - Processing file /opt/airflow/dags/extract_exchange_rates.py for tasks to queue
[2025-03-13T03:06:26.919+0000] {logging_mixin.py:151} INFO - [2025-03-13T03:06:26.919+0000] {dagbag.py:536} INFO - Filling up the DagBag from /opt/airflow/dags/extract_exchange_rates.py
[2025-03-13T03:06:26.929+0000] {processor.py:839} INFO - DAG(s) dict_keys(['extract_exchange_rates']) retrieved from /opt/airflow/dags/extract_exchange_rates.py
[2025-03-13T03:06:26.943+0000] {logging_mixin.py:151} INFO - [2025-03-13T03:06:26.943+0000] {dag.py:2941} INFO - Sync 1 DAGs
[2025-03-13T03:06:26.953+0000] {logging_mixin.py:151} INFO - [2025-03-13T03:06:26.953+0000] {dag.py:3722} INFO - Setting next_dagrun for extract_exchange_rates to 2025-03-13T00:00:00+00:00, run_after=2025-03-14T00:00:00+00:00
[2025-03-13T03:06:26.960+0000] {processor.py:179} INFO - Processing /opt/airflow/dags/extract_exchange_rates.py took 0.044 seconds
[2025-03-13T03:06:57.176+0000] {processor.py:157} INFO - Started process (PID=6935) to work on /opt/airflow/dags/extract_exchange_rates.py
[2025-03-13T03:06:57.177+0000] {processor.py:829} INFO - Processing file /opt/airflow/dags/extract_exchange_rates.py for tasks to queue
[2025-03-13T03:06:57.178+0000] {logging_mixin.py:151} INFO - [2025-03-13T03:06:57.177+0000] {dagbag.py:536} INFO - Filling up the DagBag from /opt/airflow/dags/extract_exchange_rates.py
[2025-03-13T03:06:57.188+0000] {processor.py:839} INFO - DAG(s) dict_keys(['extract_exchange_rates']) retrieved from /opt/airflow/dags/extract_exchange_rates.py
[2025-03-13T03:06:57.201+0000] {logging_mixin.py:151} INFO - [2025-03-13T03:06:57.201+0000] {dag.py:2941} INFO - Sync 1 DAGs
[2025-03-13T03:06:57.210+0000] {logging_mixin.py:151} INFO - [2025-03-13T03:06:57.210+0000] {dag.py:3722} INFO - Setting next_dagrun for extract_exchange_rates to 2025-03-13T00:00:00+00:00, run_after=2025-03-14T00:00:00+00:00
[2025-03-13T03:06:57.219+0000] {processor.py:179} INFO - Processing /opt/airflow/dags/extract_exchange_rates.py took 0.045 seconds
[2025-03-13T03:07:27.422+0000] {processor.py:157} INFO - Started process (PID=6940) to work on /opt/airflow/dags/extract_exchange_rates.py
[2025-03-13T03:07:27.423+0000] {processor.py:829} INFO - Processing file /opt/airflow/dags/extract_exchange_rates.py for tasks to queue
[2025-03-13T03:07:27.424+0000] {logging_mixin.py:151} INFO - [2025-03-13T03:07:27.424+0000] {dagbag.py:536} INFO - Filling up the DagBag from /opt/airflow/dags/extract_exchange_rates.py
[2025-03-13T03:07:27.434+0000] {processor.py:839} INFO - DAG(s) dict_keys(['extract_exchange_rates']) retrieved from /opt/airflow/dags/extract_exchange_rates.py
[2025-03-13T03:07:27.448+0000] {logging_mixin.py:151} INFO - [2025-03-13T03:07:27.448+0000] {dag.py:2941} INFO - Sync 1 DAGs
[2025-03-13T03:07:27.458+0000] {logging_mixin.py:151} INFO - [2025-03-13T03:07:27.458+0000] {dag.py:3722} INFO - Setting next_dagrun for extract_exchange_rates to 2025-03-13T00:00:00+00:00, run_after=2025-03-14T00:00:00+00:00
[2025-03-13T03:07:27.466+0000] {processor.py:179} INFO - Processing /opt/airflow/dags/extract_exchange_rates.py took 0.046 seconds
[2025-03-13T03:07:57.680+0000] {processor.py:157} INFO - Started process (PID=6945) to work on /opt/airflow/dags/extract_exchange_rates.py
[2025-03-13T03:07:57.681+0000] {processor.py:829} INFO - Processing file /opt/airflow/dags/extract_exchange_rates.py for tasks to queue
[2025-03-13T03:07:57.682+0000] {logging_mixin.py:151} INFO - [2025-03-13T03:07:57.682+0000] {dagbag.py:536} INFO - Filling up the DagBag from /opt/airflow/dags/extract_exchange_rates.py
[2025-03-13T03:07:57.693+0000] {processor.py:839} INFO - DAG(s) dict_keys(['extract_exchange_rates']) retrieved from /opt/airflow/dags/extract_exchange_rates.py
[2025-03-13T03:07:57.706+0000] {logging_mixin.py:151} INFO - [2025-03-13T03:07:57.706+0000] {dag.py:2941} INFO - Sync 1 DAGs
[2025-03-13T03:07:57.716+0000] {logging_mixin.py:151} INFO - [2025-03-13T03:07:57.716+0000] {dag.py:3722} INFO - Setting next_dagrun for extract_exchange_rates to 2025-03-13T00:00:00+00:00, run_after=2025-03-14T00:00:00+00:00
[2025-03-13T03:07:57.723+0000] {processor.py:179} INFO - Processing /opt/airflow/dags/extract_exchange_rates.py took 0.045 seconds
[2025-03-13T03:08:27.909+0000] {processor.py:157} INFO - Started process (PID=6950) to work on /opt/airflow/dags/extract_exchange_rates.py
[2025-03-13T03:08:27.909+0000] {processor.py:829} INFO - Processing file /opt/airflow/dags/extract_exchange_rates.py for tasks to queue
[2025-03-13T03:08:27.910+0000] {logging_mixin.py:151} INFO - [2025-03-13T03:08:27.909+0000] {dagbag.py:536} INFO - Filling up the DagBag from /opt/airflow/dags/extract_exchange_rates.py
[2025-03-13T03:08:27.918+0000] {processor.py:839} INFO - DAG(s) dict_keys(['extract_exchange_rates']) retrieved from /opt/airflow/dags/extract_exchange_rates.py
[2025-03-13T03:08:27.929+0000] {logging_mixin.py:151} INFO - [2025-03-13T03:08:27.929+0000] {dag.py:2941} INFO - Sync 1 DAGs
[2025-03-13T03:08:27.938+0000] {logging_mixin.py:151} INFO - [2025-03-13T03:08:27.938+0000] {dag.py:3722} INFO - Setting next_dagrun for extract_exchange_rates to 2025-03-13T00:00:00+00:00, run_after=2025-03-14T00:00:00+00:00
[2025-03-13T03:08:27.944+0000] {processor.py:179} INFO - Processing /opt/airflow/dags/extract_exchange_rates.py took 0.037 seconds
[2025-03-13T03:08:58.160+0000] {processor.py:157} INFO - Started process (PID=6955) to work on /opt/airflow/dags/extract_exchange_rates.py
[2025-03-13T03:08:58.161+0000] {processor.py:829} INFO - Processing file /opt/airflow/dags/extract_exchange_rates.py for tasks to queue
[2025-03-13T03:08:58.162+0000] {logging_mixin.py:151} INFO - [2025-03-13T03:08:58.162+0000] {dagbag.py:536} INFO - Filling up the DagBag from /opt/airflow/dags/extract_exchange_rates.py
[2025-03-13T03:08:58.173+0000] {processor.py:839} INFO - DAG(s) dict_keys(['extract_exchange_rates']) retrieved from /opt/airflow/dags/extract_exchange_rates.py
[2025-03-13T03:08:58.187+0000] {logging_mixin.py:151} INFO - [2025-03-13T03:08:58.187+0000] {dag.py:2941} INFO - Sync 1 DAGs
[2025-03-13T03:08:58.197+0000] {logging_mixin.py:151} INFO - [2025-03-13T03:08:58.197+0000] {dag.py:3722} INFO - Setting next_dagrun for extract_exchange_rates to 2025-03-13T00:00:00+00:00, run_after=2025-03-14T00:00:00+00:00
[2025-03-13T03:08:58.204+0000] {processor.py:179} INFO - Processing /opt/airflow/dags/extract_exchange_rates.py took 0.047 seconds
[2025-03-13T03:09:28.417+0000] {processor.py:157} INFO - Started process (PID=6960) to work on /opt/airflow/dags/extract_exchange_rates.py
[2025-03-13T03:09:28.418+0000] {processor.py:829} INFO - Processing file /opt/airflow/dags/extract_exchange_rates.py for tasks to queue
[2025-03-13T03:09:28.419+0000] {logging_mixin.py:151} INFO - [2025-03-13T03:09:28.418+0000] {dagbag.py:536} INFO - Filling up the DagBag from /opt/airflow/dags/extract_exchange_rates.py
[2025-03-13T03:09:28.432+0000] {processor.py:839} INFO - DAG(s) dict_keys(['extract_exchange_rates']) retrieved from /opt/airflow/dags/extract_exchange_rates.py
[2025-03-13T03:09:28.448+0000] {logging_mixin.py:151} INFO - [2025-03-13T03:09:28.448+0000] {dag.py:2941} INFO - Sync 1 DAGs
[2025-03-13T03:09:28.458+0000] {logging_mixin.py:151} INFO - [2025-03-13T03:09:28.458+0000] {dag.py:3722} INFO - Setting next_dagrun for extract_exchange_rates to 2025-03-13T00:00:00+00:00, run_after=2025-03-14T00:00:00+00:00
[2025-03-13T03:09:28.465+0000] {processor.py:179} INFO - Processing /opt/airflow/dags/extract_exchange_rates.py took 0.052 seconds
[2025-03-13T03:09:58.650+0000] {processor.py:157} INFO - Started process (PID=6965) to work on /opt/airflow/dags/extract_exchange_rates.py
[2025-03-13T03:09:58.651+0000] {processor.py:829} INFO - Processing file /opt/airflow/dags/extract_exchange_rates.py for tasks to queue
[2025-03-13T03:09:58.651+0000] {logging_mixin.py:151} INFO - [2025-03-13T03:09:58.651+0000] {dagbag.py:536} INFO - Filling up the DagBag from /opt/airflow/dags/extract_exchange_rates.py
[2025-03-13T03:09:58.663+0000] {processor.py:839} INFO - DAG(s) dict_keys(['extract_exchange_rates']) retrieved from /opt/airflow/dags/extract_exchange_rates.py
[2025-03-13T03:09:58.678+0000] {logging_mixin.py:151} INFO - [2025-03-13T03:09:58.678+0000] {dag.py:2941} INFO - Sync 1 DAGs
[2025-03-13T03:09:58.689+0000] {logging_mixin.py:151} INFO - [2025-03-13T03:09:58.689+0000] {dag.py:3722} INFO - Setting next_dagrun for extract_exchange_rates to 2025-03-13T00:00:00+00:00, run_after=2025-03-14T00:00:00+00:00
[2025-03-13T03:09:58.696+0000] {processor.py:179} INFO - Processing /opt/airflow/dags/extract_exchange_rates.py took 0.049 seconds
[2025-03-13T03:10:28.908+0000] {processor.py:157} INFO - Started process (PID=6970) to work on /opt/airflow/dags/extract_exchange_rates.py
[2025-03-13T03:10:28.909+0000] {processor.py:829} INFO - Processing file /opt/airflow/dags/extract_exchange_rates.py for tasks to queue
[2025-03-13T03:10:28.910+0000] {logging_mixin.py:151} INFO - [2025-03-13T03:10:28.909+0000] {dagbag.py:536} INFO - Filling up the DagBag from /opt/airflow/dags/extract_exchange_rates.py
[2025-03-13T03:10:28.922+0000] {processor.py:839} INFO - DAG(s) dict_keys(['extract_exchange_rates']) retrieved from /opt/airflow/dags/extract_exchange_rates.py
[2025-03-13T03:10:28.934+0000] {logging_mixin.py:151} INFO - [2025-03-13T03:10:28.934+0000] {dag.py:2941} INFO - Sync 1 DAGs
[2025-03-13T03:10:28.945+0000] {logging_mixin.py:151} INFO - [2025-03-13T03:10:28.945+0000] {dag.py:3722} INFO - Setting next_dagrun for extract_exchange_rates to 2025-03-13T00:00:00+00:00, run_after=2025-03-14T00:00:00+00:00
[2025-03-13T03:10:28.952+0000] {processor.py:179} INFO - Processing /opt/airflow/dags/extract_exchange_rates.py took 0.047 seconds
[2025-03-13T03:10:59.158+0000] {processor.py:157} INFO - Started process (PID=6975) to work on /opt/airflow/dags/extract_exchange_rates.py
[2025-03-13T03:10:59.160+0000] {processor.py:829} INFO - Processing file /opt/airflow/dags/extract_exchange_rates.py for tasks to queue
[2025-03-13T03:10:59.161+0000] {logging_mixin.py:151} INFO - [2025-03-13T03:10:59.160+0000] {dagbag.py:536} INFO - Filling up the DagBag from /opt/airflow/dags/extract_exchange_rates.py
[2025-03-13T03:10:59.172+0000] {processor.py:839} INFO - DAG(s) dict_keys(['extract_exchange_rates']) retrieved from /opt/airflow/dags/extract_exchange_rates.py
[2025-03-13T03:10:59.185+0000] {logging_mixin.py:151} INFO - [2025-03-13T03:10:59.185+0000] {dag.py:2941} INFO - Sync 1 DAGs
[2025-03-13T03:10:59.195+0000] {logging_mixin.py:151} INFO - [2025-03-13T03:10:59.195+0000] {dag.py:3722} INFO - Setting next_dagrun for extract_exchange_rates to 2025-03-13T00:00:00+00:00, run_after=2025-03-14T00:00:00+00:00
[2025-03-13T03:10:59.202+0000] {processor.py:179} INFO - Processing /opt/airflow/dags/extract_exchange_rates.py took 0.046 seconds
[2025-03-13T03:11:29.403+0000] {processor.py:157} INFO - Started process (PID=6980) to work on /opt/airflow/dags/extract_exchange_rates.py
[2025-03-13T03:11:29.403+0000] {processor.py:829} INFO - Processing file /opt/airflow/dags/extract_exchange_rates.py for tasks to queue
[2025-03-13T03:11:29.404+0000] {logging_mixin.py:151} INFO - [2025-03-13T03:11:29.404+0000] {dagbag.py:536} INFO - Filling up the DagBag from /opt/airflow/dags/extract_exchange_rates.py
[2025-03-13T03:11:29.415+0000] {processor.py:839} INFO - DAG(s) dict_keys(['extract_exchange_rates']) retrieved from /opt/airflow/dags/extract_exchange_rates.py
[2025-03-13T03:11:29.433+0000] {logging_mixin.py:151} INFO - [2025-03-13T03:11:29.433+0000] {dag.py:2941} INFO - Sync 1 DAGs
[2025-03-13T03:11:29.445+0000] {logging_mixin.py:151} INFO - [2025-03-13T03:11:29.444+0000] {dag.py:3722} INFO - Setting next_dagrun for extract_exchange_rates to 2025-03-13T00:00:00+00:00, run_after=2025-03-14T00:00:00+00:00
[2025-03-13T03:11:29.454+0000] {processor.py:179} INFO - Processing /opt/airflow/dags/extract_exchange_rates.py took 0.054 seconds
[2025-03-13T03:11:59.623+0000] {processor.py:157} INFO - Started process (PID=6985) to work on /opt/airflow/dags/extract_exchange_rates.py
[2025-03-13T03:11:59.624+0000] {processor.py:829} INFO - Processing file /opt/airflow/dags/extract_exchange_rates.py for tasks to queue
[2025-03-13T03:11:59.624+0000] {logging_mixin.py:151} INFO - [2025-03-13T03:11:59.624+0000] {dagbag.py:536} INFO - Filling up the DagBag from /opt/airflow/dags/extract_exchange_rates.py
[2025-03-13T03:11:59.634+0000] {processor.py:839} INFO - DAG(s) dict_keys(['extract_exchange_rates']) retrieved from /opt/airflow/dags/extract_exchange_rates.py
[2025-03-13T03:11:59.648+0000] {logging_mixin.py:151} INFO - [2025-03-13T03:11:59.648+0000] {dag.py:2941} INFO - Sync 1 DAGs
[2025-03-13T03:11:59.659+0000] {logging_mixin.py:151} INFO - [2025-03-13T03:11:59.659+0000] {dag.py:3722} INFO - Setting next_dagrun for extract_exchange_rates to 2025-03-13T00:00:00+00:00, run_after=2025-03-14T00:00:00+00:00
[2025-03-13T03:11:59.666+0000] {processor.py:179} INFO - Processing /opt/airflow/dags/extract_exchange_rates.py took 0.045 seconds
[2025-03-13T03:12:29.826+0000] {processor.py:157} INFO - Started process (PID=6990) to work on /opt/airflow/dags/extract_exchange_rates.py
[2025-03-13T03:12:29.827+0000] {processor.py:829} INFO - Processing file /opt/airflow/dags/extract_exchange_rates.py for tasks to queue
[2025-03-13T03:12:29.828+0000] {logging_mixin.py:151} INFO - [2025-03-13T03:12:29.828+0000] {dagbag.py:536} INFO - Filling up the DagBag from /opt/airflow/dags/extract_exchange_rates.py
[2025-03-13T03:12:29.838+0000] {processor.py:839} INFO - DAG(s) dict_keys(['extract_exchange_rates']) retrieved from /opt/airflow/dags/extract_exchange_rates.py
[2025-03-13T03:12:29.852+0000] {logging_mixin.py:151} INFO - [2025-03-13T03:12:29.852+0000] {dag.py:2941} INFO - Sync 1 DAGs
[2025-03-13T03:12:29.862+0000] {logging_mixin.py:151} INFO - [2025-03-13T03:12:29.862+0000] {dag.py:3722} INFO - Setting next_dagrun for extract_exchange_rates to 2025-03-13T00:00:00+00:00, run_after=2025-03-14T00:00:00+00:00
[2025-03-13T03:12:29.871+0000] {processor.py:179} INFO - Processing /opt/airflow/dags/extract_exchange_rates.py took 0.047 seconds
[2025-03-13T03:13:00.055+0000] {processor.py:157} INFO - Started process (PID=6995) to work on /opt/airflow/dags/extract_exchange_rates.py
[2025-03-13T03:13:00.056+0000] {processor.py:829} INFO - Processing file /opt/airflow/dags/extract_exchange_rates.py for tasks to queue
[2025-03-13T03:13:00.057+0000] {logging_mixin.py:151} INFO - [2025-03-13T03:13:00.057+0000] {dagbag.py:536} INFO - Filling up the DagBag from /opt/airflow/dags/extract_exchange_rates.py
[2025-03-13T03:13:00.067+0000] {processor.py:839} INFO - DAG(s) dict_keys(['extract_exchange_rates']) retrieved from /opt/airflow/dags/extract_exchange_rates.py
[2025-03-13T03:13:00.081+0000] {logging_mixin.py:151} INFO - [2025-03-13T03:13:00.081+0000] {dag.py:2941} INFO - Sync 1 DAGs
[2025-03-13T03:13:00.091+0000] {logging_mixin.py:151} INFO - [2025-03-13T03:13:00.091+0000] {dag.py:3722} INFO - Setting next_dagrun for extract_exchange_rates to 2025-03-13T00:00:00+00:00, run_after=2025-03-14T00:00:00+00:00
[2025-03-13T03:13:00.099+0000] {processor.py:179} INFO - Processing /opt/airflow/dags/extract_exchange_rates.py took 0.046 seconds
[2025-03-13T03:13:30.304+0000] {processor.py:157} INFO - Started process (PID=7000) to work on /opt/airflow/dags/extract_exchange_rates.py
[2025-03-13T03:13:30.305+0000] {processor.py:829} INFO - Processing file /opt/airflow/dags/extract_exchange_rates.py for tasks to queue
[2025-03-13T03:13:30.305+0000] {logging_mixin.py:151} INFO - [2025-03-13T03:13:30.305+0000] {dagbag.py:536} INFO - Filling up the DagBag from /opt/airflow/dags/extract_exchange_rates.py
[2025-03-13T03:13:30.318+0000] {processor.py:839} INFO - DAG(s) dict_keys(['extract_exchange_rates']) retrieved from /opt/airflow/dags/extract_exchange_rates.py
[2025-03-13T03:13:30.331+0000] {logging_mixin.py:151} INFO - [2025-03-13T03:13:30.331+0000] {dag.py:2941} INFO - Sync 1 DAGs
[2025-03-13T03:13:30.341+0000] {logging_mixin.py:151} INFO - [2025-03-13T03:13:30.341+0000] {dag.py:3722} INFO - Setting next_dagrun for extract_exchange_rates to 2025-03-13T00:00:00+00:00, run_after=2025-03-14T00:00:00+00:00
[2025-03-13T03:13:30.348+0000] {processor.py:179} INFO - Processing /opt/airflow/dags/extract_exchange_rates.py took 0.047 seconds
[2025-03-13T03:14:00.573+0000] {processor.py:157} INFO - Started process (PID=7005) to work on /opt/airflow/dags/extract_exchange_rates.py
[2025-03-13T03:14:00.574+0000] {processor.py:829} INFO - Processing file /opt/airflow/dags/extract_exchange_rates.py for tasks to queue
[2025-03-13T03:14:00.575+0000] {logging_mixin.py:151} INFO - [2025-03-13T03:14:00.575+0000] {dagbag.py:536} INFO - Filling up the DagBag from /opt/airflow/dags/extract_exchange_rates.py
[2025-03-13T03:14:00.585+0000] {processor.py:839} INFO - DAG(s) dict_keys(['extract_exchange_rates']) retrieved from /opt/airflow/dags/extract_exchange_rates.py
[2025-03-13T03:14:00.603+0000] {logging_mixin.py:151} INFO - [2025-03-13T03:14:00.603+0000] {dag.py:2941} INFO - Sync 1 DAGs
[2025-03-13T03:14:00.614+0000] {logging_mixin.py:151} INFO - [2025-03-13T03:14:00.614+0000] {dag.py:3722} INFO - Setting next_dagrun for extract_exchange_rates to 2025-03-13T00:00:00+00:00, run_after=2025-03-14T00:00:00+00:00
[2025-03-13T03:14:00.622+0000] {processor.py:179} INFO - Processing /opt/airflow/dags/extract_exchange_rates.py took 0.052 seconds
[2025-03-13T03:14:30.827+0000] {processor.py:157} INFO - Started process (PID=7010) to work on /opt/airflow/dags/extract_exchange_rates.py
[2025-03-13T03:14:30.828+0000] {processor.py:829} INFO - Processing file /opt/airflow/dags/extract_exchange_rates.py for tasks to queue
[2025-03-13T03:14:30.829+0000] {logging_mixin.py:151} INFO - [2025-03-13T03:14:30.828+0000] {dagbag.py:536} INFO - Filling up the DagBag from /opt/airflow/dags/extract_exchange_rates.py
[2025-03-13T03:14:30.840+0000] {processor.py:839} INFO - DAG(s) dict_keys(['extract_exchange_rates']) retrieved from /opt/airflow/dags/extract_exchange_rates.py
[2025-03-13T03:14:30.853+0000] {logging_mixin.py:151} INFO - [2025-03-13T03:14:30.853+0000] {dag.py:2941} INFO - Sync 1 DAGs
[2025-03-13T03:14:30.862+0000] {logging_mixin.py:151} INFO - [2025-03-13T03:14:30.862+0000] {dag.py:3722} INFO - Setting next_dagrun for extract_exchange_rates to 2025-03-13T00:00:00+00:00, run_after=2025-03-14T00:00:00+00:00
[2025-03-13T03:14:30.870+0000] {processor.py:179} INFO - Processing /opt/airflow/dags/extract_exchange_rates.py took 0.046 seconds
[2025-03-13T03:15:01.045+0000] {processor.py:157} INFO - Started process (PID=7015) to work on /opt/airflow/dags/extract_exchange_rates.py
[2025-03-13T03:15:01.046+0000] {processor.py:829} INFO - Processing file /opt/airflow/dags/extract_exchange_rates.py for tasks to queue
[2025-03-13T03:15:01.047+0000] {logging_mixin.py:151} INFO - [2025-03-13T03:15:01.047+0000] {dagbag.py:536} INFO - Filling up the DagBag from /opt/airflow/dags/extract_exchange_rates.py
[2025-03-13T03:15:01.057+0000] {processor.py:839} INFO - DAG(s) dict_keys(['extract_exchange_rates']) retrieved from /opt/airflow/dags/extract_exchange_rates.py
[2025-03-13T03:15:01.071+0000] {logging_mixin.py:151} INFO - [2025-03-13T03:15:01.071+0000] {dag.py:2941} INFO - Sync 1 DAGs
[2025-03-13T03:15:01.081+0000] {logging_mixin.py:151} INFO - [2025-03-13T03:15:01.081+0000] {dag.py:3722} INFO - Setting next_dagrun for extract_exchange_rates to 2025-03-13T00:00:00+00:00, run_after=2025-03-14T00:00:00+00:00
[2025-03-13T03:15:01.088+0000] {processor.py:179} INFO - Processing /opt/airflow/dags/extract_exchange_rates.py took 0.045 seconds
[2025-03-13T03:15:31.272+0000] {processor.py:157} INFO - Started process (PID=7020) to work on /opt/airflow/dags/extract_exchange_rates.py
[2025-03-13T03:15:31.273+0000] {processor.py:829} INFO - Processing file /opt/airflow/dags/extract_exchange_rates.py for tasks to queue
[2025-03-13T03:15:31.274+0000] {logging_mixin.py:151} INFO - [2025-03-13T03:15:31.274+0000] {dagbag.py:536} INFO - Filling up the DagBag from /opt/airflow/dags/extract_exchange_rates.py
[2025-03-13T03:15:31.285+0000] {processor.py:839} INFO - DAG(s) dict_keys(['extract_exchange_rates']) retrieved from /opt/airflow/dags/extract_exchange_rates.py
[2025-03-13T03:15:31.300+0000] {logging_mixin.py:151} INFO - [2025-03-13T03:15:31.300+0000] {dag.py:2941} INFO - Sync 1 DAGs
[2025-03-13T03:15:31.309+0000] {logging_mixin.py:151} INFO - [2025-03-13T03:15:31.309+0000] {dag.py:3722} INFO - Setting next_dagrun for extract_exchange_rates to 2025-03-13T00:00:00+00:00, run_after=2025-03-14T00:00:00+00:00
[2025-03-13T03:15:31.317+0000] {processor.py:179} INFO - Processing /opt/airflow/dags/extract_exchange_rates.py took 0.047 seconds
[2025-03-13T03:16:01.502+0000] {processor.py:157} INFO - Started process (PID=7025) to work on /opt/airflow/dags/extract_exchange_rates.py
[2025-03-13T03:16:01.503+0000] {processor.py:829} INFO - Processing file /opt/airflow/dags/extract_exchange_rates.py for tasks to queue
[2025-03-13T03:16:01.503+0000] {logging_mixin.py:151} INFO - [2025-03-13T03:16:01.503+0000] {dagbag.py:536} INFO - Filling up the DagBag from /opt/airflow/dags/extract_exchange_rates.py
[2025-03-13T03:16:01.515+0000] {processor.py:839} INFO - DAG(s) dict_keys(['extract_exchange_rates']) retrieved from /opt/airflow/dags/extract_exchange_rates.py
[2025-03-13T03:16:01.529+0000] {logging_mixin.py:151} INFO - [2025-03-13T03:16:01.529+0000] {dag.py:2941} INFO - Sync 1 DAGs
[2025-03-13T03:16:01.538+0000] {logging_mixin.py:151} INFO - [2025-03-13T03:16:01.538+0000] {dag.py:3722} INFO - Setting next_dagrun for extract_exchange_rates to 2025-03-13T00:00:00+00:00, run_after=2025-03-14T00:00:00+00:00
[2025-03-13T03:16:01.546+0000] {processor.py:179} INFO - Processing /opt/airflow/dags/extract_exchange_rates.py took 0.046 seconds
[2025-03-13T03:16:31.745+0000] {processor.py:157} INFO - Started process (PID=7030) to work on /opt/airflow/dags/extract_exchange_rates.py
[2025-03-13T03:16:31.745+0000] {processor.py:829} INFO - Processing file /opt/airflow/dags/extract_exchange_rates.py for tasks to queue
[2025-03-13T03:16:31.746+0000] {logging_mixin.py:151} INFO - [2025-03-13T03:16:31.746+0000] {dagbag.py:536} INFO - Filling up the DagBag from /opt/airflow/dags/extract_exchange_rates.py
[2025-03-13T03:16:31.757+0000] {processor.py:839} INFO - DAG(s) dict_keys(['extract_exchange_rates']) retrieved from /opt/airflow/dags/extract_exchange_rates.py
[2025-03-13T03:16:31.770+0000] {logging_mixin.py:151} INFO - [2025-03-13T03:16:31.770+0000] {dag.py:2941} INFO - Sync 1 DAGs
[2025-03-13T03:16:31.780+0000] {logging_mixin.py:151} INFO - [2025-03-13T03:16:31.780+0000] {dag.py:3722} INFO - Setting next_dagrun for extract_exchange_rates to 2025-03-13T00:00:00+00:00, run_after=2025-03-14T00:00:00+00:00
[2025-03-13T03:16:31.788+0000] {processor.py:179} INFO - Processing /opt/airflow/dags/extract_exchange_rates.py took 0.046 seconds
[2025-03-13T03:17:01.979+0000] {processor.py:157} INFO - Started process (PID=7035) to work on /opt/airflow/dags/extract_exchange_rates.py
[2025-03-13T03:17:01.979+0000] {processor.py:829} INFO - Processing file /opt/airflow/dags/extract_exchange_rates.py for tasks to queue
[2025-03-13T03:17:01.980+0000] {logging_mixin.py:151} INFO - [2025-03-13T03:17:01.980+0000] {dagbag.py:536} INFO - Filling up the DagBag from /opt/airflow/dags/extract_exchange_rates.py
[2025-03-13T03:17:01.990+0000] {processor.py:839} INFO - DAG(s) dict_keys(['extract_exchange_rates']) retrieved from /opt/airflow/dags/extract_exchange_rates.py
[2025-03-13T03:17:02.004+0000] {logging_mixin.py:151} INFO - [2025-03-13T03:17:02.003+0000] {dag.py:2941} INFO - Sync 1 DAGs
[2025-03-13T03:17:02.013+0000] {logging_mixin.py:151} INFO - [2025-03-13T03:17:02.013+0000] {dag.py:3722} INFO - Setting next_dagrun for extract_exchange_rates to 2025-03-13T00:00:00+00:00, run_after=2025-03-14T00:00:00+00:00
[2025-03-13T03:17:02.020+0000] {processor.py:179} INFO - Processing /opt/airflow/dags/extract_exchange_rates.py took 0.044 seconds
[2025-03-13T03:17:32.223+0000] {processor.py:157} INFO - Started process (PID=7040) to work on /opt/airflow/dags/extract_exchange_rates.py
[2025-03-13T03:17:32.225+0000] {processor.py:829} INFO - Processing file /opt/airflow/dags/extract_exchange_rates.py for tasks to queue
[2025-03-13T03:17:32.226+0000] {logging_mixin.py:151} INFO - [2025-03-13T03:17:32.225+0000] {dagbag.py:536} INFO - Filling up the DagBag from /opt/airflow/dags/extract_exchange_rates.py
[2025-03-13T03:17:32.241+0000] {processor.py:839} INFO - DAG(s) dict_keys(['extract_exchange_rates']) retrieved from /opt/airflow/dags/extract_exchange_rates.py
[2025-03-13T03:17:32.260+0000] {logging_mixin.py:151} INFO - [2025-03-13T03:17:32.259+0000] {dag.py:2941} INFO - Sync 1 DAGs
[2025-03-13T03:17:32.271+0000] {logging_mixin.py:151} INFO - [2025-03-13T03:17:32.271+0000] {dag.py:3722} INFO - Setting next_dagrun for extract_exchange_rates to 2025-03-13T00:00:00+00:00, run_after=2025-03-14T00:00:00+00:00
[2025-03-13T03:17:32.278+0000] {processor.py:179} INFO - Processing /opt/airflow/dags/extract_exchange_rates.py took 0.059 seconds
[2025-03-13T03:18:02.461+0000] {processor.py:157} INFO - Started process (PID=7045) to work on /opt/airflow/dags/extract_exchange_rates.py
[2025-03-13T03:18:02.461+0000] {processor.py:829} INFO - Processing file /opt/airflow/dags/extract_exchange_rates.py for tasks to queue
[2025-03-13T03:18:02.462+0000] {logging_mixin.py:151} INFO - [2025-03-13T03:18:02.462+0000] {dagbag.py:536} INFO - Filling up the DagBag from /opt/airflow/dags/extract_exchange_rates.py
[2025-03-13T03:18:02.473+0000] {processor.py:839} INFO - DAG(s) dict_keys(['extract_exchange_rates']) retrieved from /opt/airflow/dags/extract_exchange_rates.py
[2025-03-13T03:18:02.488+0000] {logging_mixin.py:151} INFO - [2025-03-13T03:18:02.488+0000] {dag.py:2941} INFO - Sync 1 DAGs
[2025-03-13T03:18:02.498+0000] {logging_mixin.py:151} INFO - [2025-03-13T03:18:02.497+0000] {dag.py:3722} INFO - Setting next_dagrun for extract_exchange_rates to 2025-03-13T00:00:00+00:00, run_after=2025-03-14T00:00:00+00:00
[2025-03-13T03:18:02.505+0000] {processor.py:179} INFO - Processing /opt/airflow/dags/extract_exchange_rates.py took 0.047 seconds
[2025-03-13T03:18:32.695+0000] {processor.py:157} INFO - Started process (PID=7050) to work on /opt/airflow/dags/extract_exchange_rates.py
[2025-03-13T03:18:32.696+0000] {processor.py:829} INFO - Processing file /opt/airflow/dags/extract_exchange_rates.py for tasks to queue
[2025-03-13T03:18:32.697+0000] {logging_mixin.py:151} INFO - [2025-03-13T03:18:32.697+0000] {dagbag.py:536} INFO - Filling up the DagBag from /opt/airflow/dags/extract_exchange_rates.py
[2025-03-13T03:18:32.712+0000] {processor.py:839} INFO - DAG(s) dict_keys(['extract_exchange_rates']) retrieved from /opt/airflow/dags/extract_exchange_rates.py
[2025-03-13T03:18:32.726+0000] {logging_mixin.py:151} INFO - [2025-03-13T03:18:32.726+0000] {dag.py:2941} INFO - Sync 1 DAGs
[2025-03-13T03:18:32.735+0000] {logging_mixin.py:151} INFO - [2025-03-13T03:18:32.735+0000] {dag.py:3722} INFO - Setting next_dagrun for extract_exchange_rates to 2025-03-13T00:00:00+00:00, run_after=2025-03-14T00:00:00+00:00
[2025-03-13T03:18:32.742+0000] {processor.py:179} INFO - Processing /opt/airflow/dags/extract_exchange_rates.py took 0.050 seconds
[2025-03-13T03:19:02.904+0000] {processor.py:157} INFO - Started process (PID=7055) to work on /opt/airflow/dags/extract_exchange_rates.py
[2025-03-13T03:19:02.904+0000] {processor.py:829} INFO - Processing file /opt/airflow/dags/extract_exchange_rates.py for tasks to queue
[2025-03-13T03:19:02.905+0000] {logging_mixin.py:151} INFO - [2025-03-13T03:19:02.905+0000] {dagbag.py:536} INFO - Filling up the DagBag from /opt/airflow/dags/extract_exchange_rates.py
[2025-03-13T03:19:02.916+0000] {processor.py:839} INFO - DAG(s) dict_keys(['extract_exchange_rates']) retrieved from /opt/airflow/dags/extract_exchange_rates.py
[2025-03-13T03:19:02.931+0000] {logging_mixin.py:151} INFO - [2025-03-13T03:19:02.930+0000] {dag.py:2941} INFO - Sync 1 DAGs
[2025-03-13T03:19:02.941+0000] {logging_mixin.py:151} INFO - [2025-03-13T03:19:02.941+0000] {dag.py:3722} INFO - Setting next_dagrun for extract_exchange_rates to 2025-03-13T00:00:00+00:00, run_after=2025-03-14T00:00:00+00:00
[2025-03-13T03:19:02.949+0000] {processor.py:179} INFO - Processing /opt/airflow/dags/extract_exchange_rates.py took 0.048 seconds
[2025-03-13T03:19:33.134+0000] {processor.py:157} INFO - Started process (PID=7060) to work on /opt/airflow/dags/extract_exchange_rates.py
[2025-03-13T03:19:33.135+0000] {processor.py:829} INFO - Processing file /opt/airflow/dags/extract_exchange_rates.py for tasks to queue
[2025-03-13T03:19:33.136+0000] {logging_mixin.py:151} INFO - [2025-03-13T03:19:33.135+0000] {dagbag.py:536} INFO - Filling up the DagBag from /opt/airflow/dags/extract_exchange_rates.py
[2025-03-13T03:19:33.146+0000] {processor.py:839} INFO - DAG(s) dict_keys(['extract_exchange_rates']) retrieved from /opt/airflow/dags/extract_exchange_rates.py
[2025-03-13T03:19:33.161+0000] {logging_mixin.py:151} INFO - [2025-03-13T03:19:33.161+0000] {dag.py:2941} INFO - Sync 1 DAGs
[2025-03-13T03:19:33.173+0000] {logging_mixin.py:151} INFO - [2025-03-13T03:19:33.173+0000] {dag.py:3722} INFO - Setting next_dagrun for extract_exchange_rates to 2025-03-13T00:00:00+00:00, run_after=2025-03-14T00:00:00+00:00
[2025-03-13T03:19:33.180+0000] {processor.py:179} INFO - Processing /opt/airflow/dags/extract_exchange_rates.py took 0.048 seconds
[2025-03-13T03:20:03.388+0000] {processor.py:157} INFO - Started process (PID=7065) to work on /opt/airflow/dags/extract_exchange_rates.py
[2025-03-13T03:20:03.389+0000] {processor.py:829} INFO - Processing file /opt/airflow/dags/extract_exchange_rates.py for tasks to queue
[2025-03-13T03:20:03.389+0000] {logging_mixin.py:151} INFO - [2025-03-13T03:20:03.389+0000] {dagbag.py:536} INFO - Filling up the DagBag from /opt/airflow/dags/extract_exchange_rates.py
[2025-03-13T03:20:03.401+0000] {processor.py:839} INFO - DAG(s) dict_keys(['extract_exchange_rates']) retrieved from /opt/airflow/dags/extract_exchange_rates.py
[2025-03-13T03:20:03.420+0000] {logging_mixin.py:151} INFO - [2025-03-13T03:20:03.420+0000] {dag.py:2941} INFO - Sync 1 DAGs
[2025-03-13T03:20:03.430+0000] {logging_mixin.py:151} INFO - [2025-03-13T03:20:03.430+0000] {dag.py:3722} INFO - Setting next_dagrun for extract_exchange_rates to 2025-03-13T00:00:00+00:00, run_after=2025-03-14T00:00:00+00:00
[2025-03-13T03:20:03.437+0000] {processor.py:179} INFO - Processing /opt/airflow/dags/extract_exchange_rates.py took 0.052 seconds
[2025-03-13T03:20:33.636+0000] {processor.py:157} INFO - Started process (PID=7070) to work on /opt/airflow/dags/extract_exchange_rates.py
[2025-03-13T03:20:33.637+0000] {processor.py:829} INFO - Processing file /opt/airflow/dags/extract_exchange_rates.py for tasks to queue
[2025-03-13T03:20:33.638+0000] {logging_mixin.py:151} INFO - [2025-03-13T03:20:33.637+0000] {dagbag.py:536} INFO - Filling up the DagBag from /opt/airflow/dags/extract_exchange_rates.py
[2025-03-13T03:20:33.648+0000] {processor.py:839} INFO - DAG(s) dict_keys(['extract_exchange_rates']) retrieved from /opt/airflow/dags/extract_exchange_rates.py
[2025-03-13T03:20:33.662+0000] {logging_mixin.py:151} INFO - [2025-03-13T03:20:33.662+0000] {dag.py:2941} INFO - Sync 1 DAGs
[2025-03-13T03:20:33.671+0000] {logging_mixin.py:151} INFO - [2025-03-13T03:20:33.671+0000] {dag.py:3722} INFO - Setting next_dagrun for extract_exchange_rates to 2025-03-13T00:00:00+00:00, run_after=2025-03-14T00:00:00+00:00
[2025-03-13T03:20:33.679+0000] {processor.py:179} INFO - Processing /opt/airflow/dags/extract_exchange_rates.py took 0.045 seconds
[2025-03-13T03:21:03.873+0000] {processor.py:157} INFO - Started process (PID=7075) to work on /opt/airflow/dags/extract_exchange_rates.py
[2025-03-13T03:21:03.874+0000] {processor.py:829} INFO - Processing file /opt/airflow/dags/extract_exchange_rates.py for tasks to queue
[2025-03-13T03:21:03.875+0000] {logging_mixin.py:151} INFO - [2025-03-13T03:21:03.875+0000] {dagbag.py:536} INFO - Filling up the DagBag from /opt/airflow/dags/extract_exchange_rates.py
[2025-03-13T03:21:03.884+0000] {processor.py:839} INFO - DAG(s) dict_keys(['extract_exchange_rates']) retrieved from /opt/airflow/dags/extract_exchange_rates.py
[2025-03-13T03:21:03.897+0000] {logging_mixin.py:151} INFO - [2025-03-13T03:21:03.897+0000] {dag.py:2941} INFO - Sync 1 DAGs
[2025-03-13T03:21:03.907+0000] {logging_mixin.py:151} INFO - [2025-03-13T03:21:03.907+0000] {dag.py:3722} INFO - Setting next_dagrun for extract_exchange_rates to 2025-03-13T00:00:00+00:00, run_after=2025-03-14T00:00:00+00:00
[2025-03-13T03:21:03.914+0000] {processor.py:179} INFO - Processing /opt/airflow/dags/extract_exchange_rates.py took 0.044 seconds
[2025-03-13T03:21:34.108+0000] {processor.py:157} INFO - Started process (PID=7080) to work on /opt/airflow/dags/extract_exchange_rates.py
[2025-03-13T03:21:34.108+0000] {processor.py:829} INFO - Processing file /opt/airflow/dags/extract_exchange_rates.py for tasks to queue
[2025-03-13T03:21:34.109+0000] {logging_mixin.py:151} INFO - [2025-03-13T03:21:34.109+0000] {dagbag.py:536} INFO - Filling up the DagBag from /opt/airflow/dags/extract_exchange_rates.py
[2025-03-13T03:21:34.119+0000] {processor.py:839} INFO - DAG(s) dict_keys(['extract_exchange_rates']) retrieved from /opt/airflow/dags/extract_exchange_rates.py
[2025-03-13T03:21:34.133+0000] {logging_mixin.py:151} INFO - [2025-03-13T03:21:34.133+0000] {dag.py:2941} INFO - Sync 1 DAGs
[2025-03-13T03:21:34.143+0000] {logging_mixin.py:151} INFO - [2025-03-13T03:21:34.143+0000] {dag.py:3722} INFO - Setting next_dagrun for extract_exchange_rates to 2025-03-13T00:00:00+00:00, run_after=2025-03-14T00:00:00+00:00
[2025-03-13T03:21:34.151+0000] {processor.py:179} INFO - Processing /opt/airflow/dags/extract_exchange_rates.py took 0.045 seconds
[2025-03-13T03:22:04.335+0000] {processor.py:157} INFO - Started process (PID=7085) to work on /opt/airflow/dags/extract_exchange_rates.py
[2025-03-13T03:22:04.336+0000] {processor.py:829} INFO - Processing file /opt/airflow/dags/extract_exchange_rates.py for tasks to queue
[2025-03-13T03:22:04.337+0000] {logging_mixin.py:151} INFO - [2025-03-13T03:22:04.337+0000] {dagbag.py:536} INFO - Filling up the DagBag from /opt/airflow/dags/extract_exchange_rates.py
[2025-03-13T03:22:04.347+0000] {processor.py:839} INFO - DAG(s) dict_keys(['extract_exchange_rates']) retrieved from /opt/airflow/dags/extract_exchange_rates.py
[2025-03-13T03:22:04.362+0000] {logging_mixin.py:151} INFO - [2025-03-13T03:22:04.362+0000] {dag.py:2941} INFO - Sync 1 DAGs
[2025-03-13T03:22:04.372+0000] {logging_mixin.py:151} INFO - [2025-03-13T03:22:04.372+0000] {dag.py:3722} INFO - Setting next_dagrun for extract_exchange_rates to 2025-03-13T00:00:00+00:00, run_after=2025-03-14T00:00:00+00:00
[2025-03-13T03:22:04.379+0000] {processor.py:179} INFO - Processing /opt/airflow/dags/extract_exchange_rates.py took 0.046 seconds
[2025-03-13T03:22:34.577+0000] {processor.py:157} INFO - Started process (PID=7090) to work on /opt/airflow/dags/extract_exchange_rates.py
[2025-03-13T03:22:34.578+0000] {processor.py:829} INFO - Processing file /opt/airflow/dags/extract_exchange_rates.py for tasks to queue
[2025-03-13T03:22:34.579+0000] {logging_mixin.py:151} INFO - [2025-03-13T03:22:34.578+0000] {dagbag.py:536} INFO - Filling up the DagBag from /opt/airflow/dags/extract_exchange_rates.py
[2025-03-13T03:22:34.590+0000] {processor.py:839} INFO - DAG(s) dict_keys(['extract_exchange_rates']) retrieved from /opt/airflow/dags/extract_exchange_rates.py
[2025-03-13T03:22:34.606+0000] {logging_mixin.py:151} INFO - [2025-03-13T03:22:34.606+0000] {dag.py:2941} INFO - Sync 1 DAGs
[2025-03-13T03:22:34.617+0000] {logging_mixin.py:151} INFO - [2025-03-13T03:22:34.617+0000] {dag.py:3722} INFO - Setting next_dagrun for extract_exchange_rates to 2025-03-13T00:00:00+00:00, run_after=2025-03-14T00:00:00+00:00
[2025-03-13T03:22:34.624+0000] {processor.py:179} INFO - Processing /opt/airflow/dags/extract_exchange_rates.py took 0.049 seconds
[2025-03-13T03:23:04.790+0000] {processor.py:157} INFO - Started process (PID=7095) to work on /opt/airflow/dags/extract_exchange_rates.py
[2025-03-13T03:23:04.790+0000] {processor.py:829} INFO - Processing file /opt/airflow/dags/extract_exchange_rates.py for tasks to queue
[2025-03-13T03:23:04.791+0000] {logging_mixin.py:151} INFO - [2025-03-13T03:23:04.791+0000] {dagbag.py:536} INFO - Filling up the DagBag from /opt/airflow/dags/extract_exchange_rates.py
[2025-03-13T03:23:04.800+0000] {processor.py:839} INFO - DAG(s) dict_keys(['extract_exchange_rates']) retrieved from /opt/airflow/dags/extract_exchange_rates.py
[2025-03-13T03:23:04.814+0000] {logging_mixin.py:151} INFO - [2025-03-13T03:23:04.814+0000] {dag.py:2941} INFO - Sync 1 DAGs
[2025-03-13T03:23:04.824+0000] {logging_mixin.py:151} INFO - [2025-03-13T03:23:04.824+0000] {dag.py:3722} INFO - Setting next_dagrun for extract_exchange_rates to 2025-03-13T00:00:00+00:00, run_after=2025-03-14T00:00:00+00:00
[2025-03-13T03:23:04.832+0000] {processor.py:179} INFO - Processing /opt/airflow/dags/extract_exchange_rates.py took 0.044 seconds
[2025-03-13T03:23:35.043+0000] {processor.py:157} INFO - Started process (PID=7100) to work on /opt/airflow/dags/extract_exchange_rates.py
[2025-03-13T03:23:35.044+0000] {processor.py:829} INFO - Processing file /opt/airflow/dags/extract_exchange_rates.py for tasks to queue
[2025-03-13T03:23:35.044+0000] {logging_mixin.py:151} INFO - [2025-03-13T03:23:35.044+0000] {dagbag.py:536} INFO - Filling up the DagBag from /opt/airflow/dags/extract_exchange_rates.py
[2025-03-13T03:23:35.055+0000] {processor.py:839} INFO - DAG(s) dict_keys(['extract_exchange_rates']) retrieved from /opt/airflow/dags/extract_exchange_rates.py
[2025-03-13T03:23:35.068+0000] {logging_mixin.py:151} INFO - [2025-03-13T03:23:35.068+0000] {dag.py:2941} INFO - Sync 1 DAGs
[2025-03-13T03:23:35.078+0000] {logging_mixin.py:151} INFO - [2025-03-13T03:23:35.078+0000] {dag.py:3722} INFO - Setting next_dagrun for extract_exchange_rates to 2025-03-13T00:00:00+00:00, run_after=2025-03-14T00:00:00+00:00
[2025-03-13T03:23:35.085+0000] {processor.py:179} INFO - Processing /opt/airflow/dags/extract_exchange_rates.py took 0.045 seconds
[2025-03-13T03:24:05.286+0000] {processor.py:157} INFO - Started process (PID=7105) to work on /opt/airflow/dags/extract_exchange_rates.py
[2025-03-13T03:24:05.286+0000] {processor.py:829} INFO - Processing file /opt/airflow/dags/extract_exchange_rates.py for tasks to queue
[2025-03-13T03:24:05.287+0000] {logging_mixin.py:151} INFO - [2025-03-13T03:24:05.287+0000] {dagbag.py:536} INFO - Filling up the DagBag from /opt/airflow/dags/extract_exchange_rates.py
[2025-03-13T03:24:05.297+0000] {processor.py:839} INFO - DAG(s) dict_keys(['extract_exchange_rates']) retrieved from /opt/airflow/dags/extract_exchange_rates.py
[2025-03-13T03:24:05.312+0000] {logging_mixin.py:151} INFO - [2025-03-13T03:24:05.311+0000] {dag.py:2941} INFO - Sync 1 DAGs
[2025-03-13T03:24:05.321+0000] {logging_mixin.py:151} INFO - [2025-03-13T03:24:05.321+0000] {dag.py:3722} INFO - Setting next_dagrun for extract_exchange_rates to 2025-03-13T00:00:00+00:00, run_after=2025-03-14T00:00:00+00:00
[2025-03-13T03:24:05.329+0000] {processor.py:179} INFO - Processing /opt/airflow/dags/extract_exchange_rates.py took 0.046 seconds
[2025-03-13T03:24:35.526+0000] {processor.py:157} INFO - Started process (PID=7110) to work on /opt/airflow/dags/extract_exchange_rates.py
[2025-03-13T03:24:35.526+0000] {processor.py:829} INFO - Processing file /opt/airflow/dags/extract_exchange_rates.py for tasks to queue
[2025-03-13T03:24:35.527+0000] {logging_mixin.py:151} INFO - [2025-03-13T03:24:35.527+0000] {dagbag.py:536} INFO - Filling up the DagBag from /opt/airflow/dags/extract_exchange_rates.py
[2025-03-13T03:24:35.536+0000] {processor.py:839} INFO - DAG(s) dict_keys(['extract_exchange_rates']) retrieved from /opt/airflow/dags/extract_exchange_rates.py
[2025-03-13T03:24:35.550+0000] {logging_mixin.py:151} INFO - [2025-03-13T03:24:35.550+0000] {dag.py:2941} INFO - Sync 1 DAGs
[2025-03-13T03:24:35.561+0000] {logging_mixin.py:151} INFO - [2025-03-13T03:24:35.561+0000] {dag.py:3722} INFO - Setting next_dagrun for extract_exchange_rates to 2025-03-13T00:00:00+00:00, run_after=2025-03-14T00:00:00+00:00
[2025-03-13T03:24:35.568+0000] {processor.py:179} INFO - Processing /opt/airflow/dags/extract_exchange_rates.py took 0.044 seconds
[2025-03-13T03:25:05.775+0000] {processor.py:157} INFO - Started process (PID=7115) to work on /opt/airflow/dags/extract_exchange_rates.py
[2025-03-13T03:25:05.776+0000] {processor.py:829} INFO - Processing file /opt/airflow/dags/extract_exchange_rates.py for tasks to queue
[2025-03-13T03:25:05.777+0000] {logging_mixin.py:151} INFO - [2025-03-13T03:25:05.776+0000] {dagbag.py:536} INFO - Filling up the DagBag from /opt/airflow/dags/extract_exchange_rates.py
[2025-03-13T03:25:05.786+0000] {processor.py:839} INFO - DAG(s) dict_keys(['extract_exchange_rates']) retrieved from /opt/airflow/dags/extract_exchange_rates.py
[2025-03-13T03:25:05.799+0000] {logging_mixin.py:151} INFO - [2025-03-13T03:25:05.799+0000] {dag.py:2941} INFO - Sync 1 DAGs
[2025-03-13T03:25:05.809+0000] {logging_mixin.py:151} INFO - [2025-03-13T03:25:05.809+0000] {dag.py:3722} INFO - Setting next_dagrun for extract_exchange_rates to 2025-03-13T00:00:00+00:00, run_after=2025-03-14T00:00:00+00:00
[2025-03-13T03:25:05.817+0000] {processor.py:179} INFO - Processing /opt/airflow/dags/extract_exchange_rates.py took 0.044 seconds
[2025-03-13T03:25:36.008+0000] {processor.py:157} INFO - Started process (PID=7120) to work on /opt/airflow/dags/extract_exchange_rates.py
[2025-03-13T03:25:36.009+0000] {processor.py:829} INFO - Processing file /opt/airflow/dags/extract_exchange_rates.py for tasks to queue
[2025-03-13T03:25:36.009+0000] {logging_mixin.py:151} INFO - [2025-03-13T03:25:36.009+0000] {dagbag.py:536} INFO - Filling up the DagBag from /opt/airflow/dags/extract_exchange_rates.py
[2025-03-13T03:25:36.022+0000] {processor.py:839} INFO - DAG(s) dict_keys(['extract_exchange_rates']) retrieved from /opt/airflow/dags/extract_exchange_rates.py
[2025-03-13T03:25:36.044+0000] {logging_mixin.py:151} INFO - [2025-03-13T03:25:36.044+0000] {dag.py:2941} INFO - Sync 1 DAGs
[2025-03-13T03:25:36.056+0000] {logging_mixin.py:151} INFO - [2025-03-13T03:25:36.056+0000] {dag.py:3722} INFO - Setting next_dagrun for extract_exchange_rates to 2025-03-13T00:00:00+00:00, run_after=2025-03-14T00:00:00+00:00
[2025-03-13T03:25:36.064+0000] {processor.py:179} INFO - Processing /opt/airflow/dags/extract_exchange_rates.py took 0.059 seconds
[2025-03-13T03:26:06.249+0000] {processor.py:157} INFO - Started process (PID=7125) to work on /opt/airflow/dags/extract_exchange_rates.py
[2025-03-13T03:26:06.254+0000] {processor.py:829} INFO - Processing file /opt/airflow/dags/extract_exchange_rates.py for tasks to queue
[2025-03-13T03:26:06.255+0000] {logging_mixin.py:151} INFO - [2025-03-13T03:26:06.254+0000] {dagbag.py:536} INFO - Filling up the DagBag from /opt/airflow/dags/extract_exchange_rates.py
[2025-03-13T03:26:06.265+0000] {processor.py:839} INFO - DAG(s) dict_keys(['extract_exchange_rates']) retrieved from /opt/airflow/dags/extract_exchange_rates.py
[2025-03-13T03:26:06.280+0000] {logging_mixin.py:151} INFO - [2025-03-13T03:26:06.280+0000] {dag.py:2941} INFO - Sync 1 DAGs
[2025-03-13T03:26:06.291+0000] {logging_mixin.py:151} INFO - [2025-03-13T03:26:06.291+0000] {dag.py:3722} INFO - Setting next_dagrun for extract_exchange_rates to 2025-03-13T00:00:00+00:00, run_after=2025-03-14T00:00:00+00:00
[2025-03-13T03:26:06.299+0000] {processor.py:179} INFO - Processing /opt/airflow/dags/extract_exchange_rates.py took 0.052 seconds
[2025-03-13T03:26:36.477+0000] {processor.py:157} INFO - Started process (PID=7130) to work on /opt/airflow/dags/extract_exchange_rates.py
[2025-03-13T03:26:36.477+0000] {processor.py:829} INFO - Processing file /opt/airflow/dags/extract_exchange_rates.py for tasks to queue
[2025-03-13T03:26:36.477+0000] {logging_mixin.py:151} INFO - [2025-03-13T03:26:36.477+0000] {dagbag.py:536} INFO - Filling up the DagBag from /opt/airflow/dags/extract_exchange_rates.py
[2025-03-13T03:26:36.485+0000] {processor.py:839} INFO - DAG(s) dict_keys(['extract_exchange_rates']) retrieved from /opt/airflow/dags/extract_exchange_rates.py
[2025-03-13T03:26:36.496+0000] {logging_mixin.py:151} INFO - [2025-03-13T03:26:36.496+0000] {dag.py:2941} INFO - Sync 1 DAGs
[2025-03-13T03:26:36.505+0000] {logging_mixin.py:151} INFO - [2025-03-13T03:26:36.505+0000] {dag.py:3722} INFO - Setting next_dagrun for extract_exchange_rates to 2025-03-13T00:00:00+00:00, run_after=2025-03-14T00:00:00+00:00
[2025-03-13T03:26:36.512+0000] {processor.py:179} INFO - Processing /opt/airflow/dags/extract_exchange_rates.py took 0.037 seconds
[2025-03-13T03:27:06.723+0000] {processor.py:157} INFO - Started process (PID=7135) to work on /opt/airflow/dags/extract_exchange_rates.py
[2025-03-13T03:27:06.723+0000] {processor.py:829} INFO - Processing file /opt/airflow/dags/extract_exchange_rates.py for tasks to queue
[2025-03-13T03:27:06.724+0000] {logging_mixin.py:151} INFO - [2025-03-13T03:27:06.724+0000] {dagbag.py:536} INFO - Filling up the DagBag from /opt/airflow/dags/extract_exchange_rates.py
[2025-03-13T03:27:06.736+0000] {processor.py:839} INFO - DAG(s) dict_keys(['extract_exchange_rates']) retrieved from /opt/airflow/dags/extract_exchange_rates.py
[2025-03-13T03:27:06.749+0000] {logging_mixin.py:151} INFO - [2025-03-13T03:27:06.749+0000] {dag.py:2941} INFO - Sync 1 DAGs
[2025-03-13T03:27:06.759+0000] {logging_mixin.py:151} INFO - [2025-03-13T03:27:06.759+0000] {dag.py:3722} INFO - Setting next_dagrun for extract_exchange_rates to 2025-03-13T00:00:00+00:00, run_after=2025-03-14T00:00:00+00:00
[2025-03-13T03:27:06.766+0000] {processor.py:179} INFO - Processing /opt/airflow/dags/extract_exchange_rates.py took 0.046 seconds
[2025-03-13T03:27:36.955+0000] {processor.py:157} INFO - Started process (PID=7140) to work on /opt/airflow/dags/extract_exchange_rates.py
[2025-03-13T03:27:36.956+0000] {processor.py:829} INFO - Processing file /opt/airflow/dags/extract_exchange_rates.py for tasks to queue
[2025-03-13T03:27:36.957+0000] {logging_mixin.py:151} INFO - [2025-03-13T03:27:36.957+0000] {dagbag.py:536} INFO - Filling up the DagBag from /opt/airflow/dags/extract_exchange_rates.py
[2025-03-13T03:27:36.968+0000] {processor.py:839} INFO - DAG(s) dict_keys(['extract_exchange_rates']) retrieved from /opt/airflow/dags/extract_exchange_rates.py
[2025-03-13T03:27:36.984+0000] {logging_mixin.py:151} INFO - [2025-03-13T03:27:36.984+0000] {dag.py:2941} INFO - Sync 1 DAGs
[2025-03-13T03:27:36.995+0000] {logging_mixin.py:151} INFO - [2025-03-13T03:27:36.995+0000] {dag.py:3722} INFO - Setting next_dagrun for extract_exchange_rates to 2025-03-13T00:00:00+00:00, run_after=2025-03-14T00:00:00+00:00
[2025-03-13T03:27:37.002+0000] {processor.py:179} INFO - Processing /opt/airflow/dags/extract_exchange_rates.py took 0.049 seconds
[2025-03-13T03:28:07.173+0000] {processor.py:157} INFO - Started process (PID=7145) to work on /opt/airflow/dags/extract_exchange_rates.py
[2025-03-13T03:28:07.173+0000] {processor.py:829} INFO - Processing file /opt/airflow/dags/extract_exchange_rates.py for tasks to queue
[2025-03-13T03:28:07.174+0000] {logging_mixin.py:151} INFO - [2025-03-13T03:28:07.174+0000] {dagbag.py:536} INFO - Filling up the DagBag from /opt/airflow/dags/extract_exchange_rates.py
[2025-03-13T03:28:07.182+0000] {processor.py:839} INFO - DAG(s) dict_keys(['extract_exchange_rates']) retrieved from /opt/airflow/dags/extract_exchange_rates.py
[2025-03-13T03:28:07.197+0000] {logging_mixin.py:151} INFO - [2025-03-13T03:28:07.196+0000] {dag.py:2941} INFO - Sync 1 DAGs
[2025-03-13T03:28:07.207+0000] {logging_mixin.py:151} INFO - [2025-03-13T03:28:07.207+0000] {dag.py:3722} INFO - Setting next_dagrun for extract_exchange_rates to 2025-03-13T00:00:00+00:00, run_after=2025-03-14T00:00:00+00:00
[2025-03-13T03:28:07.215+0000] {processor.py:179} INFO - Processing /opt/airflow/dags/extract_exchange_rates.py took 0.044 seconds
[2025-03-13T03:28:37.398+0000] {processor.py:157} INFO - Started process (PID=7150) to work on /opt/airflow/dags/extract_exchange_rates.py
[2025-03-13T03:28:37.399+0000] {processor.py:829} INFO - Processing file /opt/airflow/dags/extract_exchange_rates.py for tasks to queue
[2025-03-13T03:28:37.400+0000] {logging_mixin.py:151} INFO - [2025-03-13T03:28:37.399+0000] {dagbag.py:536} INFO - Filling up the DagBag from /opt/airflow/dags/extract_exchange_rates.py
[2025-03-13T03:28:37.411+0000] {processor.py:839} INFO - DAG(s) dict_keys(['extract_exchange_rates']) retrieved from /opt/airflow/dags/extract_exchange_rates.py
[2025-03-13T03:28:37.425+0000] {logging_mixin.py:151} INFO - [2025-03-13T03:28:37.425+0000] {dag.py:2941} INFO - Sync 1 DAGs
[2025-03-13T03:28:37.435+0000] {logging_mixin.py:151} INFO - [2025-03-13T03:28:37.435+0000] {dag.py:3722} INFO - Setting next_dagrun for extract_exchange_rates to 2025-03-13T00:00:00+00:00, run_after=2025-03-14T00:00:00+00:00
[2025-03-13T03:28:37.442+0000] {processor.py:179} INFO - Processing /opt/airflow/dags/extract_exchange_rates.py took 0.047 seconds
[2025-03-13T03:29:07.633+0000] {processor.py:157} INFO - Started process (PID=7155) to work on /opt/airflow/dags/extract_exchange_rates.py
[2025-03-13T03:29:07.635+0000] {processor.py:829} INFO - Processing file /opt/airflow/dags/extract_exchange_rates.py for tasks to queue
[2025-03-13T03:29:07.636+0000] {logging_mixin.py:151} INFO - [2025-03-13T03:29:07.636+0000] {dagbag.py:536} INFO - Filling up the DagBag from /opt/airflow/dags/extract_exchange_rates.py
[2025-03-13T03:29:07.646+0000] {processor.py:839} INFO - DAG(s) dict_keys(['extract_exchange_rates']) retrieved from /opt/airflow/dags/extract_exchange_rates.py
[2025-03-13T03:29:07.661+0000] {logging_mixin.py:151} INFO - [2025-03-13T03:29:07.661+0000] {dag.py:2941} INFO - Sync 1 DAGs
[2025-03-13T03:29:07.671+0000] {logging_mixin.py:151} INFO - [2025-03-13T03:29:07.671+0000] {dag.py:3722} INFO - Setting next_dagrun for extract_exchange_rates to 2025-03-13T00:00:00+00:00, run_after=2025-03-14T00:00:00+00:00
[2025-03-13T03:29:07.678+0000] {processor.py:179} INFO - Processing /opt/airflow/dags/extract_exchange_rates.py took 0.047 seconds
[2025-03-13T03:29:37.847+0000] {processor.py:157} INFO - Started process (PID=7160) to work on /opt/airflow/dags/extract_exchange_rates.py
[2025-03-13T03:29:37.848+0000] {processor.py:829} INFO - Processing file /opt/airflow/dags/extract_exchange_rates.py for tasks to queue
[2025-03-13T03:29:37.848+0000] {logging_mixin.py:151} INFO - [2025-03-13T03:29:37.848+0000] {dagbag.py:536} INFO - Filling up the DagBag from /opt/airflow/dags/extract_exchange_rates.py
[2025-03-13T03:29:37.858+0000] {processor.py:839} INFO - DAG(s) dict_keys(['extract_exchange_rates']) retrieved from /opt/airflow/dags/extract_exchange_rates.py
[2025-03-13T03:29:37.871+0000] {logging_mixin.py:151} INFO - [2025-03-13T03:29:37.871+0000] {dag.py:2941} INFO - Sync 1 DAGs
[2025-03-13T03:29:37.881+0000] {logging_mixin.py:151} INFO - [2025-03-13T03:29:37.881+0000] {dag.py:3722} INFO - Setting next_dagrun for extract_exchange_rates to 2025-03-13T00:00:00+00:00, run_after=2025-03-14T00:00:00+00:00
[2025-03-13T03:29:37.889+0000] {processor.py:179} INFO - Processing /opt/airflow/dags/extract_exchange_rates.py took 0.043 seconds
[2025-03-13T03:30:08.089+0000] {processor.py:157} INFO - Started process (PID=7165) to work on /opt/airflow/dags/extract_exchange_rates.py
[2025-03-13T03:30:08.089+0000] {processor.py:829} INFO - Processing file /opt/airflow/dags/extract_exchange_rates.py for tasks to queue
[2025-03-13T03:30:08.090+0000] {logging_mixin.py:151} INFO - [2025-03-13T03:30:08.090+0000] {dagbag.py:536} INFO - Filling up the DagBag from /opt/airflow/dags/extract_exchange_rates.py
[2025-03-13T03:30:08.100+0000] {processor.py:839} INFO - DAG(s) dict_keys(['extract_exchange_rates']) retrieved from /opt/airflow/dags/extract_exchange_rates.py
[2025-03-13T03:30:08.114+0000] {logging_mixin.py:151} INFO - [2025-03-13T03:30:08.113+0000] {dag.py:2941} INFO - Sync 1 DAGs
[2025-03-13T03:30:08.123+0000] {logging_mixin.py:151} INFO - [2025-03-13T03:30:08.123+0000] {dag.py:3722} INFO - Setting next_dagrun for extract_exchange_rates to 2025-03-13T00:00:00+00:00, run_after=2025-03-14T00:00:00+00:00
[2025-03-13T03:30:08.132+0000] {processor.py:179} INFO - Processing /opt/airflow/dags/extract_exchange_rates.py took 0.045 seconds
[2025-03-13T03:30:38.322+0000] {processor.py:157} INFO - Started process (PID=7170) to work on /opt/airflow/dags/extract_exchange_rates.py
[2025-03-13T03:30:38.323+0000] {processor.py:829} INFO - Processing file /opt/airflow/dags/extract_exchange_rates.py for tasks to queue
[2025-03-13T03:30:38.323+0000] {logging_mixin.py:151} INFO - [2025-03-13T03:30:38.323+0000] {dagbag.py:536} INFO - Filling up the DagBag from /opt/airflow/dags/extract_exchange_rates.py
[2025-03-13T03:30:38.332+0000] {processor.py:839} INFO - DAG(s) dict_keys(['extract_exchange_rates']) retrieved from /opt/airflow/dags/extract_exchange_rates.py
[2025-03-13T03:30:38.344+0000] {logging_mixin.py:151} INFO - [2025-03-13T03:30:38.344+0000] {dag.py:2941} INFO - Sync 1 DAGs
[2025-03-13T03:30:38.353+0000] {logging_mixin.py:151} INFO - [2025-03-13T03:30:38.353+0000] {dag.py:3722} INFO - Setting next_dagrun for extract_exchange_rates to 2025-03-13T00:00:00+00:00, run_after=2025-03-14T00:00:00+00:00
[2025-03-13T03:30:38.360+0000] {processor.py:179} INFO - Processing /opt/airflow/dags/extract_exchange_rates.py took 0.039 seconds
[2025-03-13T03:31:08.544+0000] {processor.py:157} INFO - Started process (PID=7175) to work on /opt/airflow/dags/extract_exchange_rates.py
[2025-03-13T03:31:08.545+0000] {processor.py:829} INFO - Processing file /opt/airflow/dags/extract_exchange_rates.py for tasks to queue
[2025-03-13T03:31:08.545+0000] {logging_mixin.py:151} INFO - [2025-03-13T03:31:08.545+0000] {dagbag.py:536} INFO - Filling up the DagBag from /opt/airflow/dags/extract_exchange_rates.py
[2025-03-13T03:31:08.553+0000] {processor.py:839} INFO - DAG(s) dict_keys(['extract_exchange_rates']) retrieved from /opt/airflow/dags/extract_exchange_rates.py
[2025-03-13T03:31:08.565+0000] {logging_mixin.py:151} INFO - [2025-03-13T03:31:08.565+0000] {dag.py:2941} INFO - Sync 1 DAGs
[2025-03-13T03:31:08.575+0000] {logging_mixin.py:151} INFO - [2025-03-13T03:31:08.575+0000] {dag.py:3722} INFO - Setting next_dagrun for extract_exchange_rates to 2025-03-13T00:00:00+00:00, run_after=2025-03-14T00:00:00+00:00
[2025-03-13T03:31:08.582+0000] {processor.py:179} INFO - Processing /opt/airflow/dags/extract_exchange_rates.py took 0.039 seconds
[2025-03-13T03:31:38.760+0000] {processor.py:157} INFO - Started process (PID=7180) to work on /opt/airflow/dags/extract_exchange_rates.py
[2025-03-13T03:31:38.761+0000] {processor.py:829} INFO - Processing file /opt/airflow/dags/extract_exchange_rates.py for tasks to queue
[2025-03-13T03:31:38.762+0000] {logging_mixin.py:151} INFO - [2025-03-13T03:31:38.761+0000] {dagbag.py:536} INFO - Filling up the DagBag from /opt/airflow/dags/extract_exchange_rates.py
[2025-03-13T03:31:38.772+0000] {processor.py:839} INFO - DAG(s) dict_keys(['extract_exchange_rates']) retrieved from /opt/airflow/dags/extract_exchange_rates.py
[2025-03-13T03:31:38.785+0000] {logging_mixin.py:151} INFO - [2025-03-13T03:31:38.785+0000] {dag.py:2941} INFO - Sync 1 DAGs
[2025-03-13T03:31:38.795+0000] {logging_mixin.py:151} INFO - [2025-03-13T03:31:38.795+0000] {dag.py:3722} INFO - Setting next_dagrun for extract_exchange_rates to 2025-03-13T00:00:00+00:00, run_after=2025-03-14T00:00:00+00:00
[2025-03-13T03:31:38.802+0000] {processor.py:179} INFO - Processing /opt/airflow/dags/extract_exchange_rates.py took 0.044 seconds
[2025-03-13T03:32:08.997+0000] {processor.py:157} INFO - Started process (PID=7185) to work on /opt/airflow/dags/extract_exchange_rates.py
[2025-03-13T03:32:08.998+0000] {processor.py:829} INFO - Processing file /opt/airflow/dags/extract_exchange_rates.py for tasks to queue
[2025-03-13T03:32:08.999+0000] {logging_mixin.py:151} INFO - [2025-03-13T03:32:08.999+0000] {dagbag.py:536} INFO - Filling up the DagBag from /opt/airflow/dags/extract_exchange_rates.py
[2025-03-13T03:32:09.008+0000] {processor.py:839} INFO - DAG(s) dict_keys(['extract_exchange_rates']) retrieved from /opt/airflow/dags/extract_exchange_rates.py
[2025-03-13T03:32:09.025+0000] {logging_mixin.py:151} INFO - [2025-03-13T03:32:09.024+0000] {dag.py:2941} INFO - Sync 1 DAGs
[2025-03-13T03:32:09.036+0000] {logging_mixin.py:151} INFO - [2025-03-13T03:32:09.036+0000] {dag.py:3722} INFO - Setting next_dagrun for extract_exchange_rates to 2025-03-13T00:00:00+00:00, run_after=2025-03-14T00:00:00+00:00
[2025-03-13T03:32:09.046+0000] {processor.py:179} INFO - Processing /opt/airflow/dags/extract_exchange_rates.py took 0.051 seconds
[2025-03-13T03:32:39.224+0000] {processor.py:157} INFO - Started process (PID=7190) to work on /opt/airflow/dags/extract_exchange_rates.py
[2025-03-13T03:32:39.225+0000] {processor.py:829} INFO - Processing file /opt/airflow/dags/extract_exchange_rates.py for tasks to queue
[2025-03-13T03:32:39.225+0000] {logging_mixin.py:151} INFO - [2025-03-13T03:32:39.225+0000] {dagbag.py:536} INFO - Filling up the DagBag from /opt/airflow/dags/extract_exchange_rates.py
[2025-03-13T03:32:39.237+0000] {processor.py:839} INFO - DAG(s) dict_keys(['extract_exchange_rates']) retrieved from /opt/airflow/dags/extract_exchange_rates.py
[2025-03-13T03:32:39.253+0000] {logging_mixin.py:151} INFO - [2025-03-13T03:32:39.252+0000] {dag.py:2941} INFO - Sync 1 DAGs
[2025-03-13T03:32:39.263+0000] {logging_mixin.py:151} INFO - [2025-03-13T03:32:39.263+0000] {dag.py:3722} INFO - Setting next_dagrun for extract_exchange_rates to 2025-03-13T00:00:00+00:00, run_after=2025-03-14T00:00:00+00:00
[2025-03-13T03:32:39.270+0000] {processor.py:179} INFO - Processing /opt/airflow/dags/extract_exchange_rates.py took 0.049 seconds
[2025-03-13T03:33:09.453+0000] {processor.py:157} INFO - Started process (PID=7195) to work on /opt/airflow/dags/extract_exchange_rates.py
[2025-03-13T03:33:09.454+0000] {processor.py:829} INFO - Processing file /opt/airflow/dags/extract_exchange_rates.py for tasks to queue
[2025-03-13T03:33:09.455+0000] {logging_mixin.py:151} INFO - [2025-03-13T03:33:09.454+0000] {dagbag.py:536} INFO - Filling up the DagBag from /opt/airflow/dags/extract_exchange_rates.py
[2025-03-13T03:33:09.466+0000] {processor.py:839} INFO - DAG(s) dict_keys(['extract_exchange_rates']) retrieved from /opt/airflow/dags/extract_exchange_rates.py
[2025-03-13T03:33:09.479+0000] {logging_mixin.py:151} INFO - [2025-03-13T03:33:09.478+0000] {dag.py:2941} INFO - Sync 1 DAGs
[2025-03-13T03:33:09.489+0000] {logging_mixin.py:151} INFO - [2025-03-13T03:33:09.489+0000] {dag.py:3722} INFO - Setting next_dagrun for extract_exchange_rates to 2025-03-13T00:00:00+00:00, run_after=2025-03-14T00:00:00+00:00
[2025-03-13T03:33:09.498+0000] {processor.py:179} INFO - Processing /opt/airflow/dags/extract_exchange_rates.py took 0.048 seconds
[2025-03-13T03:33:39.688+0000] {processor.py:157} INFO - Started process (PID=7200) to work on /opt/airflow/dags/extract_exchange_rates.py
[2025-03-13T03:33:39.689+0000] {processor.py:829} INFO - Processing file /opt/airflow/dags/extract_exchange_rates.py for tasks to queue
[2025-03-13T03:33:39.689+0000] {logging_mixin.py:151} INFO - [2025-03-13T03:33:39.689+0000] {dagbag.py:536} INFO - Filling up the DagBag from /opt/airflow/dags/extract_exchange_rates.py
[2025-03-13T03:33:39.700+0000] {processor.py:839} INFO - DAG(s) dict_keys(['extract_exchange_rates']) retrieved from /opt/airflow/dags/extract_exchange_rates.py
[2025-03-13T03:33:39.714+0000] {logging_mixin.py:151} INFO - [2025-03-13T03:33:39.714+0000] {dag.py:2941} INFO - Sync 1 DAGs
[2025-03-13T03:33:39.725+0000] {logging_mixin.py:151} INFO - [2025-03-13T03:33:39.725+0000] {dag.py:3722} INFO - Setting next_dagrun for extract_exchange_rates to 2025-03-13T00:00:00+00:00, run_after=2025-03-14T00:00:00+00:00
[2025-03-13T03:33:39.733+0000] {processor.py:179} INFO - Processing /opt/airflow/dags/extract_exchange_rates.py took 0.046 seconds
[2025-03-13T03:34:09.938+0000] {processor.py:157} INFO - Started process (PID=7205) to work on /opt/airflow/dags/extract_exchange_rates.py
[2025-03-13T03:34:09.939+0000] {processor.py:829} INFO - Processing file /opt/airflow/dags/extract_exchange_rates.py for tasks to queue
[2025-03-13T03:34:09.939+0000] {logging_mixin.py:151} INFO - [2025-03-13T03:34:09.939+0000] {dagbag.py:536} INFO - Filling up the DagBag from /opt/airflow/dags/extract_exchange_rates.py
[2025-03-13T03:34:09.950+0000] {processor.py:839} INFO - DAG(s) dict_keys(['extract_exchange_rates']) retrieved from /opt/airflow/dags/extract_exchange_rates.py
[2025-03-13T03:34:09.963+0000] {logging_mixin.py:151} INFO - [2025-03-13T03:34:09.963+0000] {dag.py:2941} INFO - Sync 1 DAGs
[2025-03-13T03:34:09.974+0000] {logging_mixin.py:151} INFO - [2025-03-13T03:34:09.974+0000] {dag.py:3722} INFO - Setting next_dagrun for extract_exchange_rates to 2025-03-13T00:00:00+00:00, run_after=2025-03-14T00:00:00+00:00
[2025-03-13T03:34:09.980+0000] {processor.py:179} INFO - Processing /opt/airflow/dags/extract_exchange_rates.py took 0.045 seconds
[2025-03-13T03:34:40.188+0000] {processor.py:157} INFO - Started process (PID=7210) to work on /opt/airflow/dags/extract_exchange_rates.py
[2025-03-13T03:34:40.188+0000] {processor.py:829} INFO - Processing file /opt/airflow/dags/extract_exchange_rates.py for tasks to queue
[2025-03-13T03:34:40.189+0000] {logging_mixin.py:151} INFO - [2025-03-13T03:34:40.189+0000] {dagbag.py:536} INFO - Filling up the DagBag from /opt/airflow/dags/extract_exchange_rates.py
[2025-03-13T03:34:40.199+0000] {processor.py:839} INFO - DAG(s) dict_keys(['extract_exchange_rates']) retrieved from /opt/airflow/dags/extract_exchange_rates.py
[2025-03-13T03:34:40.214+0000] {logging_mixin.py:151} INFO - [2025-03-13T03:34:40.214+0000] {dag.py:2941} INFO - Sync 1 DAGs
[2025-03-13T03:34:40.225+0000] {logging_mixin.py:151} INFO - [2025-03-13T03:34:40.225+0000] {dag.py:3722} INFO - Setting next_dagrun for extract_exchange_rates to 2025-03-13T00:00:00+00:00, run_after=2025-03-14T00:00:00+00:00
[2025-03-13T03:34:40.232+0000] {processor.py:179} INFO - Processing /opt/airflow/dags/extract_exchange_rates.py took 0.047 seconds
[2025-03-13T03:35:10.428+0000] {processor.py:157} INFO - Started process (PID=7215) to work on /opt/airflow/dags/extract_exchange_rates.py
[2025-03-13T03:35:10.429+0000] {processor.py:829} INFO - Processing file /opt/airflow/dags/extract_exchange_rates.py for tasks to queue
[2025-03-13T03:35:10.429+0000] {logging_mixin.py:151} INFO - [2025-03-13T03:35:10.429+0000] {dagbag.py:536} INFO - Filling up the DagBag from /opt/airflow/dags/extract_exchange_rates.py
[2025-03-13T03:35:10.440+0000] {processor.py:839} INFO - DAG(s) dict_keys(['extract_exchange_rates']) retrieved from /opt/airflow/dags/extract_exchange_rates.py
[2025-03-13T03:35:10.454+0000] {logging_mixin.py:151} INFO - [2025-03-13T03:35:10.454+0000] {dag.py:2941} INFO - Sync 1 DAGs
[2025-03-13T03:35:10.464+0000] {logging_mixin.py:151} INFO - [2025-03-13T03:35:10.464+0000] {dag.py:3722} INFO - Setting next_dagrun for extract_exchange_rates to 2025-03-13T00:00:00+00:00, run_after=2025-03-14T00:00:00+00:00
[2025-03-13T03:35:10.471+0000] {processor.py:179} INFO - Processing /opt/airflow/dags/extract_exchange_rates.py took 0.046 seconds
[2025-03-13T03:35:40.651+0000] {processor.py:157} INFO - Started process (PID=7220) to work on /opt/airflow/dags/extract_exchange_rates.py
[2025-03-13T03:35:40.652+0000] {processor.py:829} INFO - Processing file /opt/airflow/dags/extract_exchange_rates.py for tasks to queue
[2025-03-13T03:35:40.652+0000] {logging_mixin.py:151} INFO - [2025-03-13T03:35:40.652+0000] {dagbag.py:536} INFO - Filling up the DagBag from /opt/airflow/dags/extract_exchange_rates.py
[2025-03-13T03:35:40.663+0000] {processor.py:839} INFO - DAG(s) dict_keys(['extract_exchange_rates']) retrieved from /opt/airflow/dags/extract_exchange_rates.py
[2025-03-13T03:35:40.678+0000] {logging_mixin.py:151} INFO - [2025-03-13T03:35:40.678+0000] {dag.py:2941} INFO - Sync 1 DAGs
[2025-03-13T03:35:40.688+0000] {logging_mixin.py:151} INFO - [2025-03-13T03:35:40.688+0000] {dag.py:3722} INFO - Setting next_dagrun for extract_exchange_rates to 2025-03-13T00:00:00+00:00, run_after=2025-03-14T00:00:00+00:00
[2025-03-13T03:35:40.697+0000] {processor.py:179} INFO - Processing /opt/airflow/dags/extract_exchange_rates.py took 0.048 seconds
[2025-03-13T03:36:10.878+0000] {processor.py:157} INFO - Started process (PID=7226) to work on /opt/airflow/dags/extract_exchange_rates.py
[2025-03-13T03:36:10.878+0000] {processor.py:829} INFO - Processing file /opt/airflow/dags/extract_exchange_rates.py for tasks to queue
[2025-03-13T03:36:10.879+0000] {logging_mixin.py:151} INFO - [2025-03-13T03:36:10.879+0000] {dagbag.py:536} INFO - Filling up the DagBag from /opt/airflow/dags/extract_exchange_rates.py
[2025-03-13T03:36:10.889+0000] {processor.py:839} INFO - DAG(s) dict_keys(['extract_exchange_rates']) retrieved from /opt/airflow/dags/extract_exchange_rates.py
[2025-03-13T03:36:10.905+0000] {logging_mixin.py:151} INFO - [2025-03-13T03:36:10.905+0000] {dag.py:2941} INFO - Sync 1 DAGs
[2025-03-13T03:36:10.916+0000] {logging_mixin.py:151} INFO - [2025-03-13T03:36:10.916+0000] {dag.py:3722} INFO - Setting next_dagrun for extract_exchange_rates to 2025-03-13T00:00:00+00:00, run_after=2025-03-14T00:00:00+00:00
[2025-03-13T03:36:10.925+0000] {processor.py:179} INFO - Processing /opt/airflow/dags/extract_exchange_rates.py took 0.049 seconds
[2025-03-13T03:36:41.103+0000] {processor.py:157} INFO - Started process (PID=7231) to work on /opt/airflow/dags/extract_exchange_rates.py
[2025-03-13T03:36:41.104+0000] {processor.py:829} INFO - Processing file /opt/airflow/dags/extract_exchange_rates.py for tasks to queue
[2025-03-13T03:36:41.104+0000] {logging_mixin.py:151} INFO - [2025-03-13T03:36:41.104+0000] {dagbag.py:536} INFO - Filling up the DagBag from /opt/airflow/dags/extract_exchange_rates.py
[2025-03-13T03:36:41.115+0000] {processor.py:839} INFO - DAG(s) dict_keys(['extract_exchange_rates']) retrieved from /opt/airflow/dags/extract_exchange_rates.py
[2025-03-13T03:36:41.129+0000] {logging_mixin.py:151} INFO - [2025-03-13T03:36:41.129+0000] {dag.py:2941} INFO - Sync 1 DAGs
[2025-03-13T03:36:41.139+0000] {logging_mixin.py:151} INFO - [2025-03-13T03:36:41.139+0000] {dag.py:3722} INFO - Setting next_dagrun for extract_exchange_rates to 2025-03-13T00:00:00+00:00, run_after=2025-03-14T00:00:00+00:00
[2025-03-13T03:36:41.147+0000] {processor.py:179} INFO - Processing /opt/airflow/dags/extract_exchange_rates.py took 0.046 seconds
[2025-03-13T03:37:11.362+0000] {processor.py:157} INFO - Started process (PID=7236) to work on /opt/airflow/dags/extract_exchange_rates.py
[2025-03-13T03:37:11.363+0000] {processor.py:829} INFO - Processing file /opt/airflow/dags/extract_exchange_rates.py for tasks to queue
[2025-03-13T03:37:11.363+0000] {logging_mixin.py:151} INFO - [2025-03-13T03:37:11.363+0000] {dagbag.py:536} INFO - Filling up the DagBag from /opt/airflow/dags/extract_exchange_rates.py
[2025-03-13T03:37:11.373+0000] {processor.py:839} INFO - DAG(s) dict_keys(['extract_exchange_rates']) retrieved from /opt/airflow/dags/extract_exchange_rates.py
[2025-03-13T03:37:11.388+0000] {logging_mixin.py:151} INFO - [2025-03-13T03:37:11.388+0000] {dag.py:2941} INFO - Sync 1 DAGs
[2025-03-13T03:37:11.400+0000] {logging_mixin.py:151} INFO - [2025-03-13T03:37:11.400+0000] {dag.py:3722} INFO - Setting next_dagrun for extract_exchange_rates to 2025-03-13T00:00:00+00:00, run_after=2025-03-14T00:00:00+00:00
[2025-03-13T03:37:11.407+0000] {processor.py:179} INFO - Processing /opt/airflow/dags/extract_exchange_rates.py took 0.048 seconds
[2025-03-13T03:37:41.584+0000] {processor.py:157} INFO - Started process (PID=7241) to work on /opt/airflow/dags/extract_exchange_rates.py
[2025-03-13T03:37:41.585+0000] {processor.py:829} INFO - Processing file /opt/airflow/dags/extract_exchange_rates.py for tasks to queue
[2025-03-13T03:37:41.586+0000] {logging_mixin.py:151} INFO - [2025-03-13T03:37:41.586+0000] {dagbag.py:536} INFO - Filling up the DagBag from /opt/airflow/dags/extract_exchange_rates.py
[2025-03-13T03:37:41.597+0000] {processor.py:839} INFO - DAG(s) dict_keys(['extract_exchange_rates']) retrieved from /opt/airflow/dags/extract_exchange_rates.py
[2025-03-13T03:37:41.613+0000] {logging_mixin.py:151} INFO - [2025-03-13T03:37:41.612+0000] {dag.py:2941} INFO - Sync 1 DAGs
[2025-03-13T03:37:41.622+0000] {logging_mixin.py:151} INFO - [2025-03-13T03:37:41.622+0000] {dag.py:3722} INFO - Setting next_dagrun for extract_exchange_rates to 2025-03-13T00:00:00+00:00, run_after=2025-03-14T00:00:00+00:00
[2025-03-13T03:37:41.629+0000] {processor.py:179} INFO - Processing /opt/airflow/dags/extract_exchange_rates.py took 0.047 seconds
[2025-03-13T03:38:11.854+0000] {processor.py:157} INFO - Started process (PID=7246) to work on /opt/airflow/dags/extract_exchange_rates.py
[2025-03-13T03:38:11.854+0000] {processor.py:829} INFO - Processing file /opt/airflow/dags/extract_exchange_rates.py for tasks to queue
[2025-03-13T03:38:11.855+0000] {logging_mixin.py:151} INFO - [2025-03-13T03:38:11.855+0000] {dagbag.py:536} INFO - Filling up the DagBag from /opt/airflow/dags/extract_exchange_rates.py
[2025-03-13T03:38:11.865+0000] {processor.py:839} INFO - DAG(s) dict_keys(['extract_exchange_rates']) retrieved from /opt/airflow/dags/extract_exchange_rates.py
[2025-03-13T03:38:11.880+0000] {logging_mixin.py:151} INFO - [2025-03-13T03:38:11.880+0000] {dag.py:2941} INFO - Sync 1 DAGs
[2025-03-13T03:38:11.891+0000] {logging_mixin.py:151} INFO - [2025-03-13T03:38:11.890+0000] {dag.py:3722} INFO - Setting next_dagrun for extract_exchange_rates to 2025-03-13T00:00:00+00:00, run_after=2025-03-14T00:00:00+00:00
[2025-03-13T03:38:11.898+0000] {processor.py:179} INFO - Processing /opt/airflow/dags/extract_exchange_rates.py took 0.047 seconds
[2025-03-13T03:38:42.089+0000] {processor.py:157} INFO - Started process (PID=7251) to work on /opt/airflow/dags/extract_exchange_rates.py
[2025-03-13T03:38:42.090+0000] {processor.py:829} INFO - Processing file /opt/airflow/dags/extract_exchange_rates.py for tasks to queue
[2025-03-13T03:38:42.090+0000] {logging_mixin.py:151} INFO - [2025-03-13T03:38:42.090+0000] {dagbag.py:536} INFO - Filling up the DagBag from /opt/airflow/dags/extract_exchange_rates.py
[2025-03-13T03:38:42.101+0000] {processor.py:839} INFO - DAG(s) dict_keys(['extract_exchange_rates']) retrieved from /opt/airflow/dags/extract_exchange_rates.py
[2025-03-13T03:38:42.114+0000] {logging_mixin.py:151} INFO - [2025-03-13T03:38:42.114+0000] {dag.py:2941} INFO - Sync 1 DAGs
[2025-03-13T03:38:42.125+0000] {logging_mixin.py:151} INFO - [2025-03-13T03:38:42.125+0000] {dag.py:3722} INFO - Setting next_dagrun for extract_exchange_rates to 2025-03-13T00:00:00+00:00, run_after=2025-03-14T00:00:00+00:00
[2025-03-13T03:38:42.134+0000] {processor.py:179} INFO - Processing /opt/airflow/dags/extract_exchange_rates.py took 0.047 seconds
[2025-03-13T03:39:12.346+0000] {processor.py:157} INFO - Started process (PID=7256) to work on /opt/airflow/dags/extract_exchange_rates.py
[2025-03-13T03:39:12.347+0000] {processor.py:829} INFO - Processing file /opt/airflow/dags/extract_exchange_rates.py for tasks to queue
[2025-03-13T03:39:12.348+0000] {logging_mixin.py:151} INFO - [2025-03-13T03:39:12.347+0000] {dagbag.py:536} INFO - Filling up the DagBag from /opt/airflow/dags/extract_exchange_rates.py
[2025-03-13T03:39:12.358+0000] {processor.py:839} INFO - DAG(s) dict_keys(['extract_exchange_rates']) retrieved from /opt/airflow/dags/extract_exchange_rates.py
[2025-03-13T03:39:12.371+0000] {logging_mixin.py:151} INFO - [2025-03-13T03:39:12.370+0000] {dag.py:2941} INFO - Sync 1 DAGs
[2025-03-13T03:39:12.381+0000] {logging_mixin.py:151} INFO - [2025-03-13T03:39:12.381+0000] {dag.py:3722} INFO - Setting next_dagrun for extract_exchange_rates to 2025-03-13T00:00:00+00:00, run_after=2025-03-14T00:00:00+00:00
[2025-03-13T03:39:12.388+0000] {processor.py:179} INFO - Processing /opt/airflow/dags/extract_exchange_rates.py took 0.045 seconds
[2025-03-13T03:39:42.551+0000] {processor.py:157} INFO - Started process (PID=7261) to work on /opt/airflow/dags/extract_exchange_rates.py
[2025-03-13T03:39:42.551+0000] {processor.py:829} INFO - Processing file /opt/airflow/dags/extract_exchange_rates.py for tasks to queue
[2025-03-13T03:39:42.552+0000] {logging_mixin.py:151} INFO - [2025-03-13T03:39:42.552+0000] {dagbag.py:536} INFO - Filling up the DagBag from /opt/airflow/dags/extract_exchange_rates.py
[2025-03-13T03:39:42.562+0000] {processor.py:839} INFO - DAG(s) dict_keys(['extract_exchange_rates']) retrieved from /opt/airflow/dags/extract_exchange_rates.py
[2025-03-13T03:39:42.577+0000] {logging_mixin.py:151} INFO - [2025-03-13T03:39:42.577+0000] {dag.py:2941} INFO - Sync 1 DAGs
[2025-03-13T03:39:42.588+0000] {logging_mixin.py:151} INFO - [2025-03-13T03:39:42.588+0000] {dag.py:3722} INFO - Setting next_dagrun for extract_exchange_rates to 2025-03-13T00:00:00+00:00, run_after=2025-03-14T00:00:00+00:00
[2025-03-13T03:39:42.596+0000] {processor.py:179} INFO - Processing /opt/airflow/dags/extract_exchange_rates.py took 0.047 seconds
[2025-03-13T03:40:12.771+0000] {processor.py:157} INFO - Started process (PID=7266) to work on /opt/airflow/dags/extract_exchange_rates.py
[2025-03-13T03:40:12.772+0000] {processor.py:829} INFO - Processing file /opt/airflow/dags/extract_exchange_rates.py for tasks to queue
[2025-03-13T03:40:12.772+0000] {logging_mixin.py:151} INFO - [2025-03-13T03:40:12.772+0000] {dagbag.py:536} INFO - Filling up the DagBag from /opt/airflow/dags/extract_exchange_rates.py
[2025-03-13T03:40:12.783+0000] {processor.py:839} INFO - DAG(s) dict_keys(['extract_exchange_rates']) retrieved from /opt/airflow/dags/extract_exchange_rates.py
[2025-03-13T03:40:12.796+0000] {logging_mixin.py:151} INFO - [2025-03-13T03:40:12.796+0000] {dag.py:2941} INFO - Sync 1 DAGs
[2025-03-13T03:40:12.806+0000] {logging_mixin.py:151} INFO - [2025-03-13T03:40:12.806+0000] {dag.py:3722} INFO - Setting next_dagrun for extract_exchange_rates to 2025-03-13T00:00:00+00:00, run_after=2025-03-14T00:00:00+00:00
[2025-03-13T03:40:12.813+0000] {processor.py:179} INFO - Processing /opt/airflow/dags/extract_exchange_rates.py took 0.045 seconds
[2025-03-13T03:40:43.013+0000] {processor.py:157} INFO - Started process (PID=7271) to work on /opt/airflow/dags/extract_exchange_rates.py
[2025-03-13T03:40:43.014+0000] {processor.py:829} INFO - Processing file /opt/airflow/dags/extract_exchange_rates.py for tasks to queue
[2025-03-13T03:40:43.015+0000] {logging_mixin.py:151} INFO - [2025-03-13T03:40:43.015+0000] {dagbag.py:536} INFO - Filling up the DagBag from /opt/airflow/dags/extract_exchange_rates.py
[2025-03-13T03:40:43.028+0000] {processor.py:839} INFO - DAG(s) dict_keys(['extract_exchange_rates']) retrieved from /opt/airflow/dags/extract_exchange_rates.py
[2025-03-13T03:40:43.043+0000] {logging_mixin.py:151} INFO - [2025-03-13T03:40:43.043+0000] {dag.py:2941} INFO - Sync 1 DAGs
[2025-03-13T03:40:43.053+0000] {logging_mixin.py:151} INFO - [2025-03-13T03:40:43.053+0000] {dag.py:3722} INFO - Setting next_dagrun for extract_exchange_rates to 2025-03-13T00:00:00+00:00, run_after=2025-03-14T00:00:00+00:00
[2025-03-13T03:40:43.060+0000] {processor.py:179} INFO - Processing /opt/airflow/dags/extract_exchange_rates.py took 0.051 seconds
[2025-03-13T03:41:13.252+0000] {processor.py:157} INFO - Started process (PID=7276) to work on /opt/airflow/dags/extract_exchange_rates.py
[2025-03-13T03:41:13.252+0000] {processor.py:829} INFO - Processing file /opt/airflow/dags/extract_exchange_rates.py for tasks to queue
[2025-03-13T03:41:13.253+0000] {logging_mixin.py:151} INFO - [2025-03-13T03:41:13.253+0000] {dagbag.py:536} INFO - Filling up the DagBag from /opt/airflow/dags/extract_exchange_rates.py
[2025-03-13T03:41:13.262+0000] {processor.py:839} INFO - DAG(s) dict_keys(['extract_exchange_rates']) retrieved from /opt/airflow/dags/extract_exchange_rates.py
[2025-03-13T03:41:13.276+0000] {logging_mixin.py:151} INFO - [2025-03-13T03:41:13.276+0000] {dag.py:2941} INFO - Sync 1 DAGs
[2025-03-13T03:41:13.287+0000] {logging_mixin.py:151} INFO - [2025-03-13T03:41:13.287+0000] {dag.py:3722} INFO - Setting next_dagrun for extract_exchange_rates to 2025-03-13T00:00:00+00:00, run_after=2025-03-14T00:00:00+00:00
[2025-03-13T03:41:13.295+0000] {processor.py:179} INFO - Processing /opt/airflow/dags/extract_exchange_rates.py took 0.045 seconds
[2025-03-13T03:41:43.488+0000] {processor.py:157} INFO - Started process (PID=7281) to work on /opt/airflow/dags/extract_exchange_rates.py
[2025-03-13T03:41:43.490+0000] {processor.py:829} INFO - Processing file /opt/airflow/dags/extract_exchange_rates.py for tasks to queue
[2025-03-13T03:41:43.491+0000] {logging_mixin.py:151} INFO - [2025-03-13T03:41:43.491+0000] {dagbag.py:536} INFO - Filling up the DagBag from /opt/airflow/dags/extract_exchange_rates.py
[2025-03-13T03:41:43.502+0000] {processor.py:839} INFO - DAG(s) dict_keys(['extract_exchange_rates']) retrieved from /opt/airflow/dags/extract_exchange_rates.py
[2025-03-13T03:41:43.518+0000] {logging_mixin.py:151} INFO - [2025-03-13T03:41:43.518+0000] {dag.py:2941} INFO - Sync 1 DAGs
[2025-03-13T03:41:43.528+0000] {logging_mixin.py:151} INFO - [2025-03-13T03:41:43.528+0000] {dag.py:3722} INFO - Setting next_dagrun for extract_exchange_rates to 2025-03-13T00:00:00+00:00, run_after=2025-03-14T00:00:00+00:00
[2025-03-13T03:41:43.537+0000] {processor.py:179} INFO - Processing /opt/airflow/dags/extract_exchange_rates.py took 0.052 seconds
[2025-03-13T03:42:13.747+0000] {processor.py:157} INFO - Started process (PID=7286) to work on /opt/airflow/dags/extract_exchange_rates.py
[2025-03-13T03:42:13.748+0000] {processor.py:829} INFO - Processing file /opt/airflow/dags/extract_exchange_rates.py for tasks to queue
[2025-03-13T03:42:13.749+0000] {logging_mixin.py:151} INFO - [2025-03-13T03:42:13.748+0000] {dagbag.py:536} INFO - Filling up the DagBag from /opt/airflow/dags/extract_exchange_rates.py
[2025-03-13T03:42:13.759+0000] {processor.py:839} INFO - DAG(s) dict_keys(['extract_exchange_rates']) retrieved from /opt/airflow/dags/extract_exchange_rates.py
[2025-03-13T03:42:13.775+0000] {logging_mixin.py:151} INFO - [2025-03-13T03:42:13.774+0000] {dag.py:2941} INFO - Sync 1 DAGs
[2025-03-13T03:42:13.785+0000] {logging_mixin.py:151} INFO - [2025-03-13T03:42:13.785+0000] {dag.py:3722} INFO - Setting next_dagrun for extract_exchange_rates to 2025-03-13T00:00:00+00:00, run_after=2025-03-14T00:00:00+00:00
[2025-03-13T03:42:13.792+0000] {processor.py:179} INFO - Processing /opt/airflow/dags/extract_exchange_rates.py took 0.048 seconds
[2025-03-13T03:42:43.975+0000] {processor.py:157} INFO - Started process (PID=7291) to work on /opt/airflow/dags/extract_exchange_rates.py
[2025-03-13T03:42:43.975+0000] {processor.py:829} INFO - Processing file /opt/airflow/dags/extract_exchange_rates.py for tasks to queue
[2025-03-13T03:42:43.976+0000] {logging_mixin.py:151} INFO - [2025-03-13T03:42:43.976+0000] {dagbag.py:536} INFO - Filling up the DagBag from /opt/airflow/dags/extract_exchange_rates.py
[2025-03-13T03:42:43.983+0000] {processor.py:839} INFO - DAG(s) dict_keys(['extract_exchange_rates']) retrieved from /opt/airflow/dags/extract_exchange_rates.py
[2025-03-13T03:42:43.995+0000] {logging_mixin.py:151} INFO - [2025-03-13T03:42:43.995+0000] {dag.py:2941} INFO - Sync 1 DAGs
[2025-03-13T03:42:44.008+0000] {logging_mixin.py:151} INFO - [2025-03-13T03:42:44.008+0000] {dag.py:3722} INFO - Setting next_dagrun for extract_exchange_rates to 2025-03-13T00:00:00+00:00, run_after=2025-03-14T00:00:00+00:00
[2025-03-13T03:42:44.016+0000] {processor.py:179} INFO - Processing /opt/airflow/dags/extract_exchange_rates.py took 0.043 seconds
[2025-03-13T03:43:14.220+0000] {processor.py:157} INFO - Started process (PID=7296) to work on /opt/airflow/dags/extract_exchange_rates.py
[2025-03-13T03:43:14.221+0000] {processor.py:829} INFO - Processing file /opt/airflow/dags/extract_exchange_rates.py for tasks to queue
[2025-03-13T03:43:14.221+0000] {logging_mixin.py:151} INFO - [2025-03-13T03:43:14.221+0000] {dagbag.py:536} INFO - Filling up the DagBag from /opt/airflow/dags/extract_exchange_rates.py
[2025-03-13T03:43:14.231+0000] {processor.py:839} INFO - DAG(s) dict_keys(['extract_exchange_rates']) retrieved from /opt/airflow/dags/extract_exchange_rates.py
[2025-03-13T03:43:14.245+0000] {logging_mixin.py:151} INFO - [2025-03-13T03:43:14.244+0000] {dag.py:2941} INFO - Sync 1 DAGs
[2025-03-13T03:43:14.255+0000] {logging_mixin.py:151} INFO - [2025-03-13T03:43:14.255+0000] {dag.py:3722} INFO - Setting next_dagrun for extract_exchange_rates to 2025-03-13T00:00:00+00:00, run_after=2025-03-14T00:00:00+00:00
[2025-03-13T03:43:14.262+0000] {processor.py:179} INFO - Processing /opt/airflow/dags/extract_exchange_rates.py took 0.044 seconds
[2025-03-13T03:43:44.441+0000] {processor.py:157} INFO - Started process (PID=7301) to work on /opt/airflow/dags/extract_exchange_rates.py
[2025-03-13T03:43:44.442+0000] {processor.py:829} INFO - Processing file /opt/airflow/dags/extract_exchange_rates.py for tasks to queue
[2025-03-13T03:43:44.443+0000] {logging_mixin.py:151} INFO - [2025-03-13T03:43:44.443+0000] {dagbag.py:536} INFO - Filling up the DagBag from /opt/airflow/dags/extract_exchange_rates.py
[2025-03-13T03:43:44.457+0000] {processor.py:839} INFO - DAG(s) dict_keys(['extract_exchange_rates']) retrieved from /opt/airflow/dags/extract_exchange_rates.py
[2025-03-13T03:43:44.474+0000] {logging_mixin.py:151} INFO - [2025-03-13T03:43:44.474+0000] {dag.py:2941} INFO - Sync 1 DAGs
[2025-03-13T03:43:44.485+0000] {logging_mixin.py:151} INFO - [2025-03-13T03:43:44.485+0000] {dag.py:3722} INFO - Setting next_dagrun for extract_exchange_rates to 2025-03-13T00:00:00+00:00, run_after=2025-03-14T00:00:00+00:00
[2025-03-13T03:43:44.493+0000] {processor.py:179} INFO - Processing /opt/airflow/dags/extract_exchange_rates.py took 0.054 seconds
[2025-03-13T03:44:14.662+0000] {processor.py:157} INFO - Started process (PID=7306) to work on /opt/airflow/dags/extract_exchange_rates.py
[2025-03-13T03:44:14.663+0000] {processor.py:829} INFO - Processing file /opt/airflow/dags/extract_exchange_rates.py for tasks to queue
[2025-03-13T03:44:14.663+0000] {logging_mixin.py:151} INFO - [2025-03-13T03:44:14.663+0000] {dagbag.py:536} INFO - Filling up the DagBag from /opt/airflow/dags/extract_exchange_rates.py
[2025-03-13T03:44:14.674+0000] {processor.py:839} INFO - DAG(s) dict_keys(['extract_exchange_rates']) retrieved from /opt/airflow/dags/extract_exchange_rates.py
[2025-03-13T03:44:14.690+0000] {logging_mixin.py:151} INFO - [2025-03-13T03:44:14.690+0000] {dag.py:2941} INFO - Sync 1 DAGs
[2025-03-13T03:44:14.701+0000] {logging_mixin.py:151} INFO - [2025-03-13T03:44:14.701+0000] {dag.py:3722} INFO - Setting next_dagrun for extract_exchange_rates to 2025-03-13T00:00:00+00:00, run_after=2025-03-14T00:00:00+00:00
[2025-03-13T03:44:14.709+0000] {processor.py:179} INFO - Processing /opt/airflow/dags/extract_exchange_rates.py took 0.050 seconds
[2025-03-13T03:44:44.909+0000] {processor.py:157} INFO - Started process (PID=7311) to work on /opt/airflow/dags/extract_exchange_rates.py
[2025-03-13T03:44:44.910+0000] {processor.py:829} INFO - Processing file /opt/airflow/dags/extract_exchange_rates.py for tasks to queue
[2025-03-13T03:44:44.911+0000] {logging_mixin.py:151} INFO - [2025-03-13T03:44:44.910+0000] {dagbag.py:536} INFO - Filling up the DagBag from /opt/airflow/dags/extract_exchange_rates.py
[2025-03-13T03:44:44.924+0000] {processor.py:839} INFO - DAG(s) dict_keys(['extract_exchange_rates']) retrieved from /opt/airflow/dags/extract_exchange_rates.py
[2025-03-13T03:44:44.940+0000] {logging_mixin.py:151} INFO - [2025-03-13T03:44:44.940+0000] {dag.py:2941} INFO - Sync 1 DAGs
[2025-03-13T03:44:44.950+0000] {logging_mixin.py:151} INFO - [2025-03-13T03:44:44.950+0000] {dag.py:3722} INFO - Setting next_dagrun for extract_exchange_rates to 2025-03-13T00:00:00+00:00, run_after=2025-03-14T00:00:00+00:00
[2025-03-13T03:44:44.957+0000] {processor.py:179} INFO - Processing /opt/airflow/dags/extract_exchange_rates.py took 0.052 seconds
[2025-03-13T03:45:15.144+0000] {processor.py:157} INFO - Started process (PID=7316) to work on /opt/airflow/dags/extract_exchange_rates.py
[2025-03-13T03:45:15.145+0000] {processor.py:829} INFO - Processing file /opt/airflow/dags/extract_exchange_rates.py for tasks to queue
[2025-03-13T03:45:15.146+0000] {logging_mixin.py:151} INFO - [2025-03-13T03:45:15.146+0000] {dagbag.py:536} INFO - Filling up the DagBag from /opt/airflow/dags/extract_exchange_rates.py
[2025-03-13T03:45:15.157+0000] {processor.py:839} INFO - DAG(s) dict_keys(['extract_exchange_rates']) retrieved from /opt/airflow/dags/extract_exchange_rates.py
[2025-03-13T03:45:15.171+0000] {logging_mixin.py:151} INFO - [2025-03-13T03:45:15.171+0000] {dag.py:2941} INFO - Sync 1 DAGs
[2025-03-13T03:45:15.182+0000] {logging_mixin.py:151} INFO - [2025-03-13T03:45:15.181+0000] {dag.py:3722} INFO - Setting next_dagrun for extract_exchange_rates to 2025-03-13T00:00:00+00:00, run_after=2025-03-14T00:00:00+00:00
[2025-03-13T03:45:15.189+0000] {processor.py:179} INFO - Processing /opt/airflow/dags/extract_exchange_rates.py took 0.047 seconds
[2025-03-13T03:45:45.403+0000] {processor.py:157} INFO - Started process (PID=7321) to work on /opt/airflow/dags/extract_exchange_rates.py
[2025-03-13T03:45:45.403+0000] {processor.py:829} INFO - Processing file /opt/airflow/dags/extract_exchange_rates.py for tasks to queue
[2025-03-13T03:45:45.404+0000] {logging_mixin.py:151} INFO - [2025-03-13T03:45:45.404+0000] {dagbag.py:536} INFO - Filling up the DagBag from /opt/airflow/dags/extract_exchange_rates.py
[2025-03-13T03:45:45.416+0000] {processor.py:839} INFO - DAG(s) dict_keys(['extract_exchange_rates']) retrieved from /opt/airflow/dags/extract_exchange_rates.py
[2025-03-13T03:45:45.433+0000] {logging_mixin.py:151} INFO - [2025-03-13T03:45:45.433+0000] {dag.py:2941} INFO - Sync 1 DAGs
[2025-03-13T03:45:45.443+0000] {logging_mixin.py:151} INFO - [2025-03-13T03:45:45.443+0000] {dag.py:3722} INFO - Setting next_dagrun for extract_exchange_rates to 2025-03-13T00:00:00+00:00, run_after=2025-03-14T00:00:00+00:00
[2025-03-13T03:45:45.452+0000] {processor.py:179} INFO - Processing /opt/airflow/dags/extract_exchange_rates.py took 0.052 seconds
[2025-03-13T03:46:15.646+0000] {processor.py:157} INFO - Started process (PID=7326) to work on /opt/airflow/dags/extract_exchange_rates.py
[2025-03-13T03:46:15.646+0000] {processor.py:829} INFO - Processing file /opt/airflow/dags/extract_exchange_rates.py for tasks to queue
[2025-03-13T03:46:15.647+0000] {logging_mixin.py:151} INFO - [2025-03-13T03:46:15.647+0000] {dagbag.py:536} INFO - Filling up the DagBag from /opt/airflow/dags/extract_exchange_rates.py
[2025-03-13T03:46:15.655+0000] {processor.py:839} INFO - DAG(s) dict_keys(['extract_exchange_rates']) retrieved from /opt/airflow/dags/extract_exchange_rates.py
[2025-03-13T03:46:15.668+0000] {logging_mixin.py:151} INFO - [2025-03-13T03:46:15.668+0000] {dag.py:2941} INFO - Sync 1 DAGs
[2025-03-13T03:46:15.678+0000] {logging_mixin.py:151} INFO - [2025-03-13T03:46:15.678+0000] {dag.py:3722} INFO - Setting next_dagrun for extract_exchange_rates to 2025-03-13T00:00:00+00:00, run_after=2025-03-14T00:00:00+00:00
[2025-03-13T03:46:15.686+0000] {processor.py:179} INFO - Processing /opt/airflow/dags/extract_exchange_rates.py took 0.042 seconds
[2025-03-13T03:46:45.871+0000] {processor.py:157} INFO - Started process (PID=7331) to work on /opt/airflow/dags/extract_exchange_rates.py
[2025-03-13T03:46:45.873+0000] {processor.py:829} INFO - Processing file /opt/airflow/dags/extract_exchange_rates.py for tasks to queue
[2025-03-13T03:46:45.873+0000] {logging_mixin.py:151} INFO - [2025-03-13T03:46:45.873+0000] {dagbag.py:536} INFO - Filling up the DagBag from /opt/airflow/dags/extract_exchange_rates.py
[2025-03-13T03:46:45.885+0000] {processor.py:839} INFO - DAG(s) dict_keys(['extract_exchange_rates']) retrieved from /opt/airflow/dags/extract_exchange_rates.py
[2025-03-13T03:46:45.902+0000] {logging_mixin.py:151} INFO - [2025-03-13T03:46:45.902+0000] {dag.py:2941} INFO - Sync 1 DAGs
[2025-03-13T03:46:45.914+0000] {logging_mixin.py:151} INFO - [2025-03-13T03:46:45.914+0000] {dag.py:3722} INFO - Setting next_dagrun for extract_exchange_rates to 2025-03-13T00:00:00+00:00, run_after=2025-03-14T00:00:00+00:00
[2025-03-13T03:46:45.922+0000] {processor.py:179} INFO - Processing /opt/airflow/dags/extract_exchange_rates.py took 0.054 seconds
[2025-03-13T03:47:16.099+0000] {processor.py:157} INFO - Started process (PID=7336) to work on /opt/airflow/dags/extract_exchange_rates.py
[2025-03-13T03:47:16.100+0000] {processor.py:829} INFO - Processing file /opt/airflow/dags/extract_exchange_rates.py for tasks to queue
[2025-03-13T03:47:16.101+0000] {logging_mixin.py:151} INFO - [2025-03-13T03:47:16.101+0000] {dagbag.py:536} INFO - Filling up the DagBag from /opt/airflow/dags/extract_exchange_rates.py
[2025-03-13T03:47:16.111+0000] {processor.py:839} INFO - DAG(s) dict_keys(['extract_exchange_rates']) retrieved from /opt/airflow/dags/extract_exchange_rates.py
[2025-03-13T03:47:16.128+0000] {logging_mixin.py:151} INFO - [2025-03-13T03:47:16.128+0000] {dag.py:2941} INFO - Sync 1 DAGs
[2025-03-13T03:47:16.140+0000] {logging_mixin.py:151} INFO - [2025-03-13T03:47:16.140+0000] {dag.py:3722} INFO - Setting next_dagrun for extract_exchange_rates to 2025-03-13T00:00:00+00:00, run_after=2025-03-14T00:00:00+00:00
[2025-03-13T03:47:16.148+0000] {processor.py:179} INFO - Processing /opt/airflow/dags/extract_exchange_rates.py took 0.051 seconds
[2025-03-13T03:47:46.339+0000] {processor.py:157} INFO - Started process (PID=7341) to work on /opt/airflow/dags/extract_exchange_rates.py
[2025-03-13T03:47:46.339+0000] {processor.py:829} INFO - Processing file /opt/airflow/dags/extract_exchange_rates.py for tasks to queue
[2025-03-13T03:47:46.340+0000] {logging_mixin.py:151} INFO - [2025-03-13T03:47:46.340+0000] {dagbag.py:536} INFO - Filling up the DagBag from /opt/airflow/dags/extract_exchange_rates.py
[2025-03-13T03:47:46.349+0000] {processor.py:839} INFO - DAG(s) dict_keys(['extract_exchange_rates']) retrieved from /opt/airflow/dags/extract_exchange_rates.py
[2025-03-13T03:47:46.363+0000] {logging_mixin.py:151} INFO - [2025-03-13T03:47:46.363+0000] {dag.py:2941} INFO - Sync 1 DAGs
[2025-03-13T03:47:46.375+0000] {logging_mixin.py:151} INFO - [2025-03-13T03:47:46.375+0000] {dag.py:3722} INFO - Setting next_dagrun for extract_exchange_rates to 2025-03-13T00:00:00+00:00, run_after=2025-03-14T00:00:00+00:00
[2025-03-13T03:47:46.383+0000] {processor.py:179} INFO - Processing /opt/airflow/dags/extract_exchange_rates.py took 0.046 seconds
[2025-03-13T03:48:16.579+0000] {processor.py:157} INFO - Started process (PID=7346) to work on /opt/airflow/dags/extract_exchange_rates.py
[2025-03-13T03:48:16.580+0000] {processor.py:829} INFO - Processing file /opt/airflow/dags/extract_exchange_rates.py for tasks to queue
[2025-03-13T03:48:16.580+0000] {logging_mixin.py:151} INFO - [2025-03-13T03:48:16.580+0000] {dagbag.py:536} INFO - Filling up the DagBag from /opt/airflow/dags/extract_exchange_rates.py
[2025-03-13T03:48:16.591+0000] {processor.py:839} INFO - DAG(s) dict_keys(['extract_exchange_rates']) retrieved from /opt/airflow/dags/extract_exchange_rates.py
[2025-03-13T03:48:16.606+0000] {logging_mixin.py:151} INFO - [2025-03-13T03:48:16.605+0000] {dag.py:2941} INFO - Sync 1 DAGs
[2025-03-13T03:48:16.615+0000] {logging_mixin.py:151} INFO - [2025-03-13T03:48:16.615+0000] {dag.py:3722} INFO - Setting next_dagrun for extract_exchange_rates to 2025-03-13T00:00:00+00:00, run_after=2025-03-14T00:00:00+00:00
[2025-03-13T03:48:16.623+0000] {processor.py:179} INFO - Processing /opt/airflow/dags/extract_exchange_rates.py took 0.046 seconds
[2025-03-13T03:48:46.796+0000] {processor.py:157} INFO - Started process (PID=7351) to work on /opt/airflow/dags/extract_exchange_rates.py
[2025-03-13T03:48:46.796+0000] {processor.py:829} INFO - Processing file /opt/airflow/dags/extract_exchange_rates.py for tasks to queue
[2025-03-13T03:48:46.796+0000] {logging_mixin.py:151} INFO - [2025-03-13T03:48:46.796+0000] {dagbag.py:536} INFO - Filling up the DagBag from /opt/airflow/dags/extract_exchange_rates.py
[2025-03-13T03:48:46.804+0000] {processor.py:839} INFO - DAG(s) dict_keys(['extract_exchange_rates']) retrieved from /opt/airflow/dags/extract_exchange_rates.py
[2025-03-13T03:48:46.817+0000] {logging_mixin.py:151} INFO - [2025-03-13T03:48:46.817+0000] {dag.py:2941} INFO - Sync 1 DAGs
[2025-03-13T03:48:46.826+0000] {logging_mixin.py:151} INFO - [2025-03-13T03:48:46.826+0000] {dag.py:3722} INFO - Setting next_dagrun for extract_exchange_rates to 2025-03-13T00:00:00+00:00, run_after=2025-03-14T00:00:00+00:00
[2025-03-13T03:48:46.833+0000] {processor.py:179} INFO - Processing /opt/airflow/dags/extract_exchange_rates.py took 0.038 seconds
[2025-03-13T03:49:17.031+0000] {processor.py:157} INFO - Started process (PID=7356) to work on /opt/airflow/dags/extract_exchange_rates.py
[2025-03-13T03:49:17.031+0000] {processor.py:829} INFO - Processing file /opt/airflow/dags/extract_exchange_rates.py for tasks to queue
[2025-03-13T03:49:17.032+0000] {logging_mixin.py:151} INFO - [2025-03-13T03:49:17.032+0000] {dagbag.py:536} INFO - Filling up the DagBag from /opt/airflow/dags/extract_exchange_rates.py
[2025-03-13T03:49:17.041+0000] {processor.py:839} INFO - DAG(s) dict_keys(['extract_exchange_rates']) retrieved from /opt/airflow/dags/extract_exchange_rates.py
[2025-03-13T03:49:17.056+0000] {logging_mixin.py:151} INFO - [2025-03-13T03:49:17.056+0000] {dag.py:2941} INFO - Sync 1 DAGs
[2025-03-13T03:49:17.067+0000] {logging_mixin.py:151} INFO - [2025-03-13T03:49:17.067+0000] {dag.py:3722} INFO - Setting next_dagrun for extract_exchange_rates to 2025-03-13T00:00:00+00:00, run_after=2025-03-14T00:00:00+00:00
[2025-03-13T03:49:17.074+0000] {processor.py:179} INFO - Processing /opt/airflow/dags/extract_exchange_rates.py took 0.046 seconds
[2025-03-13T03:49:47.248+0000] {processor.py:157} INFO - Started process (PID=7361) to work on /opt/airflow/dags/extract_exchange_rates.py
[2025-03-13T03:49:47.249+0000] {processor.py:829} INFO - Processing file /opt/airflow/dags/extract_exchange_rates.py for tasks to queue
[2025-03-13T03:49:47.249+0000] {logging_mixin.py:151} INFO - [2025-03-13T03:49:47.249+0000] {dagbag.py:536} INFO - Filling up the DagBag from /opt/airflow/dags/extract_exchange_rates.py
[2025-03-13T03:49:47.259+0000] {processor.py:839} INFO - DAG(s) dict_keys(['extract_exchange_rates']) retrieved from /opt/airflow/dags/extract_exchange_rates.py
[2025-03-13T03:49:47.273+0000] {logging_mixin.py:151} INFO - [2025-03-13T03:49:47.273+0000] {dag.py:2941} INFO - Sync 1 DAGs
[2025-03-13T03:49:47.285+0000] {logging_mixin.py:151} INFO - [2025-03-13T03:49:47.284+0000] {dag.py:3722} INFO - Setting next_dagrun for extract_exchange_rates to 2025-03-13T00:00:00+00:00, run_after=2025-03-14T00:00:00+00:00
[2025-03-13T03:49:47.293+0000] {processor.py:179} INFO - Processing /opt/airflow/dags/extract_exchange_rates.py took 0.047 seconds
[2025-03-13T03:50:17.480+0000] {processor.py:157} INFO - Started process (PID=7366) to work on /opt/airflow/dags/extract_exchange_rates.py
[2025-03-13T03:50:17.481+0000] {processor.py:829} INFO - Processing file /opt/airflow/dags/extract_exchange_rates.py for tasks to queue
[2025-03-13T03:50:17.481+0000] {logging_mixin.py:151} INFO - [2025-03-13T03:50:17.481+0000] {dagbag.py:536} INFO - Filling up the DagBag from /opt/airflow/dags/extract_exchange_rates.py
[2025-03-13T03:50:17.488+0000] {processor.py:839} INFO - DAG(s) dict_keys(['extract_exchange_rates']) retrieved from /opt/airflow/dags/extract_exchange_rates.py
[2025-03-13T03:50:17.499+0000] {logging_mixin.py:151} INFO - [2025-03-13T03:50:17.499+0000] {dag.py:2941} INFO - Sync 1 DAGs
[2025-03-13T03:50:17.509+0000] {logging_mixin.py:151} INFO - [2025-03-13T03:50:17.508+0000] {dag.py:3722} INFO - Setting next_dagrun for extract_exchange_rates to 2025-03-13T00:00:00+00:00, run_after=2025-03-14T00:00:00+00:00
[2025-03-13T03:50:17.516+0000] {processor.py:179} INFO - Processing /opt/airflow/dags/extract_exchange_rates.py took 0.038 seconds
[2025-03-13T03:50:47.715+0000] {processor.py:157} INFO - Started process (PID=7371) to work on /opt/airflow/dags/extract_exchange_rates.py
[2025-03-13T03:50:47.716+0000] {processor.py:829} INFO - Processing file /opt/airflow/dags/extract_exchange_rates.py for tasks to queue
[2025-03-13T03:50:47.717+0000] {logging_mixin.py:151} INFO - [2025-03-13T03:50:47.717+0000] {dagbag.py:536} INFO - Filling up the DagBag from /opt/airflow/dags/extract_exchange_rates.py
[2025-03-13T03:50:47.727+0000] {processor.py:839} INFO - DAG(s) dict_keys(['extract_exchange_rates']) retrieved from /opt/airflow/dags/extract_exchange_rates.py
[2025-03-13T03:50:47.742+0000] {logging_mixin.py:151} INFO - [2025-03-13T03:50:47.741+0000] {dag.py:2941} INFO - Sync 1 DAGs
[2025-03-13T03:50:47.752+0000] {logging_mixin.py:151} INFO - [2025-03-13T03:50:47.752+0000] {dag.py:3722} INFO - Setting next_dagrun for extract_exchange_rates to 2025-03-13T00:00:00+00:00, run_after=2025-03-14T00:00:00+00:00
[2025-03-13T03:50:47.760+0000] {processor.py:179} INFO - Processing /opt/airflow/dags/extract_exchange_rates.py took 0.048 seconds
[2025-03-13T03:51:17.933+0000] {processor.py:157} INFO - Started process (PID=7376) to work on /opt/airflow/dags/extract_exchange_rates.py
[2025-03-13T03:51:17.933+0000] {processor.py:829} INFO - Processing file /opt/airflow/dags/extract_exchange_rates.py for tasks to queue
[2025-03-13T03:51:17.934+0000] {logging_mixin.py:151} INFO - [2025-03-13T03:51:17.934+0000] {dagbag.py:536} INFO - Filling up the DagBag from /opt/airflow/dags/extract_exchange_rates.py
[2025-03-13T03:51:17.944+0000] {processor.py:839} INFO - DAG(s) dict_keys(['extract_exchange_rates']) retrieved from /opt/airflow/dags/extract_exchange_rates.py
[2025-03-13T03:51:17.958+0000] {logging_mixin.py:151} INFO - [2025-03-13T03:51:17.958+0000] {dag.py:2941} INFO - Sync 1 DAGs
[2025-03-13T03:51:17.970+0000] {logging_mixin.py:151} INFO - [2025-03-13T03:51:17.969+0000] {dag.py:3722} INFO - Setting next_dagrun for extract_exchange_rates to 2025-03-13T00:00:00+00:00, run_after=2025-03-14T00:00:00+00:00
[2025-03-13T03:51:17.978+0000] {processor.py:179} INFO - Processing /opt/airflow/dags/extract_exchange_rates.py took 0.048 seconds
[2025-03-13T03:51:48.141+0000] {processor.py:157} INFO - Started process (PID=7381) to work on /opt/airflow/dags/extract_exchange_rates.py
[2025-03-13T03:51:48.142+0000] {processor.py:829} INFO - Processing file /opt/airflow/dags/extract_exchange_rates.py for tasks to queue
[2025-03-13T03:51:48.143+0000] {logging_mixin.py:151} INFO - [2025-03-13T03:51:48.142+0000] {dagbag.py:536} INFO - Filling up the DagBag from /opt/airflow/dags/extract_exchange_rates.py
[2025-03-13T03:51:48.153+0000] {processor.py:839} INFO - DAG(s) dict_keys(['extract_exchange_rates']) retrieved from /opt/airflow/dags/extract_exchange_rates.py
[2025-03-13T03:51:48.167+0000] {logging_mixin.py:151} INFO - [2025-03-13T03:51:48.167+0000] {dag.py:2941} INFO - Sync 1 DAGs
[2025-03-13T03:51:48.178+0000] {logging_mixin.py:151} INFO - [2025-03-13T03:51:48.178+0000] {dag.py:3722} INFO - Setting next_dagrun for extract_exchange_rates to 2025-03-13T00:00:00+00:00, run_after=2025-03-14T00:00:00+00:00
[2025-03-13T03:51:48.186+0000] {processor.py:179} INFO - Processing /opt/airflow/dags/extract_exchange_rates.py took 0.047 seconds
[2025-03-13T03:52:18.356+0000] {processor.py:157} INFO - Started process (PID=7386) to work on /opt/airflow/dags/extract_exchange_rates.py
[2025-03-13T03:52:18.357+0000] {processor.py:829} INFO - Processing file /opt/airflow/dags/extract_exchange_rates.py for tasks to queue
[2025-03-13T03:52:18.357+0000] {logging_mixin.py:151} INFO - [2025-03-13T03:52:18.357+0000] {dagbag.py:536} INFO - Filling up the DagBag from /opt/airflow/dags/extract_exchange_rates.py
[2025-03-13T03:52:18.365+0000] {processor.py:839} INFO - DAG(s) dict_keys(['extract_exchange_rates']) retrieved from /opt/airflow/dags/extract_exchange_rates.py
[2025-03-13T03:52:18.378+0000] {logging_mixin.py:151} INFO - [2025-03-13T03:52:18.378+0000] {dag.py:2941} INFO - Sync 1 DAGs
[2025-03-13T03:52:18.388+0000] {logging_mixin.py:151} INFO - [2025-03-13T03:52:18.388+0000] {dag.py:3722} INFO - Setting next_dagrun for extract_exchange_rates to 2025-03-13T00:00:00+00:00, run_after=2025-03-14T00:00:00+00:00
[2025-03-13T03:52:18.396+0000] {processor.py:179} INFO - Processing /opt/airflow/dags/extract_exchange_rates.py took 0.041 seconds
[2025-03-13T03:52:48.591+0000] {processor.py:157} INFO - Started process (PID=7391) to work on /opt/airflow/dags/extract_exchange_rates.py
[2025-03-13T03:52:48.592+0000] {processor.py:829} INFO - Processing file /opt/airflow/dags/extract_exchange_rates.py for tasks to queue
[2025-03-13T03:52:48.593+0000] {logging_mixin.py:151} INFO - [2025-03-13T03:52:48.592+0000] {dagbag.py:536} INFO - Filling up the DagBag from /opt/airflow/dags/extract_exchange_rates.py
[2025-03-13T03:52:48.604+0000] {processor.py:839} INFO - DAG(s) dict_keys(['extract_exchange_rates']) retrieved from /opt/airflow/dags/extract_exchange_rates.py
[2025-03-13T03:52:48.617+0000] {logging_mixin.py:151} INFO - [2025-03-13T03:52:48.617+0000] {dag.py:2941} INFO - Sync 1 DAGs
[2025-03-13T03:52:48.627+0000] {logging_mixin.py:151} INFO - [2025-03-13T03:52:48.627+0000] {dag.py:3722} INFO - Setting next_dagrun for extract_exchange_rates to 2025-03-13T00:00:00+00:00, run_after=2025-03-14T00:00:00+00:00
[2025-03-13T03:52:48.635+0000] {processor.py:179} INFO - Processing /opt/airflow/dags/extract_exchange_rates.py took 0.047 seconds
[2025-03-13T03:53:18.816+0000] {processor.py:157} INFO - Started process (PID=7396) to work on /opt/airflow/dags/extract_exchange_rates.py
[2025-03-13T03:53:18.817+0000] {processor.py:829} INFO - Processing file /opt/airflow/dags/extract_exchange_rates.py for tasks to queue
[2025-03-13T03:53:18.817+0000] {logging_mixin.py:151} INFO - [2025-03-13T03:53:18.817+0000] {dagbag.py:536} INFO - Filling up the DagBag from /opt/airflow/dags/extract_exchange_rates.py
[2025-03-13T03:53:18.824+0000] {processor.py:839} INFO - DAG(s) dict_keys(['extract_exchange_rates']) retrieved from /opt/airflow/dags/extract_exchange_rates.py
[2025-03-13T03:53:18.836+0000] {logging_mixin.py:151} INFO - [2025-03-13T03:53:18.836+0000] {dag.py:2941} INFO - Sync 1 DAGs
[2025-03-13T03:53:18.844+0000] {logging_mixin.py:151} INFO - [2025-03-13T03:53:18.844+0000] {dag.py:3722} INFO - Setting next_dagrun for extract_exchange_rates to 2025-03-13T00:00:00+00:00, run_after=2025-03-14T00:00:00+00:00
[2025-03-13T03:53:18.851+0000] {processor.py:179} INFO - Processing /opt/airflow/dags/extract_exchange_rates.py took 0.037 seconds
[2025-03-13T03:53:49.076+0000] {processor.py:157} INFO - Started process (PID=7401) to work on /opt/airflow/dags/extract_exchange_rates.py
[2025-03-13T03:53:49.077+0000] {processor.py:829} INFO - Processing file /opt/airflow/dags/extract_exchange_rates.py for tasks to queue
[2025-03-13T03:53:49.078+0000] {logging_mixin.py:151} INFO - [2025-03-13T03:53:49.077+0000] {dagbag.py:536} INFO - Filling up the DagBag from /opt/airflow/dags/extract_exchange_rates.py
[2025-03-13T03:53:49.092+0000] {processor.py:839} INFO - DAG(s) dict_keys(['extract_exchange_rates']) retrieved from /opt/airflow/dags/extract_exchange_rates.py
[2025-03-13T03:53:49.105+0000] {logging_mixin.py:151} INFO - [2025-03-13T03:53:49.105+0000] {dag.py:2941} INFO - Sync 1 DAGs
[2025-03-13T03:53:49.115+0000] {logging_mixin.py:151} INFO - [2025-03-13T03:53:49.115+0000] {dag.py:3722} INFO - Setting next_dagrun for extract_exchange_rates to 2025-03-13T00:00:00+00:00, run_after=2025-03-14T00:00:00+00:00
[2025-03-13T03:53:49.122+0000] {processor.py:179} INFO - Processing /opt/airflow/dags/extract_exchange_rates.py took 0.048 seconds
[2025-03-13T03:54:19.339+0000] {processor.py:157} INFO - Started process (PID=7406) to work on /opt/airflow/dags/extract_exchange_rates.py
[2025-03-13T03:54:19.340+0000] {processor.py:829} INFO - Processing file /opt/airflow/dags/extract_exchange_rates.py for tasks to queue
[2025-03-13T03:54:19.341+0000] {logging_mixin.py:151} INFO - [2025-03-13T03:54:19.341+0000] {dagbag.py:536} INFO - Filling up the DagBag from /opt/airflow/dags/extract_exchange_rates.py
[2025-03-13T03:54:19.358+0000] {processor.py:839} INFO - DAG(s) dict_keys(['extract_exchange_rates']) retrieved from /opt/airflow/dags/extract_exchange_rates.py
[2025-03-13T03:54:19.378+0000] {logging_mixin.py:151} INFO - [2025-03-13T03:54:19.378+0000] {dag.py:2941} INFO - Sync 1 DAGs
[2025-03-13T03:54:19.391+0000] {logging_mixin.py:151} INFO - [2025-03-13T03:54:19.391+0000] {dag.py:3722} INFO - Setting next_dagrun for extract_exchange_rates to 2025-03-13T00:00:00+00:00, run_after=2025-03-14T00:00:00+00:00
[2025-03-13T03:54:19.398+0000] {processor.py:179} INFO - Processing /opt/airflow/dags/extract_exchange_rates.py took 0.062 seconds
[2025-03-13T03:54:49.575+0000] {processor.py:157} INFO - Started process (PID=7411) to work on /opt/airflow/dags/extract_exchange_rates.py
[2025-03-13T03:54:49.577+0000] {processor.py:829} INFO - Processing file /opt/airflow/dags/extract_exchange_rates.py for tasks to queue
[2025-03-13T03:54:49.578+0000] {logging_mixin.py:151} INFO - [2025-03-13T03:54:49.578+0000] {dagbag.py:536} INFO - Filling up the DagBag from /opt/airflow/dags/extract_exchange_rates.py
[2025-03-13T03:54:49.590+0000] {processor.py:839} INFO - DAG(s) dict_keys(['extract_exchange_rates']) retrieved from /opt/airflow/dags/extract_exchange_rates.py
[2025-03-13T03:54:49.603+0000] {logging_mixin.py:151} INFO - [2025-03-13T03:54:49.603+0000] {dag.py:2941} INFO - Sync 1 DAGs
[2025-03-13T03:54:49.613+0000] {logging_mixin.py:151} INFO - [2025-03-13T03:54:49.613+0000] {dag.py:3722} INFO - Setting next_dagrun for extract_exchange_rates to 2025-03-13T00:00:00+00:00, run_after=2025-03-14T00:00:00+00:00
[2025-03-13T03:54:49.620+0000] {processor.py:179} INFO - Processing /opt/airflow/dags/extract_exchange_rates.py took 0.048 seconds
[2025-03-13T03:55:19.814+0000] {processor.py:157} INFO - Started process (PID=7416) to work on /opt/airflow/dags/extract_exchange_rates.py
[2025-03-13T03:55:19.815+0000] {processor.py:829} INFO - Processing file /opt/airflow/dags/extract_exchange_rates.py for tasks to queue
[2025-03-13T03:55:19.816+0000] {logging_mixin.py:151} INFO - [2025-03-13T03:55:19.816+0000] {dagbag.py:536} INFO - Filling up the DagBag from /opt/airflow/dags/extract_exchange_rates.py
[2025-03-13T03:55:19.828+0000] {processor.py:839} INFO - DAG(s) dict_keys(['extract_exchange_rates']) retrieved from /opt/airflow/dags/extract_exchange_rates.py
[2025-03-13T03:55:19.841+0000] {logging_mixin.py:151} INFO - [2025-03-13T03:55:19.841+0000] {dag.py:2941} INFO - Sync 1 DAGs
[2025-03-13T03:55:19.851+0000] {logging_mixin.py:151} INFO - [2025-03-13T03:55:19.851+0000] {dag.py:3722} INFO - Setting next_dagrun for extract_exchange_rates to 2025-03-13T00:00:00+00:00, run_after=2025-03-14T00:00:00+00:00
[2025-03-13T03:55:19.860+0000] {processor.py:179} INFO - Processing /opt/airflow/dags/extract_exchange_rates.py took 0.050 seconds
[2025-03-13T03:55:50.041+0000] {processor.py:157} INFO - Started process (PID=7421) to work on /opt/airflow/dags/extract_exchange_rates.py
[2025-03-13T03:55:50.042+0000] {processor.py:829} INFO - Processing file /opt/airflow/dags/extract_exchange_rates.py for tasks to queue
[2025-03-13T03:55:50.043+0000] {logging_mixin.py:151} INFO - [2025-03-13T03:55:50.043+0000] {dagbag.py:536} INFO - Filling up the DagBag from /opt/airflow/dags/extract_exchange_rates.py
[2025-03-13T03:55:50.056+0000] {processor.py:839} INFO - DAG(s) dict_keys(['extract_exchange_rates']) retrieved from /opt/airflow/dags/extract_exchange_rates.py
[2025-03-13T03:55:50.072+0000] {logging_mixin.py:151} INFO - [2025-03-13T03:55:50.072+0000] {dag.py:2941} INFO - Sync 1 DAGs
[2025-03-13T03:55:50.084+0000] {logging_mixin.py:151} INFO - [2025-03-13T03:55:50.084+0000] {dag.py:3722} INFO - Setting next_dagrun for extract_exchange_rates to 2025-03-13T00:00:00+00:00, run_after=2025-03-14T00:00:00+00:00
[2025-03-13T03:55:50.091+0000] {processor.py:179} INFO - Processing /opt/airflow/dags/extract_exchange_rates.py took 0.054 seconds
[2025-03-13T03:56:20.294+0000] {processor.py:157} INFO - Started process (PID=7426) to work on /opt/airflow/dags/extract_exchange_rates.py
[2025-03-13T03:56:20.295+0000] {processor.py:829} INFO - Processing file /opt/airflow/dags/extract_exchange_rates.py for tasks to queue
[2025-03-13T03:56:20.296+0000] {logging_mixin.py:151} INFO - [2025-03-13T03:56:20.296+0000] {dagbag.py:536} INFO - Filling up the DagBag from /opt/airflow/dags/extract_exchange_rates.py
[2025-03-13T03:56:20.306+0000] {processor.py:839} INFO - DAG(s) dict_keys(['extract_exchange_rates']) retrieved from /opt/airflow/dags/extract_exchange_rates.py
[2025-03-13T03:56:20.320+0000] {logging_mixin.py:151} INFO - [2025-03-13T03:56:20.320+0000] {dag.py:2941} INFO - Sync 1 DAGs
[2025-03-13T03:56:20.330+0000] {logging_mixin.py:151} INFO - [2025-03-13T03:56:20.330+0000] {dag.py:3722} INFO - Setting next_dagrun for extract_exchange_rates to 2025-03-13T00:00:00+00:00, run_after=2025-03-14T00:00:00+00:00
[2025-03-13T03:56:20.338+0000] {processor.py:179} INFO - Processing /opt/airflow/dags/extract_exchange_rates.py took 0.046 seconds
[2025-03-13T03:56:50.533+0000] {processor.py:157} INFO - Started process (PID=7431) to work on /opt/airflow/dags/extract_exchange_rates.py
[2025-03-13T03:56:50.533+0000] {processor.py:829} INFO - Processing file /opt/airflow/dags/extract_exchange_rates.py for tasks to queue
[2025-03-13T03:56:50.534+0000] {logging_mixin.py:151} INFO - [2025-03-13T03:56:50.534+0000] {dagbag.py:536} INFO - Filling up the DagBag from /opt/airflow/dags/extract_exchange_rates.py
[2025-03-13T03:56:50.544+0000] {processor.py:839} INFO - DAG(s) dict_keys(['extract_exchange_rates']) retrieved from /opt/airflow/dags/extract_exchange_rates.py
[2025-03-13T03:56:50.559+0000] {logging_mixin.py:151} INFO - [2025-03-13T03:56:50.559+0000] {dag.py:2941} INFO - Sync 1 DAGs
[2025-03-13T03:56:50.570+0000] {logging_mixin.py:151} INFO - [2025-03-13T03:56:50.570+0000] {dag.py:3722} INFO - Setting next_dagrun for extract_exchange_rates to 2025-03-13T00:00:00+00:00, run_after=2025-03-14T00:00:00+00:00
[2025-03-13T03:56:50.578+0000] {processor.py:179} INFO - Processing /opt/airflow/dags/extract_exchange_rates.py took 0.047 seconds
[2025-03-13T03:57:20.786+0000] {processor.py:157} INFO - Started process (PID=7436) to work on /opt/airflow/dags/extract_exchange_rates.py
[2025-03-13T03:57:20.786+0000] {processor.py:829} INFO - Processing file /opt/airflow/dags/extract_exchange_rates.py for tasks to queue
[2025-03-13T03:57:20.787+0000] {logging_mixin.py:151} INFO - [2025-03-13T03:57:20.787+0000] {dagbag.py:536} INFO - Filling up the DagBag from /opt/airflow/dags/extract_exchange_rates.py
[2025-03-13T03:57:20.797+0000] {processor.py:839} INFO - DAG(s) dict_keys(['extract_exchange_rates']) retrieved from /opt/airflow/dags/extract_exchange_rates.py
[2025-03-13T03:57:20.811+0000] {logging_mixin.py:151} INFO - [2025-03-13T03:57:20.811+0000] {dag.py:2941} INFO - Sync 1 DAGs
[2025-03-13T03:57:20.821+0000] {logging_mixin.py:151} INFO - [2025-03-13T03:57:20.821+0000] {dag.py:3722} INFO - Setting next_dagrun for extract_exchange_rates to 2025-03-13T00:00:00+00:00, run_after=2025-03-14T00:00:00+00:00
[2025-03-13T03:57:20.829+0000] {processor.py:179} INFO - Processing /opt/airflow/dags/extract_exchange_rates.py took 0.045 seconds
[2025-03-13T03:57:51.011+0000] {processor.py:157} INFO - Started process (PID=7441) to work on /opt/airflow/dags/extract_exchange_rates.py
[2025-03-13T03:57:51.012+0000] {processor.py:829} INFO - Processing file /opt/airflow/dags/extract_exchange_rates.py for tasks to queue
[2025-03-13T03:57:51.012+0000] {logging_mixin.py:151} INFO - [2025-03-13T03:57:51.012+0000] {dagbag.py:536} INFO - Filling up the DagBag from /opt/airflow/dags/extract_exchange_rates.py
[2025-03-13T03:57:51.022+0000] {processor.py:839} INFO - DAG(s) dict_keys(['extract_exchange_rates']) retrieved from /opt/airflow/dags/extract_exchange_rates.py
[2025-03-13T03:57:51.036+0000] {logging_mixin.py:151} INFO - [2025-03-13T03:57:51.036+0000] {dag.py:2941} INFO - Sync 1 DAGs
[2025-03-13T03:57:51.047+0000] {logging_mixin.py:151} INFO - [2025-03-13T03:57:51.047+0000] {dag.py:3722} INFO - Setting next_dagrun for extract_exchange_rates to 2025-03-13T00:00:00+00:00, run_after=2025-03-14T00:00:00+00:00
[2025-03-13T03:57:51.054+0000] {processor.py:179} INFO - Processing /opt/airflow/dags/extract_exchange_rates.py took 0.045 seconds
[2025-03-13T03:58:21.239+0000] {processor.py:157} INFO - Started process (PID=7446) to work on /opt/airflow/dags/extract_exchange_rates.py
[2025-03-13T03:58:21.239+0000] {processor.py:829} INFO - Processing file /opt/airflow/dags/extract_exchange_rates.py for tasks to queue
[2025-03-13T03:58:21.239+0000] {logging_mixin.py:151} INFO - [2025-03-13T03:58:21.239+0000] {dagbag.py:536} INFO - Filling up the DagBag from /opt/airflow/dags/extract_exchange_rates.py
[2025-03-13T03:58:21.246+0000] {processor.py:839} INFO - DAG(s) dict_keys(['extract_exchange_rates']) retrieved from /opt/airflow/dags/extract_exchange_rates.py
[2025-03-13T03:58:21.257+0000] {logging_mixin.py:151} INFO - [2025-03-13T03:58:21.257+0000] {dag.py:2941} INFO - Sync 1 DAGs
[2025-03-13T03:58:21.266+0000] {logging_mixin.py:151} INFO - [2025-03-13T03:58:21.266+0000] {dag.py:3722} INFO - Setting next_dagrun for extract_exchange_rates to 2025-03-13T00:00:00+00:00, run_after=2025-03-14T00:00:00+00:00
[2025-03-13T03:58:21.273+0000] {processor.py:179} INFO - Processing /opt/airflow/dags/extract_exchange_rates.py took 0.036 seconds
[2025-03-13T03:58:51.473+0000] {processor.py:157} INFO - Started process (PID=7451) to work on /opt/airflow/dags/extract_exchange_rates.py
[2025-03-13T03:58:51.475+0000] {processor.py:829} INFO - Processing file /opt/airflow/dags/extract_exchange_rates.py for tasks to queue
[2025-03-13T03:58:51.475+0000] {logging_mixin.py:151} INFO - [2025-03-13T03:58:51.475+0000] {dagbag.py:536} INFO - Filling up the DagBag from /opt/airflow/dags/extract_exchange_rates.py
[2025-03-13T03:58:51.483+0000] {processor.py:839} INFO - DAG(s) dict_keys(['extract_exchange_rates']) retrieved from /opt/airflow/dags/extract_exchange_rates.py
[2025-03-13T03:58:51.495+0000] {logging_mixin.py:151} INFO - [2025-03-13T03:58:51.495+0000] {dag.py:2941} INFO - Sync 1 DAGs
[2025-03-13T03:58:51.504+0000] {logging_mixin.py:151} INFO - [2025-03-13T03:58:51.504+0000] {dag.py:3722} INFO - Setting next_dagrun for extract_exchange_rates to 2025-03-13T00:00:00+00:00, run_after=2025-03-14T00:00:00+00:00
[2025-03-13T03:58:51.511+0000] {processor.py:179} INFO - Processing /opt/airflow/dags/extract_exchange_rates.py took 0.039 seconds
[2025-03-13T03:59:21.709+0000] {processor.py:157} INFO - Started process (PID=7456) to work on /opt/airflow/dags/extract_exchange_rates.py
[2025-03-13T03:59:21.710+0000] {processor.py:829} INFO - Processing file /opt/airflow/dags/extract_exchange_rates.py for tasks to queue
[2025-03-13T03:59:21.710+0000] {logging_mixin.py:151} INFO - [2025-03-13T03:59:21.710+0000] {dagbag.py:536} INFO - Filling up the DagBag from /opt/airflow/dags/extract_exchange_rates.py
[2025-03-13T03:59:21.721+0000] {processor.py:839} INFO - DAG(s) dict_keys(['extract_exchange_rates']) retrieved from /opt/airflow/dags/extract_exchange_rates.py
[2025-03-13T03:59:21.735+0000] {logging_mixin.py:151} INFO - [2025-03-13T03:59:21.735+0000] {dag.py:2941} INFO - Sync 1 DAGs
[2025-03-13T03:59:21.746+0000] {logging_mixin.py:151} INFO - [2025-03-13T03:59:21.746+0000] {dag.py:3722} INFO - Setting next_dagrun for extract_exchange_rates to 2025-03-13T00:00:00+00:00, run_after=2025-03-14T00:00:00+00:00
[2025-03-13T03:59:21.753+0000] {processor.py:179} INFO - Processing /opt/airflow/dags/extract_exchange_rates.py took 0.047 seconds
[2025-03-13T03:59:51.959+0000] {processor.py:157} INFO - Started process (PID=7461) to work on /opt/airflow/dags/extract_exchange_rates.py
[2025-03-13T03:59:51.959+0000] {processor.py:829} INFO - Processing file /opt/airflow/dags/extract_exchange_rates.py for tasks to queue
[2025-03-13T03:59:51.960+0000] {logging_mixin.py:151} INFO - [2025-03-13T03:59:51.960+0000] {dagbag.py:536} INFO - Filling up the DagBag from /opt/airflow/dags/extract_exchange_rates.py
[2025-03-13T03:59:51.971+0000] {processor.py:839} INFO - DAG(s) dict_keys(['extract_exchange_rates']) retrieved from /opt/airflow/dags/extract_exchange_rates.py
[2025-03-13T03:59:51.987+0000] {logging_mixin.py:151} INFO - [2025-03-13T03:59:51.986+0000] {dag.py:2941} INFO - Sync 1 DAGs
[2025-03-13T03:59:51.998+0000] {logging_mixin.py:151} INFO - [2025-03-13T03:59:51.998+0000] {dag.py:3722} INFO - Setting next_dagrun for extract_exchange_rates to 2025-03-13T00:00:00+00:00, run_after=2025-03-14T00:00:00+00:00
[2025-03-13T03:59:52.006+0000] {processor.py:179} INFO - Processing /opt/airflow/dags/extract_exchange_rates.py took 0.050 seconds
[2025-03-13T04:00:22.183+0000] {processor.py:157} INFO - Started process (PID=7466) to work on /opt/airflow/dags/extract_exchange_rates.py
[2025-03-13T04:00:22.185+0000] {processor.py:829} INFO - Processing file /opt/airflow/dags/extract_exchange_rates.py for tasks to queue
[2025-03-13T04:00:22.186+0000] {logging_mixin.py:151} INFO - [2025-03-13T04:00:22.185+0000] {dagbag.py:536} INFO - Filling up the DagBag from /opt/airflow/dags/extract_exchange_rates.py
[2025-03-13T04:00:22.196+0000] {processor.py:839} INFO - DAG(s) dict_keys(['extract_exchange_rates']) retrieved from /opt/airflow/dags/extract_exchange_rates.py
[2025-03-13T04:00:22.211+0000] {logging_mixin.py:151} INFO - [2025-03-13T04:00:22.211+0000] {dag.py:2941} INFO - Sync 1 DAGs
[2025-03-13T04:00:22.220+0000] {logging_mixin.py:151} INFO - [2025-03-13T04:00:22.220+0000] {dag.py:3722} INFO - Setting next_dagrun for extract_exchange_rates to 2025-03-13T00:00:00+00:00, run_after=2025-03-14T00:00:00+00:00
[2025-03-13T04:00:22.227+0000] {processor.py:179} INFO - Processing /opt/airflow/dags/extract_exchange_rates.py took 0.047 seconds
[2025-03-13T04:00:52.435+0000] {processor.py:157} INFO - Started process (PID=7471) to work on /opt/airflow/dags/extract_exchange_rates.py
[2025-03-13T04:00:52.436+0000] {processor.py:829} INFO - Processing file /opt/airflow/dags/extract_exchange_rates.py for tasks to queue
[2025-03-13T04:00:52.437+0000] {logging_mixin.py:151} INFO - [2025-03-13T04:00:52.437+0000] {dagbag.py:536} INFO - Filling up the DagBag from /opt/airflow/dags/extract_exchange_rates.py
[2025-03-13T04:00:52.450+0000] {processor.py:839} INFO - DAG(s) dict_keys(['extract_exchange_rates']) retrieved from /opt/airflow/dags/extract_exchange_rates.py
[2025-03-13T04:00:52.463+0000] {logging_mixin.py:151} INFO - [2025-03-13T04:00:52.463+0000] {dag.py:2941} INFO - Sync 1 DAGs
[2025-03-13T04:00:52.473+0000] {logging_mixin.py:151} INFO - [2025-03-13T04:00:52.473+0000] {dag.py:3722} INFO - Setting next_dagrun for extract_exchange_rates to 2025-03-13T00:00:00+00:00, run_after=2025-03-14T00:00:00+00:00
[2025-03-13T04:00:52.480+0000] {processor.py:179} INFO - Processing /opt/airflow/dags/extract_exchange_rates.py took 0.048 seconds
[2025-03-13T04:01:22.687+0000] {processor.py:157} INFO - Started process (PID=7476) to work on /opt/airflow/dags/extract_exchange_rates.py
[2025-03-13T04:01:22.688+0000] {processor.py:829} INFO - Processing file /opt/airflow/dags/extract_exchange_rates.py for tasks to queue
[2025-03-13T04:01:22.688+0000] {logging_mixin.py:151} INFO - [2025-03-13T04:01:22.688+0000] {dagbag.py:536} INFO - Filling up the DagBag from /opt/airflow/dags/extract_exchange_rates.py
[2025-03-13T04:01:22.698+0000] {processor.py:839} INFO - DAG(s) dict_keys(['extract_exchange_rates']) retrieved from /opt/airflow/dags/extract_exchange_rates.py
[2025-03-13T04:01:22.711+0000] {logging_mixin.py:151} INFO - [2025-03-13T04:01:22.711+0000] {dag.py:2941} INFO - Sync 1 DAGs
[2025-03-13T04:01:22.721+0000] {logging_mixin.py:151} INFO - [2025-03-13T04:01:22.721+0000] {dag.py:3722} INFO - Setting next_dagrun for extract_exchange_rates to 2025-03-13T00:00:00+00:00, run_after=2025-03-14T00:00:00+00:00
[2025-03-13T04:01:22.728+0000] {processor.py:179} INFO - Processing /opt/airflow/dags/extract_exchange_rates.py took 0.043 seconds
[2025-03-13T04:01:52.938+0000] {processor.py:157} INFO - Started process (PID=7481) to work on /opt/airflow/dags/extract_exchange_rates.py
[2025-03-13T04:01:52.939+0000] {processor.py:829} INFO - Processing file /opt/airflow/dags/extract_exchange_rates.py for tasks to queue
[2025-03-13T04:01:52.940+0000] {logging_mixin.py:151} INFO - [2025-03-13T04:01:52.939+0000] {dagbag.py:536} INFO - Filling up the DagBag from /opt/airflow/dags/extract_exchange_rates.py
[2025-03-13T04:01:52.950+0000] {processor.py:839} INFO - DAG(s) dict_keys(['extract_exchange_rates']) retrieved from /opt/airflow/dags/extract_exchange_rates.py
[2025-03-13T04:01:52.963+0000] {logging_mixin.py:151} INFO - [2025-03-13T04:01:52.963+0000] {dag.py:2941} INFO - Sync 1 DAGs
[2025-03-13T04:01:52.973+0000] {logging_mixin.py:151} INFO - [2025-03-13T04:01:52.973+0000] {dag.py:3722} INFO - Setting next_dagrun for extract_exchange_rates to 2025-03-13T00:00:00+00:00, run_after=2025-03-14T00:00:00+00:00
[2025-03-13T04:01:52.981+0000] {processor.py:179} INFO - Processing /opt/airflow/dags/extract_exchange_rates.py took 0.045 seconds
[2025-03-13T04:02:23.158+0000] {processor.py:157} INFO - Started process (PID=7486) to work on /opt/airflow/dags/extract_exchange_rates.py
[2025-03-13T04:02:23.158+0000] {processor.py:829} INFO - Processing file /opt/airflow/dags/extract_exchange_rates.py for tasks to queue
[2025-03-13T04:02:23.159+0000] {logging_mixin.py:151} INFO - [2025-03-13T04:02:23.159+0000] {dagbag.py:536} INFO - Filling up the DagBag from /opt/airflow/dags/extract_exchange_rates.py
[2025-03-13T04:02:23.168+0000] {processor.py:839} INFO - DAG(s) dict_keys(['extract_exchange_rates']) retrieved from /opt/airflow/dags/extract_exchange_rates.py
[2025-03-13T04:02:23.183+0000] {logging_mixin.py:151} INFO - [2025-03-13T04:02:23.183+0000] {dag.py:2941} INFO - Sync 1 DAGs
[2025-03-13T04:02:23.194+0000] {logging_mixin.py:151} INFO - [2025-03-13T04:02:23.194+0000] {dag.py:3722} INFO - Setting next_dagrun for extract_exchange_rates to 2025-03-13T00:00:00+00:00, run_after=2025-03-14T00:00:00+00:00
[2025-03-13T04:02:23.201+0000] {processor.py:179} INFO - Processing /opt/airflow/dags/extract_exchange_rates.py took 0.046 seconds
[2025-03-13T04:02:53.372+0000] {processor.py:157} INFO - Started process (PID=7491) to work on /opt/airflow/dags/extract_exchange_rates.py
[2025-03-13T04:02:53.373+0000] {processor.py:829} INFO - Processing file /opt/airflow/dags/extract_exchange_rates.py for tasks to queue
[2025-03-13T04:02:53.373+0000] {logging_mixin.py:151} INFO - [2025-03-13T04:02:53.373+0000] {dagbag.py:536} INFO - Filling up the DagBag from /opt/airflow/dags/extract_exchange_rates.py
[2025-03-13T04:02:53.379+0000] {processor.py:839} INFO - DAG(s) dict_keys(['extract_exchange_rates']) retrieved from /opt/airflow/dags/extract_exchange_rates.py
[2025-03-13T04:02:53.391+0000] {logging_mixin.py:151} INFO - [2025-03-13T04:02:53.391+0000] {dag.py:2941} INFO - Sync 1 DAGs
[2025-03-13T04:02:53.399+0000] {logging_mixin.py:151} INFO - [2025-03-13T04:02:53.399+0000] {dag.py:3722} INFO - Setting next_dagrun for extract_exchange_rates to 2025-03-13T00:00:00+00:00, run_after=2025-03-14T00:00:00+00:00
[2025-03-13T04:02:53.406+0000] {processor.py:179} INFO - Processing /opt/airflow/dags/extract_exchange_rates.py took 0.035 seconds
[2025-03-13T04:03:23.605+0000] {processor.py:157} INFO - Started process (PID=7496) to work on /opt/airflow/dags/extract_exchange_rates.py
[2025-03-13T04:03:23.605+0000] {processor.py:829} INFO - Processing file /opt/airflow/dags/extract_exchange_rates.py for tasks to queue
[2025-03-13T04:03:23.605+0000] {logging_mixin.py:151} INFO - [2025-03-13T04:03:23.605+0000] {dagbag.py:536} INFO - Filling up the DagBag from /opt/airflow/dags/extract_exchange_rates.py
[2025-03-13T04:03:23.613+0000] {processor.py:839} INFO - DAG(s) dict_keys(['extract_exchange_rates']) retrieved from /opt/airflow/dags/extract_exchange_rates.py
[2025-03-13T04:03:23.626+0000] {logging_mixin.py:151} INFO - [2025-03-13T04:03:23.626+0000] {dag.py:2941} INFO - Sync 1 DAGs
[2025-03-13T04:03:23.635+0000] {logging_mixin.py:151} INFO - [2025-03-13T04:03:23.635+0000] {dag.py:3722} INFO - Setting next_dagrun for extract_exchange_rates to 2025-03-13T00:00:00+00:00, run_after=2025-03-14T00:00:00+00:00
[2025-03-13T04:03:23.643+0000] {processor.py:179} INFO - Processing /opt/airflow/dags/extract_exchange_rates.py took 0.040 seconds
[2025-03-13T04:03:53.846+0000] {processor.py:157} INFO - Started process (PID=7501) to work on /opt/airflow/dags/extract_exchange_rates.py
[2025-03-13T04:03:53.847+0000] {processor.py:829} INFO - Processing file /opt/airflow/dags/extract_exchange_rates.py for tasks to queue
[2025-03-13T04:03:53.848+0000] {logging_mixin.py:151} INFO - [2025-03-13T04:03:53.848+0000] {dagbag.py:536} INFO - Filling up the DagBag from /opt/airflow/dags/extract_exchange_rates.py
[2025-03-13T04:03:53.860+0000] {processor.py:839} INFO - DAG(s) dict_keys(['extract_exchange_rates']) retrieved from /opt/airflow/dags/extract_exchange_rates.py
[2025-03-13T04:03:53.875+0000] {logging_mixin.py:151} INFO - [2025-03-13T04:03:53.875+0000] {dag.py:2941} INFO - Sync 1 DAGs
[2025-03-13T04:03:53.885+0000] {logging_mixin.py:151} INFO - [2025-03-13T04:03:53.885+0000] {dag.py:3722} INFO - Setting next_dagrun for extract_exchange_rates to 2025-03-13T00:00:00+00:00, run_after=2025-03-14T00:00:00+00:00
[2025-03-13T04:03:53.892+0000] {processor.py:179} INFO - Processing /opt/airflow/dags/extract_exchange_rates.py took 0.048 seconds
[2025-03-13T04:04:24.082+0000] {processor.py:157} INFO - Started process (PID=7506) to work on /opt/airflow/dags/extract_exchange_rates.py
[2025-03-13T04:04:24.084+0000] {processor.py:829} INFO - Processing file /opt/airflow/dags/extract_exchange_rates.py for tasks to queue
[2025-03-13T04:04:24.085+0000] {logging_mixin.py:151} INFO - [2025-03-13T04:04:24.084+0000] {dagbag.py:536} INFO - Filling up the DagBag from /opt/airflow/dags/extract_exchange_rates.py
[2025-03-13T04:04:24.095+0000] {processor.py:839} INFO - DAG(s) dict_keys(['extract_exchange_rates']) retrieved from /opt/airflow/dags/extract_exchange_rates.py
[2025-03-13T04:04:24.111+0000] {logging_mixin.py:151} INFO - [2025-03-13T04:04:24.111+0000] {dag.py:2941} INFO - Sync 1 DAGs
[2025-03-13T04:04:24.120+0000] {logging_mixin.py:151} INFO - [2025-03-13T04:04:24.120+0000] {dag.py:3722} INFO - Setting next_dagrun for extract_exchange_rates to 2025-03-13T00:00:00+00:00, run_after=2025-03-14T00:00:00+00:00
[2025-03-13T04:04:24.127+0000] {processor.py:179} INFO - Processing /opt/airflow/dags/extract_exchange_rates.py took 0.048 seconds
[2025-03-13T04:04:54.327+0000] {processor.py:157} INFO - Started process (PID=7511) to work on /opt/airflow/dags/extract_exchange_rates.py
[2025-03-13T04:04:54.328+0000] {processor.py:829} INFO - Processing file /opt/airflow/dags/extract_exchange_rates.py for tasks to queue
[2025-03-13T04:04:54.328+0000] {logging_mixin.py:151} INFO - [2025-03-13T04:04:54.328+0000] {dagbag.py:536} INFO - Filling up the DagBag from /opt/airflow/dags/extract_exchange_rates.py
[2025-03-13T04:04:54.339+0000] {processor.py:839} INFO - DAG(s) dict_keys(['extract_exchange_rates']) retrieved from /opt/airflow/dags/extract_exchange_rates.py
[2025-03-13T04:04:54.355+0000] {logging_mixin.py:151} INFO - [2025-03-13T04:04:54.354+0000] {dag.py:2941} INFO - Sync 1 DAGs
[2025-03-13T04:04:54.364+0000] {logging_mixin.py:151} INFO - [2025-03-13T04:04:54.364+0000] {dag.py:3722} INFO - Setting next_dagrun for extract_exchange_rates to 2025-03-13T00:00:00+00:00, run_after=2025-03-14T00:00:00+00:00
[2025-03-13T04:04:54.372+0000] {processor.py:179} INFO - Processing /opt/airflow/dags/extract_exchange_rates.py took 0.048 seconds
[2025-03-13T04:05:24.588+0000] {processor.py:157} INFO - Started process (PID=7516) to work on /opt/airflow/dags/extract_exchange_rates.py
[2025-03-13T04:05:24.589+0000] {processor.py:829} INFO - Processing file /opt/airflow/dags/extract_exchange_rates.py for tasks to queue
[2025-03-13T04:05:24.590+0000] {logging_mixin.py:151} INFO - [2025-03-13T04:05:24.589+0000] {dagbag.py:536} INFO - Filling up the DagBag from /opt/airflow/dags/extract_exchange_rates.py
[2025-03-13T04:05:24.600+0000] {processor.py:839} INFO - DAG(s) dict_keys(['extract_exchange_rates']) retrieved from /opt/airflow/dags/extract_exchange_rates.py
[2025-03-13T04:05:24.614+0000] {logging_mixin.py:151} INFO - [2025-03-13T04:05:24.614+0000] {dag.py:2941} INFO - Sync 1 DAGs
[2025-03-13T04:05:24.625+0000] {logging_mixin.py:151} INFO - [2025-03-13T04:05:24.625+0000] {dag.py:3722} INFO - Setting next_dagrun for extract_exchange_rates to 2025-03-13T00:00:00+00:00, run_after=2025-03-14T00:00:00+00:00
[2025-03-13T04:05:24.632+0000] {processor.py:179} INFO - Processing /opt/airflow/dags/extract_exchange_rates.py took 0.046 seconds
[2025-03-13T04:05:54.829+0000] {processor.py:157} INFO - Started process (PID=7521) to work on /opt/airflow/dags/extract_exchange_rates.py
[2025-03-13T04:05:54.830+0000] {processor.py:829} INFO - Processing file /opt/airflow/dags/extract_exchange_rates.py for tasks to queue
[2025-03-13T04:05:54.831+0000] {logging_mixin.py:151} INFO - [2025-03-13T04:05:54.831+0000] {dagbag.py:536} INFO - Filling up the DagBag from /opt/airflow/dags/extract_exchange_rates.py
[2025-03-13T04:05:54.844+0000] {processor.py:839} INFO - DAG(s) dict_keys(['extract_exchange_rates']) retrieved from /opt/airflow/dags/extract_exchange_rates.py
[2025-03-13T04:05:54.858+0000] {logging_mixin.py:151} INFO - [2025-03-13T04:05:54.858+0000] {dag.py:2941} INFO - Sync 1 DAGs
[2025-03-13T04:05:54.869+0000] {logging_mixin.py:151} INFO - [2025-03-13T04:05:54.869+0000] {dag.py:3722} INFO - Setting next_dagrun for extract_exchange_rates to 2025-03-13T00:00:00+00:00, run_after=2025-03-14T00:00:00+00:00
[2025-03-13T04:05:54.877+0000] {processor.py:179} INFO - Processing /opt/airflow/dags/extract_exchange_rates.py took 0.051 seconds
[2025-03-13T04:06:25.064+0000] {processor.py:157} INFO - Started process (PID=7526) to work on /opt/airflow/dags/extract_exchange_rates.py
[2025-03-13T04:06:25.065+0000] {processor.py:829} INFO - Processing file /opt/airflow/dags/extract_exchange_rates.py for tasks to queue
[2025-03-13T04:06:25.066+0000] {logging_mixin.py:151} INFO - [2025-03-13T04:06:25.065+0000] {dagbag.py:536} INFO - Filling up the DagBag from /opt/airflow/dags/extract_exchange_rates.py
[2025-03-13T04:06:25.077+0000] {processor.py:839} INFO - DAG(s) dict_keys(['extract_exchange_rates']) retrieved from /opt/airflow/dags/extract_exchange_rates.py
[2025-03-13T04:06:25.089+0000] {logging_mixin.py:151} INFO - [2025-03-13T04:06:25.089+0000] {dag.py:2941} INFO - Sync 1 DAGs
[2025-03-13T04:06:25.100+0000] {logging_mixin.py:151} INFO - [2025-03-13T04:06:25.100+0000] {dag.py:3722} INFO - Setting next_dagrun for extract_exchange_rates to 2025-03-13T00:00:00+00:00, run_after=2025-03-14T00:00:00+00:00
[2025-03-13T04:06:25.107+0000] {processor.py:179} INFO - Processing /opt/airflow/dags/extract_exchange_rates.py took 0.045 seconds
[2025-03-13T04:06:55.297+0000] {processor.py:157} INFO - Started process (PID=7531) to work on /opt/airflow/dags/extract_exchange_rates.py
[2025-03-13T04:06:55.298+0000] {processor.py:829} INFO - Processing file /opt/airflow/dags/extract_exchange_rates.py for tasks to queue
[2025-03-13T04:06:55.299+0000] {logging_mixin.py:151} INFO - [2025-03-13T04:06:55.299+0000] {dagbag.py:536} INFO - Filling up the DagBag from /opt/airflow/dags/extract_exchange_rates.py
[2025-03-13T04:06:55.309+0000] {processor.py:839} INFO - DAG(s) dict_keys(['extract_exchange_rates']) retrieved from /opt/airflow/dags/extract_exchange_rates.py
[2025-03-13T04:06:55.323+0000] {logging_mixin.py:151} INFO - [2025-03-13T04:06:55.323+0000] {dag.py:2941} INFO - Sync 1 DAGs
[2025-03-13T04:06:55.333+0000] {logging_mixin.py:151} INFO - [2025-03-13T04:06:55.333+0000] {dag.py:3722} INFO - Setting next_dagrun for extract_exchange_rates to 2025-03-13T00:00:00+00:00, run_after=2025-03-14T00:00:00+00:00
[2025-03-13T04:06:55.340+0000] {processor.py:179} INFO - Processing /opt/airflow/dags/extract_exchange_rates.py took 0.045 seconds
[2025-03-13T04:07:25.521+0000] {processor.py:157} INFO - Started process (PID=7536) to work on /opt/airflow/dags/extract_exchange_rates.py
[2025-03-13T04:07:25.522+0000] {processor.py:829} INFO - Processing file /opt/airflow/dags/extract_exchange_rates.py for tasks to queue
[2025-03-13T04:07:25.522+0000] {logging_mixin.py:151} INFO - [2025-03-13T04:07:25.522+0000] {dagbag.py:536} INFO - Filling up the DagBag from /opt/airflow/dags/extract_exchange_rates.py
[2025-03-13T04:07:25.530+0000] {processor.py:839} INFO - DAG(s) dict_keys(['extract_exchange_rates']) retrieved from /opt/airflow/dags/extract_exchange_rates.py
[2025-03-13T04:07:25.544+0000] {logging_mixin.py:151} INFO - [2025-03-13T04:07:25.544+0000] {dag.py:2941} INFO - Sync 1 DAGs
[2025-03-13T04:07:25.557+0000] {logging_mixin.py:151} INFO - [2025-03-13T04:07:25.557+0000] {dag.py:3722} INFO - Setting next_dagrun for extract_exchange_rates to 2025-03-13T00:00:00+00:00, run_after=2025-03-14T00:00:00+00:00
[2025-03-13T04:07:25.565+0000] {processor.py:179} INFO - Processing /opt/airflow/dags/extract_exchange_rates.py took 0.047 seconds
[2025-03-13T04:07:55.765+0000] {processor.py:157} INFO - Started process (PID=7541) to work on /opt/airflow/dags/extract_exchange_rates.py
[2025-03-13T04:07:55.766+0000] {processor.py:829} INFO - Processing file /opt/airflow/dags/extract_exchange_rates.py for tasks to queue
[2025-03-13T04:07:55.767+0000] {logging_mixin.py:151} INFO - [2025-03-13T04:07:55.766+0000] {dagbag.py:536} INFO - Filling up the DagBag from /opt/airflow/dags/extract_exchange_rates.py
[2025-03-13T04:07:55.778+0000] {processor.py:839} INFO - DAG(s) dict_keys(['extract_exchange_rates']) retrieved from /opt/airflow/dags/extract_exchange_rates.py
[2025-03-13T04:07:55.793+0000] {logging_mixin.py:151} INFO - [2025-03-13T04:07:55.793+0000] {dag.py:2941} INFO - Sync 1 DAGs
[2025-03-13T04:07:55.804+0000] {logging_mixin.py:151} INFO - [2025-03-13T04:07:55.803+0000] {dag.py:3722} INFO - Setting next_dagrun for extract_exchange_rates to 2025-03-13T00:00:00+00:00, run_after=2025-03-14T00:00:00+00:00
[2025-03-13T04:07:55.811+0000] {processor.py:179} INFO - Processing /opt/airflow/dags/extract_exchange_rates.py took 0.048 seconds
[2025-03-13T04:08:26.006+0000] {processor.py:157} INFO - Started process (PID=7546) to work on /opt/airflow/dags/extract_exchange_rates.py
[2025-03-13T04:08:26.007+0000] {processor.py:829} INFO - Processing file /opt/airflow/dags/extract_exchange_rates.py for tasks to queue
[2025-03-13T04:08:26.007+0000] {logging_mixin.py:151} INFO - [2025-03-13T04:08:26.007+0000] {dagbag.py:536} INFO - Filling up the DagBag from /opt/airflow/dags/extract_exchange_rates.py
[2025-03-13T04:08:26.017+0000] {processor.py:839} INFO - DAG(s) dict_keys(['extract_exchange_rates']) retrieved from /opt/airflow/dags/extract_exchange_rates.py
[2025-03-13T04:08:26.199+0000] {logging_mixin.py:151} INFO - [2025-03-13T04:08:26.198+0000] {dag.py:2941} INFO - Sync 1 DAGs
[2025-03-13T04:08:26.317+0000] {logging_mixin.py:151} INFO - [2025-03-13T04:08:26.317+0000] {dag.py:3722} INFO - Setting next_dagrun for extract_exchange_rates to 2025-03-13T00:00:00+00:00, run_after=2025-03-14T00:00:00+00:00
[2025-03-13T04:08:26.324+0000] {processor.py:179} INFO - Processing /opt/airflow/dags/extract_exchange_rates.py took 0.320 seconds
[2025-03-13T04:42:17.397+0000] {processor.py:157} INFO - Started process (PID=7551) to work on /opt/airflow/dags/extract_exchange_rates.py
[2025-03-13T04:42:17.397+0000] {processor.py:829} INFO - Processing file /opt/airflow/dags/extract_exchange_rates.py for tasks to queue
[2025-03-13T04:42:17.398+0000] {logging_mixin.py:151} INFO - [2025-03-13T04:42:17.398+0000] {dagbag.py:536} INFO - Filling up the DagBag from /opt/airflow/dags/extract_exchange_rates.py
[2025-03-13T04:42:17.406+0000] {processor.py:839} INFO - DAG(s) dict_keys(['extract_exchange_rates']) retrieved from /opt/airflow/dags/extract_exchange_rates.py
[2025-03-13T04:42:17.418+0000] {logging_mixin.py:151} INFO - [2025-03-13T04:42:17.418+0000] {dag.py:2941} INFO - Sync 1 DAGs
[2025-03-13T04:42:17.428+0000] {logging_mixin.py:151} INFO - [2025-03-13T04:42:17.428+0000] {dag.py:3722} INFO - Setting next_dagrun for extract_exchange_rates to 2025-03-13T00:00:00+00:00, run_after=2025-03-14T00:00:00+00:00
[2025-03-13T04:42:17.435+0000] {processor.py:179} INFO - Processing /opt/airflow/dags/extract_exchange_rates.py took 0.040 seconds
[2025-03-13T05:55:09.924+0000] {processor.py:157} INFO - Started process (PID=7562) to work on /opt/airflow/dags/extract_exchange_rates.py
[2025-03-13T05:55:09.924+0000] {processor.py:829} INFO - Processing file /opt/airflow/dags/extract_exchange_rates.py for tasks to queue
[2025-03-13T05:55:09.925+0000] {logging_mixin.py:151} INFO - [2025-03-13T05:55:09.925+0000] {dagbag.py:536} INFO - Filling up the DagBag from /opt/airflow/dags/extract_exchange_rates.py
[2025-03-13T05:55:09.936+0000] {processor.py:839} INFO - DAG(s) dict_keys(['extract_exchange_rates']) retrieved from /opt/airflow/dags/extract_exchange_rates.py
[2025-03-13T05:55:09.950+0000] {logging_mixin.py:151} INFO - [2025-03-13T05:55:09.949+0000] {dag.py:2941} INFO - Sync 1 DAGs
[2025-03-13T05:55:09.962+0000] {logging_mixin.py:151} INFO - [2025-03-13T05:55:09.961+0000] {dag.py:3722} INFO - Setting next_dagrun for extract_exchange_rates to 2025-03-13T00:00:00+00:00, run_after=2025-03-14T00:00:00+00:00
[2025-03-13T05:55:09.970+0000] {processor.py:179} INFO - Processing /opt/airflow/dags/extract_exchange_rates.py took 0.048 seconds
[2025-03-13T07:10:01.192+0000] {processor.py:157} INFO - Started process (PID=7573) to work on /opt/airflow/dags/extract_exchange_rates.py
[2025-03-13T07:10:01.193+0000] {processor.py:829} INFO - Processing file /opt/airflow/dags/extract_exchange_rates.py for tasks to queue
[2025-03-13T07:10:01.193+0000] {logging_mixin.py:151} INFO - [2025-03-13T07:10:01.193+0000] {dagbag.py:536} INFO - Filling up the DagBag from /opt/airflow/dags/extract_exchange_rates.py
[2025-03-13T07:10:01.202+0000] {processor.py:839} INFO - DAG(s) dict_keys(['extract_exchange_rates']) retrieved from /opt/airflow/dags/extract_exchange_rates.py
[2025-03-13T07:10:01.215+0000] {logging_mixin.py:151} INFO - [2025-03-13T07:10:01.215+0000] {dag.py:2941} INFO - Sync 1 DAGs
[2025-03-13T07:10:01.225+0000] {logging_mixin.py:151} INFO - [2025-03-13T07:10:01.225+0000] {dag.py:3722} INFO - Setting next_dagrun for extract_exchange_rates to 2025-03-13T00:00:00+00:00, run_after=2025-03-14T00:00:00+00:00
[2025-03-13T07:10:01.234+0000] {processor.py:179} INFO - Processing /opt/airflow/dags/extract_exchange_rates.py took 0.043 seconds
[2025-03-13T08:11:04.928+0000] {processor.py:157} INFO - Started process (PID=7582) to work on /opt/airflow/dags/extract_exchange_rates.py
[2025-03-13T08:11:04.928+0000] {processor.py:829} INFO - Processing file /opt/airflow/dags/extract_exchange_rates.py for tasks to queue
[2025-03-13T08:11:04.929+0000] {logging_mixin.py:151} INFO - [2025-03-13T08:11:04.929+0000] {dagbag.py:536} INFO - Filling up the DagBag from /opt/airflow/dags/extract_exchange_rates.py
[2025-03-13T08:11:04.939+0000] {processor.py:839} INFO - DAG(s) dict_keys(['extract_exchange_rates']) retrieved from /opt/airflow/dags/extract_exchange_rates.py
[2025-03-13T08:11:04.952+0000] {logging_mixin.py:151} INFO - [2025-03-13T08:11:04.952+0000] {dag.py:2941} INFO - Sync 1 DAGs
[2025-03-13T08:11:04.963+0000] {logging_mixin.py:151} INFO - [2025-03-13T08:11:04.963+0000] {dag.py:3722} INFO - Setting next_dagrun for extract_exchange_rates to 2025-03-13T00:00:00+00:00, run_after=2025-03-14T00:00:00+00:00
[2025-03-13T08:11:04.971+0000] {processor.py:179} INFO - Processing /opt/airflow/dags/extract_exchange_rates.py took 0.045 seconds
[2025-03-13T09:28:53.114+0000] {processor.py:157} INFO - Started process (PID=7591) to work on /opt/airflow/dags/extract_exchange_rates.py
[2025-03-13T09:28:53.115+0000] {processor.py:829} INFO - Processing file /opt/airflow/dags/extract_exchange_rates.py for tasks to queue
[2025-03-13T09:28:53.115+0000] {logging_mixin.py:151} INFO - [2025-03-13T09:28:53.115+0000] {dagbag.py:536} INFO - Filling up the DagBag from /opt/airflow/dags/extract_exchange_rates.py
[2025-03-13T09:28:53.124+0000] {processor.py:839} INFO - DAG(s) dict_keys(['extract_exchange_rates']) retrieved from /opt/airflow/dags/extract_exchange_rates.py
[2025-03-13T09:28:53.137+0000] {logging_mixin.py:151} INFO - [2025-03-13T09:28:53.137+0000] {dag.py:2941} INFO - Sync 1 DAGs
[2025-03-13T09:28:53.148+0000] {logging_mixin.py:151} INFO - [2025-03-13T09:28:53.148+0000] {dag.py:3722} INFO - Setting next_dagrun for extract_exchange_rates to 2025-03-13T00:00:00+00:00, run_after=2025-03-14T00:00:00+00:00
[2025-03-13T09:28:53.156+0000] {processor.py:179} INFO - Processing /opt/airflow/dags/extract_exchange_rates.py took 0.043 seconds
[2025-03-13T10:21:22.571+0000] {processor.py:157} INFO - Started process (PID=7600) to work on /opt/airflow/dags/extract_exchange_rates.py
[2025-03-13T10:21:22.571+0000] {processor.py:829} INFO - Processing file /opt/airflow/dags/extract_exchange_rates.py for tasks to queue
[2025-03-13T10:21:22.572+0000] {logging_mixin.py:151} INFO - [2025-03-13T10:21:22.572+0000] {dagbag.py:536} INFO - Filling up the DagBag from /opt/airflow/dags/extract_exchange_rates.py
[2025-03-13T10:21:22.580+0000] {processor.py:839} INFO - DAG(s) dict_keys(['extract_exchange_rates']) retrieved from /opt/airflow/dags/extract_exchange_rates.py
[2025-03-13T10:21:22.595+0000] {logging_mixin.py:151} INFO - [2025-03-13T10:21:22.595+0000] {dag.py:2941} INFO - Sync 1 DAGs
[2025-03-13T10:21:22.607+0000] {logging_mixin.py:151} INFO - [2025-03-13T10:21:22.607+0000] {dag.py:3722} INFO - Setting next_dagrun for extract_exchange_rates to 2025-03-13T00:00:00+00:00, run_after=2025-03-14T00:00:00+00:00
[2025-03-13T10:21:22.619+0000] {processor.py:179} INFO - Processing /opt/airflow/dags/extract_exchange_rates.py took 0.050 seconds
[2025-03-13T10:21:52.836+0000] {processor.py:157} INFO - Started process (PID=7609) to work on /opt/airflow/dags/extract_exchange_rates.py
[2025-03-13T10:21:52.837+0000] {processor.py:829} INFO - Processing file /opt/airflow/dags/extract_exchange_rates.py for tasks to queue
[2025-03-13T10:21:52.838+0000] {logging_mixin.py:151} INFO - [2025-03-13T10:21:52.838+0000] {dagbag.py:536} INFO - Filling up the DagBag from /opt/airflow/dags/extract_exchange_rates.py
[2025-03-13T10:21:52.847+0000] {processor.py:839} INFO - DAG(s) dict_keys(['extract_exchange_rates']) retrieved from /opt/airflow/dags/extract_exchange_rates.py
[2025-03-13T10:21:52.861+0000] {logging_mixin.py:151} INFO - [2025-03-13T10:21:52.861+0000] {dag.py:2941} INFO - Sync 1 DAGs
[2025-03-13T10:21:52.871+0000] {logging_mixin.py:151} INFO - [2025-03-13T10:21:52.871+0000] {dag.py:3722} INFO - Setting next_dagrun for extract_exchange_rates to 2025-03-13T00:00:00+00:00, run_after=2025-03-14T00:00:00+00:00
[2025-03-13T10:21:52.878+0000] {processor.py:179} INFO - Processing /opt/airflow/dags/extract_exchange_rates.py took 0.044 seconds
[2025-03-13T10:22:23.086+0000] {processor.py:157} INFO - Started process (PID=7614) to work on /opt/airflow/dags/extract_exchange_rates.py
[2025-03-13T10:22:23.087+0000] {processor.py:829} INFO - Processing file /opt/airflow/dags/extract_exchange_rates.py for tasks to queue
[2025-03-13T10:22:23.087+0000] {logging_mixin.py:151} INFO - [2025-03-13T10:22:23.087+0000] {dagbag.py:536} INFO - Filling up the DagBag from /opt/airflow/dags/extract_exchange_rates.py
[2025-03-13T10:22:23.095+0000] {processor.py:839} INFO - DAG(s) dict_keys(['extract_exchange_rates']) retrieved from /opt/airflow/dags/extract_exchange_rates.py
[2025-03-13T10:22:23.109+0000] {logging_mixin.py:151} INFO - [2025-03-13T10:22:23.109+0000] {dag.py:2941} INFO - Sync 1 DAGs
[2025-03-13T10:22:23.120+0000] {logging_mixin.py:151} INFO - [2025-03-13T10:22:23.119+0000] {dag.py:3722} INFO - Setting next_dagrun for extract_exchange_rates to 2025-03-13T00:00:00+00:00, run_after=2025-03-14T00:00:00+00:00
[2025-03-13T10:22:23.127+0000] {processor.py:179} INFO - Processing /opt/airflow/dags/extract_exchange_rates.py took 0.043 seconds
[2025-03-13T10:22:53.365+0000] {processor.py:157} INFO - Started process (PID=7619) to work on /opt/airflow/dags/extract_exchange_rates.py
[2025-03-13T10:22:53.366+0000] {processor.py:829} INFO - Processing file /opt/airflow/dags/extract_exchange_rates.py for tasks to queue
[2025-03-13T10:22:53.367+0000] {logging_mixin.py:151} INFO - [2025-03-13T10:22:53.366+0000] {dagbag.py:536} INFO - Filling up the DagBag from /opt/airflow/dags/extract_exchange_rates.py
[2025-03-13T10:22:53.378+0000] {processor.py:839} INFO - DAG(s) dict_keys(['extract_exchange_rates']) retrieved from /opt/airflow/dags/extract_exchange_rates.py
[2025-03-13T10:22:53.394+0000] {logging_mixin.py:151} INFO - [2025-03-13T10:22:53.394+0000] {dag.py:2941} INFO - Sync 1 DAGs
[2025-03-13T10:22:53.404+0000] {logging_mixin.py:151} INFO - [2025-03-13T10:22:53.403+0000] {dag.py:3722} INFO - Setting next_dagrun for extract_exchange_rates to 2025-03-13T00:00:00+00:00, run_after=2025-03-14T00:00:00+00:00
[2025-03-13T10:22:53.410+0000] {processor.py:179} INFO - Processing /opt/airflow/dags/extract_exchange_rates.py took 0.048 seconds
[2025-03-13T10:23:23.582+0000] {processor.py:157} INFO - Started process (PID=7624) to work on /opt/airflow/dags/extract_exchange_rates.py
[2025-03-13T10:23:23.582+0000] {processor.py:829} INFO - Processing file /opt/airflow/dags/extract_exchange_rates.py for tasks to queue
[2025-03-13T10:23:23.583+0000] {logging_mixin.py:151} INFO - [2025-03-13T10:23:23.583+0000] {dagbag.py:536} INFO - Filling up the DagBag from /opt/airflow/dags/extract_exchange_rates.py
[2025-03-13T10:23:23.594+0000] {processor.py:839} INFO - DAG(s) dict_keys(['extract_exchange_rates']) retrieved from /opt/airflow/dags/extract_exchange_rates.py
[2025-03-13T10:23:23.607+0000] {logging_mixin.py:151} INFO - [2025-03-13T10:23:23.607+0000] {dag.py:2941} INFO - Sync 1 DAGs
[2025-03-13T10:23:23.616+0000] {logging_mixin.py:151} INFO - [2025-03-13T10:23:23.616+0000] {dag.py:3722} INFO - Setting next_dagrun for extract_exchange_rates to 2025-03-13T00:00:00+00:00, run_after=2025-03-14T00:00:00+00:00
[2025-03-13T10:23:23.624+0000] {processor.py:179} INFO - Processing /opt/airflow/dags/extract_exchange_rates.py took 0.045 seconds
[2025-03-13T10:23:53.825+0000] {processor.py:157} INFO - Started process (PID=7629) to work on /opt/airflow/dags/extract_exchange_rates.py
[2025-03-13T10:23:53.825+0000] {processor.py:829} INFO - Processing file /opt/airflow/dags/extract_exchange_rates.py for tasks to queue
[2025-03-13T10:23:53.826+0000] {logging_mixin.py:151} INFO - [2025-03-13T10:23:53.825+0000] {dagbag.py:536} INFO - Filling up the DagBag from /opt/airflow/dags/extract_exchange_rates.py
[2025-03-13T10:23:53.834+0000] {processor.py:839} INFO - DAG(s) dict_keys(['extract_exchange_rates']) retrieved from /opt/airflow/dags/extract_exchange_rates.py
[2025-03-13T10:23:53.846+0000] {logging_mixin.py:151} INFO - [2025-03-13T10:23:53.846+0000] {dag.py:2941} INFO - Sync 1 DAGs
[2025-03-13T10:23:53.856+0000] {logging_mixin.py:151} INFO - [2025-03-13T10:23:53.856+0000] {dag.py:3722} INFO - Setting next_dagrun for extract_exchange_rates to 2025-03-13T00:00:00+00:00, run_after=2025-03-14T00:00:00+00:00
[2025-03-13T10:23:53.863+0000] {processor.py:179} INFO - Processing /opt/airflow/dags/extract_exchange_rates.py took 0.040 seconds
[2025-03-13T10:24:24.071+0000] {processor.py:157} INFO - Started process (PID=7634) to work on /opt/airflow/dags/extract_exchange_rates.py
[2025-03-13T10:24:24.072+0000] {processor.py:829} INFO - Processing file /opt/airflow/dags/extract_exchange_rates.py for tasks to queue
[2025-03-13T10:24:24.072+0000] {logging_mixin.py:151} INFO - [2025-03-13T10:24:24.072+0000] {dagbag.py:536} INFO - Filling up the DagBag from /opt/airflow/dags/extract_exchange_rates.py
[2025-03-13T10:24:24.082+0000] {processor.py:839} INFO - DAG(s) dict_keys(['extract_exchange_rates']) retrieved from /opt/airflow/dags/extract_exchange_rates.py
[2025-03-13T10:24:24.095+0000] {logging_mixin.py:151} INFO - [2025-03-13T10:24:24.095+0000] {dag.py:2941} INFO - Sync 1 DAGs
[2025-03-13T10:24:24.105+0000] {logging_mixin.py:151} INFO - [2025-03-13T10:24:24.105+0000] {dag.py:3722} INFO - Setting next_dagrun for extract_exchange_rates to 2025-03-13T00:00:00+00:00, run_after=2025-03-14T00:00:00+00:00
[2025-03-13T10:24:24.112+0000] {processor.py:179} INFO - Processing /opt/airflow/dags/extract_exchange_rates.py took 0.042 seconds
[2025-03-13T10:24:54.321+0000] {processor.py:157} INFO - Started process (PID=7639) to work on /opt/airflow/dags/extract_exchange_rates.py
[2025-03-13T10:24:54.322+0000] {processor.py:829} INFO - Processing file /opt/airflow/dags/extract_exchange_rates.py for tasks to queue
[2025-03-13T10:24:54.322+0000] {logging_mixin.py:151} INFO - [2025-03-13T10:24:54.322+0000] {dagbag.py:536} INFO - Filling up the DagBag from /opt/airflow/dags/extract_exchange_rates.py
[2025-03-13T10:24:54.332+0000] {processor.py:839} INFO - DAG(s) dict_keys(['extract_exchange_rates']) retrieved from /opt/airflow/dags/extract_exchange_rates.py
[2025-03-13T10:24:54.345+0000] {logging_mixin.py:151} INFO - [2025-03-13T10:24:54.345+0000] {dag.py:2941} INFO - Sync 1 DAGs
[2025-03-13T10:24:54.355+0000] {logging_mixin.py:151} INFO - [2025-03-13T10:24:54.355+0000] {dag.py:3722} INFO - Setting next_dagrun for extract_exchange_rates to 2025-03-13T00:00:00+00:00, run_after=2025-03-14T00:00:00+00:00
[2025-03-13T10:24:54.362+0000] {processor.py:179} INFO - Processing /opt/airflow/dags/extract_exchange_rates.py took 0.043 seconds
[2025-03-13T10:25:24.591+0000] {processor.py:157} INFO - Started process (PID=7644) to work on /opt/airflow/dags/extract_exchange_rates.py
[2025-03-13T10:25:24.591+0000] {processor.py:829} INFO - Processing file /opt/airflow/dags/extract_exchange_rates.py for tasks to queue
[2025-03-13T10:25:24.592+0000] {logging_mixin.py:151} INFO - [2025-03-13T10:25:24.592+0000] {dagbag.py:536} INFO - Filling up the DagBag from /opt/airflow/dags/extract_exchange_rates.py
[2025-03-13T10:25:24.601+0000] {processor.py:839} INFO - DAG(s) dict_keys(['extract_exchange_rates']) retrieved from /opt/airflow/dags/extract_exchange_rates.py
[2025-03-13T10:25:24.614+0000] {logging_mixin.py:151} INFO - [2025-03-13T10:25:24.614+0000] {dag.py:2941} INFO - Sync 1 DAGs
[2025-03-13T10:25:24.624+0000] {logging_mixin.py:151} INFO - [2025-03-13T10:25:24.624+0000] {dag.py:3722} INFO - Setting next_dagrun for extract_exchange_rates to 2025-03-13T00:00:00+00:00, run_after=2025-03-14T00:00:00+00:00
[2025-03-13T10:25:24.631+0000] {processor.py:179} INFO - Processing /opt/airflow/dags/extract_exchange_rates.py took 0.042 seconds
[2025-03-13T10:25:54.850+0000] {processor.py:157} INFO - Started process (PID=7649) to work on /opt/airflow/dags/extract_exchange_rates.py
[2025-03-13T10:25:54.851+0000] {processor.py:829} INFO - Processing file /opt/airflow/dags/extract_exchange_rates.py for tasks to queue
[2025-03-13T10:25:54.852+0000] {logging_mixin.py:151} INFO - [2025-03-13T10:25:54.852+0000] {dagbag.py:536} INFO - Filling up the DagBag from /opt/airflow/dags/extract_exchange_rates.py
[2025-03-13T10:25:54.861+0000] {processor.py:839} INFO - DAG(s) dict_keys(['extract_exchange_rates']) retrieved from /opt/airflow/dags/extract_exchange_rates.py
[2025-03-13T10:25:54.875+0000] {logging_mixin.py:151} INFO - [2025-03-13T10:25:54.874+0000] {dag.py:2941} INFO - Sync 1 DAGs
[2025-03-13T10:25:54.884+0000] {logging_mixin.py:151} INFO - [2025-03-13T10:25:54.884+0000] {dag.py:3722} INFO - Setting next_dagrun for extract_exchange_rates to 2025-03-13T00:00:00+00:00, run_after=2025-03-14T00:00:00+00:00
[2025-03-13T10:25:54.891+0000] {processor.py:179} INFO - Processing /opt/airflow/dags/extract_exchange_rates.py took 0.043 seconds
[2025-03-13T10:26:25.107+0000] {processor.py:157} INFO - Started process (PID=7654) to work on /opt/airflow/dags/extract_exchange_rates.py
[2025-03-13T10:26:25.107+0000] {processor.py:829} INFO - Processing file /opt/airflow/dags/extract_exchange_rates.py for tasks to queue
[2025-03-13T10:26:25.108+0000] {logging_mixin.py:151} INFO - [2025-03-13T10:26:25.108+0000] {dagbag.py:536} INFO - Filling up the DagBag from /opt/airflow/dags/extract_exchange_rates.py
[2025-03-13T10:26:25.116+0000] {processor.py:839} INFO - DAG(s) dict_keys(['extract_exchange_rates']) retrieved from /opt/airflow/dags/extract_exchange_rates.py
[2025-03-13T10:26:25.129+0000] {logging_mixin.py:151} INFO - [2025-03-13T10:26:25.129+0000] {dag.py:2941} INFO - Sync 1 DAGs
[2025-03-13T10:26:25.138+0000] {logging_mixin.py:151} INFO - [2025-03-13T10:26:25.138+0000] {dag.py:3722} INFO - Setting next_dagrun for extract_exchange_rates to 2025-03-13T00:00:00+00:00, run_after=2025-03-14T00:00:00+00:00
[2025-03-13T10:26:25.145+0000] {processor.py:179} INFO - Processing /opt/airflow/dags/extract_exchange_rates.py took 0.040 seconds
[2025-03-13T10:26:55.343+0000] {processor.py:157} INFO - Started process (PID=7659) to work on /opt/airflow/dags/extract_exchange_rates.py
[2025-03-13T10:26:55.343+0000] {processor.py:829} INFO - Processing file /opt/airflow/dags/extract_exchange_rates.py for tasks to queue
[2025-03-13T10:26:55.344+0000] {logging_mixin.py:151} INFO - [2025-03-13T10:26:55.344+0000] {dagbag.py:536} INFO - Filling up the DagBag from /opt/airflow/dags/extract_exchange_rates.py
[2025-03-13T10:26:55.352+0000] {processor.py:839} INFO - DAG(s) dict_keys(['extract_exchange_rates']) retrieved from /opt/airflow/dags/extract_exchange_rates.py
[2025-03-13T10:26:55.365+0000] {logging_mixin.py:151} INFO - [2025-03-13T10:26:55.365+0000] {dag.py:2941} INFO - Sync 1 DAGs
[2025-03-13T10:26:55.375+0000] {logging_mixin.py:151} INFO - [2025-03-13T10:26:55.375+0000] {dag.py:3722} INFO - Setting next_dagrun for extract_exchange_rates to 2025-03-13T00:00:00+00:00, run_after=2025-03-14T00:00:00+00:00
[2025-03-13T10:26:55.382+0000] {processor.py:179} INFO - Processing /opt/airflow/dags/extract_exchange_rates.py took 0.041 seconds
[2025-03-13T10:27:25.578+0000] {processor.py:157} INFO - Started process (PID=7664) to work on /opt/airflow/dags/extract_exchange_rates.py
[2025-03-13T10:27:25.578+0000] {processor.py:829} INFO - Processing file /opt/airflow/dags/extract_exchange_rates.py for tasks to queue
[2025-03-13T10:27:25.579+0000] {logging_mixin.py:151} INFO - [2025-03-13T10:27:25.579+0000] {dagbag.py:536} INFO - Filling up the DagBag from /opt/airflow/dags/extract_exchange_rates.py
[2025-03-13T10:27:25.587+0000] {processor.py:839} INFO - DAG(s) dict_keys(['extract_exchange_rates']) retrieved from /opt/airflow/dags/extract_exchange_rates.py
[2025-03-13T10:27:25.599+0000] {logging_mixin.py:151} INFO - [2025-03-13T10:27:25.599+0000] {dag.py:2941} INFO - Sync 1 DAGs
[2025-03-13T10:27:25.608+0000] {logging_mixin.py:151} INFO - [2025-03-13T10:27:25.608+0000] {dag.py:3722} INFO - Setting next_dagrun for extract_exchange_rates to 2025-03-13T00:00:00+00:00, run_after=2025-03-14T00:00:00+00:00
[2025-03-13T10:27:25.615+0000] {processor.py:179} INFO - Processing /opt/airflow/dags/extract_exchange_rates.py took 0.039 seconds
[2025-03-13T10:27:55.818+0000] {processor.py:157} INFO - Started process (PID=7669) to work on /opt/airflow/dags/extract_exchange_rates.py
[2025-03-13T10:27:55.819+0000] {processor.py:829} INFO - Processing file /opt/airflow/dags/extract_exchange_rates.py for tasks to queue
[2025-03-13T10:27:55.820+0000] {logging_mixin.py:151} INFO - [2025-03-13T10:27:55.819+0000] {dagbag.py:536} INFO - Filling up the DagBag from /opt/airflow/dags/extract_exchange_rates.py
[2025-03-13T10:27:55.829+0000] {processor.py:839} INFO - DAG(s) dict_keys(['extract_exchange_rates']) retrieved from /opt/airflow/dags/extract_exchange_rates.py
[2025-03-13T10:27:55.843+0000] {logging_mixin.py:151} INFO - [2025-03-13T10:27:55.843+0000] {dag.py:2941} INFO - Sync 1 DAGs
[2025-03-13T10:27:55.852+0000] {logging_mixin.py:151} INFO - [2025-03-13T10:27:55.852+0000] {dag.py:3722} INFO - Setting next_dagrun for extract_exchange_rates to 2025-03-13T00:00:00+00:00, run_after=2025-03-14T00:00:00+00:00
[2025-03-13T10:27:55.859+0000] {processor.py:179} INFO - Processing /opt/airflow/dags/extract_exchange_rates.py took 0.044 seconds
[2025-03-13T10:28:26.060+0000] {processor.py:157} INFO - Started process (PID=7674) to work on /opt/airflow/dags/extract_exchange_rates.py
[2025-03-13T10:28:26.061+0000] {processor.py:829} INFO - Processing file /opt/airflow/dags/extract_exchange_rates.py for tasks to queue
[2025-03-13T10:28:26.062+0000] {logging_mixin.py:151} INFO - [2025-03-13T10:28:26.061+0000] {dagbag.py:536} INFO - Filling up the DagBag from /opt/airflow/dags/extract_exchange_rates.py
[2025-03-13T10:28:26.071+0000] {processor.py:839} INFO - DAG(s) dict_keys(['extract_exchange_rates']) retrieved from /opt/airflow/dags/extract_exchange_rates.py
[2025-03-13T10:28:26.085+0000] {logging_mixin.py:151} INFO - [2025-03-13T10:28:26.085+0000] {dag.py:2941} INFO - Sync 1 DAGs
[2025-03-13T10:28:26.095+0000] {logging_mixin.py:151} INFO - [2025-03-13T10:28:26.095+0000] {dag.py:3722} INFO - Setting next_dagrun for extract_exchange_rates to 2025-03-13T00:00:00+00:00, run_after=2025-03-14T00:00:00+00:00
[2025-03-13T10:28:26.102+0000] {processor.py:179} INFO - Processing /opt/airflow/dags/extract_exchange_rates.py took 0.044 seconds
[2025-03-13T10:28:56.307+0000] {processor.py:157} INFO - Started process (PID=7679) to work on /opt/airflow/dags/extract_exchange_rates.py
[2025-03-13T10:28:56.308+0000] {processor.py:829} INFO - Processing file /opt/airflow/dags/extract_exchange_rates.py for tasks to queue
[2025-03-13T10:28:56.309+0000] {logging_mixin.py:151} INFO - [2025-03-13T10:28:56.309+0000] {dagbag.py:536} INFO - Filling up the DagBag from /opt/airflow/dags/extract_exchange_rates.py
[2025-03-13T10:28:56.319+0000] {processor.py:839} INFO - DAG(s) dict_keys(['extract_exchange_rates']) retrieved from /opt/airflow/dags/extract_exchange_rates.py
[2025-03-13T10:28:56.332+0000] {logging_mixin.py:151} INFO - [2025-03-13T10:28:56.332+0000] {dag.py:2941} INFO - Sync 1 DAGs
[2025-03-13T10:28:56.344+0000] {logging_mixin.py:151} INFO - [2025-03-13T10:28:56.344+0000] {dag.py:3722} INFO - Setting next_dagrun for extract_exchange_rates to 2025-03-13T00:00:00+00:00, run_after=2025-03-14T00:00:00+00:00
[2025-03-13T10:28:56.351+0000] {processor.py:179} INFO - Processing /opt/airflow/dags/extract_exchange_rates.py took 0.047 seconds
[2025-03-13T10:29:26.557+0000] {processor.py:157} INFO - Started process (PID=7684) to work on /opt/airflow/dags/extract_exchange_rates.py
[2025-03-13T10:29:26.558+0000] {processor.py:829} INFO - Processing file /opt/airflow/dags/extract_exchange_rates.py for tasks to queue
[2025-03-13T10:29:26.558+0000] {logging_mixin.py:151} INFO - [2025-03-13T10:29:26.558+0000] {dagbag.py:536} INFO - Filling up the DagBag from /opt/airflow/dags/extract_exchange_rates.py
[2025-03-13T10:29:26.570+0000] {processor.py:839} INFO - DAG(s) dict_keys(['extract_exchange_rates']) retrieved from /opt/airflow/dags/extract_exchange_rates.py
[2025-03-13T10:29:26.584+0000] {logging_mixin.py:151} INFO - [2025-03-13T10:29:26.583+0000] {dag.py:2941} INFO - Sync 1 DAGs
[2025-03-13T10:29:26.593+0000] {logging_mixin.py:151} INFO - [2025-03-13T10:29:26.593+0000] {dag.py:3722} INFO - Setting next_dagrun for extract_exchange_rates to 2025-03-13T00:00:00+00:00, run_after=2025-03-14T00:00:00+00:00
[2025-03-13T10:29:26.601+0000] {processor.py:179} INFO - Processing /opt/airflow/dags/extract_exchange_rates.py took 0.046 seconds
[2025-03-13T10:29:56.799+0000] {processor.py:157} INFO - Started process (PID=7689) to work on /opt/airflow/dags/extract_exchange_rates.py
[2025-03-13T10:29:56.800+0000] {processor.py:829} INFO - Processing file /opt/airflow/dags/extract_exchange_rates.py for tasks to queue
[2025-03-13T10:29:56.801+0000] {logging_mixin.py:151} INFO - [2025-03-13T10:29:56.801+0000] {dagbag.py:536} INFO - Filling up the DagBag from /opt/airflow/dags/extract_exchange_rates.py
[2025-03-13T10:29:56.811+0000] {processor.py:839} INFO - DAG(s) dict_keys(['extract_exchange_rates']) retrieved from /opt/airflow/dags/extract_exchange_rates.py
[2025-03-13T10:29:56.825+0000] {logging_mixin.py:151} INFO - [2025-03-13T10:29:56.825+0000] {dag.py:2941} INFO - Sync 1 DAGs
[2025-03-13T10:29:56.836+0000] {logging_mixin.py:151} INFO - [2025-03-13T10:29:56.836+0000] {dag.py:3722} INFO - Setting next_dagrun for extract_exchange_rates to 2025-03-13T00:00:00+00:00, run_after=2025-03-14T00:00:00+00:00
[2025-03-13T10:29:56.843+0000] {processor.py:179} INFO - Processing /opt/airflow/dags/extract_exchange_rates.py took 0.046 seconds
[2025-03-13T10:30:27.027+0000] {processor.py:157} INFO - Started process (PID=7694) to work on /opt/airflow/dags/extract_exchange_rates.py
[2025-03-13T10:30:27.027+0000] {processor.py:829} INFO - Processing file /opt/airflow/dags/extract_exchange_rates.py for tasks to queue
[2025-03-13T10:30:27.028+0000] {logging_mixin.py:151} INFO - [2025-03-13T10:30:27.027+0000] {dagbag.py:536} INFO - Filling up the DagBag from /opt/airflow/dags/extract_exchange_rates.py
[2025-03-13T10:30:27.035+0000] {processor.py:839} INFO - DAG(s) dict_keys(['extract_exchange_rates']) retrieved from /opt/airflow/dags/extract_exchange_rates.py
[2025-03-13T10:30:27.047+0000] {logging_mixin.py:151} INFO - [2025-03-13T10:30:27.047+0000] {dag.py:2941} INFO - Sync 1 DAGs
[2025-03-13T10:30:27.057+0000] {logging_mixin.py:151} INFO - [2025-03-13T10:30:27.057+0000] {dag.py:3722} INFO - Setting next_dagrun for extract_exchange_rates to 2025-03-13T00:00:00+00:00, run_after=2025-03-14T00:00:00+00:00
[2025-03-13T10:30:27.063+0000] {processor.py:179} INFO - Processing /opt/airflow/dags/extract_exchange_rates.py took 0.039 seconds
[2025-03-13T10:30:57.248+0000] {processor.py:157} INFO - Started process (PID=7699) to work on /opt/airflow/dags/extract_exchange_rates.py
[2025-03-13T10:30:57.248+0000] {processor.py:829} INFO - Processing file /opt/airflow/dags/extract_exchange_rates.py for tasks to queue
[2025-03-13T10:30:57.249+0000] {logging_mixin.py:151} INFO - [2025-03-13T10:30:57.249+0000] {dagbag.py:536} INFO - Filling up the DagBag from /opt/airflow/dags/extract_exchange_rates.py
[2025-03-13T10:30:57.258+0000] {processor.py:839} INFO - DAG(s) dict_keys(['extract_exchange_rates']) retrieved from /opt/airflow/dags/extract_exchange_rates.py
[2025-03-13T10:30:57.271+0000] {logging_mixin.py:151} INFO - [2025-03-13T10:30:57.271+0000] {dag.py:2941} INFO - Sync 1 DAGs
[2025-03-13T10:30:57.281+0000] {logging_mixin.py:151} INFO - [2025-03-13T10:30:57.281+0000] {dag.py:3722} INFO - Setting next_dagrun for extract_exchange_rates to 2025-03-13T00:00:00+00:00, run_after=2025-03-14T00:00:00+00:00
[2025-03-13T10:30:57.288+0000] {processor.py:179} INFO - Processing /opt/airflow/dags/extract_exchange_rates.py took 0.042 seconds
[2025-03-13T10:31:27.506+0000] {processor.py:157} INFO - Started process (PID=7704) to work on /opt/airflow/dags/extract_exchange_rates.py
[2025-03-13T10:31:27.507+0000] {processor.py:829} INFO - Processing file /opt/airflow/dags/extract_exchange_rates.py for tasks to queue
[2025-03-13T10:31:27.507+0000] {logging_mixin.py:151} INFO - [2025-03-13T10:31:27.507+0000] {dagbag.py:536} INFO - Filling up the DagBag from /opt/airflow/dags/extract_exchange_rates.py
[2025-03-13T10:31:27.517+0000] {processor.py:839} INFO - DAG(s) dict_keys(['extract_exchange_rates']) retrieved from /opt/airflow/dags/extract_exchange_rates.py
[2025-03-13T10:31:27.528+0000] {logging_mixin.py:151} INFO - [2025-03-13T10:31:27.528+0000] {dag.py:2941} INFO - Sync 1 DAGs
[2025-03-13T10:31:27.538+0000] {logging_mixin.py:151} INFO - [2025-03-13T10:31:27.538+0000] {dag.py:3722} INFO - Setting next_dagrun for extract_exchange_rates to 2025-03-13T00:00:00+00:00, run_after=2025-03-14T00:00:00+00:00
[2025-03-13T10:31:27.545+0000] {processor.py:179} INFO - Processing /opt/airflow/dags/extract_exchange_rates.py took 0.040 seconds
[2025-03-13T10:31:57.767+0000] {processor.py:157} INFO - Started process (PID=7709) to work on /opt/airflow/dags/extract_exchange_rates.py
[2025-03-13T10:31:57.768+0000] {processor.py:829} INFO - Processing file /opt/airflow/dags/extract_exchange_rates.py for tasks to queue
[2025-03-13T10:31:57.768+0000] {logging_mixin.py:151} INFO - [2025-03-13T10:31:57.768+0000] {dagbag.py:536} INFO - Filling up the DagBag from /opt/airflow/dags/extract_exchange_rates.py
[2025-03-13T10:31:57.778+0000] {processor.py:839} INFO - DAG(s) dict_keys(['extract_exchange_rates']) retrieved from /opt/airflow/dags/extract_exchange_rates.py
[2025-03-13T10:31:57.791+0000] {logging_mixin.py:151} INFO - [2025-03-13T10:31:57.791+0000] {dag.py:2941} INFO - Sync 1 DAGs
[2025-03-13T10:31:57.801+0000] {logging_mixin.py:151} INFO - [2025-03-13T10:31:57.801+0000] {dag.py:3722} INFO - Setting next_dagrun for extract_exchange_rates to 2025-03-13T00:00:00+00:00, run_after=2025-03-14T00:00:00+00:00
[2025-03-13T10:31:57.808+0000] {processor.py:179} INFO - Processing /opt/airflow/dags/extract_exchange_rates.py took 0.043 seconds
[2025-03-13T10:32:28.016+0000] {processor.py:157} INFO - Started process (PID=7714) to work on /opt/airflow/dags/extract_exchange_rates.py
[2025-03-13T10:32:28.017+0000] {processor.py:829} INFO - Processing file /opt/airflow/dags/extract_exchange_rates.py for tasks to queue
[2025-03-13T10:32:28.018+0000] {logging_mixin.py:151} INFO - [2025-03-13T10:32:28.017+0000] {dagbag.py:536} INFO - Filling up the DagBag from /opt/airflow/dags/extract_exchange_rates.py
[2025-03-13T10:32:28.027+0000] {processor.py:839} INFO - DAG(s) dict_keys(['extract_exchange_rates']) retrieved from /opt/airflow/dags/extract_exchange_rates.py
[2025-03-13T10:32:28.040+0000] {logging_mixin.py:151} INFO - [2025-03-13T10:32:28.040+0000] {dag.py:2941} INFO - Sync 1 DAGs
[2025-03-13T10:32:28.051+0000] {logging_mixin.py:151} INFO - [2025-03-13T10:32:28.051+0000] {dag.py:3722} INFO - Setting next_dagrun for extract_exchange_rates to 2025-03-13T00:00:00+00:00, run_after=2025-03-14T00:00:00+00:00
[2025-03-13T10:32:28.057+0000] {processor.py:179} INFO - Processing /opt/airflow/dags/extract_exchange_rates.py took 0.043 seconds
[2025-03-13T10:32:58.265+0000] {processor.py:157} INFO - Started process (PID=7719) to work on /opt/airflow/dags/extract_exchange_rates.py
[2025-03-13T10:32:58.266+0000] {processor.py:829} INFO - Processing file /opt/airflow/dags/extract_exchange_rates.py for tasks to queue
[2025-03-13T10:32:58.267+0000] {logging_mixin.py:151} INFO - [2025-03-13T10:32:58.267+0000] {dagbag.py:536} INFO - Filling up the DagBag from /opt/airflow/dags/extract_exchange_rates.py
[2025-03-13T10:32:58.276+0000] {processor.py:839} INFO - DAG(s) dict_keys(['extract_exchange_rates']) retrieved from /opt/airflow/dags/extract_exchange_rates.py
[2025-03-13T10:32:58.290+0000] {logging_mixin.py:151} INFO - [2025-03-13T10:32:58.290+0000] {dag.py:2941} INFO - Sync 1 DAGs
[2025-03-13T10:32:58.301+0000] {logging_mixin.py:151} INFO - [2025-03-13T10:32:58.300+0000] {dag.py:3722} INFO - Setting next_dagrun for extract_exchange_rates to 2025-03-13T00:00:00+00:00, run_after=2025-03-14T00:00:00+00:00
[2025-03-13T10:32:58.308+0000] {processor.py:179} INFO - Processing /opt/airflow/dags/extract_exchange_rates.py took 0.044 seconds
[2025-03-13T10:33:28.505+0000] {processor.py:157} INFO - Started process (PID=7724) to work on /opt/airflow/dags/extract_exchange_rates.py
[2025-03-13T10:33:28.506+0000] {processor.py:829} INFO - Processing file /opt/airflow/dags/extract_exchange_rates.py for tasks to queue
[2025-03-13T10:33:28.506+0000] {logging_mixin.py:151} INFO - [2025-03-13T10:33:28.506+0000] {dagbag.py:536} INFO - Filling up the DagBag from /opt/airflow/dags/extract_exchange_rates.py
[2025-03-13T10:33:28.516+0000] {processor.py:839} INFO - DAG(s) dict_keys(['extract_exchange_rates']) retrieved from /opt/airflow/dags/extract_exchange_rates.py
[2025-03-13T10:33:28.530+0000] {logging_mixin.py:151} INFO - [2025-03-13T10:33:28.529+0000] {dag.py:2941} INFO - Sync 1 DAGs
[2025-03-13T10:33:28.540+0000] {logging_mixin.py:151} INFO - [2025-03-13T10:33:28.540+0000] {dag.py:3722} INFO - Setting next_dagrun for extract_exchange_rates to 2025-03-13T00:00:00+00:00, run_after=2025-03-14T00:00:00+00:00
[2025-03-13T10:33:28.547+0000] {processor.py:179} INFO - Processing /opt/airflow/dags/extract_exchange_rates.py took 0.044 seconds
[2025-03-13T10:33:58.745+0000] {processor.py:157} INFO - Started process (PID=7729) to work on /opt/airflow/dags/extract_exchange_rates.py
[2025-03-13T10:33:58.745+0000] {processor.py:829} INFO - Processing file /opt/airflow/dags/extract_exchange_rates.py for tasks to queue
[2025-03-13T10:33:58.746+0000] {logging_mixin.py:151} INFO - [2025-03-13T10:33:58.746+0000] {dagbag.py:536} INFO - Filling up the DagBag from /opt/airflow/dags/extract_exchange_rates.py
[2025-03-13T10:33:58.757+0000] {processor.py:839} INFO - DAG(s) dict_keys(['extract_exchange_rates']) retrieved from /opt/airflow/dags/extract_exchange_rates.py
[2025-03-13T10:33:58.771+0000] {logging_mixin.py:151} INFO - [2025-03-13T10:33:58.771+0000] {dag.py:2941} INFO - Sync 1 DAGs
[2025-03-13T10:33:58.781+0000] {logging_mixin.py:151} INFO - [2025-03-13T10:33:58.781+0000] {dag.py:3722} INFO - Setting next_dagrun for extract_exchange_rates to 2025-03-13T00:00:00+00:00, run_after=2025-03-14T00:00:00+00:00
[2025-03-13T10:33:58.788+0000] {processor.py:179} INFO - Processing /opt/airflow/dags/extract_exchange_rates.py took 0.046 seconds
[2025-03-13T10:34:28.973+0000] {processor.py:157} INFO - Started process (PID=7734) to work on /opt/airflow/dags/extract_exchange_rates.py
[2025-03-13T10:34:28.974+0000] {processor.py:829} INFO - Processing file /opt/airflow/dags/extract_exchange_rates.py for tasks to queue
[2025-03-13T10:34:28.974+0000] {logging_mixin.py:151} INFO - [2025-03-13T10:34:28.974+0000] {dagbag.py:536} INFO - Filling up the DagBag from /opt/airflow/dags/extract_exchange_rates.py
[2025-03-13T10:34:28.982+0000] {processor.py:839} INFO - DAG(s) dict_keys(['extract_exchange_rates']) retrieved from /opt/airflow/dags/extract_exchange_rates.py
[2025-03-13T10:34:28.995+0000] {logging_mixin.py:151} INFO - [2025-03-13T10:34:28.995+0000] {dag.py:2941} INFO - Sync 1 DAGs
[2025-03-13T10:34:29.005+0000] {logging_mixin.py:151} INFO - [2025-03-13T10:34:29.005+0000] {dag.py:3722} INFO - Setting next_dagrun for extract_exchange_rates to 2025-03-13T00:00:00+00:00, run_after=2025-03-14T00:00:00+00:00
[2025-03-13T10:34:29.012+0000] {processor.py:179} INFO - Processing /opt/airflow/dags/extract_exchange_rates.py took 0.040 seconds
[2025-03-13T10:34:59.209+0000] {processor.py:157} INFO - Started process (PID=7739) to work on /opt/airflow/dags/extract_exchange_rates.py
[2025-03-13T10:34:59.209+0000] {processor.py:829} INFO - Processing file /opt/airflow/dags/extract_exchange_rates.py for tasks to queue
[2025-03-13T10:34:59.210+0000] {logging_mixin.py:151} INFO - [2025-03-13T10:34:59.210+0000] {dagbag.py:536} INFO - Filling up the DagBag from /opt/airflow/dags/extract_exchange_rates.py
[2025-03-13T10:34:59.219+0000] {processor.py:839} INFO - DAG(s) dict_keys(['extract_exchange_rates']) retrieved from /opt/airflow/dags/extract_exchange_rates.py
[2025-03-13T10:34:59.233+0000] {logging_mixin.py:151} INFO - [2025-03-13T10:34:59.233+0000] {dag.py:2941} INFO - Sync 1 DAGs
[2025-03-13T10:34:59.244+0000] {logging_mixin.py:151} INFO - [2025-03-13T10:34:59.244+0000] {dag.py:3722} INFO - Setting next_dagrun for extract_exchange_rates to 2025-03-13T00:00:00+00:00, run_after=2025-03-14T00:00:00+00:00
[2025-03-13T10:34:59.252+0000] {processor.py:179} INFO - Processing /opt/airflow/dags/extract_exchange_rates.py took 0.045 seconds
[2025-03-13T10:35:29.455+0000] {processor.py:157} INFO - Started process (PID=7744) to work on /opt/airflow/dags/extract_exchange_rates.py
[2025-03-13T10:35:29.455+0000] {processor.py:829} INFO - Processing file /opt/airflow/dags/extract_exchange_rates.py for tasks to queue
[2025-03-13T10:35:29.456+0000] {logging_mixin.py:151} INFO - [2025-03-13T10:35:29.456+0000] {dagbag.py:536} INFO - Filling up the DagBag from /opt/airflow/dags/extract_exchange_rates.py
[2025-03-13T10:35:29.464+0000] {processor.py:839} INFO - DAG(s) dict_keys(['extract_exchange_rates']) retrieved from /opt/airflow/dags/extract_exchange_rates.py
[2025-03-13T10:35:29.478+0000] {logging_mixin.py:151} INFO - [2025-03-13T10:35:29.478+0000] {dag.py:2941} INFO - Sync 1 DAGs
[2025-03-13T10:35:29.488+0000] {logging_mixin.py:151} INFO - [2025-03-13T10:35:29.488+0000] {dag.py:3722} INFO - Setting next_dagrun for extract_exchange_rates to 2025-03-13T00:00:00+00:00, run_after=2025-03-14T00:00:00+00:00
[2025-03-13T10:35:29.495+0000] {processor.py:179} INFO - Processing /opt/airflow/dags/extract_exchange_rates.py took 0.042 seconds
[2025-03-13T10:35:59.707+0000] {processor.py:157} INFO - Started process (PID=7749) to work on /opt/airflow/dags/extract_exchange_rates.py
[2025-03-13T10:35:59.708+0000] {processor.py:829} INFO - Processing file /opt/airflow/dags/extract_exchange_rates.py for tasks to queue
[2025-03-13T10:35:59.708+0000] {logging_mixin.py:151} INFO - [2025-03-13T10:35:59.708+0000] {dagbag.py:536} INFO - Filling up the DagBag from /opt/airflow/dags/extract_exchange_rates.py
[2025-03-13T10:35:59.717+0000] {processor.py:839} INFO - DAG(s) dict_keys(['extract_exchange_rates']) retrieved from /opt/airflow/dags/extract_exchange_rates.py
[2025-03-13T10:35:59.731+0000] {logging_mixin.py:151} INFO - [2025-03-13T10:35:59.731+0000] {dag.py:2941} INFO - Sync 1 DAGs
[2025-03-13T10:35:59.741+0000] {logging_mixin.py:151} INFO - [2025-03-13T10:35:59.741+0000] {dag.py:3722} INFO - Setting next_dagrun for extract_exchange_rates to 2025-03-13T00:00:00+00:00, run_after=2025-03-14T00:00:00+00:00
[2025-03-13T10:35:59.748+0000] {processor.py:179} INFO - Processing /opt/airflow/dags/extract_exchange_rates.py took 0.043 seconds
[2025-03-13T10:36:29.953+0000] {processor.py:157} INFO - Started process (PID=7754) to work on /opt/airflow/dags/extract_exchange_rates.py
[2025-03-13T10:36:29.954+0000] {processor.py:829} INFO - Processing file /opt/airflow/dags/extract_exchange_rates.py for tasks to queue
[2025-03-13T10:36:29.954+0000] {logging_mixin.py:151} INFO - [2025-03-13T10:36:29.954+0000] {dagbag.py:536} INFO - Filling up the DagBag from /opt/airflow/dags/extract_exchange_rates.py
[2025-03-13T10:36:29.963+0000] {processor.py:839} INFO - DAG(s) dict_keys(['extract_exchange_rates']) retrieved from /opt/airflow/dags/extract_exchange_rates.py
[2025-03-13T10:36:29.977+0000] {logging_mixin.py:151} INFO - [2025-03-13T10:36:29.977+0000] {dag.py:2941} INFO - Sync 1 DAGs
[2025-03-13T10:36:29.986+0000] {logging_mixin.py:151} INFO - [2025-03-13T10:36:29.986+0000] {dag.py:3722} INFO - Setting next_dagrun for extract_exchange_rates to 2025-03-13T00:00:00+00:00, run_after=2025-03-14T00:00:00+00:00
[2025-03-13T10:36:29.994+0000] {processor.py:179} INFO - Processing /opt/airflow/dags/extract_exchange_rates.py took 0.043 seconds
[2025-03-13T10:37:00.208+0000] {processor.py:157} INFO - Started process (PID=7759) to work on /opt/airflow/dags/extract_exchange_rates.py
[2025-03-13T10:37:00.209+0000] {processor.py:829} INFO - Processing file /opt/airflow/dags/extract_exchange_rates.py for tasks to queue
[2025-03-13T10:37:00.209+0000] {logging_mixin.py:151} INFO - [2025-03-13T10:37:00.209+0000] {dagbag.py:536} INFO - Filling up the DagBag from /opt/airflow/dags/extract_exchange_rates.py
[2025-03-13T10:37:00.220+0000] {processor.py:839} INFO - DAG(s) dict_keys(['extract_exchange_rates']) retrieved from /opt/airflow/dags/extract_exchange_rates.py
[2025-03-13T10:37:00.233+0000] {logging_mixin.py:151} INFO - [2025-03-13T10:37:00.232+0000] {dag.py:2941} INFO - Sync 1 DAGs
[2025-03-13T10:37:00.243+0000] {logging_mixin.py:151} INFO - [2025-03-13T10:37:00.243+0000] {dag.py:3722} INFO - Setting next_dagrun for extract_exchange_rates to 2025-03-13T00:00:00+00:00, run_after=2025-03-14T00:00:00+00:00
[2025-03-13T10:37:00.250+0000] {processor.py:179} INFO - Processing /opt/airflow/dags/extract_exchange_rates.py took 0.044 seconds
[2025-03-13T10:37:30.466+0000] {processor.py:157} INFO - Started process (PID=7764) to work on /opt/airflow/dags/extract_exchange_rates.py
[2025-03-13T10:37:30.466+0000] {processor.py:829} INFO - Processing file /opt/airflow/dags/extract_exchange_rates.py for tasks to queue
[2025-03-13T10:37:30.467+0000] {logging_mixin.py:151} INFO - [2025-03-13T10:37:30.467+0000] {dagbag.py:536} INFO - Filling up the DagBag from /opt/airflow/dags/extract_exchange_rates.py
[2025-03-13T10:37:30.476+0000] {processor.py:839} INFO - DAG(s) dict_keys(['extract_exchange_rates']) retrieved from /opt/airflow/dags/extract_exchange_rates.py
[2025-03-13T10:37:30.490+0000] {logging_mixin.py:151} INFO - [2025-03-13T10:37:30.490+0000] {dag.py:2941} INFO - Sync 1 DAGs
[2025-03-13T10:37:30.500+0000] {logging_mixin.py:151} INFO - [2025-03-13T10:37:30.500+0000] {dag.py:3722} INFO - Setting next_dagrun for extract_exchange_rates to 2025-03-13T00:00:00+00:00, run_after=2025-03-14T00:00:00+00:00
[2025-03-13T10:37:30.507+0000] {processor.py:179} INFO - Processing /opt/airflow/dags/extract_exchange_rates.py took 0.043 seconds
[2025-03-13T10:38:00.717+0000] {processor.py:157} INFO - Started process (PID=7769) to work on /opt/airflow/dags/extract_exchange_rates.py
[2025-03-13T10:38:00.717+0000] {processor.py:829} INFO - Processing file /opt/airflow/dags/extract_exchange_rates.py for tasks to queue
[2025-03-13T10:38:00.718+0000] {logging_mixin.py:151} INFO - [2025-03-13T10:38:00.718+0000] {dagbag.py:536} INFO - Filling up the DagBag from /opt/airflow/dags/extract_exchange_rates.py
[2025-03-13T10:38:00.728+0000] {processor.py:839} INFO - DAG(s) dict_keys(['extract_exchange_rates']) retrieved from /opt/airflow/dags/extract_exchange_rates.py
[2025-03-13T10:38:00.741+0000] {logging_mixin.py:151} INFO - [2025-03-13T10:38:00.741+0000] {dag.py:2941} INFO - Sync 1 DAGs
[2025-03-13T10:38:00.751+0000] {logging_mixin.py:151} INFO - [2025-03-13T10:38:00.751+0000] {dag.py:3722} INFO - Setting next_dagrun for extract_exchange_rates to 2025-03-13T00:00:00+00:00, run_after=2025-03-14T00:00:00+00:00
[2025-03-13T10:38:00.758+0000] {processor.py:179} INFO - Processing /opt/airflow/dags/extract_exchange_rates.py took 0.044 seconds
[2025-03-13T10:38:30.956+0000] {processor.py:157} INFO - Started process (PID=7774) to work on /opt/airflow/dags/extract_exchange_rates.py
[2025-03-13T10:38:30.957+0000] {processor.py:829} INFO - Processing file /opt/airflow/dags/extract_exchange_rates.py for tasks to queue
[2025-03-13T10:38:30.958+0000] {logging_mixin.py:151} INFO - [2025-03-13T10:38:30.957+0000] {dagbag.py:536} INFO - Filling up the DagBag from /opt/airflow/dags/extract_exchange_rates.py
[2025-03-13T10:38:30.967+0000] {processor.py:839} INFO - DAG(s) dict_keys(['extract_exchange_rates']) retrieved from /opt/airflow/dags/extract_exchange_rates.py
[2025-03-13T10:38:30.981+0000] {logging_mixin.py:151} INFO - [2025-03-13T10:38:30.981+0000] {dag.py:2941} INFO - Sync 1 DAGs
[2025-03-13T10:38:30.991+0000] {logging_mixin.py:151} INFO - [2025-03-13T10:38:30.991+0000] {dag.py:3722} INFO - Setting next_dagrun for extract_exchange_rates to 2025-03-13T00:00:00+00:00, run_after=2025-03-14T00:00:00+00:00
[2025-03-13T10:38:30.998+0000] {processor.py:179} INFO - Processing /opt/airflow/dags/extract_exchange_rates.py took 0.044 seconds
[2025-03-13T10:39:01.200+0000] {processor.py:157} INFO - Started process (PID=7779) to work on /opt/airflow/dags/extract_exchange_rates.py
[2025-03-13T10:39:01.200+0000] {processor.py:829} INFO - Processing file /opt/airflow/dags/extract_exchange_rates.py for tasks to queue
[2025-03-13T10:39:01.201+0000] {logging_mixin.py:151} INFO - [2025-03-13T10:39:01.201+0000] {dagbag.py:536} INFO - Filling up the DagBag from /opt/airflow/dags/extract_exchange_rates.py
[2025-03-13T10:39:01.211+0000] {processor.py:839} INFO - DAG(s) dict_keys(['extract_exchange_rates']) retrieved from /opt/airflow/dags/extract_exchange_rates.py
[2025-03-13T10:39:01.224+0000] {logging_mixin.py:151} INFO - [2025-03-13T10:39:01.224+0000] {dag.py:2941} INFO - Sync 1 DAGs
[2025-03-13T10:39:01.234+0000] {logging_mixin.py:151} INFO - [2025-03-13T10:39:01.234+0000] {dag.py:3722} INFO - Setting next_dagrun for extract_exchange_rates to 2025-03-13T00:00:00+00:00, run_after=2025-03-14T00:00:00+00:00
[2025-03-13T10:39:01.241+0000] {processor.py:179} INFO - Processing /opt/airflow/dags/extract_exchange_rates.py took 0.043 seconds
[2025-03-13T10:39:31.454+0000] {processor.py:157} INFO - Started process (PID=7784) to work on /opt/airflow/dags/extract_exchange_rates.py
[2025-03-13T10:39:31.454+0000] {processor.py:829} INFO - Processing file /opt/airflow/dags/extract_exchange_rates.py for tasks to queue
[2025-03-13T10:39:31.455+0000] {logging_mixin.py:151} INFO - [2025-03-13T10:39:31.455+0000] {dagbag.py:536} INFO - Filling up the DagBag from /opt/airflow/dags/extract_exchange_rates.py
[2025-03-13T10:39:31.464+0000] {processor.py:839} INFO - DAG(s) dict_keys(['extract_exchange_rates']) retrieved from /opt/airflow/dags/extract_exchange_rates.py
[2025-03-13T10:39:31.478+0000] {logging_mixin.py:151} INFO - [2025-03-13T10:39:31.478+0000] {dag.py:2941} INFO - Sync 1 DAGs
[2025-03-13T10:39:31.487+0000] {logging_mixin.py:151} INFO - [2025-03-13T10:39:31.487+0000] {dag.py:3722} INFO - Setting next_dagrun for extract_exchange_rates to 2025-03-13T00:00:00+00:00, run_after=2025-03-14T00:00:00+00:00
[2025-03-13T10:39:31.494+0000] {processor.py:179} INFO - Processing /opt/airflow/dags/extract_exchange_rates.py took 0.042 seconds
[2025-03-13T10:40:01.700+0000] {processor.py:157} INFO - Started process (PID=7789) to work on /opt/airflow/dags/extract_exchange_rates.py
[2025-03-13T10:40:01.700+0000] {processor.py:829} INFO - Processing file /opt/airflow/dags/extract_exchange_rates.py for tasks to queue
[2025-03-13T10:40:01.701+0000] {logging_mixin.py:151} INFO - [2025-03-13T10:40:01.701+0000] {dagbag.py:536} INFO - Filling up the DagBag from /opt/airflow/dags/extract_exchange_rates.py
[2025-03-13T10:40:01.711+0000] {processor.py:839} INFO - DAG(s) dict_keys(['extract_exchange_rates']) retrieved from /opt/airflow/dags/extract_exchange_rates.py
[2025-03-13T10:40:01.725+0000] {logging_mixin.py:151} INFO - [2025-03-13T10:40:01.725+0000] {dag.py:2941} INFO - Sync 1 DAGs
[2025-03-13T10:40:01.735+0000] {logging_mixin.py:151} INFO - [2025-03-13T10:40:01.735+0000] {dag.py:3722} INFO - Setting next_dagrun for extract_exchange_rates to 2025-03-13T00:00:00+00:00, run_after=2025-03-14T00:00:00+00:00
[2025-03-13T10:40:01.742+0000] {processor.py:179} INFO - Processing /opt/airflow/dags/extract_exchange_rates.py took 0.045 seconds
[2025-03-13T10:40:31.940+0000] {processor.py:157} INFO - Started process (PID=7794) to work on /opt/airflow/dags/extract_exchange_rates.py
[2025-03-13T10:40:31.941+0000] {processor.py:829} INFO - Processing file /opt/airflow/dags/extract_exchange_rates.py for tasks to queue
[2025-03-13T10:40:31.941+0000] {logging_mixin.py:151} INFO - [2025-03-13T10:40:31.941+0000] {dagbag.py:536} INFO - Filling up the DagBag from /opt/airflow/dags/extract_exchange_rates.py
[2025-03-13T10:40:31.951+0000] {processor.py:839} INFO - DAG(s) dict_keys(['extract_exchange_rates']) retrieved from /opt/airflow/dags/extract_exchange_rates.py
[2025-03-13T10:40:31.965+0000] {logging_mixin.py:151} INFO - [2025-03-13T10:40:31.964+0000] {dag.py:2941} INFO - Sync 1 DAGs
[2025-03-13T10:40:31.974+0000] {logging_mixin.py:151} INFO - [2025-03-13T10:40:31.974+0000] {dag.py:3722} INFO - Setting next_dagrun for extract_exchange_rates to 2025-03-13T00:00:00+00:00, run_after=2025-03-14T00:00:00+00:00
[2025-03-13T10:40:31.981+0000] {processor.py:179} INFO - Processing /opt/airflow/dags/extract_exchange_rates.py took 0.044 seconds
[2025-03-13T10:41:02.182+0000] {processor.py:157} INFO - Started process (PID=7799) to work on /opt/airflow/dags/extract_exchange_rates.py
[2025-03-13T10:41:02.183+0000] {processor.py:829} INFO - Processing file /opt/airflow/dags/extract_exchange_rates.py for tasks to queue
[2025-03-13T10:41:02.184+0000] {logging_mixin.py:151} INFO - [2025-03-13T10:41:02.183+0000] {dagbag.py:536} INFO - Filling up the DagBag from /opt/airflow/dags/extract_exchange_rates.py
[2025-03-13T10:41:02.194+0000] {processor.py:839} INFO - DAG(s) dict_keys(['extract_exchange_rates']) retrieved from /opt/airflow/dags/extract_exchange_rates.py
[2025-03-13T10:41:02.208+0000] {logging_mixin.py:151} INFO - [2025-03-13T10:41:02.208+0000] {dag.py:2941} INFO - Sync 1 DAGs
[2025-03-13T10:41:02.218+0000] {logging_mixin.py:151} INFO - [2025-03-13T10:41:02.218+0000] {dag.py:3722} INFO - Setting next_dagrun for extract_exchange_rates to 2025-03-13T00:00:00+00:00, run_after=2025-03-14T00:00:00+00:00
[2025-03-13T10:41:02.226+0000] {processor.py:179} INFO - Processing /opt/airflow/dags/extract_exchange_rates.py took 0.046 seconds
[2025-03-13T10:41:32.452+0000] {processor.py:157} INFO - Started process (PID=7804) to work on /opt/airflow/dags/extract_exchange_rates.py
[2025-03-13T10:41:32.453+0000] {processor.py:829} INFO - Processing file /opt/airflow/dags/extract_exchange_rates.py for tasks to queue
[2025-03-13T10:41:32.454+0000] {logging_mixin.py:151} INFO - [2025-03-13T10:41:32.453+0000] {dagbag.py:536} INFO - Filling up the DagBag from /opt/airflow/dags/extract_exchange_rates.py
[2025-03-13T10:41:32.463+0000] {processor.py:839} INFO - DAG(s) dict_keys(['extract_exchange_rates']) retrieved from /opt/airflow/dags/extract_exchange_rates.py
[2025-03-13T10:41:32.477+0000] {logging_mixin.py:151} INFO - [2025-03-13T10:41:32.477+0000] {dag.py:2941} INFO - Sync 1 DAGs
[2025-03-13T10:41:32.487+0000] {logging_mixin.py:151} INFO - [2025-03-13T10:41:32.487+0000] {dag.py:3722} INFO - Setting next_dagrun for extract_exchange_rates to 2025-03-13T00:00:00+00:00, run_after=2025-03-14T00:00:00+00:00
[2025-03-13T10:41:32.494+0000] {processor.py:179} INFO - Processing /opt/airflow/dags/extract_exchange_rates.py took 0.044 seconds
[2025-03-13T10:42:02.695+0000] {processor.py:157} INFO - Started process (PID=7809) to work on /opt/airflow/dags/extract_exchange_rates.py
[2025-03-13T10:42:02.696+0000] {processor.py:829} INFO - Processing file /opt/airflow/dags/extract_exchange_rates.py for tasks to queue
[2025-03-13T10:42:02.697+0000] {logging_mixin.py:151} INFO - [2025-03-13T10:42:02.696+0000] {dagbag.py:536} INFO - Filling up the DagBag from /opt/airflow/dags/extract_exchange_rates.py
[2025-03-13T10:42:02.708+0000] {processor.py:839} INFO - DAG(s) dict_keys(['extract_exchange_rates']) retrieved from /opt/airflow/dags/extract_exchange_rates.py
[2025-03-13T10:42:02.721+0000] {logging_mixin.py:151} INFO - [2025-03-13T10:42:02.721+0000] {dag.py:2941} INFO - Sync 1 DAGs
[2025-03-13T10:42:02.732+0000] {logging_mixin.py:151} INFO - [2025-03-13T10:42:02.732+0000] {dag.py:3722} INFO - Setting next_dagrun for extract_exchange_rates to 2025-03-13T00:00:00+00:00, run_after=2025-03-14T00:00:00+00:00
[2025-03-13T10:42:02.739+0000] {processor.py:179} INFO - Processing /opt/airflow/dags/extract_exchange_rates.py took 0.047 seconds
[2025-03-13T10:42:32.930+0000] {processor.py:157} INFO - Started process (PID=7814) to work on /opt/airflow/dags/extract_exchange_rates.py
[2025-03-13T10:42:32.931+0000] {processor.py:829} INFO - Processing file /opt/airflow/dags/extract_exchange_rates.py for tasks to queue
[2025-03-13T10:42:32.932+0000] {logging_mixin.py:151} INFO - [2025-03-13T10:42:32.932+0000] {dagbag.py:536} INFO - Filling up the DagBag from /opt/airflow/dags/extract_exchange_rates.py
[2025-03-13T10:42:32.942+0000] {processor.py:839} INFO - DAG(s) dict_keys(['extract_exchange_rates']) retrieved from /opt/airflow/dags/extract_exchange_rates.py
[2025-03-13T10:42:32.955+0000] {logging_mixin.py:151} INFO - [2025-03-13T10:42:32.955+0000] {dag.py:2941} INFO - Sync 1 DAGs
[2025-03-13T10:42:32.965+0000] {logging_mixin.py:151} INFO - [2025-03-13T10:42:32.965+0000] {dag.py:3722} INFO - Setting next_dagrun for extract_exchange_rates to 2025-03-13T00:00:00+00:00, run_after=2025-03-14T00:00:00+00:00
[2025-03-13T10:42:32.972+0000] {processor.py:179} INFO - Processing /opt/airflow/dags/extract_exchange_rates.py took 0.044 seconds
[2025-03-13T10:43:03.166+0000] {processor.py:157} INFO - Started process (PID=7819) to work on /opt/airflow/dags/extract_exchange_rates.py
[2025-03-13T10:43:03.166+0000] {processor.py:829} INFO - Processing file /opt/airflow/dags/extract_exchange_rates.py for tasks to queue
[2025-03-13T10:43:03.167+0000] {logging_mixin.py:151} INFO - [2025-03-13T10:43:03.167+0000] {dagbag.py:536} INFO - Filling up the DagBag from /opt/airflow/dags/extract_exchange_rates.py
[2025-03-13T10:43:03.177+0000] {processor.py:839} INFO - DAG(s) dict_keys(['extract_exchange_rates']) retrieved from /opt/airflow/dags/extract_exchange_rates.py
[2025-03-13T10:43:03.189+0000] {logging_mixin.py:151} INFO - [2025-03-13T10:43:03.189+0000] {dag.py:2941} INFO - Sync 1 DAGs
[2025-03-13T10:43:03.199+0000] {logging_mixin.py:151} INFO - [2025-03-13T10:43:03.199+0000] {dag.py:3722} INFO - Setting next_dagrun for extract_exchange_rates to 2025-03-13T00:00:00+00:00, run_after=2025-03-14T00:00:00+00:00
[2025-03-13T10:43:03.206+0000] {processor.py:179} INFO - Processing /opt/airflow/dags/extract_exchange_rates.py took 0.043 seconds
[2025-03-13T10:43:33.424+0000] {processor.py:157} INFO - Started process (PID=7824) to work on /opt/airflow/dags/extract_exchange_rates.py
[2025-03-13T10:43:33.424+0000] {processor.py:829} INFO - Processing file /opt/airflow/dags/extract_exchange_rates.py for tasks to queue
[2025-03-13T10:43:33.425+0000] {logging_mixin.py:151} INFO - [2025-03-13T10:43:33.425+0000] {dagbag.py:536} INFO - Filling up the DagBag from /opt/airflow/dags/extract_exchange_rates.py
[2025-03-13T10:43:33.435+0000] {processor.py:839} INFO - DAG(s) dict_keys(['extract_exchange_rates']) retrieved from /opt/airflow/dags/extract_exchange_rates.py
[2025-03-13T10:43:33.448+0000] {logging_mixin.py:151} INFO - [2025-03-13T10:43:33.448+0000] {dag.py:2941} INFO - Sync 1 DAGs
[2025-03-13T10:43:33.458+0000] {logging_mixin.py:151} INFO - [2025-03-13T10:43:33.458+0000] {dag.py:3722} INFO - Setting next_dagrun for extract_exchange_rates to 2025-03-13T00:00:00+00:00, run_after=2025-03-14T00:00:00+00:00
[2025-03-13T10:43:33.465+0000] {processor.py:179} INFO - Processing /opt/airflow/dags/extract_exchange_rates.py took 0.043 seconds
[2025-03-13T10:44:03.678+0000] {processor.py:157} INFO - Started process (PID=7829) to work on /opt/airflow/dags/extract_exchange_rates.py
[2025-03-13T10:44:03.679+0000] {processor.py:829} INFO - Processing file /opt/airflow/dags/extract_exchange_rates.py for tasks to queue
[2025-03-13T10:44:03.679+0000] {logging_mixin.py:151} INFO - [2025-03-13T10:44:03.679+0000] {dagbag.py:536} INFO - Filling up the DagBag from /opt/airflow/dags/extract_exchange_rates.py
[2025-03-13T10:44:03.688+0000] {processor.py:839} INFO - DAG(s) dict_keys(['extract_exchange_rates']) retrieved from /opt/airflow/dags/extract_exchange_rates.py
[2025-03-13T10:44:03.702+0000] {logging_mixin.py:151} INFO - [2025-03-13T10:44:03.702+0000] {dag.py:2941} INFO - Sync 1 DAGs
[2025-03-13T10:44:03.712+0000] {logging_mixin.py:151} INFO - [2025-03-13T10:44:03.712+0000] {dag.py:3722} INFO - Setting next_dagrun for extract_exchange_rates to 2025-03-13T00:00:00+00:00, run_after=2025-03-14T00:00:00+00:00
[2025-03-13T10:44:03.719+0000] {processor.py:179} INFO - Processing /opt/airflow/dags/extract_exchange_rates.py took 0.043 seconds
[2025-03-13T10:44:33.925+0000] {processor.py:157} INFO - Started process (PID=7834) to work on /opt/airflow/dags/extract_exchange_rates.py
[2025-03-13T10:44:33.925+0000] {processor.py:829} INFO - Processing file /opt/airflow/dags/extract_exchange_rates.py for tasks to queue
[2025-03-13T10:44:33.926+0000] {logging_mixin.py:151} INFO - [2025-03-13T10:44:33.926+0000] {dagbag.py:536} INFO - Filling up the DagBag from /opt/airflow/dags/extract_exchange_rates.py
[2025-03-13T10:44:33.935+0000] {processor.py:839} INFO - DAG(s) dict_keys(['extract_exchange_rates']) retrieved from /opt/airflow/dags/extract_exchange_rates.py
[2025-03-13T10:44:33.949+0000] {logging_mixin.py:151} INFO - [2025-03-13T10:44:33.949+0000] {dag.py:2941} INFO - Sync 1 DAGs
[2025-03-13T10:44:33.959+0000] {logging_mixin.py:151} INFO - [2025-03-13T10:44:33.959+0000] {dag.py:3722} INFO - Setting next_dagrun for extract_exchange_rates to 2025-03-13T00:00:00+00:00, run_after=2025-03-14T00:00:00+00:00
[2025-03-13T10:44:33.966+0000] {processor.py:179} INFO - Processing /opt/airflow/dags/extract_exchange_rates.py took 0.043 seconds
[2025-03-13T10:45:04.174+0000] {processor.py:157} INFO - Started process (PID=7839) to work on /opt/airflow/dags/extract_exchange_rates.py
[2025-03-13T10:45:04.175+0000] {processor.py:829} INFO - Processing file /opt/airflow/dags/extract_exchange_rates.py for tasks to queue
[2025-03-13T10:45:04.176+0000] {logging_mixin.py:151} INFO - [2025-03-13T10:45:04.175+0000] {dagbag.py:536} INFO - Filling up the DagBag from /opt/airflow/dags/extract_exchange_rates.py
[2025-03-13T10:45:04.185+0000] {processor.py:839} INFO - DAG(s) dict_keys(['extract_exchange_rates']) retrieved from /opt/airflow/dags/extract_exchange_rates.py
[2025-03-13T10:45:04.200+0000] {logging_mixin.py:151} INFO - [2025-03-13T10:45:04.199+0000] {dag.py:2941} INFO - Sync 1 DAGs
[2025-03-13T10:45:04.209+0000] {logging_mixin.py:151} INFO - [2025-03-13T10:45:04.209+0000] {dag.py:3722} INFO - Setting next_dagrun for extract_exchange_rates to 2025-03-13T00:00:00+00:00, run_after=2025-03-14T00:00:00+00:00
[2025-03-13T10:45:04.216+0000] {processor.py:179} INFO - Processing /opt/airflow/dags/extract_exchange_rates.py took 0.044 seconds
[2025-03-13T10:45:34.410+0000] {processor.py:157} INFO - Started process (PID=7844) to work on /opt/airflow/dags/extract_exchange_rates.py
[2025-03-13T10:45:34.410+0000] {processor.py:829} INFO - Processing file /opt/airflow/dags/extract_exchange_rates.py for tasks to queue
[2025-03-13T10:45:34.411+0000] {logging_mixin.py:151} INFO - [2025-03-13T10:45:34.411+0000] {dagbag.py:536} INFO - Filling up the DagBag from /opt/airflow/dags/extract_exchange_rates.py
[2025-03-13T10:45:34.422+0000] {processor.py:839} INFO - DAG(s) dict_keys(['extract_exchange_rates']) retrieved from /opt/airflow/dags/extract_exchange_rates.py
[2025-03-13T10:45:34.437+0000] {logging_mixin.py:151} INFO - [2025-03-13T10:45:34.437+0000] {dag.py:2941} INFO - Sync 1 DAGs
[2025-03-13T10:45:34.447+0000] {logging_mixin.py:151} INFO - [2025-03-13T10:45:34.447+0000] {dag.py:3722} INFO - Setting next_dagrun for extract_exchange_rates to 2025-03-13T00:00:00+00:00, run_after=2025-03-14T00:00:00+00:00
[2025-03-13T10:45:34.454+0000] {processor.py:179} INFO - Processing /opt/airflow/dags/extract_exchange_rates.py took 0.047 seconds
[2025-03-13T10:46:04.671+0000] {processor.py:157} INFO - Started process (PID=7849) to work on /opt/airflow/dags/extract_exchange_rates.py
[2025-03-13T10:46:04.672+0000] {processor.py:829} INFO - Processing file /opt/airflow/dags/extract_exchange_rates.py for tasks to queue
[2025-03-13T10:46:04.673+0000] {logging_mixin.py:151} INFO - [2025-03-13T10:46:04.672+0000] {dagbag.py:536} INFO - Filling up the DagBag from /opt/airflow/dags/extract_exchange_rates.py
[2025-03-13T10:46:04.681+0000] {processor.py:839} INFO - DAG(s) dict_keys(['extract_exchange_rates']) retrieved from /opt/airflow/dags/extract_exchange_rates.py
[2025-03-13T10:46:04.696+0000] {logging_mixin.py:151} INFO - [2025-03-13T10:46:04.696+0000] {dag.py:2941} INFO - Sync 1 DAGs
[2025-03-13T10:46:04.705+0000] {logging_mixin.py:151} INFO - [2025-03-13T10:46:04.705+0000] {dag.py:3722} INFO - Setting next_dagrun for extract_exchange_rates to 2025-03-13T00:00:00+00:00, run_after=2025-03-14T00:00:00+00:00
[2025-03-13T10:46:04.712+0000] {processor.py:179} INFO - Processing /opt/airflow/dags/extract_exchange_rates.py took 0.044 seconds
[2025-03-13T10:46:34.919+0000] {processor.py:157} INFO - Started process (PID=7854) to work on /opt/airflow/dags/extract_exchange_rates.py
[2025-03-13T10:46:34.920+0000] {processor.py:829} INFO - Processing file /opt/airflow/dags/extract_exchange_rates.py for tasks to queue
[2025-03-13T10:46:34.920+0000] {logging_mixin.py:151} INFO - [2025-03-13T10:46:34.920+0000] {dagbag.py:536} INFO - Filling up the DagBag from /opt/airflow/dags/extract_exchange_rates.py
[2025-03-13T10:46:34.930+0000] {processor.py:839} INFO - DAG(s) dict_keys(['extract_exchange_rates']) retrieved from /opt/airflow/dags/extract_exchange_rates.py
[2025-03-13T10:46:34.943+0000] {logging_mixin.py:151} INFO - [2025-03-13T10:46:34.943+0000] {dag.py:2941} INFO - Sync 1 DAGs
[2025-03-13T10:46:34.953+0000] {logging_mixin.py:151} INFO - [2025-03-13T10:46:34.953+0000] {dag.py:3722} INFO - Setting next_dagrun for extract_exchange_rates to 2025-03-13T00:00:00+00:00, run_after=2025-03-14T00:00:00+00:00
[2025-03-13T10:46:34.960+0000] {processor.py:179} INFO - Processing /opt/airflow/dags/extract_exchange_rates.py took 0.044 seconds
[2025-03-13T10:47:05.171+0000] {processor.py:157} INFO - Started process (PID=7859) to work on /opt/airflow/dags/extract_exchange_rates.py
[2025-03-13T10:47:05.172+0000] {processor.py:829} INFO - Processing file /opt/airflow/dags/extract_exchange_rates.py for tasks to queue
[2025-03-13T10:47:05.173+0000] {logging_mixin.py:151} INFO - [2025-03-13T10:47:05.172+0000] {dagbag.py:536} INFO - Filling up the DagBag from /opt/airflow/dags/extract_exchange_rates.py
[2025-03-13T10:47:05.182+0000] {processor.py:839} INFO - DAG(s) dict_keys(['extract_exchange_rates']) retrieved from /opt/airflow/dags/extract_exchange_rates.py
[2025-03-13T10:47:05.197+0000] {logging_mixin.py:151} INFO - [2025-03-13T10:47:05.197+0000] {dag.py:2941} INFO - Sync 1 DAGs
[2025-03-13T10:47:05.208+0000] {logging_mixin.py:151} INFO - [2025-03-13T10:47:05.208+0000] {dag.py:3722} INFO - Setting next_dagrun for extract_exchange_rates to 2025-03-13T00:00:00+00:00, run_after=2025-03-14T00:00:00+00:00
[2025-03-13T10:47:05.215+0000] {processor.py:179} INFO - Processing /opt/airflow/dags/extract_exchange_rates.py took 0.046 seconds
[2025-03-13T10:47:35.420+0000] {processor.py:157} INFO - Started process (PID=7864) to work on /opt/airflow/dags/extract_exchange_rates.py
[2025-03-13T10:47:35.421+0000] {processor.py:829} INFO - Processing file /opt/airflow/dags/extract_exchange_rates.py for tasks to queue
[2025-03-13T10:47:35.422+0000] {logging_mixin.py:151} INFO - [2025-03-13T10:47:35.422+0000] {dagbag.py:536} INFO - Filling up the DagBag from /opt/airflow/dags/extract_exchange_rates.py
[2025-03-13T10:47:35.434+0000] {processor.py:839} INFO - DAG(s) dict_keys(['extract_exchange_rates']) retrieved from /opt/airflow/dags/extract_exchange_rates.py
[2025-03-13T10:47:35.448+0000] {logging_mixin.py:151} INFO - [2025-03-13T10:47:35.447+0000] {dag.py:2941} INFO - Sync 1 DAGs
[2025-03-13T10:47:35.458+0000] {logging_mixin.py:151} INFO - [2025-03-13T10:47:35.458+0000] {dag.py:3722} INFO - Setting next_dagrun for extract_exchange_rates to 2025-03-13T00:00:00+00:00, run_after=2025-03-14T00:00:00+00:00
[2025-03-13T10:47:35.465+0000] {processor.py:179} INFO - Processing /opt/airflow/dags/extract_exchange_rates.py took 0.047 seconds
[2025-03-13T10:48:05.679+0000] {processor.py:157} INFO - Started process (PID=7869) to work on /opt/airflow/dags/extract_exchange_rates.py
[2025-03-13T10:48:05.680+0000] {processor.py:829} INFO - Processing file /opt/airflow/dags/extract_exchange_rates.py for tasks to queue
[2025-03-13T10:48:05.680+0000] {logging_mixin.py:151} INFO - [2025-03-13T10:48:05.680+0000] {dagbag.py:536} INFO - Filling up the DagBag from /opt/airflow/dags/extract_exchange_rates.py
[2025-03-13T10:48:05.692+0000] {processor.py:839} INFO - DAG(s) dict_keys(['extract_exchange_rates']) retrieved from /opt/airflow/dags/extract_exchange_rates.py
[2025-03-13T10:48:05.706+0000] {logging_mixin.py:151} INFO - [2025-03-13T10:48:05.706+0000] {dag.py:2941} INFO - Sync 1 DAGs
[2025-03-13T10:48:05.716+0000] {logging_mixin.py:151} INFO - [2025-03-13T10:48:05.715+0000] {dag.py:3722} INFO - Setting next_dagrun for extract_exchange_rates to 2025-03-13T00:00:00+00:00, run_after=2025-03-14T00:00:00+00:00
[2025-03-13T10:48:05.723+0000] {processor.py:179} INFO - Processing /opt/airflow/dags/extract_exchange_rates.py took 0.047 seconds
[2025-03-13T10:48:35.937+0000] {processor.py:157} INFO - Started process (PID=7874) to work on /opt/airflow/dags/extract_exchange_rates.py
[2025-03-13T10:48:35.937+0000] {processor.py:829} INFO - Processing file /opt/airflow/dags/extract_exchange_rates.py for tasks to queue
[2025-03-13T10:48:35.938+0000] {logging_mixin.py:151} INFO - [2025-03-13T10:48:35.938+0000] {dagbag.py:536} INFO - Filling up the DagBag from /opt/airflow/dags/extract_exchange_rates.py
[2025-03-13T10:48:35.947+0000] {processor.py:839} INFO - DAG(s) dict_keys(['extract_exchange_rates']) retrieved from /opt/airflow/dags/extract_exchange_rates.py
[2025-03-13T10:48:35.961+0000] {logging_mixin.py:151} INFO - [2025-03-13T10:48:35.961+0000] {dag.py:2941} INFO - Sync 1 DAGs
[2025-03-13T10:48:35.970+0000] {logging_mixin.py:151} INFO - [2025-03-13T10:48:35.970+0000] {dag.py:3722} INFO - Setting next_dagrun for extract_exchange_rates to 2025-03-13T00:00:00+00:00, run_after=2025-03-14T00:00:00+00:00
[2025-03-13T10:48:35.977+0000] {processor.py:179} INFO - Processing /opt/airflow/dags/extract_exchange_rates.py took 0.043 seconds
[2025-03-13T10:49:06.178+0000] {processor.py:157} INFO - Started process (PID=7879) to work on /opt/airflow/dags/extract_exchange_rates.py
[2025-03-13T10:49:06.179+0000] {processor.py:829} INFO - Processing file /opt/airflow/dags/extract_exchange_rates.py for tasks to queue
[2025-03-13T10:49:06.180+0000] {logging_mixin.py:151} INFO - [2025-03-13T10:49:06.179+0000] {dagbag.py:536} INFO - Filling up the DagBag from /opt/airflow/dags/extract_exchange_rates.py
[2025-03-13T10:49:06.189+0000] {processor.py:839} INFO - DAG(s) dict_keys(['extract_exchange_rates']) retrieved from /opt/airflow/dags/extract_exchange_rates.py
[2025-03-13T10:49:06.202+0000] {logging_mixin.py:151} INFO - [2025-03-13T10:49:06.202+0000] {dag.py:2941} INFO - Sync 1 DAGs
[2025-03-13T10:49:06.212+0000] {logging_mixin.py:151} INFO - [2025-03-13T10:49:06.211+0000] {dag.py:3722} INFO - Setting next_dagrun for extract_exchange_rates to 2025-03-13T00:00:00+00:00, run_after=2025-03-14T00:00:00+00:00
[2025-03-13T10:49:06.219+0000] {processor.py:179} INFO - Processing /opt/airflow/dags/extract_exchange_rates.py took 0.043 seconds
[2025-03-13T10:49:36.438+0000] {processor.py:157} INFO - Started process (PID=7884) to work on /opt/airflow/dags/extract_exchange_rates.py
[2025-03-13T10:49:36.439+0000] {processor.py:829} INFO - Processing file /opt/airflow/dags/extract_exchange_rates.py for tasks to queue
[2025-03-13T10:49:36.440+0000] {logging_mixin.py:151} INFO - [2025-03-13T10:49:36.439+0000] {dagbag.py:536} INFO - Filling up the DagBag from /opt/airflow/dags/extract_exchange_rates.py
[2025-03-13T10:49:36.450+0000] {processor.py:839} INFO - DAG(s) dict_keys(['extract_exchange_rates']) retrieved from /opt/airflow/dags/extract_exchange_rates.py
[2025-03-13T10:49:36.463+0000] {logging_mixin.py:151} INFO - [2025-03-13T10:49:36.463+0000] {dag.py:2941} INFO - Sync 1 DAGs
[2025-03-13T10:49:36.473+0000] {logging_mixin.py:151} INFO - [2025-03-13T10:49:36.472+0000] {dag.py:3722} INFO - Setting next_dagrun for extract_exchange_rates to 2025-03-13T00:00:00+00:00, run_after=2025-03-14T00:00:00+00:00
[2025-03-13T10:49:36.479+0000] {processor.py:179} INFO - Processing /opt/airflow/dags/extract_exchange_rates.py took 0.043 seconds
[2025-03-13T10:50:06.682+0000] {processor.py:157} INFO - Started process (PID=7889) to work on /opt/airflow/dags/extract_exchange_rates.py
[2025-03-13T10:50:06.683+0000] {processor.py:829} INFO - Processing file /opt/airflow/dags/extract_exchange_rates.py for tasks to queue
[2025-03-13T10:50:06.683+0000] {logging_mixin.py:151} INFO - [2025-03-13T10:50:06.683+0000] {dagbag.py:536} INFO - Filling up the DagBag from /opt/airflow/dags/extract_exchange_rates.py
[2025-03-13T10:50:06.692+0000] {processor.py:839} INFO - DAG(s) dict_keys(['extract_exchange_rates']) retrieved from /opt/airflow/dags/extract_exchange_rates.py
[2025-03-13T10:50:06.705+0000] {logging_mixin.py:151} INFO - [2025-03-13T10:50:06.705+0000] {dag.py:2941} INFO - Sync 1 DAGs
[2025-03-13T10:50:06.715+0000] {logging_mixin.py:151} INFO - [2025-03-13T10:50:06.714+0000] {dag.py:3722} INFO - Setting next_dagrun for extract_exchange_rates to 2025-03-13T00:00:00+00:00, run_after=2025-03-14T00:00:00+00:00
[2025-03-13T10:50:06.721+0000] {processor.py:179} INFO - Processing /opt/airflow/dags/extract_exchange_rates.py took 0.041 seconds
[2025-03-13T10:50:36.914+0000] {processor.py:157} INFO - Started process (PID=7894) to work on /opt/airflow/dags/extract_exchange_rates.py
[2025-03-13T10:50:36.914+0000] {processor.py:829} INFO - Processing file /opt/airflow/dags/extract_exchange_rates.py for tasks to queue
[2025-03-13T10:50:36.915+0000] {logging_mixin.py:151} INFO - [2025-03-13T10:50:36.914+0000] {dagbag.py:536} INFO - Filling up the DagBag from /opt/airflow/dags/extract_exchange_rates.py
[2025-03-13T10:50:36.924+0000] {processor.py:839} INFO - DAG(s) dict_keys(['extract_exchange_rates']) retrieved from /opt/airflow/dags/extract_exchange_rates.py
[2025-03-13T10:50:36.937+0000] {logging_mixin.py:151} INFO - [2025-03-13T10:50:36.937+0000] {dag.py:2941} INFO - Sync 1 DAGs
[2025-03-13T10:50:36.947+0000] {logging_mixin.py:151} INFO - [2025-03-13T10:50:36.947+0000] {dag.py:3722} INFO - Setting next_dagrun for extract_exchange_rates to 2025-03-13T00:00:00+00:00, run_after=2025-03-14T00:00:00+00:00
[2025-03-13T10:50:36.953+0000] {processor.py:179} INFO - Processing /opt/airflow/dags/extract_exchange_rates.py took 0.042 seconds
[2025-03-13T10:51:07.164+0000] {processor.py:157} INFO - Started process (PID=7899) to work on /opt/airflow/dags/extract_exchange_rates.py
[2025-03-13T10:51:07.165+0000] {processor.py:829} INFO - Processing file /opt/airflow/dags/extract_exchange_rates.py for tasks to queue
[2025-03-13T10:51:07.165+0000] {logging_mixin.py:151} INFO - [2025-03-13T10:51:07.165+0000] {dagbag.py:536} INFO - Filling up the DagBag from /opt/airflow/dags/extract_exchange_rates.py
[2025-03-13T10:51:07.174+0000] {processor.py:839} INFO - DAG(s) dict_keys(['extract_exchange_rates']) retrieved from /opt/airflow/dags/extract_exchange_rates.py
[2025-03-13T10:51:07.189+0000] {logging_mixin.py:151} INFO - [2025-03-13T10:51:07.189+0000] {dag.py:2941} INFO - Sync 1 DAGs
[2025-03-13T10:51:07.198+0000] {logging_mixin.py:151} INFO - [2025-03-13T10:51:07.198+0000] {dag.py:3722} INFO - Setting next_dagrun for extract_exchange_rates to 2025-03-13T00:00:00+00:00, run_after=2025-03-14T00:00:00+00:00
[2025-03-13T10:51:07.205+0000] {processor.py:179} INFO - Processing /opt/airflow/dags/extract_exchange_rates.py took 0.044 seconds
[2025-03-13T10:51:37.429+0000] {processor.py:157} INFO - Started process (PID=7904) to work on /opt/airflow/dags/extract_exchange_rates.py
[2025-03-13T10:51:37.430+0000] {processor.py:829} INFO - Processing file /opt/airflow/dags/extract_exchange_rates.py for tasks to queue
[2025-03-13T10:51:37.431+0000] {logging_mixin.py:151} INFO - [2025-03-13T10:51:37.430+0000] {dagbag.py:536} INFO - Filling up the DagBag from /opt/airflow/dags/extract_exchange_rates.py
[2025-03-13T10:51:37.440+0000] {processor.py:839} INFO - DAG(s) dict_keys(['extract_exchange_rates']) retrieved from /opt/airflow/dags/extract_exchange_rates.py
[2025-03-13T10:51:37.454+0000] {logging_mixin.py:151} INFO - [2025-03-13T10:51:37.454+0000] {dag.py:2941} INFO - Sync 1 DAGs
[2025-03-13T10:51:37.464+0000] {logging_mixin.py:151} INFO - [2025-03-13T10:51:37.464+0000] {dag.py:3722} INFO - Setting next_dagrun for extract_exchange_rates to 2025-03-13T00:00:00+00:00, run_after=2025-03-14T00:00:00+00:00
[2025-03-13T10:51:37.472+0000] {processor.py:179} INFO - Processing /opt/airflow/dags/extract_exchange_rates.py took 0.045 seconds
[2025-03-13T10:52:07.678+0000] {processor.py:157} INFO - Started process (PID=7909) to work on /opt/airflow/dags/extract_exchange_rates.py
[2025-03-13T10:52:07.678+0000] {processor.py:829} INFO - Processing file /opt/airflow/dags/extract_exchange_rates.py for tasks to queue
[2025-03-13T10:52:07.679+0000] {logging_mixin.py:151} INFO - [2025-03-13T10:52:07.679+0000] {dagbag.py:536} INFO - Filling up the DagBag from /opt/airflow/dags/extract_exchange_rates.py
[2025-03-13T10:52:07.689+0000] {processor.py:839} INFO - DAG(s) dict_keys(['extract_exchange_rates']) retrieved from /opt/airflow/dags/extract_exchange_rates.py
[2025-03-13T10:52:07.703+0000] {logging_mixin.py:151} INFO - [2025-03-13T10:52:07.703+0000] {dag.py:2941} INFO - Sync 1 DAGs
[2025-03-13T10:52:07.713+0000] {logging_mixin.py:151} INFO - [2025-03-13T10:52:07.712+0000] {dag.py:3722} INFO - Setting next_dagrun for extract_exchange_rates to 2025-03-13T00:00:00+00:00, run_after=2025-03-14T00:00:00+00:00
[2025-03-13T10:52:07.720+0000] {processor.py:179} INFO - Processing /opt/airflow/dags/extract_exchange_rates.py took 0.044 seconds
[2025-03-13T10:52:37.935+0000] {processor.py:157} INFO - Started process (PID=7914) to work on /opt/airflow/dags/extract_exchange_rates.py
[2025-03-13T10:52:37.936+0000] {processor.py:829} INFO - Processing file /opt/airflow/dags/extract_exchange_rates.py for tasks to queue
[2025-03-13T10:52:37.936+0000] {logging_mixin.py:151} INFO - [2025-03-13T10:52:37.936+0000] {dagbag.py:536} INFO - Filling up the DagBag from /opt/airflow/dags/extract_exchange_rates.py
[2025-03-13T10:52:37.945+0000] {processor.py:839} INFO - DAG(s) dict_keys(['extract_exchange_rates']) retrieved from /opt/airflow/dags/extract_exchange_rates.py
[2025-03-13T10:52:37.959+0000] {logging_mixin.py:151} INFO - [2025-03-13T10:52:37.959+0000] {dag.py:2941} INFO - Sync 1 DAGs
[2025-03-13T10:52:37.968+0000] {logging_mixin.py:151} INFO - [2025-03-13T10:52:37.968+0000] {dag.py:3722} INFO - Setting next_dagrun for extract_exchange_rates to 2025-03-13T00:00:00+00:00, run_after=2025-03-14T00:00:00+00:00
[2025-03-13T10:52:37.976+0000] {processor.py:179} INFO - Processing /opt/airflow/dags/extract_exchange_rates.py took 0.043 seconds
[2025-03-13T10:53:08.188+0000] {processor.py:157} INFO - Started process (PID=7919) to work on /opt/airflow/dags/extract_exchange_rates.py
[2025-03-13T10:53:08.189+0000] {processor.py:829} INFO - Processing file /opt/airflow/dags/extract_exchange_rates.py for tasks to queue
[2025-03-13T10:53:08.190+0000] {logging_mixin.py:151} INFO - [2025-03-13T10:53:08.190+0000] {dagbag.py:536} INFO - Filling up the DagBag from /opt/airflow/dags/extract_exchange_rates.py
[2025-03-13T10:53:08.199+0000] {processor.py:839} INFO - DAG(s) dict_keys(['extract_exchange_rates']) retrieved from /opt/airflow/dags/extract_exchange_rates.py
[2025-03-13T10:53:08.213+0000] {logging_mixin.py:151} INFO - [2025-03-13T10:53:08.213+0000] {dag.py:2941} INFO - Sync 1 DAGs
[2025-03-13T10:53:08.224+0000] {logging_mixin.py:151} INFO - [2025-03-13T10:53:08.224+0000] {dag.py:3722} INFO - Setting next_dagrun for extract_exchange_rates to 2025-03-13T00:00:00+00:00, run_after=2025-03-14T00:00:00+00:00
[2025-03-13T10:53:08.231+0000] {processor.py:179} INFO - Processing /opt/airflow/dags/extract_exchange_rates.py took 0.045 seconds
[2025-03-13T10:53:38.441+0000] {processor.py:157} INFO - Started process (PID=7924) to work on /opt/airflow/dags/extract_exchange_rates.py
[2025-03-13T10:53:38.442+0000] {processor.py:829} INFO - Processing file /opt/airflow/dags/extract_exchange_rates.py for tasks to queue
[2025-03-13T10:53:38.442+0000] {logging_mixin.py:151} INFO - [2025-03-13T10:53:38.442+0000] {dagbag.py:536} INFO - Filling up the DagBag from /opt/airflow/dags/extract_exchange_rates.py
[2025-03-13T10:53:38.452+0000] {processor.py:839} INFO - DAG(s) dict_keys(['extract_exchange_rates']) retrieved from /opt/airflow/dags/extract_exchange_rates.py
[2025-03-13T10:53:38.466+0000] {logging_mixin.py:151} INFO - [2025-03-13T10:53:38.466+0000] {dag.py:2941} INFO - Sync 1 DAGs
[2025-03-13T10:53:38.476+0000] {logging_mixin.py:151} INFO - [2025-03-13T10:53:38.476+0000] {dag.py:3722} INFO - Setting next_dagrun for extract_exchange_rates to 2025-03-13T00:00:00+00:00, run_after=2025-03-14T00:00:00+00:00
[2025-03-13T10:53:38.483+0000] {processor.py:179} INFO - Processing /opt/airflow/dags/extract_exchange_rates.py took 0.044 seconds
[2025-03-13T10:54:08.697+0000] {processor.py:157} INFO - Started process (PID=7929) to work on /opt/airflow/dags/extract_exchange_rates.py
[2025-03-13T10:54:08.698+0000] {processor.py:829} INFO - Processing file /opt/airflow/dags/extract_exchange_rates.py for tasks to queue
[2025-03-13T10:54:08.699+0000] {logging_mixin.py:151} INFO - [2025-03-13T10:54:08.699+0000] {dagbag.py:536} INFO - Filling up the DagBag from /opt/airflow/dags/extract_exchange_rates.py
[2025-03-13T10:54:08.708+0000] {processor.py:839} INFO - DAG(s) dict_keys(['extract_exchange_rates']) retrieved from /opt/airflow/dags/extract_exchange_rates.py
[2025-03-13T10:54:08.723+0000] {logging_mixin.py:151} INFO - [2025-03-13T10:54:08.723+0000] {dag.py:2941} INFO - Sync 1 DAGs
[2025-03-13T10:54:08.733+0000] {logging_mixin.py:151} INFO - [2025-03-13T10:54:08.733+0000] {dag.py:3722} INFO - Setting next_dagrun for extract_exchange_rates to 2025-03-13T00:00:00+00:00, run_after=2025-03-14T00:00:00+00:00
[2025-03-13T10:54:08.740+0000] {processor.py:179} INFO - Processing /opt/airflow/dags/extract_exchange_rates.py took 0.045 seconds
[2025-03-13T10:54:38.937+0000] {processor.py:157} INFO - Started process (PID=7934) to work on /opt/airflow/dags/extract_exchange_rates.py
[2025-03-13T10:54:38.938+0000] {processor.py:829} INFO - Processing file /opt/airflow/dags/extract_exchange_rates.py for tasks to queue
[2025-03-13T10:54:38.938+0000] {logging_mixin.py:151} INFO - [2025-03-13T10:54:38.938+0000] {dagbag.py:536} INFO - Filling up the DagBag from /opt/airflow/dags/extract_exchange_rates.py
[2025-03-13T10:54:38.948+0000] {processor.py:839} INFO - DAG(s) dict_keys(['extract_exchange_rates']) retrieved from /opt/airflow/dags/extract_exchange_rates.py
[2025-03-13T10:54:38.962+0000] {logging_mixin.py:151} INFO - [2025-03-13T10:54:38.962+0000] {dag.py:2941} INFO - Sync 1 DAGs
[2025-03-13T10:54:38.972+0000] {logging_mixin.py:151} INFO - [2025-03-13T10:54:38.972+0000] {dag.py:3722} INFO - Setting next_dagrun for extract_exchange_rates to 2025-03-13T00:00:00+00:00, run_after=2025-03-14T00:00:00+00:00
[2025-03-13T10:54:38.979+0000] {processor.py:179} INFO - Processing /opt/airflow/dags/extract_exchange_rates.py took 0.044 seconds
[2025-03-13T10:55:09.180+0000] {processor.py:157} INFO - Started process (PID=7939) to work on /opt/airflow/dags/extract_exchange_rates.py
[2025-03-13T10:55:09.181+0000] {processor.py:829} INFO - Processing file /opt/airflow/dags/extract_exchange_rates.py for tasks to queue
[2025-03-13T10:55:09.182+0000] {logging_mixin.py:151} INFO - [2025-03-13T10:55:09.182+0000] {dagbag.py:536} INFO - Filling up the DagBag from /opt/airflow/dags/extract_exchange_rates.py
[2025-03-13T10:55:09.191+0000] {processor.py:839} INFO - DAG(s) dict_keys(['extract_exchange_rates']) retrieved from /opt/airflow/dags/extract_exchange_rates.py
[2025-03-13T10:55:09.205+0000] {logging_mixin.py:151} INFO - [2025-03-13T10:55:09.205+0000] {dag.py:2941} INFO - Sync 1 DAGs
[2025-03-13T10:55:09.215+0000] {logging_mixin.py:151} INFO - [2025-03-13T10:55:09.215+0000] {dag.py:3722} INFO - Setting next_dagrun for extract_exchange_rates to 2025-03-13T00:00:00+00:00, run_after=2025-03-14T00:00:00+00:00
[2025-03-13T10:55:09.224+0000] {processor.py:179} INFO - Processing /opt/airflow/dags/extract_exchange_rates.py took 0.046 seconds
[2025-03-13T10:55:39.434+0000] {processor.py:157} INFO - Started process (PID=7944) to work on /opt/airflow/dags/extract_exchange_rates.py
[2025-03-13T10:55:39.434+0000] {processor.py:829} INFO - Processing file /opt/airflow/dags/extract_exchange_rates.py for tasks to queue
[2025-03-13T10:55:39.435+0000] {logging_mixin.py:151} INFO - [2025-03-13T10:55:39.435+0000] {dagbag.py:536} INFO - Filling up the DagBag from /opt/airflow/dags/extract_exchange_rates.py
[2025-03-13T10:55:39.444+0000] {processor.py:839} INFO - DAG(s) dict_keys(['extract_exchange_rates']) retrieved from /opt/airflow/dags/extract_exchange_rates.py
[2025-03-13T10:55:39.459+0000] {logging_mixin.py:151} INFO - [2025-03-13T10:55:39.458+0000] {dag.py:2941} INFO - Sync 1 DAGs
[2025-03-13T10:55:39.469+0000] {logging_mixin.py:151} INFO - [2025-03-13T10:55:39.469+0000] {dag.py:3722} INFO - Setting next_dagrun for extract_exchange_rates to 2025-03-13T00:00:00+00:00, run_after=2025-03-14T00:00:00+00:00
[2025-03-13T10:55:39.475+0000] {processor.py:179} INFO - Processing /opt/airflow/dags/extract_exchange_rates.py took 0.044 seconds
[2025-03-13T10:56:09.692+0000] {processor.py:157} INFO - Started process (PID=7949) to work on /opt/airflow/dags/extract_exchange_rates.py
[2025-03-13T10:56:09.693+0000] {processor.py:829} INFO - Processing file /opt/airflow/dags/extract_exchange_rates.py for tasks to queue
[2025-03-13T10:56:09.693+0000] {logging_mixin.py:151} INFO - [2025-03-13T10:56:09.693+0000] {dagbag.py:536} INFO - Filling up the DagBag from /opt/airflow/dags/extract_exchange_rates.py
[2025-03-13T10:56:09.702+0000] {processor.py:839} INFO - DAG(s) dict_keys(['extract_exchange_rates']) retrieved from /opt/airflow/dags/extract_exchange_rates.py
[2025-03-13T10:56:09.716+0000] {logging_mixin.py:151} INFO - [2025-03-13T10:56:09.716+0000] {dag.py:2941} INFO - Sync 1 DAGs
[2025-03-13T10:56:09.727+0000] {logging_mixin.py:151} INFO - [2025-03-13T10:56:09.727+0000] {dag.py:3722} INFO - Setting next_dagrun for extract_exchange_rates to 2025-03-13T00:00:00+00:00, run_after=2025-03-14T00:00:00+00:00
[2025-03-13T10:56:09.734+0000] {processor.py:179} INFO - Processing /opt/airflow/dags/extract_exchange_rates.py took 0.044 seconds
[2025-03-13T10:56:39.954+0000] {processor.py:157} INFO - Started process (PID=7954) to work on /opt/airflow/dags/extract_exchange_rates.py
[2025-03-13T10:56:39.955+0000] {processor.py:829} INFO - Processing file /opt/airflow/dags/extract_exchange_rates.py for tasks to queue
[2025-03-13T10:56:39.955+0000] {logging_mixin.py:151} INFO - [2025-03-13T10:56:39.955+0000] {dagbag.py:536} INFO - Filling up the DagBag from /opt/airflow/dags/extract_exchange_rates.py
[2025-03-13T10:56:39.964+0000] {processor.py:839} INFO - DAG(s) dict_keys(['extract_exchange_rates']) retrieved from /opt/airflow/dags/extract_exchange_rates.py
[2025-03-13T10:56:39.977+0000] {logging_mixin.py:151} INFO - [2025-03-13T10:56:39.977+0000] {dag.py:2941} INFO - Sync 1 DAGs
[2025-03-13T10:56:39.987+0000] {logging_mixin.py:151} INFO - [2025-03-13T10:56:39.987+0000] {dag.py:3722} INFO - Setting next_dagrun for extract_exchange_rates to 2025-03-13T00:00:00+00:00, run_after=2025-03-14T00:00:00+00:00
[2025-03-13T10:56:39.994+0000] {processor.py:179} INFO - Processing /opt/airflow/dags/extract_exchange_rates.py took 0.042 seconds
[2025-03-13T10:57:10.205+0000] {processor.py:157} INFO - Started process (PID=7959) to work on /opt/airflow/dags/extract_exchange_rates.py
[2025-03-13T10:57:10.206+0000] {processor.py:829} INFO - Processing file /opt/airflow/dags/extract_exchange_rates.py for tasks to queue
[2025-03-13T10:57:10.207+0000] {logging_mixin.py:151} INFO - [2025-03-13T10:57:10.206+0000] {dagbag.py:536} INFO - Filling up the DagBag from /opt/airflow/dags/extract_exchange_rates.py
[2025-03-13T10:57:10.217+0000] {processor.py:839} INFO - DAG(s) dict_keys(['extract_exchange_rates']) retrieved from /opt/airflow/dags/extract_exchange_rates.py
[2025-03-13T10:57:10.230+0000] {logging_mixin.py:151} INFO - [2025-03-13T10:57:10.230+0000] {dag.py:2941} INFO - Sync 1 DAGs
[2025-03-13T10:57:10.240+0000] {logging_mixin.py:151} INFO - [2025-03-13T10:57:10.240+0000] {dag.py:3722} INFO - Setting next_dagrun for extract_exchange_rates to 2025-03-13T00:00:00+00:00, run_after=2025-03-14T00:00:00+00:00
[2025-03-13T10:57:10.247+0000] {processor.py:179} INFO - Processing /opt/airflow/dags/extract_exchange_rates.py took 0.044 seconds
[2025-03-13T10:57:40.453+0000] {processor.py:157} INFO - Started process (PID=7964) to work on /opt/airflow/dags/extract_exchange_rates.py
[2025-03-13T10:57:40.453+0000] {processor.py:829} INFO - Processing file /opt/airflow/dags/extract_exchange_rates.py for tasks to queue
[2025-03-13T10:57:40.454+0000] {logging_mixin.py:151} INFO - [2025-03-13T10:57:40.454+0000] {dagbag.py:536} INFO - Filling up the DagBag from /opt/airflow/dags/extract_exchange_rates.py
[2025-03-13T10:57:40.465+0000] {processor.py:839} INFO - DAG(s) dict_keys(['extract_exchange_rates']) retrieved from /opt/airflow/dags/extract_exchange_rates.py
[2025-03-13T10:57:40.478+0000] {logging_mixin.py:151} INFO - [2025-03-13T10:57:40.478+0000] {dag.py:2941} INFO - Sync 1 DAGs
[2025-03-13T10:57:40.488+0000] {logging_mixin.py:151} INFO - [2025-03-13T10:57:40.487+0000] {dag.py:3722} INFO - Setting next_dagrun for extract_exchange_rates to 2025-03-13T00:00:00+00:00, run_after=2025-03-14T00:00:00+00:00
[2025-03-13T10:57:40.494+0000] {processor.py:179} INFO - Processing /opt/airflow/dags/extract_exchange_rates.py took 0.044 seconds
[2025-03-13T10:58:10.697+0000] {processor.py:157} INFO - Started process (PID=7969) to work on /opt/airflow/dags/extract_exchange_rates.py
[2025-03-13T10:58:10.698+0000] {processor.py:829} INFO - Processing file /opt/airflow/dags/extract_exchange_rates.py for tasks to queue
[2025-03-13T10:58:10.699+0000] {logging_mixin.py:151} INFO - [2025-03-13T10:58:10.699+0000] {dagbag.py:536} INFO - Filling up the DagBag from /opt/airflow/dags/extract_exchange_rates.py
[2025-03-13T10:58:10.708+0000] {processor.py:839} INFO - DAG(s) dict_keys(['extract_exchange_rates']) retrieved from /opt/airflow/dags/extract_exchange_rates.py
[2025-03-13T10:58:10.722+0000] {logging_mixin.py:151} INFO - [2025-03-13T10:58:10.721+0000] {dag.py:2941} INFO - Sync 1 DAGs
[2025-03-13T10:58:10.732+0000] {logging_mixin.py:151} INFO - [2025-03-13T10:58:10.731+0000] {dag.py:3722} INFO - Setting next_dagrun for extract_exchange_rates to 2025-03-13T00:00:00+00:00, run_after=2025-03-14T00:00:00+00:00
[2025-03-13T10:58:10.739+0000] {processor.py:179} INFO - Processing /opt/airflow/dags/extract_exchange_rates.py took 0.045 seconds
[2025-03-13T10:58:40.942+0000] {processor.py:157} INFO - Started process (PID=7974) to work on /opt/airflow/dags/extract_exchange_rates.py
[2025-03-13T10:58:40.943+0000] {processor.py:829} INFO - Processing file /opt/airflow/dags/extract_exchange_rates.py for tasks to queue
[2025-03-13T10:58:40.943+0000] {logging_mixin.py:151} INFO - [2025-03-13T10:58:40.943+0000] {dagbag.py:536} INFO - Filling up the DagBag from /opt/airflow/dags/extract_exchange_rates.py
[2025-03-13T10:58:40.952+0000] {processor.py:839} INFO - DAG(s) dict_keys(['extract_exchange_rates']) retrieved from /opt/airflow/dags/extract_exchange_rates.py
[2025-03-13T10:58:40.965+0000] {logging_mixin.py:151} INFO - [2025-03-13T10:58:40.965+0000] {dag.py:2941} INFO - Sync 1 DAGs
[2025-03-13T10:58:40.975+0000] {logging_mixin.py:151} INFO - [2025-03-13T10:58:40.975+0000] {dag.py:3722} INFO - Setting next_dagrun for extract_exchange_rates to 2025-03-13T00:00:00+00:00, run_after=2025-03-14T00:00:00+00:00
[2025-03-13T10:58:40.982+0000] {processor.py:179} INFO - Processing /opt/airflow/dags/extract_exchange_rates.py took 0.041 seconds
[2025-03-13T10:59:11.192+0000] {processor.py:157} INFO - Started process (PID=7979) to work on /opt/airflow/dags/extract_exchange_rates.py
[2025-03-13T10:59:11.193+0000] {processor.py:829} INFO - Processing file /opt/airflow/dags/extract_exchange_rates.py for tasks to queue
[2025-03-13T10:59:11.193+0000] {logging_mixin.py:151} INFO - [2025-03-13T10:59:11.193+0000] {dagbag.py:536} INFO - Filling up the DagBag from /opt/airflow/dags/extract_exchange_rates.py
[2025-03-13T10:59:11.205+0000] {processor.py:839} INFO - DAG(s) dict_keys(['extract_exchange_rates']) retrieved from /opt/airflow/dags/extract_exchange_rates.py
[2025-03-13T10:59:11.219+0000] {logging_mixin.py:151} INFO - [2025-03-13T10:59:11.219+0000] {dag.py:2941} INFO - Sync 1 DAGs
[2025-03-13T10:59:11.229+0000] {logging_mixin.py:151} INFO - [2025-03-13T10:59:11.229+0000] {dag.py:3722} INFO - Setting next_dagrun for extract_exchange_rates to 2025-03-13T00:00:00+00:00, run_after=2025-03-14T00:00:00+00:00
[2025-03-13T10:59:11.236+0000] {processor.py:179} INFO - Processing /opt/airflow/dags/extract_exchange_rates.py took 0.046 seconds
[2025-03-13T10:59:41.449+0000] {processor.py:157} INFO - Started process (PID=7984) to work on /opt/airflow/dags/extract_exchange_rates.py
[2025-03-13T10:59:41.450+0000] {processor.py:829} INFO - Processing file /opt/airflow/dags/extract_exchange_rates.py for tasks to queue
[2025-03-13T10:59:41.451+0000] {logging_mixin.py:151} INFO - [2025-03-13T10:59:41.451+0000] {dagbag.py:536} INFO - Filling up the DagBag from /opt/airflow/dags/extract_exchange_rates.py
[2025-03-13T10:59:41.461+0000] {processor.py:839} INFO - DAG(s) dict_keys(['extract_exchange_rates']) retrieved from /opt/airflow/dags/extract_exchange_rates.py
[2025-03-13T10:59:41.474+0000] {logging_mixin.py:151} INFO - [2025-03-13T10:59:41.474+0000] {dag.py:2941} INFO - Sync 1 DAGs
[2025-03-13T10:59:41.484+0000] {logging_mixin.py:151} INFO - [2025-03-13T10:59:41.484+0000] {dag.py:3722} INFO - Setting next_dagrun for extract_exchange_rates to 2025-03-13T00:00:00+00:00, run_after=2025-03-14T00:00:00+00:00
[2025-03-13T10:59:41.491+0000] {processor.py:179} INFO - Processing /opt/airflow/dags/extract_exchange_rates.py took 0.044 seconds
[2025-03-13T11:00:11.689+0000] {processor.py:157} INFO - Started process (PID=7989) to work on /opt/airflow/dags/extract_exchange_rates.py
[2025-03-13T11:00:11.690+0000] {processor.py:829} INFO - Processing file /opt/airflow/dags/extract_exchange_rates.py for tasks to queue
[2025-03-13T11:00:11.690+0000] {logging_mixin.py:151} INFO - [2025-03-13T11:00:11.690+0000] {dagbag.py:536} INFO - Filling up the DagBag from /opt/airflow/dags/extract_exchange_rates.py
[2025-03-13T11:00:11.699+0000] {processor.py:839} INFO - DAG(s) dict_keys(['extract_exchange_rates']) retrieved from /opt/airflow/dags/extract_exchange_rates.py
[2025-03-13T11:00:11.713+0000] {logging_mixin.py:151} INFO - [2025-03-13T11:00:11.713+0000] {dag.py:2941} INFO - Sync 1 DAGs
[2025-03-13T11:00:11.722+0000] {logging_mixin.py:151} INFO - [2025-03-13T11:00:11.722+0000] {dag.py:3722} INFO - Setting next_dagrun for extract_exchange_rates to 2025-03-13T00:00:00+00:00, run_after=2025-03-14T00:00:00+00:00
[2025-03-13T11:00:11.729+0000] {processor.py:179} INFO - Processing /opt/airflow/dags/extract_exchange_rates.py took 0.042 seconds
[2025-03-13T11:00:41.933+0000] {processor.py:157} INFO - Started process (PID=7994) to work on /opt/airflow/dags/extract_exchange_rates.py
[2025-03-13T11:00:41.934+0000] {processor.py:829} INFO - Processing file /opt/airflow/dags/extract_exchange_rates.py for tasks to queue
[2025-03-13T11:00:41.934+0000] {logging_mixin.py:151} INFO - [2025-03-13T11:00:41.934+0000] {dagbag.py:536} INFO - Filling up the DagBag from /opt/airflow/dags/extract_exchange_rates.py
[2025-03-13T11:00:41.944+0000] {processor.py:839} INFO - DAG(s) dict_keys(['extract_exchange_rates']) retrieved from /opt/airflow/dags/extract_exchange_rates.py
[2025-03-13T11:00:41.959+0000] {logging_mixin.py:151} INFO - [2025-03-13T11:00:41.959+0000] {dag.py:2941} INFO - Sync 1 DAGs
[2025-03-13T11:00:41.969+0000] {logging_mixin.py:151} INFO - [2025-03-13T11:00:41.969+0000] {dag.py:3722} INFO - Setting next_dagrun for extract_exchange_rates to 2025-03-13T00:00:00+00:00, run_after=2025-03-14T00:00:00+00:00
[2025-03-13T11:00:41.976+0000] {processor.py:179} INFO - Processing /opt/airflow/dags/extract_exchange_rates.py took 0.045 seconds
[2025-03-13T11:01:12.194+0000] {processor.py:157} INFO - Started process (PID=7999) to work on /opt/airflow/dags/extract_exchange_rates.py
[2025-03-13T11:01:12.195+0000] {processor.py:829} INFO - Processing file /opt/airflow/dags/extract_exchange_rates.py for tasks to queue
[2025-03-13T11:01:12.195+0000] {logging_mixin.py:151} INFO - [2025-03-13T11:01:12.195+0000] {dagbag.py:536} INFO - Filling up the DagBag from /opt/airflow/dags/extract_exchange_rates.py
[2025-03-13T11:01:12.204+0000] {processor.py:839} INFO - DAG(s) dict_keys(['extract_exchange_rates']) retrieved from /opt/airflow/dags/extract_exchange_rates.py
[2025-03-13T11:01:12.217+0000] {logging_mixin.py:151} INFO - [2025-03-13T11:01:12.217+0000] {dag.py:2941} INFO - Sync 1 DAGs
[2025-03-13T11:01:12.227+0000] {logging_mixin.py:151} INFO - [2025-03-13T11:01:12.227+0000] {dag.py:3722} INFO - Setting next_dagrun for extract_exchange_rates to 2025-03-13T00:00:00+00:00, run_after=2025-03-14T00:00:00+00:00
[2025-03-13T11:01:12.234+0000] {processor.py:179} INFO - Processing /opt/airflow/dags/extract_exchange_rates.py took 0.042 seconds
[2025-03-13T11:01:42.457+0000] {processor.py:157} INFO - Started process (PID=8004) to work on /opt/airflow/dags/extract_exchange_rates.py
[2025-03-13T11:01:42.458+0000] {processor.py:829} INFO - Processing file /opt/airflow/dags/extract_exchange_rates.py for tasks to queue
[2025-03-13T11:01:42.458+0000] {logging_mixin.py:151} INFO - [2025-03-13T11:01:42.458+0000] {dagbag.py:536} INFO - Filling up the DagBag from /opt/airflow/dags/extract_exchange_rates.py
[2025-03-13T11:01:42.468+0000] {processor.py:839} INFO - DAG(s) dict_keys(['extract_exchange_rates']) retrieved from /opt/airflow/dags/extract_exchange_rates.py
[2025-03-13T11:01:42.483+0000] {logging_mixin.py:151} INFO - [2025-03-13T11:01:42.483+0000] {dag.py:2941} INFO - Sync 1 DAGs
[2025-03-13T11:01:42.495+0000] {logging_mixin.py:151} INFO - [2025-03-13T11:01:42.495+0000] {dag.py:3722} INFO - Setting next_dagrun for extract_exchange_rates to 2025-03-13T00:00:00+00:00, run_after=2025-03-14T00:00:00+00:00
[2025-03-13T11:01:42.503+0000] {processor.py:179} INFO - Processing /opt/airflow/dags/extract_exchange_rates.py took 0.049 seconds
[2025-03-13T11:02:12.670+0000] {processor.py:157} INFO - Started process (PID=8009) to work on /opt/airflow/dags/extract_exchange_rates.py
[2025-03-13T11:02:12.671+0000] {processor.py:829} INFO - Processing file /opt/airflow/dags/extract_exchange_rates.py for tasks to queue
[2025-03-13T11:02:12.672+0000] {logging_mixin.py:151} INFO - [2025-03-13T11:02:12.672+0000] {dagbag.py:536} INFO - Filling up the DagBag from /opt/airflow/dags/extract_exchange_rates.py
[2025-03-13T11:02:12.682+0000] {processor.py:839} INFO - DAG(s) dict_keys(['extract_exchange_rates']) retrieved from /opt/airflow/dags/extract_exchange_rates.py
[2025-03-13T11:02:12.696+0000] {logging_mixin.py:151} INFO - [2025-03-13T11:02:12.695+0000] {dag.py:2941} INFO - Sync 1 DAGs
[2025-03-13T11:02:12.706+0000] {logging_mixin.py:151} INFO - [2025-03-13T11:02:12.706+0000] {dag.py:3722} INFO - Setting next_dagrun for extract_exchange_rates to 2025-03-13T00:00:00+00:00, run_after=2025-03-14T00:00:00+00:00
[2025-03-13T11:02:12.712+0000] {processor.py:179} INFO - Processing /opt/airflow/dags/extract_exchange_rates.py took 0.045 seconds
[2025-03-13T11:02:42.901+0000] {processor.py:157} INFO - Started process (PID=8014) to work on /opt/airflow/dags/extract_exchange_rates.py
[2025-03-13T11:02:42.901+0000] {processor.py:829} INFO - Processing file /opt/airflow/dags/extract_exchange_rates.py for tasks to queue
[2025-03-13T11:02:42.902+0000] {logging_mixin.py:151} INFO - [2025-03-13T11:02:42.902+0000] {dagbag.py:536} INFO - Filling up the DagBag from /opt/airflow/dags/extract_exchange_rates.py
[2025-03-13T11:02:42.911+0000] {processor.py:839} INFO - DAG(s) dict_keys(['extract_exchange_rates']) retrieved from /opt/airflow/dags/extract_exchange_rates.py
[2025-03-13T11:02:42.924+0000] {logging_mixin.py:151} INFO - [2025-03-13T11:02:42.924+0000] {dag.py:2941} INFO - Sync 1 DAGs
[2025-03-13T11:02:42.934+0000] {logging_mixin.py:151} INFO - [2025-03-13T11:02:42.934+0000] {dag.py:3722} INFO - Setting next_dagrun for extract_exchange_rates to 2025-03-13T00:00:00+00:00, run_after=2025-03-14T00:00:00+00:00
[2025-03-13T11:02:42.940+0000] {processor.py:179} INFO - Processing /opt/airflow/dags/extract_exchange_rates.py took 0.042 seconds
[2025-03-13T11:03:13.146+0000] {processor.py:157} INFO - Started process (PID=8019) to work on /opt/airflow/dags/extract_exchange_rates.py
[2025-03-13T11:03:13.146+0000] {processor.py:829} INFO - Processing file /opt/airflow/dags/extract_exchange_rates.py for tasks to queue
[2025-03-13T11:03:13.147+0000] {logging_mixin.py:151} INFO - [2025-03-13T11:03:13.146+0000] {dagbag.py:536} INFO - Filling up the DagBag from /opt/airflow/dags/extract_exchange_rates.py
[2025-03-13T11:03:13.154+0000] {processor.py:839} INFO - DAG(s) dict_keys(['extract_exchange_rates']) retrieved from /opt/airflow/dags/extract_exchange_rates.py
[2025-03-13T11:03:13.167+0000] {logging_mixin.py:151} INFO - [2025-03-13T11:03:13.167+0000] {dag.py:2941} INFO - Sync 1 DAGs
[2025-03-13T11:03:13.176+0000] {logging_mixin.py:151} INFO - [2025-03-13T11:03:13.176+0000] {dag.py:3722} INFO - Setting next_dagrun for extract_exchange_rates to 2025-03-13T00:00:00+00:00, run_after=2025-03-14T00:00:00+00:00
[2025-03-13T11:03:13.183+0000] {processor.py:179} INFO - Processing /opt/airflow/dags/extract_exchange_rates.py took 0.039 seconds
[2025-03-13T11:03:43.391+0000] {processor.py:157} INFO - Started process (PID=8024) to work on /opt/airflow/dags/extract_exchange_rates.py
[2025-03-13T11:03:43.391+0000] {processor.py:829} INFO - Processing file /opt/airflow/dags/extract_exchange_rates.py for tasks to queue
[2025-03-13T11:03:43.392+0000] {logging_mixin.py:151} INFO - [2025-03-13T11:03:43.392+0000] {dagbag.py:536} INFO - Filling up the DagBag from /opt/airflow/dags/extract_exchange_rates.py
[2025-03-13T11:03:43.401+0000] {processor.py:839} INFO - DAG(s) dict_keys(['extract_exchange_rates']) retrieved from /opt/airflow/dags/extract_exchange_rates.py
[2025-03-13T11:03:43.414+0000] {logging_mixin.py:151} INFO - [2025-03-13T11:03:43.414+0000] {dag.py:2941} INFO - Sync 1 DAGs
[2025-03-13T11:03:43.424+0000] {logging_mixin.py:151} INFO - [2025-03-13T11:03:43.424+0000] {dag.py:3722} INFO - Setting next_dagrun for extract_exchange_rates to 2025-03-13T00:00:00+00:00, run_after=2025-03-14T00:00:00+00:00
[2025-03-13T11:03:43.430+0000] {processor.py:179} INFO - Processing /opt/airflow/dags/extract_exchange_rates.py took 0.042 seconds
[2025-03-13T11:04:13.639+0000] {processor.py:157} INFO - Started process (PID=8029) to work on /opt/airflow/dags/extract_exchange_rates.py
[2025-03-13T11:04:13.640+0000] {processor.py:829} INFO - Processing file /opt/airflow/dags/extract_exchange_rates.py for tasks to queue
[2025-03-13T11:04:13.641+0000] {logging_mixin.py:151} INFO - [2025-03-13T11:04:13.640+0000] {dagbag.py:536} INFO - Filling up the DagBag from /opt/airflow/dags/extract_exchange_rates.py
[2025-03-13T11:04:13.650+0000] {processor.py:839} INFO - DAG(s) dict_keys(['extract_exchange_rates']) retrieved from /opt/airflow/dags/extract_exchange_rates.py
[2025-03-13T11:04:13.664+0000] {logging_mixin.py:151} INFO - [2025-03-13T11:04:13.664+0000] {dag.py:2941} INFO - Sync 1 DAGs
[2025-03-13T11:04:13.677+0000] {logging_mixin.py:151} INFO - [2025-03-13T11:04:13.677+0000] {dag.py:3722} INFO - Setting next_dagrun for extract_exchange_rates to 2025-03-13T00:00:00+00:00, run_after=2025-03-14T00:00:00+00:00
[2025-03-13T11:04:13.686+0000] {processor.py:179} INFO - Processing /opt/airflow/dags/extract_exchange_rates.py took 0.049 seconds
[2025-03-13T11:04:43.885+0000] {processor.py:157} INFO - Started process (PID=8034) to work on /opt/airflow/dags/extract_exchange_rates.py
[2025-03-13T11:04:43.886+0000] {processor.py:829} INFO - Processing file /opt/airflow/dags/extract_exchange_rates.py for tasks to queue
[2025-03-13T11:04:43.887+0000] {logging_mixin.py:151} INFO - [2025-03-13T11:04:43.886+0000] {dagbag.py:536} INFO - Filling up the DagBag from /opt/airflow/dags/extract_exchange_rates.py
[2025-03-13T11:04:43.896+0000] {processor.py:839} INFO - DAG(s) dict_keys(['extract_exchange_rates']) retrieved from /opt/airflow/dags/extract_exchange_rates.py
[2025-03-13T11:04:43.910+0000] {logging_mixin.py:151} INFO - [2025-03-13T11:04:43.909+0000] {dag.py:2941} INFO - Sync 1 DAGs
[2025-03-13T11:04:43.919+0000] {logging_mixin.py:151} INFO - [2025-03-13T11:04:43.919+0000] {dag.py:3722} INFO - Setting next_dagrun for extract_exchange_rates to 2025-03-13T00:00:00+00:00, run_after=2025-03-14T00:00:00+00:00
[2025-03-13T11:04:43.927+0000] {processor.py:179} INFO - Processing /opt/airflow/dags/extract_exchange_rates.py took 0.044 seconds
[2025-03-13T11:05:14.136+0000] {processor.py:157} INFO - Started process (PID=8039) to work on /opt/airflow/dags/extract_exchange_rates.py
[2025-03-13T11:05:14.136+0000] {processor.py:829} INFO - Processing file /opt/airflow/dags/extract_exchange_rates.py for tasks to queue
[2025-03-13T11:05:14.137+0000] {logging_mixin.py:151} INFO - [2025-03-13T11:05:14.137+0000] {dagbag.py:536} INFO - Filling up the DagBag from /opt/airflow/dags/extract_exchange_rates.py
[2025-03-13T11:05:14.147+0000] {processor.py:839} INFO - DAG(s) dict_keys(['extract_exchange_rates']) retrieved from /opt/airflow/dags/extract_exchange_rates.py
[2025-03-13T11:05:14.160+0000] {logging_mixin.py:151} INFO - [2025-03-13T11:05:14.160+0000] {dag.py:2941} INFO - Sync 1 DAGs
[2025-03-13T11:05:14.170+0000] {logging_mixin.py:151} INFO - [2025-03-13T11:05:14.170+0000] {dag.py:3722} INFO - Setting next_dagrun for extract_exchange_rates to 2025-03-13T00:00:00+00:00, run_after=2025-03-14T00:00:00+00:00
[2025-03-13T11:05:14.176+0000] {processor.py:179} INFO - Processing /opt/airflow/dags/extract_exchange_rates.py took 0.043 seconds
[2025-03-13T11:05:44.382+0000] {processor.py:157} INFO - Started process (PID=8044) to work on /opt/airflow/dags/extract_exchange_rates.py
[2025-03-13T11:05:44.383+0000] {processor.py:829} INFO - Processing file /opt/airflow/dags/extract_exchange_rates.py for tasks to queue
[2025-03-13T11:05:44.383+0000] {logging_mixin.py:151} INFO - [2025-03-13T11:05:44.383+0000] {dagbag.py:536} INFO - Filling up the DagBag from /opt/airflow/dags/extract_exchange_rates.py
[2025-03-13T11:05:44.393+0000] {processor.py:839} INFO - DAG(s) dict_keys(['extract_exchange_rates']) retrieved from /opt/airflow/dags/extract_exchange_rates.py
[2025-03-13T11:05:44.406+0000] {logging_mixin.py:151} INFO - [2025-03-13T11:05:44.406+0000] {dag.py:2941} INFO - Sync 1 DAGs
[2025-03-13T11:05:44.415+0000] {logging_mixin.py:151} INFO - [2025-03-13T11:05:44.415+0000] {dag.py:3722} INFO - Setting next_dagrun for extract_exchange_rates to 2025-03-13T00:00:00+00:00, run_after=2025-03-14T00:00:00+00:00
[2025-03-13T11:05:44.422+0000] {processor.py:179} INFO - Processing /opt/airflow/dags/extract_exchange_rates.py took 0.043 seconds
[2025-03-13T11:06:14.611+0000] {processor.py:157} INFO - Started process (PID=8049) to work on /opt/airflow/dags/extract_exchange_rates.py
[2025-03-13T11:06:14.612+0000] {processor.py:829} INFO - Processing file /opt/airflow/dags/extract_exchange_rates.py for tasks to queue
[2025-03-13T11:06:14.612+0000] {logging_mixin.py:151} INFO - [2025-03-13T11:06:14.612+0000] {dagbag.py:536} INFO - Filling up the DagBag from /opt/airflow/dags/extract_exchange_rates.py
[2025-03-13T11:06:14.621+0000] {processor.py:839} INFO - DAG(s) dict_keys(['extract_exchange_rates']) retrieved from /opt/airflow/dags/extract_exchange_rates.py
[2025-03-13T11:06:14.633+0000] {logging_mixin.py:151} INFO - [2025-03-13T11:06:14.633+0000] {dag.py:2941} INFO - Sync 1 DAGs
[2025-03-13T11:06:14.643+0000] {logging_mixin.py:151} INFO - [2025-03-13T11:06:14.643+0000] {dag.py:3722} INFO - Setting next_dagrun for extract_exchange_rates to 2025-03-13T00:00:00+00:00, run_after=2025-03-14T00:00:00+00:00
[2025-03-13T11:06:14.649+0000] {processor.py:179} INFO - Processing /opt/airflow/dags/extract_exchange_rates.py took 0.039 seconds
[2025-03-13T11:06:44.849+0000] {processor.py:157} INFO - Started process (PID=8054) to work on /opt/airflow/dags/extract_exchange_rates.py
[2025-03-13T11:06:44.849+0000] {processor.py:829} INFO - Processing file /opt/airflow/dags/extract_exchange_rates.py for tasks to queue
[2025-03-13T11:06:44.850+0000] {logging_mixin.py:151} INFO - [2025-03-13T11:06:44.850+0000] {dagbag.py:536} INFO - Filling up the DagBag from /opt/airflow/dags/extract_exchange_rates.py
[2025-03-13T11:06:44.859+0000] {processor.py:839} INFO - DAG(s) dict_keys(['extract_exchange_rates']) retrieved from /opt/airflow/dags/extract_exchange_rates.py
[2025-03-13T11:06:44.871+0000] {logging_mixin.py:151} INFO - [2025-03-13T11:06:44.871+0000] {dag.py:2941} INFO - Sync 1 DAGs
[2025-03-13T11:06:44.881+0000] {logging_mixin.py:151} INFO - [2025-03-13T11:06:44.881+0000] {dag.py:3722} INFO - Setting next_dagrun for extract_exchange_rates to 2025-03-13T00:00:00+00:00, run_after=2025-03-14T00:00:00+00:00
[2025-03-13T11:06:44.888+0000] {processor.py:179} INFO - Processing /opt/airflow/dags/extract_exchange_rates.py took 0.041 seconds
[2025-03-13T11:07:15.103+0000] {processor.py:157} INFO - Started process (PID=8059) to work on /opt/airflow/dags/extract_exchange_rates.py
[2025-03-13T11:07:15.104+0000] {processor.py:829} INFO - Processing file /opt/airflow/dags/extract_exchange_rates.py for tasks to queue
[2025-03-13T11:07:15.104+0000] {logging_mixin.py:151} INFO - [2025-03-13T11:07:15.104+0000] {dagbag.py:536} INFO - Filling up the DagBag from /opt/airflow/dags/extract_exchange_rates.py
[2025-03-13T11:07:15.113+0000] {processor.py:839} INFO - DAG(s) dict_keys(['extract_exchange_rates']) retrieved from /opt/airflow/dags/extract_exchange_rates.py
[2025-03-13T11:07:15.128+0000] {logging_mixin.py:151} INFO - [2025-03-13T11:07:15.128+0000] {dag.py:2941} INFO - Sync 1 DAGs
[2025-03-13T11:07:15.139+0000] {logging_mixin.py:151} INFO - [2025-03-13T11:07:15.139+0000] {dag.py:3722} INFO - Setting next_dagrun for extract_exchange_rates to 2025-03-13T00:00:00+00:00, run_after=2025-03-14T00:00:00+00:00
[2025-03-13T11:07:15.147+0000] {processor.py:179} INFO - Processing /opt/airflow/dags/extract_exchange_rates.py took 0.046 seconds
[2025-03-13T11:07:45.365+0000] {processor.py:157} INFO - Started process (PID=8064) to work on /opt/airflow/dags/extract_exchange_rates.py
[2025-03-13T11:07:45.366+0000] {processor.py:829} INFO - Processing file /opt/airflow/dags/extract_exchange_rates.py for tasks to queue
[2025-03-13T11:07:45.366+0000] {logging_mixin.py:151} INFO - [2025-03-13T11:07:45.366+0000] {dagbag.py:536} INFO - Filling up the DagBag from /opt/airflow/dags/extract_exchange_rates.py
[2025-03-13T11:07:45.375+0000] {processor.py:839} INFO - DAG(s) dict_keys(['extract_exchange_rates']) retrieved from /opt/airflow/dags/extract_exchange_rates.py
[2025-03-13T11:07:45.388+0000] {logging_mixin.py:151} INFO - [2025-03-13T11:07:45.388+0000] {dag.py:2941} INFO - Sync 1 DAGs
[2025-03-13T11:07:45.398+0000] {logging_mixin.py:151} INFO - [2025-03-13T11:07:45.398+0000] {dag.py:3722} INFO - Setting next_dagrun for extract_exchange_rates to 2025-03-13T00:00:00+00:00, run_after=2025-03-14T00:00:00+00:00
[2025-03-13T11:07:45.405+0000] {processor.py:179} INFO - Processing /opt/airflow/dags/extract_exchange_rates.py took 0.042 seconds
[2025-03-13T11:08:15.616+0000] {processor.py:157} INFO - Started process (PID=8069) to work on /opt/airflow/dags/extract_exchange_rates.py
[2025-03-13T11:08:15.617+0000] {processor.py:829} INFO - Processing file /opt/airflow/dags/extract_exchange_rates.py for tasks to queue
[2025-03-13T11:08:15.617+0000] {logging_mixin.py:151} INFO - [2025-03-13T11:08:15.617+0000] {dagbag.py:536} INFO - Filling up the DagBag from /opt/airflow/dags/extract_exchange_rates.py
[2025-03-13T11:08:15.626+0000] {processor.py:839} INFO - DAG(s) dict_keys(['extract_exchange_rates']) retrieved from /opt/airflow/dags/extract_exchange_rates.py
[2025-03-13T11:08:15.640+0000] {logging_mixin.py:151} INFO - [2025-03-13T11:08:15.640+0000] {dag.py:2941} INFO - Sync 1 DAGs
[2025-03-13T11:08:15.649+0000] {logging_mixin.py:151} INFO - [2025-03-13T11:08:15.649+0000] {dag.py:3722} INFO - Setting next_dagrun for extract_exchange_rates to 2025-03-13T00:00:00+00:00, run_after=2025-03-14T00:00:00+00:00
[2025-03-13T11:08:15.656+0000] {processor.py:179} INFO - Processing /opt/airflow/dags/extract_exchange_rates.py took 0.043 seconds
[2025-03-13T11:08:45.869+0000] {processor.py:157} INFO - Started process (PID=8074) to work on /opt/airflow/dags/extract_exchange_rates.py
[2025-03-13T11:08:45.869+0000] {processor.py:829} INFO - Processing file /opt/airflow/dags/extract_exchange_rates.py for tasks to queue
[2025-03-13T11:08:45.870+0000] {logging_mixin.py:151} INFO - [2025-03-13T11:08:45.870+0000] {dagbag.py:536} INFO - Filling up the DagBag from /opt/airflow/dags/extract_exchange_rates.py
[2025-03-13T11:08:45.878+0000] {processor.py:839} INFO - DAG(s) dict_keys(['extract_exchange_rates']) retrieved from /opt/airflow/dags/extract_exchange_rates.py
[2025-03-13T11:08:45.893+0000] {logging_mixin.py:151} INFO - [2025-03-13T11:08:45.893+0000] {dag.py:2941} INFO - Sync 1 DAGs
[2025-03-13T11:08:45.903+0000] {logging_mixin.py:151} INFO - [2025-03-13T11:08:45.903+0000] {dag.py:3722} INFO - Setting next_dagrun for extract_exchange_rates to 2025-03-13T00:00:00+00:00, run_after=2025-03-14T00:00:00+00:00
[2025-03-13T11:08:45.910+0000] {processor.py:179} INFO - Processing /opt/airflow/dags/extract_exchange_rates.py took 0.044 seconds
[2025-03-13T11:09:16.096+0000] {processor.py:157} INFO - Started process (PID=8079) to work on /opt/airflow/dags/extract_exchange_rates.py
[2025-03-13T11:09:16.097+0000] {processor.py:829} INFO - Processing file /opt/airflow/dags/extract_exchange_rates.py for tasks to queue
[2025-03-13T11:09:16.097+0000] {logging_mixin.py:151} INFO - [2025-03-13T11:09:16.097+0000] {dagbag.py:536} INFO - Filling up the DagBag from /opt/airflow/dags/extract_exchange_rates.py
[2025-03-13T11:09:16.105+0000] {processor.py:839} INFO - DAG(s) dict_keys(['extract_exchange_rates']) retrieved from /opt/airflow/dags/extract_exchange_rates.py
[2025-03-13T11:09:16.117+0000] {logging_mixin.py:151} INFO - [2025-03-13T11:09:16.117+0000] {dag.py:2941} INFO - Sync 1 DAGs
[2025-03-13T11:09:16.126+0000] {logging_mixin.py:151} INFO - [2025-03-13T11:09:16.126+0000] {dag.py:3722} INFO - Setting next_dagrun for extract_exchange_rates to 2025-03-13T00:00:00+00:00, run_after=2025-03-14T00:00:00+00:00
[2025-03-13T11:09:16.133+0000] {processor.py:179} INFO - Processing /opt/airflow/dags/extract_exchange_rates.py took 0.039 seconds
[2025-03-13T11:09:46.335+0000] {processor.py:157} INFO - Started process (PID=8084) to work on /opt/airflow/dags/extract_exchange_rates.py
[2025-03-13T11:09:46.336+0000] {processor.py:829} INFO - Processing file /opt/airflow/dags/extract_exchange_rates.py for tasks to queue
[2025-03-13T11:09:46.336+0000] {logging_mixin.py:151} INFO - [2025-03-13T11:09:46.336+0000] {dagbag.py:536} INFO - Filling up the DagBag from /opt/airflow/dags/extract_exchange_rates.py
[2025-03-13T11:09:46.344+0000] {processor.py:839} INFO - DAG(s) dict_keys(['extract_exchange_rates']) retrieved from /opt/airflow/dags/extract_exchange_rates.py
[2025-03-13T11:09:46.356+0000] {logging_mixin.py:151} INFO - [2025-03-13T11:09:46.356+0000] {dag.py:2941} INFO - Sync 1 DAGs
[2025-03-13T11:09:46.365+0000] {logging_mixin.py:151} INFO - [2025-03-13T11:09:46.365+0000] {dag.py:3722} INFO - Setting next_dagrun for extract_exchange_rates to 2025-03-13T00:00:00+00:00, run_after=2025-03-14T00:00:00+00:00
[2025-03-13T11:09:46.372+0000] {processor.py:179} INFO - Processing /opt/airflow/dags/extract_exchange_rates.py took 0.039 seconds
[2025-03-13T11:10:16.587+0000] {processor.py:157} INFO - Started process (PID=8089) to work on /opt/airflow/dags/extract_exchange_rates.py
[2025-03-13T11:10:16.588+0000] {processor.py:829} INFO - Processing file /opt/airflow/dags/extract_exchange_rates.py for tasks to queue
[2025-03-13T11:10:16.589+0000] {logging_mixin.py:151} INFO - [2025-03-13T11:10:16.588+0000] {dagbag.py:536} INFO - Filling up the DagBag from /opt/airflow/dags/extract_exchange_rates.py
[2025-03-13T11:10:16.598+0000] {processor.py:839} INFO - DAG(s) dict_keys(['extract_exchange_rates']) retrieved from /opt/airflow/dags/extract_exchange_rates.py
[2025-03-13T11:10:16.611+0000] {logging_mixin.py:151} INFO - [2025-03-13T11:10:16.611+0000] {dag.py:2941} INFO - Sync 1 DAGs
[2025-03-13T11:10:16.621+0000] {logging_mixin.py:151} INFO - [2025-03-13T11:10:16.621+0000] {dag.py:3722} INFO - Setting next_dagrun for extract_exchange_rates to 2025-03-13T00:00:00+00:00, run_after=2025-03-14T00:00:00+00:00
[2025-03-13T11:10:16.628+0000] {processor.py:179} INFO - Processing /opt/airflow/dags/extract_exchange_rates.py took 0.043 seconds
[2025-03-13T11:10:46.833+0000] {processor.py:157} INFO - Started process (PID=8094) to work on /opt/airflow/dags/extract_exchange_rates.py
[2025-03-13T11:10:46.834+0000] {processor.py:829} INFO - Processing file /opt/airflow/dags/extract_exchange_rates.py for tasks to queue
[2025-03-13T11:10:46.835+0000] {logging_mixin.py:151} INFO - [2025-03-13T11:10:46.834+0000] {dagbag.py:536} INFO - Filling up the DagBag from /opt/airflow/dags/extract_exchange_rates.py
[2025-03-13T11:10:46.844+0000] {processor.py:839} INFO - DAG(s) dict_keys(['extract_exchange_rates']) retrieved from /opt/airflow/dags/extract_exchange_rates.py
[2025-03-13T11:10:46.857+0000] {logging_mixin.py:151} INFO - [2025-03-13T11:10:46.857+0000] {dag.py:2941} INFO - Sync 1 DAGs
[2025-03-13T11:10:46.867+0000] {logging_mixin.py:151} INFO - [2025-03-13T11:10:46.867+0000] {dag.py:3722} INFO - Setting next_dagrun for extract_exchange_rates to 2025-03-13T00:00:00+00:00, run_after=2025-03-14T00:00:00+00:00
[2025-03-13T11:10:46.874+0000] {processor.py:179} INFO - Processing /opt/airflow/dags/extract_exchange_rates.py took 0.043 seconds
[2025-03-13T11:11:17.080+0000] {processor.py:157} INFO - Started process (PID=8099) to work on /opt/airflow/dags/extract_exchange_rates.py
[2025-03-13T11:11:17.081+0000] {processor.py:829} INFO - Processing file /opt/airflow/dags/extract_exchange_rates.py for tasks to queue
[2025-03-13T11:11:17.081+0000] {logging_mixin.py:151} INFO - [2025-03-13T11:11:17.081+0000] {dagbag.py:536} INFO - Filling up the DagBag from /opt/airflow/dags/extract_exchange_rates.py
[2025-03-13T11:11:17.091+0000] {processor.py:839} INFO - DAG(s) dict_keys(['extract_exchange_rates']) retrieved from /opt/airflow/dags/extract_exchange_rates.py
[2025-03-13T11:11:17.104+0000] {logging_mixin.py:151} INFO - [2025-03-13T11:11:17.104+0000] {dag.py:2941} INFO - Sync 1 DAGs
[2025-03-13T11:11:17.113+0000] {logging_mixin.py:151} INFO - [2025-03-13T11:11:17.113+0000] {dag.py:3722} INFO - Setting next_dagrun for extract_exchange_rates to 2025-03-13T00:00:00+00:00, run_after=2025-03-14T00:00:00+00:00
[2025-03-13T11:11:17.120+0000] {processor.py:179} INFO - Processing /opt/airflow/dags/extract_exchange_rates.py took 0.042 seconds
[2025-03-13T11:11:47.335+0000] {processor.py:157} INFO - Started process (PID=8104) to work on /opt/airflow/dags/extract_exchange_rates.py
[2025-03-13T11:11:47.336+0000] {processor.py:829} INFO - Processing file /opt/airflow/dags/extract_exchange_rates.py for tasks to queue
[2025-03-13T11:11:47.336+0000] {logging_mixin.py:151} INFO - [2025-03-13T11:11:47.336+0000] {dagbag.py:536} INFO - Filling up the DagBag from /opt/airflow/dags/extract_exchange_rates.py
[2025-03-13T11:11:47.345+0000] {processor.py:839} INFO - DAG(s) dict_keys(['extract_exchange_rates']) retrieved from /opt/airflow/dags/extract_exchange_rates.py
[2025-03-13T11:11:47.358+0000] {logging_mixin.py:151} INFO - [2025-03-13T11:11:47.358+0000] {dag.py:2941} INFO - Sync 1 DAGs
[2025-03-13T11:11:47.368+0000] {logging_mixin.py:151} INFO - [2025-03-13T11:11:47.367+0000] {dag.py:3722} INFO - Setting next_dagrun for extract_exchange_rates to 2025-03-13T00:00:00+00:00, run_after=2025-03-14T00:00:00+00:00
[2025-03-13T11:11:47.375+0000] {processor.py:179} INFO - Processing /opt/airflow/dags/extract_exchange_rates.py took 0.042 seconds
[2025-03-13T11:12:17.566+0000] {processor.py:157} INFO - Started process (PID=8109) to work on /opt/airflow/dags/extract_exchange_rates.py
[2025-03-13T11:12:17.567+0000] {processor.py:829} INFO - Processing file /opt/airflow/dags/extract_exchange_rates.py for tasks to queue
[2025-03-13T11:12:17.567+0000] {logging_mixin.py:151} INFO - [2025-03-13T11:12:17.567+0000] {dagbag.py:536} INFO - Filling up the DagBag from /opt/airflow/dags/extract_exchange_rates.py
[2025-03-13T11:12:17.577+0000] {processor.py:839} INFO - DAG(s) dict_keys(['extract_exchange_rates']) retrieved from /opt/airflow/dags/extract_exchange_rates.py
[2025-03-13T11:12:17.590+0000] {logging_mixin.py:151} INFO - [2025-03-13T11:12:17.590+0000] {dag.py:2941} INFO - Sync 1 DAGs
[2025-03-13T11:12:17.599+0000] {logging_mixin.py:151} INFO - [2025-03-13T11:12:17.599+0000] {dag.py:3722} INFO - Setting next_dagrun for extract_exchange_rates to 2025-03-13T00:00:00+00:00, run_after=2025-03-14T00:00:00+00:00
[2025-03-13T11:12:17.606+0000] {processor.py:179} INFO - Processing /opt/airflow/dags/extract_exchange_rates.py took 0.042 seconds
[2025-03-13T11:12:47.824+0000] {processor.py:157} INFO - Started process (PID=8114) to work on /opt/airflow/dags/extract_exchange_rates.py
[2025-03-13T11:12:47.824+0000] {processor.py:829} INFO - Processing file /opt/airflow/dags/extract_exchange_rates.py for tasks to queue
[2025-03-13T11:12:47.825+0000] {logging_mixin.py:151} INFO - [2025-03-13T11:12:47.825+0000] {dagbag.py:536} INFO - Filling up the DagBag from /opt/airflow/dags/extract_exchange_rates.py
[2025-03-13T11:12:47.834+0000] {processor.py:839} INFO - DAG(s) dict_keys(['extract_exchange_rates']) retrieved from /opt/airflow/dags/extract_exchange_rates.py
[2025-03-13T11:12:47.847+0000] {logging_mixin.py:151} INFO - [2025-03-13T11:12:47.846+0000] {dag.py:2941} INFO - Sync 1 DAGs
[2025-03-13T11:12:47.856+0000] {logging_mixin.py:151} INFO - [2025-03-13T11:12:47.856+0000] {dag.py:3722} INFO - Setting next_dagrun for extract_exchange_rates to 2025-03-13T00:00:00+00:00, run_after=2025-03-14T00:00:00+00:00
[2025-03-13T11:12:47.863+0000] {processor.py:179} INFO - Processing /opt/airflow/dags/extract_exchange_rates.py took 0.042 seconds
[2025-03-13T11:13:18.079+0000] {processor.py:157} INFO - Started process (PID=8119) to work on /opt/airflow/dags/extract_exchange_rates.py
[2025-03-13T11:13:18.080+0000] {processor.py:829} INFO - Processing file /opt/airflow/dags/extract_exchange_rates.py for tasks to queue
[2025-03-13T11:13:18.081+0000] {logging_mixin.py:151} INFO - [2025-03-13T11:13:18.080+0000] {dagbag.py:536} INFO - Filling up the DagBag from /opt/airflow/dags/extract_exchange_rates.py
[2025-03-13T11:13:18.089+0000] {processor.py:839} INFO - DAG(s) dict_keys(['extract_exchange_rates']) retrieved from /opt/airflow/dags/extract_exchange_rates.py
[2025-03-13T11:13:18.102+0000] {logging_mixin.py:151} INFO - [2025-03-13T11:13:18.102+0000] {dag.py:2941} INFO - Sync 1 DAGs
[2025-03-13T11:13:18.112+0000] {logging_mixin.py:151} INFO - [2025-03-13T11:13:18.112+0000] {dag.py:3722} INFO - Setting next_dagrun for extract_exchange_rates to 2025-03-13T00:00:00+00:00, run_after=2025-03-14T00:00:00+00:00
[2025-03-13T11:13:18.119+0000] {processor.py:179} INFO - Processing /opt/airflow/dags/extract_exchange_rates.py took 0.042 seconds
[2025-03-13T11:13:48.317+0000] {processor.py:157} INFO - Started process (PID=8124) to work on /opt/airflow/dags/extract_exchange_rates.py
[2025-03-13T11:13:48.317+0000] {processor.py:829} INFO - Processing file /opt/airflow/dags/extract_exchange_rates.py for tasks to queue
[2025-03-13T11:13:48.318+0000] {logging_mixin.py:151} INFO - [2025-03-13T11:13:48.318+0000] {dagbag.py:536} INFO - Filling up the DagBag from /opt/airflow/dags/extract_exchange_rates.py
[2025-03-13T11:13:48.325+0000] {processor.py:839} INFO - DAG(s) dict_keys(['extract_exchange_rates']) retrieved from /opt/airflow/dags/extract_exchange_rates.py
[2025-03-13T11:13:48.337+0000] {logging_mixin.py:151} INFO - [2025-03-13T11:13:48.337+0000] {dag.py:2941} INFO - Sync 1 DAGs
[2025-03-13T11:13:48.346+0000] {logging_mixin.py:151} INFO - [2025-03-13T11:13:48.346+0000] {dag.py:3722} INFO - Setting next_dagrun for extract_exchange_rates to 2025-03-13T00:00:00+00:00, run_after=2025-03-14T00:00:00+00:00
[2025-03-13T11:13:48.353+0000] {processor.py:179} INFO - Processing /opt/airflow/dags/extract_exchange_rates.py took 0.038 seconds
[2025-03-13T11:14:18.531+0000] {processor.py:157} INFO - Started process (PID=8129) to work on /opt/airflow/dags/extract_exchange_rates.py
[2025-03-13T11:14:18.532+0000] {processor.py:829} INFO - Processing file /opt/airflow/dags/extract_exchange_rates.py for tasks to queue
[2025-03-13T11:14:18.532+0000] {logging_mixin.py:151} INFO - [2025-03-13T11:14:18.532+0000] {dagbag.py:536} INFO - Filling up the DagBag from /opt/airflow/dags/extract_exchange_rates.py
[2025-03-13T11:14:18.540+0000] {processor.py:839} INFO - DAG(s) dict_keys(['extract_exchange_rates']) retrieved from /opt/airflow/dags/extract_exchange_rates.py
[2025-03-13T11:14:18.553+0000] {logging_mixin.py:151} INFO - [2025-03-13T11:14:18.552+0000] {dag.py:2941} INFO - Sync 1 DAGs
[2025-03-13T11:14:18.562+0000] {logging_mixin.py:151} INFO - [2025-03-13T11:14:18.562+0000] {dag.py:3722} INFO - Setting next_dagrun for extract_exchange_rates to 2025-03-13T00:00:00+00:00, run_after=2025-03-14T00:00:00+00:00
[2025-03-13T11:14:18.569+0000] {processor.py:179} INFO - Processing /opt/airflow/dags/extract_exchange_rates.py took 0.040 seconds
[2025-03-13T11:14:48.759+0000] {processor.py:157} INFO - Started process (PID=8134) to work on /opt/airflow/dags/extract_exchange_rates.py
[2025-03-13T11:14:48.760+0000] {processor.py:829} INFO - Processing file /opt/airflow/dags/extract_exchange_rates.py for tasks to queue
[2025-03-13T11:14:48.760+0000] {logging_mixin.py:151} INFO - [2025-03-13T11:14:48.760+0000] {dagbag.py:536} INFO - Filling up the DagBag from /opt/airflow/dags/extract_exchange_rates.py
[2025-03-13T11:14:48.770+0000] {processor.py:839} INFO - DAG(s) dict_keys(['extract_exchange_rates']) retrieved from /opt/airflow/dags/extract_exchange_rates.py
[2025-03-13T11:14:48.783+0000] {logging_mixin.py:151} INFO - [2025-03-13T11:14:48.783+0000] {dag.py:2941} INFO - Sync 1 DAGs
[2025-03-13T11:14:48.792+0000] {logging_mixin.py:151} INFO - [2025-03-13T11:14:48.792+0000] {dag.py:3722} INFO - Setting next_dagrun for extract_exchange_rates to 2025-03-13T00:00:00+00:00, run_after=2025-03-14T00:00:00+00:00
[2025-03-13T11:14:48.799+0000] {processor.py:179} INFO - Processing /opt/airflow/dags/extract_exchange_rates.py took 0.042 seconds
[2025-03-13T11:15:19.002+0000] {processor.py:157} INFO - Started process (PID=8139) to work on /opt/airflow/dags/extract_exchange_rates.py
[2025-03-13T11:15:19.002+0000] {processor.py:829} INFO - Processing file /opt/airflow/dags/extract_exchange_rates.py for tasks to queue
[2025-03-13T11:15:19.003+0000] {logging_mixin.py:151} INFO - [2025-03-13T11:15:19.003+0000] {dagbag.py:536} INFO - Filling up the DagBag from /opt/airflow/dags/extract_exchange_rates.py
[2025-03-13T11:15:19.012+0000] {processor.py:839} INFO - DAG(s) dict_keys(['extract_exchange_rates']) retrieved from /opt/airflow/dags/extract_exchange_rates.py
[2025-03-13T11:15:19.026+0000] {logging_mixin.py:151} INFO - [2025-03-13T11:15:19.026+0000] {dag.py:2941} INFO - Sync 1 DAGs
[2025-03-13T11:15:19.035+0000] {logging_mixin.py:151} INFO - [2025-03-13T11:15:19.035+0000] {dag.py:3722} INFO - Setting next_dagrun for extract_exchange_rates to 2025-03-13T00:00:00+00:00, run_after=2025-03-14T00:00:00+00:00
[2025-03-13T11:15:19.042+0000] {processor.py:179} INFO - Processing /opt/airflow/dags/extract_exchange_rates.py took 0.043 seconds
[2025-03-13T11:15:49.234+0000] {processor.py:157} INFO - Started process (PID=8144) to work on /opt/airflow/dags/extract_exchange_rates.py
[2025-03-13T11:15:49.235+0000] {processor.py:829} INFO - Processing file /opt/airflow/dags/extract_exchange_rates.py for tasks to queue
[2025-03-13T11:15:49.235+0000] {logging_mixin.py:151} INFO - [2025-03-13T11:15:49.235+0000] {dagbag.py:536} INFO - Filling up the DagBag from /opt/airflow/dags/extract_exchange_rates.py
[2025-03-13T11:15:49.244+0000] {processor.py:839} INFO - DAG(s) dict_keys(['extract_exchange_rates']) retrieved from /opt/airflow/dags/extract_exchange_rates.py
[2025-03-13T11:15:49.257+0000] {logging_mixin.py:151} INFO - [2025-03-13T11:15:49.257+0000] {dag.py:2941} INFO - Sync 1 DAGs
[2025-03-13T11:15:49.266+0000] {logging_mixin.py:151} INFO - [2025-03-13T11:15:49.266+0000] {dag.py:3722} INFO - Setting next_dagrun for extract_exchange_rates to 2025-03-13T00:00:00+00:00, run_after=2025-03-14T00:00:00+00:00
[2025-03-13T11:15:49.273+0000] {processor.py:179} INFO - Processing /opt/airflow/dags/extract_exchange_rates.py took 0.041 seconds
[2025-03-13T11:16:19.491+0000] {processor.py:157} INFO - Started process (PID=8149) to work on /opt/airflow/dags/extract_exchange_rates.py
[2025-03-13T11:16:19.492+0000] {processor.py:829} INFO - Processing file /opt/airflow/dags/extract_exchange_rates.py for tasks to queue
[2025-03-13T11:16:19.493+0000] {logging_mixin.py:151} INFO - [2025-03-13T11:16:19.492+0000] {dagbag.py:536} INFO - Filling up the DagBag from /opt/airflow/dags/extract_exchange_rates.py
[2025-03-13T11:16:19.502+0000] {processor.py:839} INFO - DAG(s) dict_keys(['extract_exchange_rates']) retrieved from /opt/airflow/dags/extract_exchange_rates.py
[2025-03-13T11:16:19.516+0000] {logging_mixin.py:151} INFO - [2025-03-13T11:16:19.516+0000] {dag.py:2941} INFO - Sync 1 DAGs
[2025-03-13T11:16:19.526+0000] {logging_mixin.py:151} INFO - [2025-03-13T11:16:19.526+0000] {dag.py:3722} INFO - Setting next_dagrun for extract_exchange_rates to 2025-03-13T00:00:00+00:00, run_after=2025-03-14T00:00:00+00:00
[2025-03-13T11:16:19.532+0000] {processor.py:179} INFO - Processing /opt/airflow/dags/extract_exchange_rates.py took 0.044 seconds
[2025-03-13T11:16:49.752+0000] {processor.py:157} INFO - Started process (PID=8154) to work on /opt/airflow/dags/extract_exchange_rates.py
[2025-03-13T11:16:49.752+0000] {processor.py:829} INFO - Processing file /opt/airflow/dags/extract_exchange_rates.py for tasks to queue
[2025-03-13T11:16:49.753+0000] {logging_mixin.py:151} INFO - [2025-03-13T11:16:49.753+0000] {dagbag.py:536} INFO - Filling up the DagBag from /opt/airflow/dags/extract_exchange_rates.py
[2025-03-13T11:16:49.761+0000] {processor.py:839} INFO - DAG(s) dict_keys(['extract_exchange_rates']) retrieved from /opt/airflow/dags/extract_exchange_rates.py
[2025-03-13T11:16:49.775+0000] {logging_mixin.py:151} INFO - [2025-03-13T11:16:49.775+0000] {dag.py:2941} INFO - Sync 1 DAGs
[2025-03-13T11:16:49.785+0000] {logging_mixin.py:151} INFO - [2025-03-13T11:16:49.785+0000] {dag.py:3722} INFO - Setting next_dagrun for extract_exchange_rates to 2025-03-13T00:00:00+00:00, run_after=2025-03-14T00:00:00+00:00
[2025-03-13T11:16:49.792+0000] {processor.py:179} INFO - Processing /opt/airflow/dags/extract_exchange_rates.py took 0.042 seconds
[2025-03-13T11:17:20.002+0000] {processor.py:157} INFO - Started process (PID=8159) to work on /opt/airflow/dags/extract_exchange_rates.py
[2025-03-13T11:17:20.003+0000] {processor.py:829} INFO - Processing file /opt/airflow/dags/extract_exchange_rates.py for tasks to queue
[2025-03-13T11:17:20.004+0000] {logging_mixin.py:151} INFO - [2025-03-13T11:17:20.003+0000] {dagbag.py:536} INFO - Filling up the DagBag from /opt/airflow/dags/extract_exchange_rates.py
[2025-03-13T11:17:20.013+0000] {processor.py:839} INFO - DAG(s) dict_keys(['extract_exchange_rates']) retrieved from /opt/airflow/dags/extract_exchange_rates.py
[2025-03-13T11:17:20.026+0000] {logging_mixin.py:151} INFO - [2025-03-13T11:17:20.026+0000] {dag.py:2941} INFO - Sync 1 DAGs
[2025-03-13T11:17:20.035+0000] {logging_mixin.py:151} INFO - [2025-03-13T11:17:20.035+0000] {dag.py:3722} INFO - Setting next_dagrun for extract_exchange_rates to 2025-03-13T00:00:00+00:00, run_after=2025-03-14T00:00:00+00:00
[2025-03-13T11:17:20.042+0000] {processor.py:179} INFO - Processing /opt/airflow/dags/extract_exchange_rates.py took 0.042 seconds
[2025-03-13T11:17:50.247+0000] {processor.py:157} INFO - Started process (PID=8164) to work on /opt/airflow/dags/extract_exchange_rates.py
[2025-03-13T11:17:50.247+0000] {processor.py:829} INFO - Processing file /opt/airflow/dags/extract_exchange_rates.py for tasks to queue
[2025-03-13T11:17:50.248+0000] {logging_mixin.py:151} INFO - [2025-03-13T11:17:50.248+0000] {dagbag.py:536} INFO - Filling up the DagBag from /opt/airflow/dags/extract_exchange_rates.py
[2025-03-13T11:17:50.257+0000] {processor.py:839} INFO - DAG(s) dict_keys(['extract_exchange_rates']) retrieved from /opt/airflow/dags/extract_exchange_rates.py
[2025-03-13T11:17:50.270+0000] {logging_mixin.py:151} INFO - [2025-03-13T11:17:50.270+0000] {dag.py:2941} INFO - Sync 1 DAGs
[2025-03-13T11:17:50.279+0000] {logging_mixin.py:151} INFO - [2025-03-13T11:17:50.279+0000] {dag.py:3722} INFO - Setting next_dagrun for extract_exchange_rates to 2025-03-13T00:00:00+00:00, run_after=2025-03-14T00:00:00+00:00
[2025-03-13T11:17:50.286+0000] {processor.py:179} INFO - Processing /opt/airflow/dags/extract_exchange_rates.py took 0.042 seconds
[2025-03-13T11:18:20.475+0000] {processor.py:157} INFO - Started process (PID=8169) to work on /opt/airflow/dags/extract_exchange_rates.py
[2025-03-13T11:18:20.475+0000] {processor.py:829} INFO - Processing file /opt/airflow/dags/extract_exchange_rates.py for tasks to queue
[2025-03-13T11:18:20.476+0000] {logging_mixin.py:151} INFO - [2025-03-13T11:18:20.476+0000] {dagbag.py:536} INFO - Filling up the DagBag from /opt/airflow/dags/extract_exchange_rates.py
[2025-03-13T11:18:20.483+0000] {processor.py:839} INFO - DAG(s) dict_keys(['extract_exchange_rates']) retrieved from /opt/airflow/dags/extract_exchange_rates.py
[2025-03-13T11:18:20.495+0000] {logging_mixin.py:151} INFO - [2025-03-13T11:18:20.495+0000] {dag.py:2941} INFO - Sync 1 DAGs
[2025-03-13T11:18:20.504+0000] {logging_mixin.py:151} INFO - [2025-03-13T11:18:20.504+0000] {dag.py:3722} INFO - Setting next_dagrun for extract_exchange_rates to 2025-03-13T00:00:00+00:00, run_after=2025-03-14T00:00:00+00:00
[2025-03-13T11:18:20.511+0000] {processor.py:179} INFO - Processing /opt/airflow/dags/extract_exchange_rates.py took 0.038 seconds
[2025-03-13T11:18:50.724+0000] {processor.py:157} INFO - Started process (PID=8174) to work on /opt/airflow/dags/extract_exchange_rates.py
[2025-03-13T11:18:50.725+0000] {processor.py:829} INFO - Processing file /opt/airflow/dags/extract_exchange_rates.py for tasks to queue
[2025-03-13T11:18:50.726+0000] {logging_mixin.py:151} INFO - [2025-03-13T11:18:50.725+0000] {dagbag.py:536} INFO - Filling up the DagBag from /opt/airflow/dags/extract_exchange_rates.py
[2025-03-13T11:18:50.734+0000] {processor.py:839} INFO - DAG(s) dict_keys(['extract_exchange_rates']) retrieved from /opt/airflow/dags/extract_exchange_rates.py
[2025-03-13T11:18:50.747+0000] {logging_mixin.py:151} INFO - [2025-03-13T11:18:50.747+0000] {dag.py:2941} INFO - Sync 1 DAGs
[2025-03-13T11:18:50.757+0000] {logging_mixin.py:151} INFO - [2025-03-13T11:18:50.757+0000] {dag.py:3722} INFO - Setting next_dagrun for extract_exchange_rates to 2025-03-13T00:00:00+00:00, run_after=2025-03-14T00:00:00+00:00
[2025-03-13T11:18:50.764+0000] {processor.py:179} INFO - Processing /opt/airflow/dags/extract_exchange_rates.py took 0.042 seconds
[2025-03-13T11:19:20.970+0000] {processor.py:157} INFO - Started process (PID=8179) to work on /opt/airflow/dags/extract_exchange_rates.py
[2025-03-13T11:19:20.970+0000] {processor.py:829} INFO - Processing file /opt/airflow/dags/extract_exchange_rates.py for tasks to queue
[2025-03-13T11:19:20.971+0000] {logging_mixin.py:151} INFO - [2025-03-13T11:19:20.971+0000] {dagbag.py:536} INFO - Filling up the DagBag from /opt/airflow/dags/extract_exchange_rates.py
[2025-03-13T11:19:20.981+0000] {processor.py:839} INFO - DAG(s) dict_keys(['extract_exchange_rates']) retrieved from /opt/airflow/dags/extract_exchange_rates.py
[2025-03-13T11:19:20.994+0000] {logging_mixin.py:151} INFO - [2025-03-13T11:19:20.994+0000] {dag.py:2941} INFO - Sync 1 DAGs
[2025-03-13T11:19:21.004+0000] {logging_mixin.py:151} INFO - [2025-03-13T11:19:21.004+0000] {dag.py:3722} INFO - Setting next_dagrun for extract_exchange_rates to 2025-03-13T00:00:00+00:00, run_after=2025-03-14T00:00:00+00:00
[2025-03-13T11:19:21.011+0000] {processor.py:179} INFO - Processing /opt/airflow/dags/extract_exchange_rates.py took 0.043 seconds
[2025-03-13T11:19:51.221+0000] {processor.py:157} INFO - Started process (PID=8184) to work on /opt/airflow/dags/extract_exchange_rates.py
[2025-03-13T11:19:51.221+0000] {processor.py:829} INFO - Processing file /opt/airflow/dags/extract_exchange_rates.py for tasks to queue
[2025-03-13T11:19:51.222+0000] {logging_mixin.py:151} INFO - [2025-03-13T11:19:51.222+0000] {dagbag.py:536} INFO - Filling up the DagBag from /opt/airflow/dags/extract_exchange_rates.py
[2025-03-13T11:19:51.230+0000] {processor.py:839} INFO - DAG(s) dict_keys(['extract_exchange_rates']) retrieved from /opt/airflow/dags/extract_exchange_rates.py
[2025-03-13T11:19:51.243+0000] {logging_mixin.py:151} INFO - [2025-03-13T11:19:51.243+0000] {dag.py:2941} INFO - Sync 1 DAGs
[2025-03-13T11:19:51.253+0000] {logging_mixin.py:151} INFO - [2025-03-13T11:19:51.253+0000] {dag.py:3722} INFO - Setting next_dagrun for extract_exchange_rates to 2025-03-13T00:00:00+00:00, run_after=2025-03-14T00:00:00+00:00
[2025-03-13T11:19:51.259+0000] {processor.py:179} INFO - Processing /opt/airflow/dags/extract_exchange_rates.py took 0.040 seconds
[2025-03-13T11:20:21.481+0000] {processor.py:157} INFO - Started process (PID=8189) to work on /opt/airflow/dags/extract_exchange_rates.py
[2025-03-13T11:20:21.481+0000] {processor.py:829} INFO - Processing file /opt/airflow/dags/extract_exchange_rates.py for tasks to queue
[2025-03-13T11:20:21.482+0000] {logging_mixin.py:151} INFO - [2025-03-13T11:20:21.482+0000] {dagbag.py:536} INFO - Filling up the DagBag from /opt/airflow/dags/extract_exchange_rates.py
[2025-03-13T11:20:21.491+0000] {processor.py:839} INFO - DAG(s) dict_keys(['extract_exchange_rates']) retrieved from /opt/airflow/dags/extract_exchange_rates.py
[2025-03-13T11:20:21.505+0000] {logging_mixin.py:151} INFO - [2025-03-13T11:20:21.505+0000] {dag.py:2941} INFO - Sync 1 DAGs
[2025-03-13T11:20:21.515+0000] {logging_mixin.py:151} INFO - [2025-03-13T11:20:21.515+0000] {dag.py:3722} INFO - Setting next_dagrun for extract_exchange_rates to 2025-03-13T00:00:00+00:00, run_after=2025-03-14T00:00:00+00:00
[2025-03-13T11:20:21.522+0000] {processor.py:179} INFO - Processing /opt/airflow/dags/extract_exchange_rates.py took 0.044 seconds
[2025-03-13T11:20:51.757+0000] {processor.py:157} INFO - Started process (PID=8194) to work on /opt/airflow/dags/extract_exchange_rates.py
[2025-03-13T11:20:51.757+0000] {processor.py:829} INFO - Processing file /opt/airflow/dags/extract_exchange_rates.py for tasks to queue
[2025-03-13T11:20:51.758+0000] {logging_mixin.py:151} INFO - [2025-03-13T11:20:51.758+0000] {dagbag.py:536} INFO - Filling up the DagBag from /opt/airflow/dags/extract_exchange_rates.py
[2025-03-13T11:20:51.768+0000] {processor.py:839} INFO - DAG(s) dict_keys(['extract_exchange_rates']) retrieved from /opt/airflow/dags/extract_exchange_rates.py
[2025-03-13T11:20:51.781+0000] {logging_mixin.py:151} INFO - [2025-03-13T11:20:51.781+0000] {dag.py:2941} INFO - Sync 1 DAGs
[2025-03-13T11:20:51.791+0000] {logging_mixin.py:151} INFO - [2025-03-13T11:20:51.791+0000] {dag.py:3722} INFO - Setting next_dagrun for extract_exchange_rates to 2025-03-13T00:00:00+00:00, run_after=2025-03-14T00:00:00+00:00
[2025-03-13T11:20:51.798+0000] {processor.py:179} INFO - Processing /opt/airflow/dags/extract_exchange_rates.py took 0.044 seconds
[2025-03-13T11:21:21.992+0000] {processor.py:157} INFO - Started process (PID=8199) to work on /opt/airflow/dags/extract_exchange_rates.py
[2025-03-13T11:21:21.992+0000] {processor.py:829} INFO - Processing file /opt/airflow/dags/extract_exchange_rates.py for tasks to queue
[2025-03-13T11:21:21.993+0000] {logging_mixin.py:151} INFO - [2025-03-13T11:21:21.992+0000] {dagbag.py:536} INFO - Filling up the DagBag from /opt/airflow/dags/extract_exchange_rates.py
[2025-03-13T11:21:22.001+0000] {processor.py:839} INFO - DAG(s) dict_keys(['extract_exchange_rates']) retrieved from /opt/airflow/dags/extract_exchange_rates.py
[2025-03-13T11:21:22.015+0000] {logging_mixin.py:151} INFO - [2025-03-13T11:21:22.015+0000] {dag.py:2941} INFO - Sync 1 DAGs
[2025-03-13T11:21:22.024+0000] {logging_mixin.py:151} INFO - [2025-03-13T11:21:22.024+0000] {dag.py:3722} INFO - Setting next_dagrun for extract_exchange_rates to 2025-03-13T00:00:00+00:00, run_after=2025-03-14T00:00:00+00:00
[2025-03-13T11:21:22.031+0000] {processor.py:179} INFO - Processing /opt/airflow/dags/extract_exchange_rates.py took 0.042 seconds
[2025-03-13T11:21:52.246+0000] {processor.py:157} INFO - Started process (PID=8204) to work on /opt/airflow/dags/extract_exchange_rates.py
[2025-03-13T11:21:52.246+0000] {processor.py:829} INFO - Processing file /opt/airflow/dags/extract_exchange_rates.py for tasks to queue
[2025-03-13T11:21:52.247+0000] {logging_mixin.py:151} INFO - [2025-03-13T11:21:52.247+0000] {dagbag.py:536} INFO - Filling up the DagBag from /opt/airflow/dags/extract_exchange_rates.py
[2025-03-13T11:21:52.257+0000] {processor.py:839} INFO - DAG(s) dict_keys(['extract_exchange_rates']) retrieved from /opt/airflow/dags/extract_exchange_rates.py
[2025-03-13T11:21:52.270+0000] {logging_mixin.py:151} INFO - [2025-03-13T11:21:52.270+0000] {dag.py:2941} INFO - Sync 1 DAGs
[2025-03-13T11:21:52.280+0000] {logging_mixin.py:151} INFO - [2025-03-13T11:21:52.280+0000] {dag.py:3722} INFO - Setting next_dagrun for extract_exchange_rates to 2025-03-13T00:00:00+00:00, run_after=2025-03-14T00:00:00+00:00
[2025-03-13T11:21:52.288+0000] {processor.py:179} INFO - Processing /opt/airflow/dags/extract_exchange_rates.py took 0.044 seconds
[2025-03-13T11:22:22.505+0000] {processor.py:157} INFO - Started process (PID=8209) to work on /opt/airflow/dags/extract_exchange_rates.py
[2025-03-13T11:22:22.505+0000] {processor.py:829} INFO - Processing file /opt/airflow/dags/extract_exchange_rates.py for tasks to queue
[2025-03-13T11:22:22.506+0000] {logging_mixin.py:151} INFO - [2025-03-13T11:22:22.506+0000] {dagbag.py:536} INFO - Filling up the DagBag from /opt/airflow/dags/extract_exchange_rates.py
[2025-03-13T11:22:22.515+0000] {processor.py:839} INFO - DAG(s) dict_keys(['extract_exchange_rates']) retrieved from /opt/airflow/dags/extract_exchange_rates.py
[2025-03-13T11:22:22.528+0000] {logging_mixin.py:151} INFO - [2025-03-13T11:22:22.528+0000] {dag.py:2941} INFO - Sync 1 DAGs
[2025-03-13T11:22:22.538+0000] {logging_mixin.py:151} INFO - [2025-03-13T11:22:22.538+0000] {dag.py:3722} INFO - Setting next_dagrun for extract_exchange_rates to 2025-03-13T00:00:00+00:00, run_after=2025-03-14T00:00:00+00:00
[2025-03-13T11:22:22.545+0000] {processor.py:179} INFO - Processing /opt/airflow/dags/extract_exchange_rates.py took 0.043 seconds
[2025-03-13T11:22:52.766+0000] {processor.py:157} INFO - Started process (PID=8214) to work on /opt/airflow/dags/extract_exchange_rates.py
[2025-03-13T11:22:52.767+0000] {processor.py:829} INFO - Processing file /opt/airflow/dags/extract_exchange_rates.py for tasks to queue
[2025-03-13T11:22:52.767+0000] {logging_mixin.py:151} INFO - [2025-03-13T11:22:52.767+0000] {dagbag.py:536} INFO - Filling up the DagBag from /opt/airflow/dags/extract_exchange_rates.py
[2025-03-13T11:22:52.776+0000] {processor.py:839} INFO - DAG(s) dict_keys(['extract_exchange_rates']) retrieved from /opt/airflow/dags/extract_exchange_rates.py
[2025-03-13T11:22:52.789+0000] {logging_mixin.py:151} INFO - [2025-03-13T11:22:52.789+0000] {dag.py:2941} INFO - Sync 1 DAGs
[2025-03-13T11:22:52.799+0000] {logging_mixin.py:151} INFO - [2025-03-13T11:22:52.799+0000] {dag.py:3722} INFO - Setting next_dagrun for extract_exchange_rates to 2025-03-13T00:00:00+00:00, run_after=2025-03-14T00:00:00+00:00
[2025-03-13T11:22:52.806+0000] {processor.py:179} INFO - Processing /opt/airflow/dags/extract_exchange_rates.py took 0.042 seconds
[2025-03-13T11:23:23.011+0000] {processor.py:157} INFO - Started process (PID=8219) to work on /opt/airflow/dags/extract_exchange_rates.py
[2025-03-13T11:23:23.012+0000] {processor.py:829} INFO - Processing file /opt/airflow/dags/extract_exchange_rates.py for tasks to queue
[2025-03-13T11:23:23.013+0000] {logging_mixin.py:151} INFO - [2025-03-13T11:23:23.012+0000] {dagbag.py:536} INFO - Filling up the DagBag from /opt/airflow/dags/extract_exchange_rates.py
[2025-03-13T11:23:23.023+0000] {processor.py:839} INFO - DAG(s) dict_keys(['extract_exchange_rates']) retrieved from /opt/airflow/dags/extract_exchange_rates.py
[2025-03-13T11:23:23.036+0000] {logging_mixin.py:151} INFO - [2025-03-13T11:23:23.036+0000] {dag.py:2941} INFO - Sync 1 DAGs
[2025-03-13T11:23:23.045+0000] {logging_mixin.py:151} INFO - [2025-03-13T11:23:23.045+0000] {dag.py:3722} INFO - Setting next_dagrun for extract_exchange_rates to 2025-03-13T00:00:00+00:00, run_after=2025-03-14T00:00:00+00:00
[2025-03-13T11:23:23.052+0000] {processor.py:179} INFO - Processing /opt/airflow/dags/extract_exchange_rates.py took 0.043 seconds
[2025-03-13T11:23:53.270+0000] {processor.py:157} INFO - Started process (PID=8224) to work on /opt/airflow/dags/extract_exchange_rates.py
[2025-03-13T11:23:53.271+0000] {processor.py:829} INFO - Processing file /opt/airflow/dags/extract_exchange_rates.py for tasks to queue
[2025-03-13T11:23:53.272+0000] {logging_mixin.py:151} INFO - [2025-03-13T11:23:53.271+0000] {dagbag.py:536} INFO - Filling up the DagBag from /opt/airflow/dags/extract_exchange_rates.py
[2025-03-13T11:23:53.280+0000] {processor.py:839} INFO - DAG(s) dict_keys(['extract_exchange_rates']) retrieved from /opt/airflow/dags/extract_exchange_rates.py
[2025-03-13T11:23:53.293+0000] {logging_mixin.py:151} INFO - [2025-03-13T11:23:53.293+0000] {dag.py:2941} INFO - Sync 1 DAGs
[2025-03-13T11:23:53.303+0000] {logging_mixin.py:151} INFO - [2025-03-13T11:23:53.303+0000] {dag.py:3722} INFO - Setting next_dagrun for extract_exchange_rates to 2025-03-13T00:00:00+00:00, run_after=2025-03-14T00:00:00+00:00
[2025-03-13T11:23:53.310+0000] {processor.py:179} INFO - Processing /opt/airflow/dags/extract_exchange_rates.py took 0.042 seconds
[2025-03-13T11:24:23.491+0000] {processor.py:157} INFO - Started process (PID=8229) to work on /opt/airflow/dags/extract_exchange_rates.py
[2025-03-13T11:24:23.491+0000] {processor.py:829} INFO - Processing file /opt/airflow/dags/extract_exchange_rates.py for tasks to queue
[2025-03-13T11:24:23.492+0000] {logging_mixin.py:151} INFO - [2025-03-13T11:24:23.491+0000] {dagbag.py:536} INFO - Filling up the DagBag from /opt/airflow/dags/extract_exchange_rates.py
[2025-03-13T11:24:23.500+0000] {processor.py:839} INFO - DAG(s) dict_keys(['extract_exchange_rates']) retrieved from /opt/airflow/dags/extract_exchange_rates.py
[2025-03-13T11:24:23.512+0000] {logging_mixin.py:151} INFO - [2025-03-13T11:24:23.512+0000] {dag.py:2941} INFO - Sync 1 DAGs
[2025-03-13T11:24:23.521+0000] {logging_mixin.py:151} INFO - [2025-03-13T11:24:23.521+0000] {dag.py:3722} INFO - Setting next_dagrun for extract_exchange_rates to 2025-03-13T00:00:00+00:00, run_after=2025-03-14T00:00:00+00:00
[2025-03-13T11:24:23.528+0000] {processor.py:179} INFO - Processing /opt/airflow/dags/extract_exchange_rates.py took 0.039 seconds
[2025-03-13T11:24:53.715+0000] {processor.py:157} INFO - Started process (PID=8234) to work on /opt/airflow/dags/extract_exchange_rates.py
[2025-03-13T11:24:53.715+0000] {processor.py:829} INFO - Processing file /opt/airflow/dags/extract_exchange_rates.py for tasks to queue
[2025-03-13T11:24:53.716+0000] {logging_mixin.py:151} INFO - [2025-03-13T11:24:53.716+0000] {dagbag.py:536} INFO - Filling up the DagBag from /opt/airflow/dags/extract_exchange_rates.py
[2025-03-13T11:24:53.723+0000] {processor.py:839} INFO - DAG(s) dict_keys(['extract_exchange_rates']) retrieved from /opt/airflow/dags/extract_exchange_rates.py
[2025-03-13T11:24:53.735+0000] {logging_mixin.py:151} INFO - [2025-03-13T11:24:53.735+0000] {dag.py:2941} INFO - Sync 1 DAGs
[2025-03-13T11:24:53.746+0000] {logging_mixin.py:151} INFO - [2025-03-13T11:24:53.746+0000] {dag.py:3722} INFO - Setting next_dagrun for extract_exchange_rates to 2025-03-13T00:00:00+00:00, run_after=2025-03-14T00:00:00+00:00
[2025-03-13T11:24:53.753+0000] {processor.py:179} INFO - Processing /opt/airflow/dags/extract_exchange_rates.py took 0.039 seconds
[2025-03-13T11:25:23.964+0000] {processor.py:157} INFO - Started process (PID=8239) to work on /opt/airflow/dags/extract_exchange_rates.py
[2025-03-13T11:25:23.965+0000] {processor.py:829} INFO - Processing file /opt/airflow/dags/extract_exchange_rates.py for tasks to queue
[2025-03-13T11:25:23.965+0000] {logging_mixin.py:151} INFO - [2025-03-13T11:25:23.965+0000] {dagbag.py:536} INFO - Filling up the DagBag from /opt/airflow/dags/extract_exchange_rates.py
[2025-03-13T11:25:23.973+0000] {processor.py:839} INFO - DAG(s) dict_keys(['extract_exchange_rates']) retrieved from /opt/airflow/dags/extract_exchange_rates.py
[2025-03-13T11:25:23.987+0000] {logging_mixin.py:151} INFO - [2025-03-13T11:25:23.986+0000] {dag.py:2941} INFO - Sync 1 DAGs
[2025-03-13T11:25:23.996+0000] {logging_mixin.py:151} INFO - [2025-03-13T11:25:23.996+0000] {dag.py:3722} INFO - Setting next_dagrun for extract_exchange_rates to 2025-03-13T00:00:00+00:00, run_after=2025-03-14T00:00:00+00:00
[2025-03-13T11:25:24.003+0000] {processor.py:179} INFO - Processing /opt/airflow/dags/extract_exchange_rates.py took 0.041 seconds
[2025-03-13T11:25:54.196+0000] {processor.py:157} INFO - Started process (PID=8244) to work on /opt/airflow/dags/extract_exchange_rates.py
[2025-03-13T11:25:54.196+0000] {processor.py:829} INFO - Processing file /opt/airflow/dags/extract_exchange_rates.py for tasks to queue
[2025-03-13T11:25:54.197+0000] {logging_mixin.py:151} INFO - [2025-03-13T11:25:54.197+0000] {dagbag.py:536} INFO - Filling up the DagBag from /opt/airflow/dags/extract_exchange_rates.py
[2025-03-13T11:25:54.206+0000] {processor.py:839} INFO - DAG(s) dict_keys(['extract_exchange_rates']) retrieved from /opt/airflow/dags/extract_exchange_rates.py
[2025-03-13T11:25:54.220+0000] {logging_mixin.py:151} INFO - [2025-03-13T11:25:54.220+0000] {dag.py:2941} INFO - Sync 1 DAGs
[2025-03-13T11:25:54.229+0000] {logging_mixin.py:151} INFO - [2025-03-13T11:25:54.229+0000] {dag.py:3722} INFO - Setting next_dagrun for extract_exchange_rates to 2025-03-13T00:00:00+00:00, run_after=2025-03-14T00:00:00+00:00
[2025-03-13T11:25:54.236+0000] {processor.py:179} INFO - Processing /opt/airflow/dags/extract_exchange_rates.py took 0.043 seconds
[2025-03-13T11:26:24.443+0000] {processor.py:157} INFO - Started process (PID=8250) to work on /opt/airflow/dags/extract_exchange_rates.py
[2025-03-13T11:26:24.443+0000] {processor.py:829} INFO - Processing file /opt/airflow/dags/extract_exchange_rates.py for tasks to queue
[2025-03-13T11:26:24.444+0000] {logging_mixin.py:151} INFO - [2025-03-13T11:26:24.444+0000] {dagbag.py:536} INFO - Filling up the DagBag from /opt/airflow/dags/extract_exchange_rates.py
[2025-03-13T11:26:24.453+0000] {processor.py:839} INFO - DAG(s) dict_keys(['extract_exchange_rates']) retrieved from /opt/airflow/dags/extract_exchange_rates.py
[2025-03-13T11:26:24.467+0000] {logging_mixin.py:151} INFO - [2025-03-13T11:26:24.467+0000] {dag.py:2941} INFO - Sync 1 DAGs
[2025-03-13T11:26:24.477+0000] {logging_mixin.py:151} INFO - [2025-03-13T11:26:24.477+0000] {dag.py:3722} INFO - Setting next_dagrun for extract_exchange_rates to 2025-03-13T00:00:00+00:00, run_after=2025-03-14T00:00:00+00:00
[2025-03-13T11:26:24.484+0000] {processor.py:179} INFO - Processing /opt/airflow/dags/extract_exchange_rates.py took 0.043 seconds
[2025-03-13T11:26:54.705+0000] {processor.py:157} INFO - Started process (PID=8255) to work on /opt/airflow/dags/extract_exchange_rates.py
[2025-03-13T11:26:54.705+0000] {processor.py:829} INFO - Processing file /opt/airflow/dags/extract_exchange_rates.py for tasks to queue
[2025-03-13T11:26:54.706+0000] {logging_mixin.py:151} INFO - [2025-03-13T11:26:54.706+0000] {dagbag.py:536} INFO - Filling up the DagBag from /opt/airflow/dags/extract_exchange_rates.py
[2025-03-13T11:26:54.715+0000] {processor.py:839} INFO - DAG(s) dict_keys(['extract_exchange_rates']) retrieved from /opt/airflow/dags/extract_exchange_rates.py
[2025-03-13T11:26:54.728+0000] {logging_mixin.py:151} INFO - [2025-03-13T11:26:54.728+0000] {dag.py:2941} INFO - Sync 1 DAGs
[2025-03-13T11:26:54.737+0000] {logging_mixin.py:151} INFO - [2025-03-13T11:26:54.737+0000] {dag.py:3722} INFO - Setting next_dagrun for extract_exchange_rates to 2025-03-13T00:00:00+00:00, run_after=2025-03-14T00:00:00+00:00
[2025-03-13T11:26:54.744+0000] {processor.py:179} INFO - Processing /opt/airflow/dags/extract_exchange_rates.py took 0.042 seconds
[2025-03-13T11:27:24.954+0000] {processor.py:157} INFO - Started process (PID=8260) to work on /opt/airflow/dags/extract_exchange_rates.py
[2025-03-13T11:27:24.954+0000] {processor.py:829} INFO - Processing file /opt/airflow/dags/extract_exchange_rates.py for tasks to queue
[2025-03-13T11:27:24.955+0000] {logging_mixin.py:151} INFO - [2025-03-13T11:27:24.955+0000] {dagbag.py:536} INFO - Filling up the DagBag from /opt/airflow/dags/extract_exchange_rates.py
[2025-03-13T11:27:24.964+0000] {processor.py:839} INFO - DAG(s) dict_keys(['extract_exchange_rates']) retrieved from /opt/airflow/dags/extract_exchange_rates.py
[2025-03-13T11:27:24.977+0000] {logging_mixin.py:151} INFO - [2025-03-13T11:27:24.977+0000] {dag.py:2941} INFO - Sync 1 DAGs
[2025-03-13T11:27:24.986+0000] {logging_mixin.py:151} INFO - [2025-03-13T11:27:24.986+0000] {dag.py:3722} INFO - Setting next_dagrun for extract_exchange_rates to 2025-03-13T00:00:00+00:00, run_after=2025-03-14T00:00:00+00:00
[2025-03-13T11:27:24.994+0000] {processor.py:179} INFO - Processing /opt/airflow/dags/extract_exchange_rates.py took 0.043 seconds
[2025-03-13T11:27:55.220+0000] {processor.py:157} INFO - Started process (PID=8265) to work on /opt/airflow/dags/extract_exchange_rates.py
[2025-03-13T11:27:55.221+0000] {processor.py:829} INFO - Processing file /opt/airflow/dags/extract_exchange_rates.py for tasks to queue
[2025-03-13T11:27:55.221+0000] {logging_mixin.py:151} INFO - [2025-03-13T11:27:55.221+0000] {dagbag.py:536} INFO - Filling up the DagBag from /opt/airflow/dags/extract_exchange_rates.py
[2025-03-13T11:27:55.230+0000] {processor.py:839} INFO - DAG(s) dict_keys(['extract_exchange_rates']) retrieved from /opt/airflow/dags/extract_exchange_rates.py
[2025-03-13T11:27:55.243+0000] {logging_mixin.py:151} INFO - [2025-03-13T11:27:55.243+0000] {dag.py:2941} INFO - Sync 1 DAGs
[2025-03-13T11:27:55.253+0000] {logging_mixin.py:151} INFO - [2025-03-13T11:27:55.253+0000] {dag.py:3722} INFO - Setting next_dagrun for extract_exchange_rates to 2025-03-13T00:00:00+00:00, run_after=2025-03-14T00:00:00+00:00
[2025-03-13T11:27:55.260+0000] {processor.py:179} INFO - Processing /opt/airflow/dags/extract_exchange_rates.py took 0.042 seconds
[2025-03-13T11:28:25.473+0000] {processor.py:157} INFO - Started process (PID=8270) to work on /opt/airflow/dags/extract_exchange_rates.py
[2025-03-13T11:28:25.474+0000] {processor.py:829} INFO - Processing file /opt/airflow/dags/extract_exchange_rates.py for tasks to queue
[2025-03-13T11:28:25.475+0000] {logging_mixin.py:151} INFO - [2025-03-13T11:28:25.475+0000] {dagbag.py:536} INFO - Filling up the DagBag from /opt/airflow/dags/extract_exchange_rates.py
[2025-03-13T11:28:25.482+0000] {processor.py:839} INFO - DAG(s) dict_keys(['extract_exchange_rates']) retrieved from /opt/airflow/dags/extract_exchange_rates.py
[2025-03-13T11:28:25.496+0000] {logging_mixin.py:151} INFO - [2025-03-13T11:28:25.496+0000] {dag.py:2941} INFO - Sync 1 DAGs
[2025-03-13T11:28:25.507+0000] {logging_mixin.py:151} INFO - [2025-03-13T11:28:25.507+0000] {dag.py:3722} INFO - Setting next_dagrun for extract_exchange_rates to 2025-03-13T00:00:00+00:00, run_after=2025-03-14T00:00:00+00:00
[2025-03-13T11:28:25.517+0000] {processor.py:179} INFO - Processing /opt/airflow/dags/extract_exchange_rates.py took 0.045 seconds
[2025-03-13T11:28:55.736+0000] {processor.py:157} INFO - Started process (PID=8275) to work on /opt/airflow/dags/extract_exchange_rates.py
[2025-03-13T11:28:55.737+0000] {processor.py:829} INFO - Processing file /opt/airflow/dags/extract_exchange_rates.py for tasks to queue
[2025-03-13T11:28:55.738+0000] {logging_mixin.py:151} INFO - [2025-03-13T11:28:55.737+0000] {dagbag.py:536} INFO - Filling up the DagBag from /opt/airflow/dags/extract_exchange_rates.py
[2025-03-13T11:28:55.747+0000] {processor.py:839} INFO - DAG(s) dict_keys(['extract_exchange_rates']) retrieved from /opt/airflow/dags/extract_exchange_rates.py
[2025-03-13T11:28:55.760+0000] {logging_mixin.py:151} INFO - [2025-03-13T11:28:55.760+0000] {dag.py:2941} INFO - Sync 1 DAGs
[2025-03-13T11:28:55.770+0000] {logging_mixin.py:151} INFO - [2025-03-13T11:28:55.769+0000] {dag.py:3722} INFO - Setting next_dagrun for extract_exchange_rates to 2025-03-13T00:00:00+00:00, run_after=2025-03-14T00:00:00+00:00
[2025-03-13T11:28:55.776+0000] {processor.py:179} INFO - Processing /opt/airflow/dags/extract_exchange_rates.py took 0.042 seconds
[2025-03-13T11:29:25.981+0000] {processor.py:157} INFO - Started process (PID=8280) to work on /opt/airflow/dags/extract_exchange_rates.py
[2025-03-13T11:29:25.982+0000] {processor.py:829} INFO - Processing file /opt/airflow/dags/extract_exchange_rates.py for tasks to queue
[2025-03-13T11:29:25.982+0000] {logging_mixin.py:151} INFO - [2025-03-13T11:29:25.982+0000] {dagbag.py:536} INFO - Filling up the DagBag from /opt/airflow/dags/extract_exchange_rates.py
[2025-03-13T11:29:25.991+0000] {processor.py:839} INFO - DAG(s) dict_keys(['extract_exchange_rates']) retrieved from /opt/airflow/dags/extract_exchange_rates.py
[2025-03-13T11:29:26.004+0000] {logging_mixin.py:151} INFO - [2025-03-13T11:29:26.004+0000] {dag.py:2941} INFO - Sync 1 DAGs
[2025-03-13T11:29:26.014+0000] {logging_mixin.py:151} INFO - [2025-03-13T11:29:26.014+0000] {dag.py:3722} INFO - Setting next_dagrun for extract_exchange_rates to 2025-03-13T00:00:00+00:00, run_after=2025-03-14T00:00:00+00:00
[2025-03-13T11:29:26.021+0000] {processor.py:179} INFO - Processing /opt/airflow/dags/extract_exchange_rates.py took 0.041 seconds
[2025-03-13T11:29:56.231+0000] {processor.py:157} INFO - Started process (PID=8285) to work on /opt/airflow/dags/extract_exchange_rates.py
[2025-03-13T11:29:56.232+0000] {processor.py:829} INFO - Processing file /opt/airflow/dags/extract_exchange_rates.py for tasks to queue
[2025-03-13T11:29:56.232+0000] {logging_mixin.py:151} INFO - [2025-03-13T11:29:56.232+0000] {dagbag.py:536} INFO - Filling up the DagBag from /opt/airflow/dags/extract_exchange_rates.py
[2025-03-13T11:29:56.241+0000] {processor.py:839} INFO - DAG(s) dict_keys(['extract_exchange_rates']) retrieved from /opt/airflow/dags/extract_exchange_rates.py
[2025-03-13T11:29:56.254+0000] {logging_mixin.py:151} INFO - [2025-03-13T11:29:56.254+0000] {dag.py:2941} INFO - Sync 1 DAGs
[2025-03-13T11:29:56.264+0000] {logging_mixin.py:151} INFO - [2025-03-13T11:29:56.264+0000] {dag.py:3722} INFO - Setting next_dagrun for extract_exchange_rates to 2025-03-13T00:00:00+00:00, run_after=2025-03-14T00:00:00+00:00
[2025-03-13T11:29:56.271+0000] {processor.py:179} INFO - Processing /opt/airflow/dags/extract_exchange_rates.py took 0.042 seconds
[2025-03-13T11:30:26.459+0000] {processor.py:157} INFO - Started process (PID=8290) to work on /opt/airflow/dags/extract_exchange_rates.py
[2025-03-13T11:30:26.460+0000] {processor.py:829} INFO - Processing file /opt/airflow/dags/extract_exchange_rates.py for tasks to queue
[2025-03-13T11:30:26.460+0000] {logging_mixin.py:151} INFO - [2025-03-13T11:30:26.460+0000] {dagbag.py:536} INFO - Filling up the DagBag from /opt/airflow/dags/extract_exchange_rates.py
[2025-03-13T11:30:26.469+0000] {processor.py:839} INFO - DAG(s) dict_keys(['extract_exchange_rates']) retrieved from /opt/airflow/dags/extract_exchange_rates.py
[2025-03-13T11:30:26.482+0000] {logging_mixin.py:151} INFO - [2025-03-13T11:30:26.482+0000] {dag.py:2941} INFO - Sync 1 DAGs
[2025-03-13T11:30:26.492+0000] {logging_mixin.py:151} INFO - [2025-03-13T11:30:26.492+0000] {dag.py:3722} INFO - Setting next_dagrun for extract_exchange_rates to 2025-03-13T00:00:00+00:00, run_after=2025-03-14T00:00:00+00:00
[2025-03-13T11:30:26.499+0000] {processor.py:179} INFO - Processing /opt/airflow/dags/extract_exchange_rates.py took 0.042 seconds
[2025-03-13T11:30:56.702+0000] {processor.py:157} INFO - Started process (PID=8295) to work on /opt/airflow/dags/extract_exchange_rates.py
[2025-03-13T11:30:56.702+0000] {processor.py:829} INFO - Processing file /opt/airflow/dags/extract_exchange_rates.py for tasks to queue
[2025-03-13T11:30:56.703+0000] {logging_mixin.py:151} INFO - [2025-03-13T11:30:56.702+0000] {dagbag.py:536} INFO - Filling up the DagBag from /opt/airflow/dags/extract_exchange_rates.py
[2025-03-13T11:30:56.711+0000] {processor.py:839} INFO - DAG(s) dict_keys(['extract_exchange_rates']) retrieved from /opt/airflow/dags/extract_exchange_rates.py
[2025-03-13T11:30:56.725+0000] {logging_mixin.py:151} INFO - [2025-03-13T11:30:56.725+0000] {dag.py:2941} INFO - Sync 1 DAGs
[2025-03-13T11:30:56.735+0000] {logging_mixin.py:151} INFO - [2025-03-13T11:30:56.735+0000] {dag.py:3722} INFO - Setting next_dagrun for extract_exchange_rates to 2025-03-13T00:00:00+00:00, run_after=2025-03-14T00:00:00+00:00
[2025-03-13T11:30:56.742+0000] {processor.py:179} INFO - Processing /opt/airflow/dags/extract_exchange_rates.py took 0.042 seconds
[2025-03-13T11:31:26.940+0000] {processor.py:157} INFO - Started process (PID=8300) to work on /opt/airflow/dags/extract_exchange_rates.py
[2025-03-13T11:31:26.941+0000] {processor.py:829} INFO - Processing file /opt/airflow/dags/extract_exchange_rates.py for tasks to queue
[2025-03-13T11:31:26.942+0000] {logging_mixin.py:151} INFO - [2025-03-13T11:31:26.941+0000] {dagbag.py:536} INFO - Filling up the DagBag from /opt/airflow/dags/extract_exchange_rates.py
[2025-03-13T11:31:26.951+0000] {processor.py:839} INFO - DAG(s) dict_keys(['extract_exchange_rates']) retrieved from /opt/airflow/dags/extract_exchange_rates.py
[2025-03-13T11:31:26.965+0000] {logging_mixin.py:151} INFO - [2025-03-13T11:31:26.965+0000] {dag.py:2941} INFO - Sync 1 DAGs
[2025-03-13T11:31:26.975+0000] {logging_mixin.py:151} INFO - [2025-03-13T11:31:26.975+0000] {dag.py:3722} INFO - Setting next_dagrun for extract_exchange_rates to 2025-03-13T00:00:00+00:00, run_after=2025-03-14T00:00:00+00:00
[2025-03-13T11:31:26.982+0000] {processor.py:179} INFO - Processing /opt/airflow/dags/extract_exchange_rates.py took 0.045 seconds
[2025-03-13T11:31:57.194+0000] {processor.py:157} INFO - Started process (PID=8305) to work on /opt/airflow/dags/extract_exchange_rates.py
[2025-03-13T11:31:57.194+0000] {processor.py:829} INFO - Processing file /opt/airflow/dags/extract_exchange_rates.py for tasks to queue
[2025-03-13T11:31:57.195+0000] {logging_mixin.py:151} INFO - [2025-03-13T11:31:57.194+0000] {dagbag.py:536} INFO - Filling up the DagBag from /opt/airflow/dags/extract_exchange_rates.py
[2025-03-13T11:31:57.204+0000] {processor.py:839} INFO - DAG(s) dict_keys(['extract_exchange_rates']) retrieved from /opt/airflow/dags/extract_exchange_rates.py
[2025-03-13T11:31:57.218+0000] {logging_mixin.py:151} INFO - [2025-03-13T11:31:57.218+0000] {dag.py:2941} INFO - Sync 1 DAGs
[2025-03-13T11:31:57.228+0000] {logging_mixin.py:151} INFO - [2025-03-13T11:31:57.228+0000] {dag.py:3722} INFO - Setting next_dagrun for extract_exchange_rates to 2025-03-13T00:00:00+00:00, run_after=2025-03-14T00:00:00+00:00
[2025-03-13T11:31:57.235+0000] {processor.py:179} INFO - Processing /opt/airflow/dags/extract_exchange_rates.py took 0.043 seconds
[2025-03-13T11:32:27.418+0000] {processor.py:157} INFO - Started process (PID=8310) to work on /opt/airflow/dags/extract_exchange_rates.py
[2025-03-13T11:32:27.418+0000] {processor.py:829} INFO - Processing file /opt/airflow/dags/extract_exchange_rates.py for tasks to queue
[2025-03-13T11:32:27.419+0000] {logging_mixin.py:151} INFO - [2025-03-13T11:32:27.419+0000] {dagbag.py:536} INFO - Filling up the DagBag from /opt/airflow/dags/extract_exchange_rates.py
[2025-03-13T11:32:27.425+0000] {processor.py:839} INFO - DAG(s) dict_keys(['extract_exchange_rates']) retrieved from /opt/airflow/dags/extract_exchange_rates.py
[2025-03-13T11:32:27.437+0000] {logging_mixin.py:151} INFO - [2025-03-13T11:32:27.436+0000] {dag.py:2941} INFO - Sync 1 DAGs
[2025-03-13T11:32:27.445+0000] {logging_mixin.py:151} INFO - [2025-03-13T11:32:27.445+0000] {dag.py:3722} INFO - Setting next_dagrun for extract_exchange_rates to 2025-03-13T00:00:00+00:00, run_after=2025-03-14T00:00:00+00:00
[2025-03-13T11:32:27.451+0000] {processor.py:179} INFO - Processing /opt/airflow/dags/extract_exchange_rates.py took 0.034 seconds
[2025-03-13T11:32:57.665+0000] {processor.py:157} INFO - Started process (PID=8315) to work on /opt/airflow/dags/extract_exchange_rates.py
[2025-03-13T11:32:57.665+0000] {processor.py:829} INFO - Processing file /opt/airflow/dags/extract_exchange_rates.py for tasks to queue
[2025-03-13T11:32:57.666+0000] {logging_mixin.py:151} INFO - [2025-03-13T11:32:57.666+0000] {dagbag.py:536} INFO - Filling up the DagBag from /opt/airflow/dags/extract_exchange_rates.py
[2025-03-13T11:32:57.675+0000] {processor.py:839} INFO - DAG(s) dict_keys(['extract_exchange_rates']) retrieved from /opt/airflow/dags/extract_exchange_rates.py
[2025-03-13T11:32:57.687+0000] {logging_mixin.py:151} INFO - [2025-03-13T11:32:57.687+0000] {dag.py:2941} INFO - Sync 1 DAGs
[2025-03-13T11:32:57.697+0000] {logging_mixin.py:151} INFO - [2025-03-13T11:32:57.696+0000] {dag.py:3722} INFO - Setting next_dagrun for extract_exchange_rates to 2025-03-13T00:00:00+00:00, run_after=2025-03-14T00:00:00+00:00
[2025-03-13T11:32:57.704+0000] {processor.py:179} INFO - Processing /opt/airflow/dags/extract_exchange_rates.py took 0.041 seconds
[2025-03-13T11:33:27.902+0000] {processor.py:157} INFO - Started process (PID=8320) to work on /opt/airflow/dags/extract_exchange_rates.py
[2025-03-13T11:33:27.903+0000] {processor.py:829} INFO - Processing file /opt/airflow/dags/extract_exchange_rates.py for tasks to queue
[2025-03-13T11:33:27.903+0000] {logging_mixin.py:151} INFO - [2025-03-13T11:33:27.903+0000] {dagbag.py:536} INFO - Filling up the DagBag from /opt/airflow/dags/extract_exchange_rates.py
[2025-03-13T11:33:27.913+0000] {processor.py:839} INFO - DAG(s) dict_keys(['extract_exchange_rates']) retrieved from /opt/airflow/dags/extract_exchange_rates.py
[2025-03-13T11:33:27.925+0000] {logging_mixin.py:151} INFO - [2025-03-13T11:33:27.925+0000] {dag.py:2941} INFO - Sync 1 DAGs
[2025-03-13T11:33:27.936+0000] {logging_mixin.py:151} INFO - [2025-03-13T11:33:27.936+0000] {dag.py:3722} INFO - Setting next_dagrun for extract_exchange_rates to 2025-03-13T00:00:00+00:00, run_after=2025-03-14T00:00:00+00:00
[2025-03-13T11:33:27.942+0000] {processor.py:179} INFO - Processing /opt/airflow/dags/extract_exchange_rates.py took 0.042 seconds
[2025-03-13T11:33:58.157+0000] {processor.py:157} INFO - Started process (PID=8325) to work on /opt/airflow/dags/extract_exchange_rates.py
[2025-03-13T11:33:58.157+0000] {processor.py:829} INFO - Processing file /opt/airflow/dags/extract_exchange_rates.py for tasks to queue
[2025-03-13T11:33:58.158+0000] {logging_mixin.py:151} INFO - [2025-03-13T11:33:58.158+0000] {dagbag.py:536} INFO - Filling up the DagBag from /opt/airflow/dags/extract_exchange_rates.py
[2025-03-13T11:33:58.166+0000] {processor.py:839} INFO - DAG(s) dict_keys(['extract_exchange_rates']) retrieved from /opt/airflow/dags/extract_exchange_rates.py
[2025-03-13T11:33:58.180+0000] {logging_mixin.py:151} INFO - [2025-03-13T11:33:58.179+0000] {dag.py:2941} INFO - Sync 1 DAGs
[2025-03-13T11:33:58.189+0000] {logging_mixin.py:151} INFO - [2025-03-13T11:33:58.189+0000] {dag.py:3722} INFO - Setting next_dagrun for extract_exchange_rates to 2025-03-13T00:00:00+00:00, run_after=2025-03-14T00:00:00+00:00
[2025-03-13T11:33:58.196+0000] {processor.py:179} INFO - Processing /opt/airflow/dags/extract_exchange_rates.py took 0.042 seconds
[2025-03-13T11:34:28.413+0000] {processor.py:157} INFO - Started process (PID=8330) to work on /opt/airflow/dags/extract_exchange_rates.py
[2025-03-13T11:34:28.414+0000] {processor.py:829} INFO - Processing file /opt/airflow/dags/extract_exchange_rates.py for tasks to queue
[2025-03-13T11:34:28.414+0000] {logging_mixin.py:151} INFO - [2025-03-13T11:34:28.414+0000] {dagbag.py:536} INFO - Filling up the DagBag from /opt/airflow/dags/extract_exchange_rates.py
[2025-03-13T11:34:28.423+0000] {processor.py:839} INFO - DAG(s) dict_keys(['extract_exchange_rates']) retrieved from /opt/airflow/dags/extract_exchange_rates.py
[2025-03-13T11:34:28.437+0000] {logging_mixin.py:151} INFO - [2025-03-13T11:34:28.437+0000] {dag.py:2941} INFO - Sync 1 DAGs
[2025-03-13T11:34:28.446+0000] {logging_mixin.py:151} INFO - [2025-03-13T11:34:28.446+0000] {dag.py:3722} INFO - Setting next_dagrun for extract_exchange_rates to 2025-03-13T00:00:00+00:00, run_after=2025-03-14T00:00:00+00:00
[2025-03-13T11:34:28.454+0000] {processor.py:179} INFO - Processing /opt/airflow/dags/extract_exchange_rates.py took 0.043 seconds
[2025-03-13T11:34:58.662+0000] {processor.py:157} INFO - Started process (PID=8335) to work on /opt/airflow/dags/extract_exchange_rates.py
[2025-03-13T11:34:58.662+0000] {processor.py:829} INFO - Processing file /opt/airflow/dags/extract_exchange_rates.py for tasks to queue
[2025-03-13T11:34:58.663+0000] {logging_mixin.py:151} INFO - [2025-03-13T11:34:58.663+0000] {dagbag.py:536} INFO - Filling up the DagBag from /opt/airflow/dags/extract_exchange_rates.py
[2025-03-13T11:34:58.673+0000] {processor.py:839} INFO - DAG(s) dict_keys(['extract_exchange_rates']) retrieved from /opt/airflow/dags/extract_exchange_rates.py
[2025-03-13T11:34:58.686+0000] {logging_mixin.py:151} INFO - [2025-03-13T11:34:58.686+0000] {dag.py:2941} INFO - Sync 1 DAGs
[2025-03-13T11:34:58.696+0000] {logging_mixin.py:151} INFO - [2025-03-13T11:34:58.696+0000] {dag.py:3722} INFO - Setting next_dagrun for extract_exchange_rates to 2025-03-13T00:00:00+00:00, run_after=2025-03-14T00:00:00+00:00
[2025-03-13T11:34:58.702+0000] {processor.py:179} INFO - Processing /opt/airflow/dags/extract_exchange_rates.py took 0.043 seconds
[2025-03-13T11:35:28.920+0000] {processor.py:157} INFO - Started process (PID=8340) to work on /opt/airflow/dags/extract_exchange_rates.py
[2025-03-13T11:35:28.921+0000] {processor.py:829} INFO - Processing file /opt/airflow/dags/extract_exchange_rates.py for tasks to queue
[2025-03-13T11:35:28.922+0000] {logging_mixin.py:151} INFO - [2025-03-13T11:35:28.921+0000] {dagbag.py:536} INFO - Filling up the DagBag from /opt/airflow/dags/extract_exchange_rates.py
[2025-03-13T11:35:28.931+0000] {processor.py:839} INFO - DAG(s) dict_keys(['extract_exchange_rates']) retrieved from /opt/airflow/dags/extract_exchange_rates.py
[2025-03-13T11:35:28.944+0000] {logging_mixin.py:151} INFO - [2025-03-13T11:35:28.944+0000] {dag.py:2941} INFO - Sync 1 DAGs
[2025-03-13T11:35:28.954+0000] {logging_mixin.py:151} INFO - [2025-03-13T11:35:28.954+0000] {dag.py:3722} INFO - Setting next_dagrun for extract_exchange_rates to 2025-03-13T00:00:00+00:00, run_after=2025-03-14T00:00:00+00:00
[2025-03-13T11:35:28.961+0000] {processor.py:179} INFO - Processing /opt/airflow/dags/extract_exchange_rates.py took 0.042 seconds
[2025-03-13T11:35:59.176+0000] {processor.py:157} INFO - Started process (PID=8345) to work on /opt/airflow/dags/extract_exchange_rates.py
[2025-03-13T11:35:59.177+0000] {processor.py:829} INFO - Processing file /opt/airflow/dags/extract_exchange_rates.py for tasks to queue
[2025-03-13T11:35:59.177+0000] {logging_mixin.py:151} INFO - [2025-03-13T11:35:59.177+0000] {dagbag.py:536} INFO - Filling up the DagBag from /opt/airflow/dags/extract_exchange_rates.py
[2025-03-13T11:35:59.187+0000] {processor.py:839} INFO - DAG(s) dict_keys(['extract_exchange_rates']) retrieved from /opt/airflow/dags/extract_exchange_rates.py
[2025-03-13T11:35:59.201+0000] {logging_mixin.py:151} INFO - [2025-03-13T11:35:59.201+0000] {dag.py:2941} INFO - Sync 1 DAGs
[2025-03-13T11:35:59.210+0000] {logging_mixin.py:151} INFO - [2025-03-13T11:35:59.210+0000] {dag.py:3722} INFO - Setting next_dagrun for extract_exchange_rates to 2025-03-13T00:00:00+00:00, run_after=2025-03-14T00:00:00+00:00
[2025-03-13T11:35:59.218+0000] {processor.py:179} INFO - Processing /opt/airflow/dags/extract_exchange_rates.py took 0.044 seconds
[2025-03-13T11:36:29.433+0000] {processor.py:157} INFO - Started process (PID=8350) to work on /opt/airflow/dags/extract_exchange_rates.py
[2025-03-13T11:36:29.433+0000] {processor.py:829} INFO - Processing file /opt/airflow/dags/extract_exchange_rates.py for tasks to queue
[2025-03-13T11:36:29.434+0000] {logging_mixin.py:151} INFO - [2025-03-13T11:36:29.434+0000] {dagbag.py:536} INFO - Filling up the DagBag from /opt/airflow/dags/extract_exchange_rates.py
[2025-03-13T11:36:29.442+0000] {processor.py:839} INFO - DAG(s) dict_keys(['extract_exchange_rates']) retrieved from /opt/airflow/dags/extract_exchange_rates.py
[2025-03-13T11:36:29.454+0000] {logging_mixin.py:151} INFO - [2025-03-13T11:36:29.454+0000] {dag.py:2941} INFO - Sync 1 DAGs
[2025-03-13T11:36:29.464+0000] {logging_mixin.py:151} INFO - [2025-03-13T11:36:29.464+0000] {dag.py:3722} INFO - Setting next_dagrun for extract_exchange_rates to 2025-03-13T00:00:00+00:00, run_after=2025-03-14T00:00:00+00:00
[2025-03-13T11:36:29.471+0000] {processor.py:179} INFO - Processing /opt/airflow/dags/extract_exchange_rates.py took 0.039 seconds
[2025-03-13T11:36:59.693+0000] {processor.py:157} INFO - Started process (PID=8355) to work on /opt/airflow/dags/extract_exchange_rates.py
[2025-03-13T11:36:59.694+0000] {processor.py:829} INFO - Processing file /opt/airflow/dags/extract_exchange_rates.py for tasks to queue
[2025-03-13T11:36:59.694+0000] {logging_mixin.py:151} INFO - [2025-03-13T11:36:59.694+0000] {dagbag.py:536} INFO - Filling up the DagBag from /opt/airflow/dags/extract_exchange_rates.py
[2025-03-13T11:36:59.702+0000] {processor.py:839} INFO - DAG(s) dict_keys(['extract_exchange_rates']) retrieved from /opt/airflow/dags/extract_exchange_rates.py
[2025-03-13T11:36:59.716+0000] {logging_mixin.py:151} INFO - [2025-03-13T11:36:59.716+0000] {dag.py:2941} INFO - Sync 1 DAGs
[2025-03-13T11:36:59.726+0000] {logging_mixin.py:151} INFO - [2025-03-13T11:36:59.726+0000] {dag.py:3722} INFO - Setting next_dagrun for extract_exchange_rates to 2025-03-13T00:00:00+00:00, run_after=2025-03-14T00:00:00+00:00
[2025-03-13T11:36:59.733+0000] {processor.py:179} INFO - Processing /opt/airflow/dags/extract_exchange_rates.py took 0.042 seconds
[2025-03-13T11:37:29.915+0000] {processor.py:157} INFO - Started process (PID=8360) to work on /opt/airflow/dags/extract_exchange_rates.py
[2025-03-13T11:37:29.916+0000] {processor.py:829} INFO - Processing file /opt/airflow/dags/extract_exchange_rates.py for tasks to queue
[2025-03-13T11:37:29.916+0000] {logging_mixin.py:151} INFO - [2025-03-13T11:37:29.916+0000] {dagbag.py:536} INFO - Filling up the DagBag from /opt/airflow/dags/extract_exchange_rates.py
[2025-03-13T11:37:29.924+0000] {processor.py:839} INFO - DAG(s) dict_keys(['extract_exchange_rates']) retrieved from /opt/airflow/dags/extract_exchange_rates.py
[2025-03-13T11:37:29.937+0000] {logging_mixin.py:151} INFO - [2025-03-13T11:37:29.937+0000] {dag.py:2941} INFO - Sync 1 DAGs
[2025-03-13T11:37:29.947+0000] {logging_mixin.py:151} INFO - [2025-03-13T11:37:29.946+0000] {dag.py:3722} INFO - Setting next_dagrun for extract_exchange_rates to 2025-03-13T00:00:00+00:00, run_after=2025-03-14T00:00:00+00:00
[2025-03-13T11:37:29.953+0000] {processor.py:179} INFO - Processing /opt/airflow/dags/extract_exchange_rates.py took 0.040 seconds
[2025-03-13T11:38:00.163+0000] {processor.py:157} INFO - Started process (PID=8365) to work on /opt/airflow/dags/extract_exchange_rates.py
[2025-03-13T11:38:00.163+0000] {processor.py:829} INFO - Processing file /opt/airflow/dags/extract_exchange_rates.py for tasks to queue
[2025-03-13T11:38:00.164+0000] {logging_mixin.py:151} INFO - [2025-03-13T11:38:00.164+0000] {dagbag.py:536} INFO - Filling up the DagBag from /opt/airflow/dags/extract_exchange_rates.py
[2025-03-13T11:38:00.173+0000] {processor.py:839} INFO - DAG(s) dict_keys(['extract_exchange_rates']) retrieved from /opt/airflow/dags/extract_exchange_rates.py
[2025-03-13T11:38:00.186+0000] {logging_mixin.py:151} INFO - [2025-03-13T11:38:00.186+0000] {dag.py:2941} INFO - Sync 1 DAGs
[2025-03-13T11:38:00.196+0000] {logging_mixin.py:151} INFO - [2025-03-13T11:38:00.195+0000] {dag.py:3722} INFO - Setting next_dagrun for extract_exchange_rates to 2025-03-13T00:00:00+00:00, run_after=2025-03-14T00:00:00+00:00
[2025-03-13T11:38:00.203+0000] {processor.py:179} INFO - Processing /opt/airflow/dags/extract_exchange_rates.py took 0.042 seconds
[2025-03-13T11:38:30.418+0000] {processor.py:157} INFO - Started process (PID=8370) to work on /opt/airflow/dags/extract_exchange_rates.py
[2025-03-13T11:38:30.419+0000] {processor.py:829} INFO - Processing file /opt/airflow/dags/extract_exchange_rates.py for tasks to queue
[2025-03-13T11:38:30.419+0000] {logging_mixin.py:151} INFO - [2025-03-13T11:38:30.419+0000] {dagbag.py:536} INFO - Filling up the DagBag from /opt/airflow/dags/extract_exchange_rates.py
[2025-03-13T11:38:30.428+0000] {processor.py:839} INFO - DAG(s) dict_keys(['extract_exchange_rates']) retrieved from /opt/airflow/dags/extract_exchange_rates.py
[2025-03-13T11:38:30.441+0000] {logging_mixin.py:151} INFO - [2025-03-13T11:38:30.441+0000] {dag.py:2941} INFO - Sync 1 DAGs
[2025-03-13T11:38:30.450+0000] {logging_mixin.py:151} INFO - [2025-03-13T11:38:30.450+0000] {dag.py:3722} INFO - Setting next_dagrun for extract_exchange_rates to 2025-03-13T00:00:00+00:00, run_after=2025-03-14T00:00:00+00:00
[2025-03-13T11:38:30.457+0000] {processor.py:179} INFO - Processing /opt/airflow/dags/extract_exchange_rates.py took 0.041 seconds
[2025-03-13T11:39:00.659+0000] {processor.py:157} INFO - Started process (PID=8375) to work on /opt/airflow/dags/extract_exchange_rates.py
[2025-03-13T11:39:00.659+0000] {processor.py:829} INFO - Processing file /opt/airflow/dags/extract_exchange_rates.py for tasks to queue
[2025-03-13T11:39:00.660+0000] {logging_mixin.py:151} INFO - [2025-03-13T11:39:00.660+0000] {dagbag.py:536} INFO - Filling up the DagBag from /opt/airflow/dags/extract_exchange_rates.py
[2025-03-13T11:39:00.670+0000] {processor.py:839} INFO - DAG(s) dict_keys(['extract_exchange_rates']) retrieved from /opt/airflow/dags/extract_exchange_rates.py
[2025-03-13T11:39:00.683+0000] {logging_mixin.py:151} INFO - [2025-03-13T11:39:00.683+0000] {dag.py:2941} INFO - Sync 1 DAGs
[2025-03-13T11:39:00.694+0000] {logging_mixin.py:151} INFO - [2025-03-13T11:39:00.694+0000] {dag.py:3722} INFO - Setting next_dagrun for extract_exchange_rates to 2025-03-13T00:00:00+00:00, run_after=2025-03-14T00:00:00+00:00
[2025-03-13T11:39:00.702+0000] {processor.py:179} INFO - Processing /opt/airflow/dags/extract_exchange_rates.py took 0.045 seconds
[2025-03-13T11:39:30.902+0000] {processor.py:157} INFO - Started process (PID=8380) to work on /opt/airflow/dags/extract_exchange_rates.py
[2025-03-13T11:39:30.903+0000] {processor.py:829} INFO - Processing file /opt/airflow/dags/extract_exchange_rates.py for tasks to queue
[2025-03-13T11:39:30.904+0000] {logging_mixin.py:151} INFO - [2025-03-13T11:39:30.904+0000] {dagbag.py:536} INFO - Filling up the DagBag from /opt/airflow/dags/extract_exchange_rates.py
[2025-03-13T11:39:30.912+0000] {processor.py:839} INFO - DAG(s) dict_keys(['extract_exchange_rates']) retrieved from /opt/airflow/dags/extract_exchange_rates.py
[2025-03-13T11:39:30.926+0000] {logging_mixin.py:151} INFO - [2025-03-13T11:39:30.926+0000] {dag.py:2941} INFO - Sync 1 DAGs
[2025-03-13T11:39:30.936+0000] {logging_mixin.py:151} INFO - [2025-03-13T11:39:30.936+0000] {dag.py:3722} INFO - Setting next_dagrun for extract_exchange_rates to 2025-03-13T00:00:00+00:00, run_after=2025-03-14T00:00:00+00:00
[2025-03-13T11:39:30.943+0000] {processor.py:179} INFO - Processing /opt/airflow/dags/extract_exchange_rates.py took 0.043 seconds
[2025-03-13T11:40:01.161+0000] {processor.py:157} INFO - Started process (PID=8385) to work on /opt/airflow/dags/extract_exchange_rates.py
[2025-03-13T11:40:01.161+0000] {processor.py:829} INFO - Processing file /opt/airflow/dags/extract_exchange_rates.py for tasks to queue
[2025-03-13T11:40:01.162+0000] {logging_mixin.py:151} INFO - [2025-03-13T11:40:01.162+0000] {dagbag.py:536} INFO - Filling up the DagBag from /opt/airflow/dags/extract_exchange_rates.py
[2025-03-13T11:40:01.172+0000] {processor.py:839} INFO - DAG(s) dict_keys(['extract_exchange_rates']) retrieved from /opt/airflow/dags/extract_exchange_rates.py
[2025-03-13T11:40:01.185+0000] {logging_mixin.py:151} INFO - [2025-03-13T11:40:01.185+0000] {dag.py:2941} INFO - Sync 1 DAGs
[2025-03-13T11:40:01.195+0000] {logging_mixin.py:151} INFO - [2025-03-13T11:40:01.195+0000] {dag.py:3722} INFO - Setting next_dagrun for extract_exchange_rates to 2025-03-13T00:00:00+00:00, run_after=2025-03-14T00:00:00+00:00
[2025-03-13T11:40:01.201+0000] {processor.py:179} INFO - Processing /opt/airflow/dags/extract_exchange_rates.py took 0.043 seconds
[2025-03-13T11:40:31.405+0000] {processor.py:157} INFO - Started process (PID=8390) to work on /opt/airflow/dags/extract_exchange_rates.py
[2025-03-13T11:40:31.406+0000] {processor.py:829} INFO - Processing file /opt/airflow/dags/extract_exchange_rates.py for tasks to queue
[2025-03-13T11:40:31.407+0000] {logging_mixin.py:151} INFO - [2025-03-13T11:40:31.407+0000] {dagbag.py:536} INFO - Filling up the DagBag from /opt/airflow/dags/extract_exchange_rates.py
[2025-03-13T11:40:31.416+0000] {processor.py:839} INFO - DAG(s) dict_keys(['extract_exchange_rates']) retrieved from /opt/airflow/dags/extract_exchange_rates.py
[2025-03-13T11:40:31.430+0000] {logging_mixin.py:151} INFO - [2025-03-13T11:40:31.430+0000] {dag.py:2941} INFO - Sync 1 DAGs
[2025-03-13T11:40:31.439+0000] {logging_mixin.py:151} INFO - [2025-03-13T11:40:31.439+0000] {dag.py:3722} INFO - Setting next_dagrun for extract_exchange_rates to 2025-03-13T00:00:00+00:00, run_after=2025-03-14T00:00:00+00:00
[2025-03-13T11:40:31.446+0000] {processor.py:179} INFO - Processing /opt/airflow/dags/extract_exchange_rates.py took 0.043 seconds
[2025-03-13T11:41:01.662+0000] {processor.py:157} INFO - Started process (PID=8395) to work on /opt/airflow/dags/extract_exchange_rates.py
[2025-03-13T11:41:01.662+0000] {processor.py:829} INFO - Processing file /opt/airflow/dags/extract_exchange_rates.py for tasks to queue
[2025-03-13T11:41:01.663+0000] {logging_mixin.py:151} INFO - [2025-03-13T11:41:01.663+0000] {dagbag.py:536} INFO - Filling up the DagBag from /opt/airflow/dags/extract_exchange_rates.py
[2025-03-13T11:41:01.671+0000] {processor.py:839} INFO - DAG(s) dict_keys(['extract_exchange_rates']) retrieved from /opt/airflow/dags/extract_exchange_rates.py
[2025-03-13T11:41:01.684+0000] {logging_mixin.py:151} INFO - [2025-03-13T11:41:01.684+0000] {dag.py:2941} INFO - Sync 1 DAGs
[2025-03-13T11:41:01.694+0000] {logging_mixin.py:151} INFO - [2025-03-13T11:41:01.694+0000] {dag.py:3722} INFO - Setting next_dagrun for extract_exchange_rates to 2025-03-13T00:00:00+00:00, run_after=2025-03-14T00:00:00+00:00
[2025-03-13T11:41:01.701+0000] {processor.py:179} INFO - Processing /opt/airflow/dags/extract_exchange_rates.py took 0.041 seconds
[2025-03-13T11:41:31.905+0000] {processor.py:157} INFO - Started process (PID=8400) to work on /opt/airflow/dags/extract_exchange_rates.py
[2025-03-13T11:41:31.906+0000] {processor.py:829} INFO - Processing file /opt/airflow/dags/extract_exchange_rates.py for tasks to queue
[2025-03-13T11:41:31.906+0000] {logging_mixin.py:151} INFO - [2025-03-13T11:41:31.906+0000] {dagbag.py:536} INFO - Filling up the DagBag from /opt/airflow/dags/extract_exchange_rates.py
[2025-03-13T11:41:31.915+0000] {processor.py:839} INFO - DAG(s) dict_keys(['extract_exchange_rates']) retrieved from /opt/airflow/dags/extract_exchange_rates.py
[2025-03-13T11:41:31.929+0000] {logging_mixin.py:151} INFO - [2025-03-13T11:41:31.928+0000] {dag.py:2941} INFO - Sync 1 DAGs
[2025-03-13T11:41:31.938+0000] {logging_mixin.py:151} INFO - [2025-03-13T11:41:31.938+0000] {dag.py:3722} INFO - Setting next_dagrun for extract_exchange_rates to 2025-03-13T00:00:00+00:00, run_after=2025-03-14T00:00:00+00:00
[2025-03-13T11:41:31.946+0000] {processor.py:179} INFO - Processing /opt/airflow/dags/extract_exchange_rates.py took 0.043 seconds
[2025-03-13T11:42:02.152+0000] {processor.py:157} INFO - Started process (PID=8405) to work on /opt/airflow/dags/extract_exchange_rates.py
[2025-03-13T11:42:02.152+0000] {processor.py:829} INFO - Processing file /opt/airflow/dags/extract_exchange_rates.py for tasks to queue
[2025-03-13T11:42:02.153+0000] {logging_mixin.py:151} INFO - [2025-03-13T11:42:02.152+0000] {dagbag.py:536} INFO - Filling up the DagBag from /opt/airflow/dags/extract_exchange_rates.py
[2025-03-13T11:42:02.161+0000] {processor.py:839} INFO - DAG(s) dict_keys(['extract_exchange_rates']) retrieved from /opt/airflow/dags/extract_exchange_rates.py
[2025-03-13T11:42:02.174+0000] {logging_mixin.py:151} INFO - [2025-03-13T11:42:02.174+0000] {dag.py:2941} INFO - Sync 1 DAGs
[2025-03-13T11:42:02.184+0000] {logging_mixin.py:151} INFO - [2025-03-13T11:42:02.184+0000] {dag.py:3722} INFO - Setting next_dagrun for extract_exchange_rates to 2025-03-13T00:00:00+00:00, run_after=2025-03-14T00:00:00+00:00
[2025-03-13T11:42:02.191+0000] {processor.py:179} INFO - Processing /opt/airflow/dags/extract_exchange_rates.py took 0.041 seconds
[2025-03-13T11:42:32.391+0000] {processor.py:157} INFO - Started process (PID=8410) to work on /opt/airflow/dags/extract_exchange_rates.py
[2025-03-13T11:42:32.391+0000] {processor.py:829} INFO - Processing file /opt/airflow/dags/extract_exchange_rates.py for tasks to queue
[2025-03-13T11:42:32.392+0000] {logging_mixin.py:151} INFO - [2025-03-13T11:42:32.392+0000] {dagbag.py:536} INFO - Filling up the DagBag from /opt/airflow/dags/extract_exchange_rates.py
[2025-03-13T11:42:32.400+0000] {processor.py:839} INFO - DAG(s) dict_keys(['extract_exchange_rates']) retrieved from /opt/airflow/dags/extract_exchange_rates.py
[2025-03-13T11:42:32.413+0000] {logging_mixin.py:151} INFO - [2025-03-13T11:42:32.413+0000] {dag.py:2941} INFO - Sync 1 DAGs
[2025-03-13T11:42:32.423+0000] {logging_mixin.py:151} INFO - [2025-03-13T11:42:32.423+0000] {dag.py:3722} INFO - Setting next_dagrun for extract_exchange_rates to 2025-03-13T00:00:00+00:00, run_after=2025-03-14T00:00:00+00:00
[2025-03-13T11:42:32.430+0000] {processor.py:179} INFO - Processing /opt/airflow/dags/extract_exchange_rates.py took 0.042 seconds
[2025-03-13T11:43:02.649+0000] {processor.py:157} INFO - Started process (PID=8415) to work on /opt/airflow/dags/extract_exchange_rates.py
[2025-03-13T11:43:02.650+0000] {processor.py:829} INFO - Processing file /opt/airflow/dags/extract_exchange_rates.py for tasks to queue
[2025-03-13T11:43:02.651+0000] {logging_mixin.py:151} INFO - [2025-03-13T11:43:02.650+0000] {dagbag.py:536} INFO - Filling up the DagBag from /opt/airflow/dags/extract_exchange_rates.py
[2025-03-13T11:43:02.659+0000] {processor.py:839} INFO - DAG(s) dict_keys(['extract_exchange_rates']) retrieved from /opt/airflow/dags/extract_exchange_rates.py
[2025-03-13T11:43:02.672+0000] {logging_mixin.py:151} INFO - [2025-03-13T11:43:02.672+0000] {dag.py:2941} INFO - Sync 1 DAGs
[2025-03-13T11:43:02.682+0000] {logging_mixin.py:151} INFO - [2025-03-13T11:43:02.682+0000] {dag.py:3722} INFO - Setting next_dagrun for extract_exchange_rates to 2025-03-13T00:00:00+00:00, run_after=2025-03-14T00:00:00+00:00
[2025-03-13T11:43:02.689+0000] {processor.py:179} INFO - Processing /opt/airflow/dags/extract_exchange_rates.py took 0.042 seconds
[2025-03-13T11:43:32.901+0000] {processor.py:157} INFO - Started process (PID=8420) to work on /opt/airflow/dags/extract_exchange_rates.py
[2025-03-13T11:43:32.902+0000] {processor.py:829} INFO - Processing file /opt/airflow/dags/extract_exchange_rates.py for tasks to queue
[2025-03-13T11:43:32.903+0000] {logging_mixin.py:151} INFO - [2025-03-13T11:43:32.902+0000] {dagbag.py:536} INFO - Filling up the DagBag from /opt/airflow/dags/extract_exchange_rates.py
[2025-03-13T11:43:32.911+0000] {processor.py:839} INFO - DAG(s) dict_keys(['extract_exchange_rates']) retrieved from /opt/airflow/dags/extract_exchange_rates.py
[2025-03-13T11:43:32.925+0000] {logging_mixin.py:151} INFO - [2025-03-13T11:43:32.924+0000] {dag.py:2941} INFO - Sync 1 DAGs
[2025-03-13T11:43:32.934+0000] {logging_mixin.py:151} INFO - [2025-03-13T11:43:32.934+0000] {dag.py:3722} INFO - Setting next_dagrun for extract_exchange_rates to 2025-03-13T00:00:00+00:00, run_after=2025-03-14T00:00:00+00:00
[2025-03-13T11:43:32.941+0000] {processor.py:179} INFO - Processing /opt/airflow/dags/extract_exchange_rates.py took 0.042 seconds
[2025-03-13T11:44:03.161+0000] {processor.py:157} INFO - Started process (PID=8425) to work on /opt/airflow/dags/extract_exchange_rates.py
[2025-03-13T11:44:03.162+0000] {processor.py:829} INFO - Processing file /opt/airflow/dags/extract_exchange_rates.py for tasks to queue
[2025-03-13T11:44:03.162+0000] {logging_mixin.py:151} INFO - [2025-03-13T11:44:03.162+0000] {dagbag.py:536} INFO - Filling up the DagBag from /opt/airflow/dags/extract_exchange_rates.py
[2025-03-13T11:44:03.171+0000] {processor.py:839} INFO - DAG(s) dict_keys(['extract_exchange_rates']) retrieved from /opt/airflow/dags/extract_exchange_rates.py
[2025-03-13T11:44:03.185+0000] {logging_mixin.py:151} INFO - [2025-03-13T11:44:03.185+0000] {dag.py:2941} INFO - Sync 1 DAGs
[2025-03-13T11:44:03.194+0000] {logging_mixin.py:151} INFO - [2025-03-13T11:44:03.194+0000] {dag.py:3722} INFO - Setting next_dagrun for extract_exchange_rates to 2025-03-13T00:00:00+00:00, run_after=2025-03-14T00:00:00+00:00
[2025-03-13T11:44:03.201+0000] {processor.py:179} INFO - Processing /opt/airflow/dags/extract_exchange_rates.py took 0.043 seconds
[2025-03-13T11:44:33.412+0000] {processor.py:157} INFO - Started process (PID=8430) to work on /opt/airflow/dags/extract_exchange_rates.py
[2025-03-13T11:44:33.412+0000] {processor.py:829} INFO - Processing file /opt/airflow/dags/extract_exchange_rates.py for tasks to queue
[2025-03-13T11:44:33.413+0000] {logging_mixin.py:151} INFO - [2025-03-13T11:44:33.413+0000] {dagbag.py:536} INFO - Filling up the DagBag from /opt/airflow/dags/extract_exchange_rates.py
[2025-03-13T11:44:33.423+0000] {processor.py:839} INFO - DAG(s) dict_keys(['extract_exchange_rates']) retrieved from /opt/airflow/dags/extract_exchange_rates.py
[2025-03-13T11:44:33.437+0000] {logging_mixin.py:151} INFO - [2025-03-13T11:44:33.437+0000] {dag.py:2941} INFO - Sync 1 DAGs
[2025-03-13T11:44:33.446+0000] {logging_mixin.py:151} INFO - [2025-03-13T11:44:33.446+0000] {dag.py:3722} INFO - Setting next_dagrun for extract_exchange_rates to 2025-03-13T00:00:00+00:00, run_after=2025-03-14T00:00:00+00:00
[2025-03-13T11:44:33.454+0000] {processor.py:179} INFO - Processing /opt/airflow/dags/extract_exchange_rates.py took 0.045 seconds
[2025-03-13T11:45:03.630+0000] {processor.py:157} INFO - Started process (PID=8435) to work on /opt/airflow/dags/extract_exchange_rates.py
[2025-03-13T11:45:03.630+0000] {processor.py:829} INFO - Processing file /opt/airflow/dags/extract_exchange_rates.py for tasks to queue
[2025-03-13T11:45:03.631+0000] {logging_mixin.py:151} INFO - [2025-03-13T11:45:03.631+0000] {dagbag.py:536} INFO - Filling up the DagBag from /opt/airflow/dags/extract_exchange_rates.py
[2025-03-13T11:45:03.641+0000] {processor.py:839} INFO - DAG(s) dict_keys(['extract_exchange_rates']) retrieved from /opt/airflow/dags/extract_exchange_rates.py
[2025-03-13T11:45:03.656+0000] {logging_mixin.py:151} INFO - [2025-03-13T11:45:03.656+0000] {dag.py:2941} INFO - Sync 1 DAGs
[2025-03-13T11:45:03.667+0000] {logging_mixin.py:151} INFO - [2025-03-13T11:45:03.666+0000] {dag.py:3722} INFO - Setting next_dagrun for extract_exchange_rates to 2025-03-13T00:00:00+00:00, run_after=2025-03-14T00:00:00+00:00
[2025-03-13T11:45:03.674+0000] {processor.py:179} INFO - Processing /opt/airflow/dags/extract_exchange_rates.py took 0.046 seconds
[2025-03-13T11:45:33.860+0000] {processor.py:157} INFO - Started process (PID=8440) to work on /opt/airflow/dags/extract_exchange_rates.py
[2025-03-13T11:45:33.860+0000] {processor.py:829} INFO - Processing file /opt/airflow/dags/extract_exchange_rates.py for tasks to queue
[2025-03-13T11:45:33.861+0000] {logging_mixin.py:151} INFO - [2025-03-13T11:45:33.861+0000] {dagbag.py:536} INFO - Filling up the DagBag from /opt/airflow/dags/extract_exchange_rates.py
[2025-03-13T11:45:33.871+0000] {processor.py:839} INFO - DAG(s) dict_keys(['extract_exchange_rates']) retrieved from /opt/airflow/dags/extract_exchange_rates.py
[2025-03-13T11:45:33.884+0000] {logging_mixin.py:151} INFO - [2025-03-13T11:45:33.884+0000] {dag.py:2941} INFO - Sync 1 DAGs
[2025-03-13T11:45:33.894+0000] {logging_mixin.py:151} INFO - [2025-03-13T11:45:33.894+0000] {dag.py:3722} INFO - Setting next_dagrun for extract_exchange_rates to 2025-03-13T00:00:00+00:00, run_after=2025-03-14T00:00:00+00:00
[2025-03-13T11:45:33.901+0000] {processor.py:179} INFO - Processing /opt/airflow/dags/extract_exchange_rates.py took 0.044 seconds
[2025-03-13T11:46:04.098+0000] {processor.py:157} INFO - Started process (PID=8445) to work on /opt/airflow/dags/extract_exchange_rates.py
[2025-03-13T11:46:04.099+0000] {processor.py:829} INFO - Processing file /opt/airflow/dags/extract_exchange_rates.py for tasks to queue
[2025-03-13T11:46:04.099+0000] {logging_mixin.py:151} INFO - [2025-03-13T11:46:04.099+0000] {dagbag.py:536} INFO - Filling up the DagBag from /opt/airflow/dags/extract_exchange_rates.py
[2025-03-13T11:46:04.107+0000] {processor.py:839} INFO - DAG(s) dict_keys(['extract_exchange_rates']) retrieved from /opt/airflow/dags/extract_exchange_rates.py
[2025-03-13T11:46:04.120+0000] {logging_mixin.py:151} INFO - [2025-03-13T11:46:04.120+0000] {dag.py:2941} INFO - Sync 1 DAGs
[2025-03-13T11:46:04.129+0000] {logging_mixin.py:151} INFO - [2025-03-13T11:46:04.129+0000] {dag.py:3722} INFO - Setting next_dagrun for extract_exchange_rates to 2025-03-13T00:00:00+00:00, run_after=2025-03-14T00:00:00+00:00
[2025-03-13T11:46:04.136+0000] {processor.py:179} INFO - Processing /opt/airflow/dags/extract_exchange_rates.py took 0.040 seconds
[2025-03-13T11:46:34.385+0000] {processor.py:157} INFO - Started process (PID=8450) to work on /opt/airflow/dags/extract_exchange_rates.py
[2025-03-13T11:46:34.386+0000] {processor.py:829} INFO - Processing file /opt/airflow/dags/extract_exchange_rates.py for tasks to queue
[2025-03-13T11:46:34.387+0000] {logging_mixin.py:151} INFO - [2025-03-13T11:46:34.387+0000] {dagbag.py:536} INFO - Filling up the DagBag from /opt/airflow/dags/extract_exchange_rates.py
[2025-03-13T11:46:34.398+0000] {processor.py:839} INFO - DAG(s) dict_keys(['extract_exchange_rates']) retrieved from /opt/airflow/dags/extract_exchange_rates.py
[2025-03-13T11:46:34.410+0000] {logging_mixin.py:151} INFO - [2025-03-13T11:46:34.410+0000] {dag.py:2941} INFO - Sync 1 DAGs
[2025-03-13T11:46:34.420+0000] {logging_mixin.py:151} INFO - [2025-03-13T11:46:34.420+0000] {dag.py:3722} INFO - Setting next_dagrun for extract_exchange_rates to 2025-03-13T00:00:00+00:00, run_after=2025-03-14T00:00:00+00:00
[2025-03-13T11:46:34.427+0000] {processor.py:179} INFO - Processing /opt/airflow/dags/extract_exchange_rates.py took 0.044 seconds
[2025-03-13T11:47:04.631+0000] {processor.py:157} INFO - Started process (PID=8455) to work on /opt/airflow/dags/extract_exchange_rates.py
[2025-03-13T11:47:04.631+0000] {processor.py:829} INFO - Processing file /opt/airflow/dags/extract_exchange_rates.py for tasks to queue
[2025-03-13T11:47:04.632+0000] {logging_mixin.py:151} INFO - [2025-03-13T11:47:04.632+0000] {dagbag.py:536} INFO - Filling up the DagBag from /opt/airflow/dags/extract_exchange_rates.py
[2025-03-13T11:47:04.642+0000] {processor.py:839} INFO - DAG(s) dict_keys(['extract_exchange_rates']) retrieved from /opt/airflow/dags/extract_exchange_rates.py
[2025-03-13T11:47:04.655+0000] {logging_mixin.py:151} INFO - [2025-03-13T11:47:04.655+0000] {dag.py:2941} INFO - Sync 1 DAGs
[2025-03-13T11:47:04.664+0000] {logging_mixin.py:151} INFO - [2025-03-13T11:47:04.664+0000] {dag.py:3722} INFO - Setting next_dagrun for extract_exchange_rates to 2025-03-13T00:00:00+00:00, run_after=2025-03-14T00:00:00+00:00
[2025-03-13T11:47:04.671+0000] {processor.py:179} INFO - Processing /opt/airflow/dags/extract_exchange_rates.py took 0.043 seconds
[2025-03-13T11:47:34.857+0000] {processor.py:157} INFO - Started process (PID=8460) to work on /opt/airflow/dags/extract_exchange_rates.py
[2025-03-13T11:47:34.858+0000] {processor.py:829} INFO - Processing file /opt/airflow/dags/extract_exchange_rates.py for tasks to queue
[2025-03-13T11:47:34.858+0000] {logging_mixin.py:151} INFO - [2025-03-13T11:47:34.858+0000] {dagbag.py:536} INFO - Filling up the DagBag from /opt/airflow/dags/extract_exchange_rates.py
[2025-03-13T11:47:34.868+0000] {processor.py:839} INFO - DAG(s) dict_keys(['extract_exchange_rates']) retrieved from /opt/airflow/dags/extract_exchange_rates.py
[2025-03-13T11:47:34.880+0000] {logging_mixin.py:151} INFO - [2025-03-13T11:47:34.880+0000] {dag.py:2941} INFO - Sync 1 DAGs
[2025-03-13T11:47:34.890+0000] {logging_mixin.py:151} INFO - [2025-03-13T11:47:34.890+0000] {dag.py:3722} INFO - Setting next_dagrun for extract_exchange_rates to 2025-03-13T00:00:00+00:00, run_after=2025-03-14T00:00:00+00:00
[2025-03-13T11:47:34.897+0000] {processor.py:179} INFO - Processing /opt/airflow/dags/extract_exchange_rates.py took 0.043 seconds
[2025-03-13T11:48:05.102+0000] {processor.py:157} INFO - Started process (PID=8465) to work on /opt/airflow/dags/extract_exchange_rates.py
[2025-03-13T11:48:05.102+0000] {processor.py:829} INFO - Processing file /opt/airflow/dags/extract_exchange_rates.py for tasks to queue
[2025-03-13T11:48:05.103+0000] {logging_mixin.py:151} INFO - [2025-03-13T11:48:05.103+0000] {dagbag.py:536} INFO - Filling up the DagBag from /opt/airflow/dags/extract_exchange_rates.py
[2025-03-13T11:48:05.111+0000] {processor.py:839} INFO - DAG(s) dict_keys(['extract_exchange_rates']) retrieved from /opt/airflow/dags/extract_exchange_rates.py
[2025-03-13T11:48:05.123+0000] {logging_mixin.py:151} INFO - [2025-03-13T11:48:05.123+0000] {dag.py:2941} INFO - Sync 1 DAGs
[2025-03-13T11:48:05.133+0000] {logging_mixin.py:151} INFO - [2025-03-13T11:48:05.133+0000] {dag.py:3722} INFO - Setting next_dagrun for extract_exchange_rates to 2025-03-13T00:00:00+00:00, run_after=2025-03-14T00:00:00+00:00
[2025-03-13T11:48:05.139+0000] {processor.py:179} INFO - Processing /opt/airflow/dags/extract_exchange_rates.py took 0.039 seconds
[2025-03-13T11:48:35.338+0000] {processor.py:157} INFO - Started process (PID=8470) to work on /opt/airflow/dags/extract_exchange_rates.py
[2025-03-13T11:48:35.339+0000] {processor.py:829} INFO - Processing file /opt/airflow/dags/extract_exchange_rates.py for tasks to queue
[2025-03-13T11:48:35.339+0000] {logging_mixin.py:151} INFO - [2025-03-13T11:48:35.339+0000] {dagbag.py:536} INFO - Filling up the DagBag from /opt/airflow/dags/extract_exchange_rates.py
[2025-03-13T11:48:35.347+0000] {processor.py:839} INFO - DAG(s) dict_keys(['extract_exchange_rates']) retrieved from /opt/airflow/dags/extract_exchange_rates.py
[2025-03-13T11:48:35.360+0000] {logging_mixin.py:151} INFO - [2025-03-13T11:48:35.360+0000] {dag.py:2941} INFO - Sync 1 DAGs
[2025-03-13T11:48:35.370+0000] {logging_mixin.py:151} INFO - [2025-03-13T11:48:35.370+0000] {dag.py:3722} INFO - Setting next_dagrun for extract_exchange_rates to 2025-03-13T00:00:00+00:00, run_after=2025-03-14T00:00:00+00:00
[2025-03-13T11:48:35.376+0000] {processor.py:179} INFO - Processing /opt/airflow/dags/extract_exchange_rates.py took 0.040 seconds
[2025-03-13T11:49:05.591+0000] {processor.py:157} INFO - Started process (PID=8475) to work on /opt/airflow/dags/extract_exchange_rates.py
[2025-03-13T11:49:05.591+0000] {processor.py:829} INFO - Processing file /opt/airflow/dags/extract_exchange_rates.py for tasks to queue
[2025-03-13T11:49:05.591+0000] {logging_mixin.py:151} INFO - [2025-03-13T11:49:05.591+0000] {dagbag.py:536} INFO - Filling up the DagBag from /opt/airflow/dags/extract_exchange_rates.py
[2025-03-13T11:49:05.599+0000] {processor.py:839} INFO - DAG(s) dict_keys(['extract_exchange_rates']) retrieved from /opt/airflow/dags/extract_exchange_rates.py
[2025-03-13T11:49:05.611+0000] {logging_mixin.py:151} INFO - [2025-03-13T11:49:05.611+0000] {dag.py:2941} INFO - Sync 1 DAGs
[2025-03-13T11:49:05.620+0000] {logging_mixin.py:151} INFO - [2025-03-13T11:49:05.620+0000] {dag.py:3722} INFO - Setting next_dagrun for extract_exchange_rates to 2025-03-13T00:00:00+00:00, run_after=2025-03-14T00:00:00+00:00
[2025-03-13T11:49:05.627+0000] {processor.py:179} INFO - Processing /opt/airflow/dags/extract_exchange_rates.py took 0.038 seconds
[2025-03-13T11:49:35.821+0000] {processor.py:157} INFO - Started process (PID=8480) to work on /opt/airflow/dags/extract_exchange_rates.py
[2025-03-13T11:49:35.822+0000] {processor.py:829} INFO - Processing file /opt/airflow/dags/extract_exchange_rates.py for tasks to queue
[2025-03-13T11:49:35.823+0000] {logging_mixin.py:151} INFO - [2025-03-13T11:49:35.822+0000] {dagbag.py:536} INFO - Filling up the DagBag from /opt/airflow/dags/extract_exchange_rates.py
[2025-03-13T11:49:35.833+0000] {processor.py:839} INFO - DAG(s) dict_keys(['extract_exchange_rates']) retrieved from /opt/airflow/dags/extract_exchange_rates.py
[2025-03-13T11:49:35.846+0000] {logging_mixin.py:151} INFO - [2025-03-13T11:49:35.846+0000] {dag.py:2941} INFO - Sync 1 DAGs
[2025-03-13T11:49:35.855+0000] {logging_mixin.py:151} INFO - [2025-03-13T11:49:35.855+0000] {dag.py:3722} INFO - Setting next_dagrun for extract_exchange_rates to 2025-03-13T00:00:00+00:00, run_after=2025-03-14T00:00:00+00:00
[2025-03-13T11:49:35.862+0000] {processor.py:179} INFO - Processing /opt/airflow/dags/extract_exchange_rates.py took 0.043 seconds
[2025-03-13T11:50:06.059+0000] {processor.py:157} INFO - Started process (PID=8485) to work on /opt/airflow/dags/extract_exchange_rates.py
[2025-03-13T11:50:06.060+0000] {processor.py:829} INFO - Processing file /opt/airflow/dags/extract_exchange_rates.py for tasks to queue
[2025-03-13T11:50:06.061+0000] {logging_mixin.py:151} INFO - [2025-03-13T11:50:06.060+0000] {dagbag.py:536} INFO - Filling up the DagBag from /opt/airflow/dags/extract_exchange_rates.py
[2025-03-13T11:50:06.069+0000] {processor.py:839} INFO - DAG(s) dict_keys(['extract_exchange_rates']) retrieved from /opt/airflow/dags/extract_exchange_rates.py
[2025-03-13T11:50:06.082+0000] {logging_mixin.py:151} INFO - [2025-03-13T11:50:06.082+0000] {dag.py:2941} INFO - Sync 1 DAGs
[2025-03-13T11:50:06.092+0000] {logging_mixin.py:151} INFO - [2025-03-13T11:50:06.092+0000] {dag.py:3722} INFO - Setting next_dagrun for extract_exchange_rates to 2025-03-13T00:00:00+00:00, run_after=2025-03-14T00:00:00+00:00
[2025-03-13T11:50:06.100+0000] {processor.py:179} INFO - Processing /opt/airflow/dags/extract_exchange_rates.py took 0.042 seconds
[2025-03-13T11:50:36.321+0000] {processor.py:157} INFO - Started process (PID=8490) to work on /opt/airflow/dags/extract_exchange_rates.py
[2025-03-13T11:50:36.322+0000] {processor.py:829} INFO - Processing file /opt/airflow/dags/extract_exchange_rates.py for tasks to queue
[2025-03-13T11:50:36.323+0000] {logging_mixin.py:151} INFO - [2025-03-13T11:50:36.322+0000] {dagbag.py:536} INFO - Filling up the DagBag from /opt/airflow/dags/extract_exchange_rates.py
[2025-03-13T11:50:36.332+0000] {processor.py:839} INFO - DAG(s) dict_keys(['extract_exchange_rates']) retrieved from /opt/airflow/dags/extract_exchange_rates.py
[2025-03-13T11:50:36.346+0000] {logging_mixin.py:151} INFO - [2025-03-13T11:50:36.346+0000] {dag.py:2941} INFO - Sync 1 DAGs
[2025-03-13T11:50:36.356+0000] {logging_mixin.py:151} INFO - [2025-03-13T11:50:36.356+0000] {dag.py:3722} INFO - Setting next_dagrun for extract_exchange_rates to 2025-03-13T00:00:00+00:00, run_after=2025-03-14T00:00:00+00:00
[2025-03-13T11:50:36.363+0000] {processor.py:179} INFO - Processing /opt/airflow/dags/extract_exchange_rates.py took 0.044 seconds
[2025-03-13T11:51:06.567+0000] {processor.py:157} INFO - Started process (PID=8495) to work on /opt/airflow/dags/extract_exchange_rates.py
[2025-03-13T11:51:06.567+0000] {processor.py:829} INFO - Processing file /opt/airflow/dags/extract_exchange_rates.py for tasks to queue
[2025-03-13T11:51:06.568+0000] {logging_mixin.py:151} INFO - [2025-03-13T11:51:06.568+0000] {dagbag.py:536} INFO - Filling up the DagBag from /opt/airflow/dags/extract_exchange_rates.py
[2025-03-13T11:51:06.576+0000] {processor.py:839} INFO - DAG(s) dict_keys(['extract_exchange_rates']) retrieved from /opt/airflow/dags/extract_exchange_rates.py
[2025-03-13T11:51:06.589+0000] {logging_mixin.py:151} INFO - [2025-03-13T11:51:06.589+0000] {dag.py:2941} INFO - Sync 1 DAGs
[2025-03-13T11:51:06.599+0000] {logging_mixin.py:151} INFO - [2025-03-13T11:51:06.599+0000] {dag.py:3722} INFO - Setting next_dagrun for extract_exchange_rates to 2025-03-13T00:00:00+00:00, run_after=2025-03-14T00:00:00+00:00
[2025-03-13T11:51:06.606+0000] {processor.py:179} INFO - Processing /opt/airflow/dags/extract_exchange_rates.py took 0.041 seconds
[2025-03-13T11:51:36.827+0000] {processor.py:157} INFO - Started process (PID=8500) to work on /opt/airflow/dags/extract_exchange_rates.py
[2025-03-13T11:51:36.827+0000] {processor.py:829} INFO - Processing file /opt/airflow/dags/extract_exchange_rates.py for tasks to queue
[2025-03-13T11:51:36.828+0000] {logging_mixin.py:151} INFO - [2025-03-13T11:51:36.828+0000] {dagbag.py:536} INFO - Filling up the DagBag from /opt/airflow/dags/extract_exchange_rates.py
[2025-03-13T11:51:36.834+0000] {processor.py:839} INFO - DAG(s) dict_keys(['extract_exchange_rates']) retrieved from /opt/airflow/dags/extract_exchange_rates.py
[2025-03-13T11:51:36.846+0000] {logging_mixin.py:151} INFO - [2025-03-13T11:51:36.846+0000] {dag.py:2941} INFO - Sync 1 DAGs
[2025-03-13T11:51:36.857+0000] {logging_mixin.py:151} INFO - [2025-03-13T11:51:36.857+0000] {dag.py:3722} INFO - Setting next_dagrun for extract_exchange_rates to 2025-03-13T00:00:00+00:00, run_after=2025-03-14T00:00:00+00:00
[2025-03-13T11:51:36.864+0000] {processor.py:179} INFO - Processing /opt/airflow/dags/extract_exchange_rates.py took 0.039 seconds
[2025-03-13T11:52:07.090+0000] {processor.py:157} INFO - Started process (PID=8505) to work on /opt/airflow/dags/extract_exchange_rates.py
[2025-03-13T11:52:07.091+0000] {processor.py:829} INFO - Processing file /opt/airflow/dags/extract_exchange_rates.py for tasks to queue
[2025-03-13T11:52:07.091+0000] {logging_mixin.py:151} INFO - [2025-03-13T11:52:07.091+0000] {dagbag.py:536} INFO - Filling up the DagBag from /opt/airflow/dags/extract_exchange_rates.py
[2025-03-13T11:52:07.100+0000] {processor.py:839} INFO - DAG(s) dict_keys(['extract_exchange_rates']) retrieved from /opt/airflow/dags/extract_exchange_rates.py
[2025-03-13T11:52:07.113+0000] {logging_mixin.py:151} INFO - [2025-03-13T11:52:07.113+0000] {dag.py:2941} INFO - Sync 1 DAGs
[2025-03-13T11:52:07.122+0000] {logging_mixin.py:151} INFO - [2025-03-13T11:52:07.122+0000] {dag.py:3722} INFO - Setting next_dagrun for extract_exchange_rates to 2025-03-13T00:00:00+00:00, run_after=2025-03-14T00:00:00+00:00
[2025-03-13T11:52:07.129+0000] {processor.py:179} INFO - Processing /opt/airflow/dags/extract_exchange_rates.py took 0.041 seconds
[2025-03-13T11:52:37.353+0000] {processor.py:157} INFO - Started process (PID=8510) to work on /opt/airflow/dags/extract_exchange_rates.py
[2025-03-13T11:52:37.354+0000] {processor.py:829} INFO - Processing file /opt/airflow/dags/extract_exchange_rates.py for tasks to queue
[2025-03-13T11:52:37.354+0000] {logging_mixin.py:151} INFO - [2025-03-13T11:52:37.354+0000] {dagbag.py:536} INFO - Filling up the DagBag from /opt/airflow/dags/extract_exchange_rates.py
[2025-03-13T11:52:37.363+0000] {processor.py:839} INFO - DAG(s) dict_keys(['extract_exchange_rates']) retrieved from /opt/airflow/dags/extract_exchange_rates.py
[2025-03-13T11:52:37.376+0000] {logging_mixin.py:151} INFO - [2025-03-13T11:52:37.376+0000] {dag.py:2941} INFO - Sync 1 DAGs
[2025-03-13T11:52:37.386+0000] {logging_mixin.py:151} INFO - [2025-03-13T11:52:37.386+0000] {dag.py:3722} INFO - Setting next_dagrun for extract_exchange_rates to 2025-03-13T00:00:00+00:00, run_after=2025-03-14T00:00:00+00:00
[2025-03-13T11:52:37.393+0000] {processor.py:179} INFO - Processing /opt/airflow/dags/extract_exchange_rates.py took 0.042 seconds
[2025-03-13T11:53:07.589+0000] {processor.py:157} INFO - Started process (PID=8515) to work on /opt/airflow/dags/extract_exchange_rates.py
[2025-03-13T11:53:07.590+0000] {processor.py:829} INFO - Processing file /opt/airflow/dags/extract_exchange_rates.py for tasks to queue
[2025-03-13T11:53:07.590+0000] {logging_mixin.py:151} INFO - [2025-03-13T11:53:07.590+0000] {dagbag.py:536} INFO - Filling up the DagBag from /opt/airflow/dags/extract_exchange_rates.py
[2025-03-13T11:53:07.598+0000] {processor.py:839} INFO - DAG(s) dict_keys(['extract_exchange_rates']) retrieved from /opt/airflow/dags/extract_exchange_rates.py
[2025-03-13T11:53:07.610+0000] {logging_mixin.py:151} INFO - [2025-03-13T11:53:07.610+0000] {dag.py:2941} INFO - Sync 1 DAGs
[2025-03-13T11:53:07.620+0000] {logging_mixin.py:151} INFO - [2025-03-13T11:53:07.619+0000] {dag.py:3722} INFO - Setting next_dagrun for extract_exchange_rates to 2025-03-13T00:00:00+00:00, run_after=2025-03-14T00:00:00+00:00
[2025-03-13T11:53:07.627+0000] {processor.py:179} INFO - Processing /opt/airflow/dags/extract_exchange_rates.py took 0.039 seconds
[2025-03-13T11:53:37.827+0000] {processor.py:157} INFO - Started process (PID=8520) to work on /opt/airflow/dags/extract_exchange_rates.py
[2025-03-13T11:53:37.828+0000] {processor.py:829} INFO - Processing file /opt/airflow/dags/extract_exchange_rates.py for tasks to queue
[2025-03-13T11:53:37.828+0000] {logging_mixin.py:151} INFO - [2025-03-13T11:53:37.828+0000] {dagbag.py:536} INFO - Filling up the DagBag from /opt/airflow/dags/extract_exchange_rates.py
[2025-03-13T11:53:37.837+0000] {processor.py:839} INFO - DAG(s) dict_keys(['extract_exchange_rates']) retrieved from /opt/airflow/dags/extract_exchange_rates.py
[2025-03-13T11:53:37.850+0000] {logging_mixin.py:151} INFO - [2025-03-13T11:53:37.850+0000] {dag.py:2941} INFO - Sync 1 DAGs
[2025-03-13T11:53:37.860+0000] {logging_mixin.py:151} INFO - [2025-03-13T11:53:37.860+0000] {dag.py:3722} INFO - Setting next_dagrun for extract_exchange_rates to 2025-03-13T00:00:00+00:00, run_after=2025-03-14T00:00:00+00:00
[2025-03-13T11:53:37.867+0000] {processor.py:179} INFO - Processing /opt/airflow/dags/extract_exchange_rates.py took 0.042 seconds
[2025-03-13T11:54:08.084+0000] {processor.py:157} INFO - Started process (PID=8525) to work on /opt/airflow/dags/extract_exchange_rates.py
[2025-03-13T11:54:08.084+0000] {processor.py:829} INFO - Processing file /opt/airflow/dags/extract_exchange_rates.py for tasks to queue
[2025-03-13T11:54:08.085+0000] {logging_mixin.py:151} INFO - [2025-03-13T11:54:08.085+0000] {dagbag.py:536} INFO - Filling up the DagBag from /opt/airflow/dags/extract_exchange_rates.py
[2025-03-13T11:54:08.093+0000] {processor.py:839} INFO - DAG(s) dict_keys(['extract_exchange_rates']) retrieved from /opt/airflow/dags/extract_exchange_rates.py
[2025-03-13T11:54:08.107+0000] {logging_mixin.py:151} INFO - [2025-03-13T11:54:08.106+0000] {dag.py:2941} INFO - Sync 1 DAGs
[2025-03-13T11:54:08.117+0000] {logging_mixin.py:151} INFO - [2025-03-13T11:54:08.117+0000] {dag.py:3722} INFO - Setting next_dagrun for extract_exchange_rates to 2025-03-13T00:00:00+00:00, run_after=2025-03-14T00:00:00+00:00
[2025-03-13T11:54:08.123+0000] {processor.py:179} INFO - Processing /opt/airflow/dags/extract_exchange_rates.py took 0.042 seconds
[2025-03-13T11:54:38.327+0000] {processor.py:157} INFO - Started process (PID=8530) to work on /opt/airflow/dags/extract_exchange_rates.py
[2025-03-13T11:54:38.327+0000] {processor.py:829} INFO - Processing file /opt/airflow/dags/extract_exchange_rates.py for tasks to queue
[2025-03-13T11:54:38.328+0000] {logging_mixin.py:151} INFO - [2025-03-13T11:54:38.328+0000] {dagbag.py:536} INFO - Filling up the DagBag from /opt/airflow/dags/extract_exchange_rates.py
[2025-03-13T11:54:38.338+0000] {processor.py:839} INFO - DAG(s) dict_keys(['extract_exchange_rates']) retrieved from /opt/airflow/dags/extract_exchange_rates.py
[2025-03-13T11:54:38.352+0000] {logging_mixin.py:151} INFO - [2025-03-13T11:54:38.352+0000] {dag.py:2941} INFO - Sync 1 DAGs
[2025-03-13T11:54:38.363+0000] {logging_mixin.py:151} INFO - [2025-03-13T11:54:38.362+0000] {dag.py:3722} INFO - Setting next_dagrun for extract_exchange_rates to 2025-03-13T00:00:00+00:00, run_after=2025-03-14T00:00:00+00:00
[2025-03-13T11:54:38.369+0000] {processor.py:179} INFO - Processing /opt/airflow/dags/extract_exchange_rates.py took 0.045 seconds
[2025-03-13T11:55:08.572+0000] {processor.py:157} INFO - Started process (PID=8535) to work on /opt/airflow/dags/extract_exchange_rates.py
[2025-03-13T11:55:08.573+0000] {processor.py:829} INFO - Processing file /opt/airflow/dags/extract_exchange_rates.py for tasks to queue
[2025-03-13T11:55:08.573+0000] {logging_mixin.py:151} INFO - [2025-03-13T11:55:08.573+0000] {dagbag.py:536} INFO - Filling up the DagBag from /opt/airflow/dags/extract_exchange_rates.py
[2025-03-13T11:55:08.583+0000] {processor.py:839} INFO - DAG(s) dict_keys(['extract_exchange_rates']) retrieved from /opt/airflow/dags/extract_exchange_rates.py
[2025-03-13T11:55:08.596+0000] {logging_mixin.py:151} INFO - [2025-03-13T11:55:08.596+0000] {dag.py:2941} INFO - Sync 1 DAGs
[2025-03-13T11:55:08.605+0000] {logging_mixin.py:151} INFO - [2025-03-13T11:55:08.605+0000] {dag.py:3722} INFO - Setting next_dagrun for extract_exchange_rates to 2025-03-13T00:00:00+00:00, run_after=2025-03-14T00:00:00+00:00
[2025-03-13T11:55:08.612+0000] {processor.py:179} INFO - Processing /opt/airflow/dags/extract_exchange_rates.py took 0.042 seconds
[2025-03-13T11:55:38.829+0000] {processor.py:157} INFO - Started process (PID=8540) to work on /opt/airflow/dags/extract_exchange_rates.py
[2025-03-13T11:55:38.830+0000] {processor.py:829} INFO - Processing file /opt/airflow/dags/extract_exchange_rates.py for tasks to queue
[2025-03-13T11:55:38.830+0000] {logging_mixin.py:151} INFO - [2025-03-13T11:55:38.830+0000] {dagbag.py:536} INFO - Filling up the DagBag from /opt/airflow/dags/extract_exchange_rates.py
[2025-03-13T11:55:38.840+0000] {processor.py:839} INFO - DAG(s) dict_keys(['extract_exchange_rates']) retrieved from /opt/airflow/dags/extract_exchange_rates.py
[2025-03-13T11:55:38.855+0000] {logging_mixin.py:151} INFO - [2025-03-13T11:55:38.854+0000] {dag.py:2941} INFO - Sync 1 DAGs
[2025-03-13T11:55:38.865+0000] {logging_mixin.py:151} INFO - [2025-03-13T11:55:38.865+0000] {dag.py:3722} INFO - Setting next_dagrun for extract_exchange_rates to 2025-03-13T00:00:00+00:00, run_after=2025-03-14T00:00:00+00:00
[2025-03-13T11:55:38.872+0000] {processor.py:179} INFO - Processing /opt/airflow/dags/extract_exchange_rates.py took 0.046 seconds
[2025-03-13T11:56:09.089+0000] {processor.py:157} INFO - Started process (PID=8545) to work on /opt/airflow/dags/extract_exchange_rates.py
[2025-03-13T11:56:09.089+0000] {processor.py:829} INFO - Processing file /opt/airflow/dags/extract_exchange_rates.py for tasks to queue
[2025-03-13T11:56:09.090+0000] {logging_mixin.py:151} INFO - [2025-03-13T11:56:09.090+0000] {dagbag.py:536} INFO - Filling up the DagBag from /opt/airflow/dags/extract_exchange_rates.py
[2025-03-13T11:56:09.098+0000] {processor.py:839} INFO - DAG(s) dict_keys(['extract_exchange_rates']) retrieved from /opt/airflow/dags/extract_exchange_rates.py
[2025-03-13T11:56:09.111+0000] {logging_mixin.py:151} INFO - [2025-03-13T11:56:09.111+0000] {dag.py:2941} INFO - Sync 1 DAGs
[2025-03-13T11:56:09.121+0000] {logging_mixin.py:151} INFO - [2025-03-13T11:56:09.121+0000] {dag.py:3722} INFO - Setting next_dagrun for extract_exchange_rates to 2025-03-13T00:00:00+00:00, run_after=2025-03-14T00:00:00+00:00
[2025-03-13T11:56:09.128+0000] {processor.py:179} INFO - Processing /opt/airflow/dags/extract_exchange_rates.py took 0.042 seconds
[2025-03-13T11:56:39.330+0000] {processor.py:157} INFO - Started process (PID=8550) to work on /opt/airflow/dags/extract_exchange_rates.py
[2025-03-13T11:56:39.331+0000] {processor.py:829} INFO - Processing file /opt/airflow/dags/extract_exchange_rates.py for tasks to queue
[2025-03-13T11:56:39.332+0000] {logging_mixin.py:151} INFO - [2025-03-13T11:56:39.331+0000] {dagbag.py:536} INFO - Filling up the DagBag from /opt/airflow/dags/extract_exchange_rates.py
[2025-03-13T11:56:39.341+0000] {processor.py:839} INFO - DAG(s) dict_keys(['extract_exchange_rates']) retrieved from /opt/airflow/dags/extract_exchange_rates.py
[2025-03-13T11:56:39.354+0000] {logging_mixin.py:151} INFO - [2025-03-13T11:56:39.354+0000] {dag.py:2941} INFO - Sync 1 DAGs
[2025-03-13T11:56:39.364+0000] {logging_mixin.py:151} INFO - [2025-03-13T11:56:39.364+0000] {dag.py:3722} INFO - Setting next_dagrun for extract_exchange_rates to 2025-03-13T00:00:00+00:00, run_after=2025-03-14T00:00:00+00:00
[2025-03-13T11:56:39.371+0000] {processor.py:179} INFO - Processing /opt/airflow/dags/extract_exchange_rates.py took 0.042 seconds
[2025-03-13T11:57:09.575+0000] {processor.py:157} INFO - Started process (PID=8555) to work on /opt/airflow/dags/extract_exchange_rates.py
[2025-03-13T11:57:09.576+0000] {processor.py:829} INFO - Processing file /opt/airflow/dags/extract_exchange_rates.py for tasks to queue
[2025-03-13T11:57:09.577+0000] {logging_mixin.py:151} INFO - [2025-03-13T11:57:09.576+0000] {dagbag.py:536} INFO - Filling up the DagBag from /opt/airflow/dags/extract_exchange_rates.py
[2025-03-13T11:57:09.587+0000] {processor.py:839} INFO - DAG(s) dict_keys(['extract_exchange_rates']) retrieved from /opt/airflow/dags/extract_exchange_rates.py
[2025-03-13T11:57:09.599+0000] {logging_mixin.py:151} INFO - [2025-03-13T11:57:09.599+0000] {dag.py:2941} INFO - Sync 1 DAGs
[2025-03-13T11:57:09.608+0000] {logging_mixin.py:151} INFO - [2025-03-13T11:57:09.608+0000] {dag.py:3722} INFO - Setting next_dagrun for extract_exchange_rates to 2025-03-13T00:00:00+00:00, run_after=2025-03-14T00:00:00+00:00
[2025-03-13T11:57:09.615+0000] {processor.py:179} INFO - Processing /opt/airflow/dags/extract_exchange_rates.py took 0.042 seconds
[2025-03-13T11:57:39.786+0000] {processor.py:157} INFO - Started process (PID=8560) to work on /opt/airflow/dags/extract_exchange_rates.py
[2025-03-13T11:57:39.787+0000] {processor.py:829} INFO - Processing file /opt/airflow/dags/extract_exchange_rates.py for tasks to queue
[2025-03-13T11:57:39.787+0000] {logging_mixin.py:151} INFO - [2025-03-13T11:57:39.787+0000] {dagbag.py:536} INFO - Filling up the DagBag from /opt/airflow/dags/extract_exchange_rates.py
[2025-03-13T11:57:39.795+0000] {processor.py:839} INFO - DAG(s) dict_keys(['extract_exchange_rates']) retrieved from /opt/airflow/dags/extract_exchange_rates.py
[2025-03-13T11:57:39.807+0000] {logging_mixin.py:151} INFO - [2025-03-13T11:57:39.807+0000] {dag.py:2941} INFO - Sync 1 DAGs
[2025-03-13T11:57:39.816+0000] {logging_mixin.py:151} INFO - [2025-03-13T11:57:39.816+0000] {dag.py:3722} INFO - Setting next_dagrun for extract_exchange_rates to 2025-03-13T00:00:00+00:00, run_after=2025-03-14T00:00:00+00:00
[2025-03-13T11:57:39.823+0000] {processor.py:179} INFO - Processing /opt/airflow/dags/extract_exchange_rates.py took 0.038 seconds
[2025-03-13T11:58:10.040+0000] {processor.py:157} INFO - Started process (PID=8565) to work on /opt/airflow/dags/extract_exchange_rates.py
[2025-03-13T11:58:10.041+0000] {processor.py:829} INFO - Processing file /opt/airflow/dags/extract_exchange_rates.py for tasks to queue
[2025-03-13T11:58:10.041+0000] {logging_mixin.py:151} INFO - [2025-03-13T11:58:10.041+0000] {dagbag.py:536} INFO - Filling up the DagBag from /opt/airflow/dags/extract_exchange_rates.py
[2025-03-13T11:58:10.050+0000] {processor.py:839} INFO - DAG(s) dict_keys(['extract_exchange_rates']) retrieved from /opt/airflow/dags/extract_exchange_rates.py
[2025-03-13T11:58:10.063+0000] {logging_mixin.py:151} INFO - [2025-03-13T11:58:10.063+0000] {dag.py:2941} INFO - Sync 1 DAGs
[2025-03-13T11:58:10.073+0000] {logging_mixin.py:151} INFO - [2025-03-13T11:58:10.072+0000] {dag.py:3722} INFO - Setting next_dagrun for extract_exchange_rates to 2025-03-13T00:00:00+00:00, run_after=2025-03-14T00:00:00+00:00
[2025-03-13T11:58:10.079+0000] {processor.py:179} INFO - Processing /opt/airflow/dags/extract_exchange_rates.py took 0.041 seconds
[2025-03-13T11:58:40.288+0000] {processor.py:157} INFO - Started process (PID=8570) to work on /opt/airflow/dags/extract_exchange_rates.py
[2025-03-13T11:58:40.289+0000] {processor.py:829} INFO - Processing file /opt/airflow/dags/extract_exchange_rates.py for tasks to queue
[2025-03-13T11:58:40.290+0000] {logging_mixin.py:151} INFO - [2025-03-13T11:58:40.290+0000] {dagbag.py:536} INFO - Filling up the DagBag from /opt/airflow/dags/extract_exchange_rates.py
[2025-03-13T11:58:40.299+0000] {processor.py:839} INFO - DAG(s) dict_keys(['extract_exchange_rates']) retrieved from /opt/airflow/dags/extract_exchange_rates.py
[2025-03-13T11:58:40.313+0000] {logging_mixin.py:151} INFO - [2025-03-13T11:58:40.313+0000] {dag.py:2941} INFO - Sync 1 DAGs
[2025-03-13T11:58:40.323+0000] {logging_mixin.py:151} INFO - [2025-03-13T11:58:40.323+0000] {dag.py:3722} INFO - Setting next_dagrun for extract_exchange_rates to 2025-03-13T00:00:00+00:00, run_after=2025-03-14T00:00:00+00:00
[2025-03-13T11:58:40.330+0000] {processor.py:179} INFO - Processing /opt/airflow/dags/extract_exchange_rates.py took 0.044 seconds
[2025-03-13T11:59:10.553+0000] {processor.py:157} INFO - Started process (PID=8575) to work on /opt/airflow/dags/extract_exchange_rates.py
[2025-03-13T11:59:10.553+0000] {processor.py:829} INFO - Processing file /opt/airflow/dags/extract_exchange_rates.py for tasks to queue
[2025-03-13T11:59:10.554+0000] {logging_mixin.py:151} INFO - [2025-03-13T11:59:10.554+0000] {dagbag.py:536} INFO - Filling up the DagBag from /opt/airflow/dags/extract_exchange_rates.py
[2025-03-13T11:59:10.563+0000] {processor.py:839} INFO - DAG(s) dict_keys(['extract_exchange_rates']) retrieved from /opt/airflow/dags/extract_exchange_rates.py
[2025-03-13T11:59:10.576+0000] {logging_mixin.py:151} INFO - [2025-03-13T11:59:10.576+0000] {dag.py:2941} INFO - Sync 1 DAGs
[2025-03-13T11:59:10.586+0000] {logging_mixin.py:151} INFO - [2025-03-13T11:59:10.586+0000] {dag.py:3722} INFO - Setting next_dagrun for extract_exchange_rates to 2025-03-13T00:00:00+00:00, run_after=2025-03-14T00:00:00+00:00
[2025-03-13T11:59:10.593+0000] {processor.py:179} INFO - Processing /opt/airflow/dags/extract_exchange_rates.py took 0.042 seconds
[2025-03-13T11:59:40.802+0000] {processor.py:157} INFO - Started process (PID=8580) to work on /opt/airflow/dags/extract_exchange_rates.py
[2025-03-13T11:59:40.803+0000] {processor.py:829} INFO - Processing file /opt/airflow/dags/extract_exchange_rates.py for tasks to queue
[2025-03-13T11:59:40.803+0000] {logging_mixin.py:151} INFO - [2025-03-13T11:59:40.803+0000] {dagbag.py:536} INFO - Filling up the DagBag from /opt/airflow/dags/extract_exchange_rates.py
[2025-03-13T11:59:40.812+0000] {processor.py:839} INFO - DAG(s) dict_keys(['extract_exchange_rates']) retrieved from /opt/airflow/dags/extract_exchange_rates.py
[2025-03-13T11:59:40.826+0000] {logging_mixin.py:151} INFO - [2025-03-13T11:59:40.826+0000] {dag.py:2941} INFO - Sync 1 DAGs
[2025-03-13T11:59:40.836+0000] {logging_mixin.py:151} INFO - [2025-03-13T11:59:40.836+0000] {dag.py:3722} INFO - Setting next_dagrun for extract_exchange_rates to 2025-03-13T00:00:00+00:00, run_after=2025-03-14T00:00:00+00:00
[2025-03-13T11:59:40.843+0000] {processor.py:179} INFO - Processing /opt/airflow/dags/extract_exchange_rates.py took 0.044 seconds
[2025-03-13T12:00:11.057+0000] {processor.py:157} INFO - Started process (PID=8585) to work on /opt/airflow/dags/extract_exchange_rates.py
[2025-03-13T12:00:11.058+0000] {processor.py:829} INFO - Processing file /opt/airflow/dags/extract_exchange_rates.py for tasks to queue
[2025-03-13T12:00:11.058+0000] {logging_mixin.py:151} INFO - [2025-03-13T12:00:11.058+0000] {dagbag.py:536} INFO - Filling up the DagBag from /opt/airflow/dags/extract_exchange_rates.py
[2025-03-13T12:00:11.068+0000] {processor.py:839} INFO - DAG(s) dict_keys(['extract_exchange_rates']) retrieved from /opt/airflow/dags/extract_exchange_rates.py
[2025-03-13T12:00:11.081+0000] {logging_mixin.py:151} INFO - [2025-03-13T12:00:11.080+0000] {dag.py:2941} INFO - Sync 1 DAGs
[2025-03-13T12:00:11.090+0000] {logging_mixin.py:151} INFO - [2025-03-13T12:00:11.090+0000] {dag.py:3722} INFO - Setting next_dagrun for extract_exchange_rates to 2025-03-13T00:00:00+00:00, run_after=2025-03-14T00:00:00+00:00
[2025-03-13T12:00:11.097+0000] {processor.py:179} INFO - Processing /opt/airflow/dags/extract_exchange_rates.py took 0.042 seconds
[2025-03-13T12:00:41.315+0000] {processor.py:157} INFO - Started process (PID=8590) to work on /opt/airflow/dags/extract_exchange_rates.py
[2025-03-13T12:00:41.316+0000] {processor.py:829} INFO - Processing file /opt/airflow/dags/extract_exchange_rates.py for tasks to queue
[2025-03-13T12:00:41.316+0000] {logging_mixin.py:151} INFO - [2025-03-13T12:00:41.316+0000] {dagbag.py:536} INFO - Filling up the DagBag from /opt/airflow/dags/extract_exchange_rates.py
[2025-03-13T12:00:41.325+0000] {processor.py:839} INFO - DAG(s) dict_keys(['extract_exchange_rates']) retrieved from /opt/airflow/dags/extract_exchange_rates.py
[2025-03-13T12:00:41.339+0000] {logging_mixin.py:151} INFO - [2025-03-13T12:00:41.339+0000] {dag.py:2941} INFO - Sync 1 DAGs
[2025-03-13T12:00:41.349+0000] {logging_mixin.py:151} INFO - [2025-03-13T12:00:41.349+0000] {dag.py:3722} INFO - Setting next_dagrun for extract_exchange_rates to 2025-03-13T00:00:00+00:00, run_after=2025-03-14T00:00:00+00:00
[2025-03-13T12:00:41.356+0000] {processor.py:179} INFO - Processing /opt/airflow/dags/extract_exchange_rates.py took 0.043 seconds
[2025-03-13T12:01:11.552+0000] {processor.py:157} INFO - Started process (PID=8595) to work on /opt/airflow/dags/extract_exchange_rates.py
[2025-03-13T12:01:11.552+0000] {processor.py:829} INFO - Processing file /opt/airflow/dags/extract_exchange_rates.py for tasks to queue
[2025-03-13T12:01:11.553+0000] {logging_mixin.py:151} INFO - [2025-03-13T12:01:11.553+0000] {dagbag.py:536} INFO - Filling up the DagBag from /opt/airflow/dags/extract_exchange_rates.py
[2025-03-13T12:01:11.561+0000] {processor.py:839} INFO - DAG(s) dict_keys(['extract_exchange_rates']) retrieved from /opt/airflow/dags/extract_exchange_rates.py
[2025-03-13T12:01:11.574+0000] {logging_mixin.py:151} INFO - [2025-03-13T12:01:11.574+0000] {dag.py:2941} INFO - Sync 1 DAGs
[2025-03-13T12:01:11.583+0000] {logging_mixin.py:151} INFO - [2025-03-13T12:01:11.583+0000] {dag.py:3722} INFO - Setting next_dagrun for extract_exchange_rates to 2025-03-13T00:00:00+00:00, run_after=2025-03-14T00:00:00+00:00
[2025-03-13T12:01:11.590+0000] {processor.py:179} INFO - Processing /opt/airflow/dags/extract_exchange_rates.py took 0.040 seconds
[2025-03-13T12:01:41.808+0000] {processor.py:157} INFO - Started process (PID=8600) to work on /opt/airflow/dags/extract_exchange_rates.py
[2025-03-13T12:01:41.808+0000] {processor.py:829} INFO - Processing file /opt/airflow/dags/extract_exchange_rates.py for tasks to queue
[2025-03-13T12:01:41.809+0000] {logging_mixin.py:151} INFO - [2025-03-13T12:01:41.809+0000] {dagbag.py:536} INFO - Filling up the DagBag from /opt/airflow/dags/extract_exchange_rates.py
[2025-03-13T12:01:41.818+0000] {processor.py:839} INFO - DAG(s) dict_keys(['extract_exchange_rates']) retrieved from /opt/airflow/dags/extract_exchange_rates.py
[2025-03-13T12:01:41.831+0000] {logging_mixin.py:151} INFO - [2025-03-13T12:01:41.831+0000] {dag.py:2941} INFO - Sync 1 DAGs
[2025-03-13T12:01:41.840+0000] {logging_mixin.py:151} INFO - [2025-03-13T12:01:41.840+0000] {dag.py:3722} INFO - Setting next_dagrun for extract_exchange_rates to 2025-03-13T00:00:00+00:00, run_after=2025-03-14T00:00:00+00:00
[2025-03-13T12:01:41.847+0000] {processor.py:179} INFO - Processing /opt/airflow/dags/extract_exchange_rates.py took 0.042 seconds
[2025-03-13T12:02:12.067+0000] {processor.py:157} INFO - Started process (PID=8605) to work on /opt/airflow/dags/extract_exchange_rates.py
[2025-03-13T12:02:12.068+0000] {processor.py:829} INFO - Processing file /opt/airflow/dags/extract_exchange_rates.py for tasks to queue
[2025-03-13T12:02:12.068+0000] {logging_mixin.py:151} INFO - [2025-03-13T12:02:12.068+0000] {dagbag.py:536} INFO - Filling up the DagBag from /opt/airflow/dags/extract_exchange_rates.py
[2025-03-13T12:02:12.077+0000] {processor.py:839} INFO - DAG(s) dict_keys(['extract_exchange_rates']) retrieved from /opt/airflow/dags/extract_exchange_rates.py
[2025-03-13T12:02:12.090+0000] {logging_mixin.py:151} INFO - [2025-03-13T12:02:12.090+0000] {dag.py:2941} INFO - Sync 1 DAGs
[2025-03-13T12:02:12.100+0000] {logging_mixin.py:151} INFO - [2025-03-13T12:02:12.100+0000] {dag.py:3722} INFO - Setting next_dagrun for extract_exchange_rates to 2025-03-13T00:00:00+00:00, run_after=2025-03-14T00:00:00+00:00
[2025-03-13T12:02:12.107+0000] {processor.py:179} INFO - Processing /opt/airflow/dags/extract_exchange_rates.py took 0.042 seconds
[2025-03-13T12:02:42.310+0000] {processor.py:157} INFO - Started process (PID=8610) to work on /opt/airflow/dags/extract_exchange_rates.py
[2025-03-13T12:02:42.310+0000] {processor.py:829} INFO - Processing file /opt/airflow/dags/extract_exchange_rates.py for tasks to queue
[2025-03-13T12:02:42.311+0000] {logging_mixin.py:151} INFO - [2025-03-13T12:02:42.311+0000] {dagbag.py:536} INFO - Filling up the DagBag from /opt/airflow/dags/extract_exchange_rates.py
[2025-03-13T12:02:42.320+0000] {processor.py:839} INFO - DAG(s) dict_keys(['extract_exchange_rates']) retrieved from /opt/airflow/dags/extract_exchange_rates.py
[2025-03-13T12:02:42.332+0000] {logging_mixin.py:151} INFO - [2025-03-13T12:02:42.332+0000] {dag.py:2941} INFO - Sync 1 DAGs
[2025-03-13T12:02:42.342+0000] {logging_mixin.py:151} INFO - [2025-03-13T12:02:42.342+0000] {dag.py:3722} INFO - Setting next_dagrun for extract_exchange_rates to 2025-03-13T00:00:00+00:00, run_after=2025-03-14T00:00:00+00:00
[2025-03-13T12:02:42.349+0000] {processor.py:179} INFO - Processing /opt/airflow/dags/extract_exchange_rates.py took 0.042 seconds
[2025-03-13T12:03:12.572+0000] {processor.py:157} INFO - Started process (PID=8615) to work on /opt/airflow/dags/extract_exchange_rates.py
[2025-03-13T12:03:12.573+0000] {processor.py:829} INFO - Processing file /opt/airflow/dags/extract_exchange_rates.py for tasks to queue
[2025-03-13T12:03:12.573+0000] {logging_mixin.py:151} INFO - [2025-03-13T12:03:12.573+0000] {dagbag.py:536} INFO - Filling up the DagBag from /opt/airflow/dags/extract_exchange_rates.py
[2025-03-13T12:03:12.582+0000] {processor.py:839} INFO - DAG(s) dict_keys(['extract_exchange_rates']) retrieved from /opt/airflow/dags/extract_exchange_rates.py
[2025-03-13T12:03:12.596+0000] {logging_mixin.py:151} INFO - [2025-03-13T12:03:12.596+0000] {dag.py:2941} INFO - Sync 1 DAGs
[2025-03-13T12:03:12.605+0000] {logging_mixin.py:151} INFO - [2025-03-13T12:03:12.605+0000] {dag.py:3722} INFO - Setting next_dagrun for extract_exchange_rates to 2025-03-13T00:00:00+00:00, run_after=2025-03-14T00:00:00+00:00
[2025-03-13T12:03:12.612+0000] {processor.py:179} INFO - Processing /opt/airflow/dags/extract_exchange_rates.py took 0.042 seconds
[2025-03-13T12:03:42.829+0000] {processor.py:157} INFO - Started process (PID=8620) to work on /opt/airflow/dags/extract_exchange_rates.py
[2025-03-13T12:03:42.830+0000] {processor.py:829} INFO - Processing file /opt/airflow/dags/extract_exchange_rates.py for tasks to queue
[2025-03-13T12:03:42.831+0000] {logging_mixin.py:151} INFO - [2025-03-13T12:03:42.831+0000] {dagbag.py:536} INFO - Filling up the DagBag from /opt/airflow/dags/extract_exchange_rates.py
[2025-03-13T12:03:42.841+0000] {processor.py:839} INFO - DAG(s) dict_keys(['extract_exchange_rates']) retrieved from /opt/airflow/dags/extract_exchange_rates.py
[2025-03-13T12:03:42.854+0000] {logging_mixin.py:151} INFO - [2025-03-13T12:03:42.854+0000] {dag.py:2941} INFO - Sync 1 DAGs
[2025-03-13T12:03:42.864+0000] {logging_mixin.py:151} INFO - [2025-03-13T12:03:42.864+0000] {dag.py:3722} INFO - Setting next_dagrun for extract_exchange_rates to 2025-03-13T00:00:00+00:00, run_after=2025-03-14T00:00:00+00:00
[2025-03-13T12:03:42.871+0000] {processor.py:179} INFO - Processing /opt/airflow/dags/extract_exchange_rates.py took 0.043 seconds
[2025-03-13T12:04:13.085+0000] {processor.py:157} INFO - Started process (PID=8625) to work on /opt/airflow/dags/extract_exchange_rates.py
[2025-03-13T12:04:13.086+0000] {processor.py:829} INFO - Processing file /opt/airflow/dags/extract_exchange_rates.py for tasks to queue
[2025-03-13T12:04:13.087+0000] {logging_mixin.py:151} INFO - [2025-03-13T12:04:13.087+0000] {dagbag.py:536} INFO - Filling up the DagBag from /opt/airflow/dags/extract_exchange_rates.py
[2025-03-13T12:04:13.096+0000] {processor.py:839} INFO - DAG(s) dict_keys(['extract_exchange_rates']) retrieved from /opt/airflow/dags/extract_exchange_rates.py
[2025-03-13T12:04:13.109+0000] {logging_mixin.py:151} INFO - [2025-03-13T12:04:13.109+0000] {dag.py:2941} INFO - Sync 1 DAGs
[2025-03-13T12:04:13.119+0000] {logging_mixin.py:151} INFO - [2025-03-13T12:04:13.119+0000] {dag.py:3722} INFO - Setting next_dagrun for extract_exchange_rates to 2025-03-13T00:00:00+00:00, run_after=2025-03-14T00:00:00+00:00
[2025-03-13T12:04:13.126+0000] {processor.py:179} INFO - Processing /opt/airflow/dags/extract_exchange_rates.py took 0.043 seconds
[2025-03-13T12:04:43.332+0000] {processor.py:157} INFO - Started process (PID=8630) to work on /opt/airflow/dags/extract_exchange_rates.py
[2025-03-13T12:04:43.332+0000] {processor.py:829} INFO - Processing file /opt/airflow/dags/extract_exchange_rates.py for tasks to queue
[2025-03-13T12:04:43.333+0000] {logging_mixin.py:151} INFO - [2025-03-13T12:04:43.333+0000] {dagbag.py:536} INFO - Filling up the DagBag from /opt/airflow/dags/extract_exchange_rates.py
[2025-03-13T12:04:43.341+0000] {processor.py:839} INFO - DAG(s) dict_keys(['extract_exchange_rates']) retrieved from /opt/airflow/dags/extract_exchange_rates.py
[2025-03-13T12:04:43.354+0000] {logging_mixin.py:151} INFO - [2025-03-13T12:04:43.354+0000] {dag.py:2941} INFO - Sync 1 DAGs
[2025-03-13T12:04:43.364+0000] {logging_mixin.py:151} INFO - [2025-03-13T12:04:43.364+0000] {dag.py:3722} INFO - Setting next_dagrun for extract_exchange_rates to 2025-03-13T00:00:00+00:00, run_after=2025-03-14T00:00:00+00:00
[2025-03-13T12:04:43.371+0000] {processor.py:179} INFO - Processing /opt/airflow/dags/extract_exchange_rates.py took 0.042 seconds
[2025-03-13T12:05:13.548+0000] {processor.py:157} INFO - Started process (PID=8635) to work on /opt/airflow/dags/extract_exchange_rates.py
[2025-03-13T12:05:13.549+0000] {processor.py:829} INFO - Processing file /opt/airflow/dags/extract_exchange_rates.py for tasks to queue
[2025-03-13T12:05:13.549+0000] {logging_mixin.py:151} INFO - [2025-03-13T12:05:13.549+0000] {dagbag.py:536} INFO - Filling up the DagBag from /opt/airflow/dags/extract_exchange_rates.py
[2025-03-13T12:05:13.557+0000] {processor.py:839} INFO - DAG(s) dict_keys(['extract_exchange_rates']) retrieved from /opt/airflow/dags/extract_exchange_rates.py
[2025-03-13T12:05:13.570+0000] {logging_mixin.py:151} INFO - [2025-03-13T12:05:13.570+0000] {dag.py:2941} INFO - Sync 1 DAGs
[2025-03-13T12:05:13.579+0000] {logging_mixin.py:151} INFO - [2025-03-13T12:05:13.579+0000] {dag.py:3722} INFO - Setting next_dagrun for extract_exchange_rates to 2025-03-13T00:00:00+00:00, run_after=2025-03-14T00:00:00+00:00
[2025-03-13T12:05:13.586+0000] {processor.py:179} INFO - Processing /opt/airflow/dags/extract_exchange_rates.py took 0.040 seconds
[2025-03-13T12:05:43.786+0000] {processor.py:157} INFO - Started process (PID=8640) to work on /opt/airflow/dags/extract_exchange_rates.py
[2025-03-13T12:05:43.787+0000] {processor.py:829} INFO - Processing file /opt/airflow/dags/extract_exchange_rates.py for tasks to queue
[2025-03-13T12:05:43.787+0000] {logging_mixin.py:151} INFO - [2025-03-13T12:05:43.787+0000] {dagbag.py:536} INFO - Filling up the DagBag from /opt/airflow/dags/extract_exchange_rates.py
[2025-03-13T12:05:43.795+0000] {processor.py:839} INFO - DAG(s) dict_keys(['extract_exchange_rates']) retrieved from /opt/airflow/dags/extract_exchange_rates.py
[2025-03-13T12:05:43.809+0000] {logging_mixin.py:151} INFO - [2025-03-13T12:05:43.809+0000] {dag.py:2941} INFO - Sync 1 DAGs
[2025-03-13T12:05:43.819+0000] {logging_mixin.py:151} INFO - [2025-03-13T12:05:43.819+0000] {dag.py:3722} INFO - Setting next_dagrun for extract_exchange_rates to 2025-03-13T00:00:00+00:00, run_after=2025-03-14T00:00:00+00:00
[2025-03-13T12:05:43.826+0000] {processor.py:179} INFO - Processing /opt/airflow/dags/extract_exchange_rates.py took 0.042 seconds
[2025-03-13T12:06:14.026+0000] {processor.py:157} INFO - Started process (PID=8645) to work on /opt/airflow/dags/extract_exchange_rates.py
[2025-03-13T12:06:14.027+0000] {processor.py:829} INFO - Processing file /opt/airflow/dags/extract_exchange_rates.py for tasks to queue
[2025-03-13T12:06:14.027+0000] {logging_mixin.py:151} INFO - [2025-03-13T12:06:14.027+0000] {dagbag.py:536} INFO - Filling up the DagBag from /opt/airflow/dags/extract_exchange_rates.py
[2025-03-13T12:06:14.034+0000] {processor.py:839} INFO - DAG(s) dict_keys(['extract_exchange_rates']) retrieved from /opt/airflow/dags/extract_exchange_rates.py
[2025-03-13T12:06:14.046+0000] {logging_mixin.py:151} INFO - [2025-03-13T12:06:14.046+0000] {dag.py:2941} INFO - Sync 1 DAGs
[2025-03-13T12:06:14.054+0000] {logging_mixin.py:151} INFO - [2025-03-13T12:06:14.054+0000] {dag.py:3722} INFO - Setting next_dagrun for extract_exchange_rates to 2025-03-13T00:00:00+00:00, run_after=2025-03-14T00:00:00+00:00
[2025-03-13T12:06:14.061+0000] {processor.py:179} INFO - Processing /opt/airflow/dags/extract_exchange_rates.py took 0.036 seconds
[2025-03-13T12:06:44.275+0000] {processor.py:157} INFO - Started process (PID=8650) to work on /opt/airflow/dags/extract_exchange_rates.py
[2025-03-13T12:06:44.275+0000] {processor.py:829} INFO - Processing file /opt/airflow/dags/extract_exchange_rates.py for tasks to queue
[2025-03-13T12:06:44.276+0000] {logging_mixin.py:151} INFO - [2025-03-13T12:06:44.276+0000] {dagbag.py:536} INFO - Filling up the DagBag from /opt/airflow/dags/extract_exchange_rates.py
[2025-03-13T12:06:44.287+0000] {processor.py:839} INFO - DAG(s) dict_keys(['extract_exchange_rates']) retrieved from /opt/airflow/dags/extract_exchange_rates.py
[2025-03-13T12:06:44.302+0000] {logging_mixin.py:151} INFO - [2025-03-13T12:06:44.302+0000] {dag.py:2941} INFO - Sync 1 DAGs
[2025-03-13T12:06:44.313+0000] {logging_mixin.py:151} INFO - [2025-03-13T12:06:44.313+0000] {dag.py:3722} INFO - Setting next_dagrun for extract_exchange_rates to 2025-03-13T00:00:00+00:00, run_after=2025-03-14T00:00:00+00:00
[2025-03-13T12:06:44.321+0000] {processor.py:179} INFO - Processing /opt/airflow/dags/extract_exchange_rates.py took 0.048 seconds
[2025-03-13T12:07:14.521+0000] {processor.py:157} INFO - Started process (PID=8655) to work on /opt/airflow/dags/extract_exchange_rates.py
[2025-03-13T12:07:14.521+0000] {processor.py:829} INFO - Processing file /opt/airflow/dags/extract_exchange_rates.py for tasks to queue
[2025-03-13T12:07:14.522+0000] {logging_mixin.py:151} INFO - [2025-03-13T12:07:14.522+0000] {dagbag.py:536} INFO - Filling up the DagBag from /opt/airflow/dags/extract_exchange_rates.py
[2025-03-13T12:07:14.530+0000] {processor.py:839} INFO - DAG(s) dict_keys(['extract_exchange_rates']) retrieved from /opt/airflow/dags/extract_exchange_rates.py
[2025-03-13T12:07:14.544+0000] {logging_mixin.py:151} INFO - [2025-03-13T12:07:14.543+0000] {dag.py:2941} INFO - Sync 1 DAGs
[2025-03-13T12:07:14.553+0000] {logging_mixin.py:151} INFO - [2025-03-13T12:07:14.553+0000] {dag.py:3722} INFO - Setting next_dagrun for extract_exchange_rates to 2025-03-13T00:00:00+00:00, run_after=2025-03-14T00:00:00+00:00
[2025-03-13T12:07:14.560+0000] {processor.py:179} INFO - Processing /opt/airflow/dags/extract_exchange_rates.py took 0.041 seconds
[2025-03-13T12:07:44.779+0000] {processor.py:157} INFO - Started process (PID=8660) to work on /opt/airflow/dags/extract_exchange_rates.py
[2025-03-13T12:07:44.780+0000] {processor.py:829} INFO - Processing file /opt/airflow/dags/extract_exchange_rates.py for tasks to queue
[2025-03-13T12:07:44.781+0000] {logging_mixin.py:151} INFO - [2025-03-13T12:07:44.781+0000] {dagbag.py:536} INFO - Filling up the DagBag from /opt/airflow/dags/extract_exchange_rates.py
[2025-03-13T12:07:44.791+0000] {processor.py:839} INFO - DAG(s) dict_keys(['extract_exchange_rates']) retrieved from /opt/airflow/dags/extract_exchange_rates.py
[2025-03-13T12:07:44.805+0000] {logging_mixin.py:151} INFO - [2025-03-13T12:07:44.804+0000] {dag.py:2941} INFO - Sync 1 DAGs
[2025-03-13T12:07:44.815+0000] {logging_mixin.py:151} INFO - [2025-03-13T12:07:44.815+0000] {dag.py:3722} INFO - Setting next_dagrun for extract_exchange_rates to 2025-03-13T00:00:00+00:00, run_after=2025-03-14T00:00:00+00:00
[2025-03-13T12:07:44.823+0000] {processor.py:179} INFO - Processing /opt/airflow/dags/extract_exchange_rates.py took 0.045 seconds
[2025-03-13T12:08:15.015+0000] {processor.py:157} INFO - Started process (PID=8665) to work on /opt/airflow/dags/extract_exchange_rates.py
[2025-03-13T12:08:15.016+0000] {processor.py:829} INFO - Processing file /opt/airflow/dags/extract_exchange_rates.py for tasks to queue
[2025-03-13T12:08:15.016+0000] {logging_mixin.py:151} INFO - [2025-03-13T12:08:15.016+0000] {dagbag.py:536} INFO - Filling up the DagBag from /opt/airflow/dags/extract_exchange_rates.py
[2025-03-13T12:08:15.025+0000] {processor.py:839} INFO - DAG(s) dict_keys(['extract_exchange_rates']) retrieved from /opt/airflow/dags/extract_exchange_rates.py
[2025-03-13T12:08:15.037+0000] {logging_mixin.py:151} INFO - [2025-03-13T12:08:15.037+0000] {dag.py:2941} INFO - Sync 1 DAGs
[2025-03-13T12:08:15.047+0000] {logging_mixin.py:151} INFO - [2025-03-13T12:08:15.047+0000] {dag.py:3722} INFO - Setting next_dagrun for extract_exchange_rates to 2025-03-13T00:00:00+00:00, run_after=2025-03-14T00:00:00+00:00
[2025-03-13T12:08:15.054+0000] {processor.py:179} INFO - Processing /opt/airflow/dags/extract_exchange_rates.py took 0.041 seconds
[2025-03-13T12:08:45.249+0000] {processor.py:157} INFO - Started process (PID=8670) to work on /opt/airflow/dags/extract_exchange_rates.py
[2025-03-13T12:08:45.250+0000] {processor.py:829} INFO - Processing file /opt/airflow/dags/extract_exchange_rates.py for tasks to queue
[2025-03-13T12:08:45.250+0000] {logging_mixin.py:151} INFO - [2025-03-13T12:08:45.250+0000] {dagbag.py:536} INFO - Filling up the DagBag from /opt/airflow/dags/extract_exchange_rates.py
[2025-03-13T12:08:45.259+0000] {processor.py:839} INFO - DAG(s) dict_keys(['extract_exchange_rates']) retrieved from /opt/airflow/dags/extract_exchange_rates.py
[2025-03-13T12:08:45.271+0000] {logging_mixin.py:151} INFO - [2025-03-13T12:08:45.271+0000] {dag.py:2941} INFO - Sync 1 DAGs
[2025-03-13T12:08:45.281+0000] {logging_mixin.py:151} INFO - [2025-03-13T12:08:45.280+0000] {dag.py:3722} INFO - Setting next_dagrun for extract_exchange_rates to 2025-03-13T00:00:00+00:00, run_after=2025-03-14T00:00:00+00:00
[2025-03-13T12:08:45.287+0000] {processor.py:179} INFO - Processing /opt/airflow/dags/extract_exchange_rates.py took 0.040 seconds
[2025-03-13T12:09:15.503+0000] {processor.py:157} INFO - Started process (PID=8675) to work on /opt/airflow/dags/extract_exchange_rates.py
[2025-03-13T12:09:15.503+0000] {processor.py:829} INFO - Processing file /opt/airflow/dags/extract_exchange_rates.py for tasks to queue
[2025-03-13T12:09:15.504+0000] {logging_mixin.py:151} INFO - [2025-03-13T12:09:15.504+0000] {dagbag.py:536} INFO - Filling up the DagBag from /opt/airflow/dags/extract_exchange_rates.py
[2025-03-13T12:09:15.512+0000] {processor.py:839} INFO - DAG(s) dict_keys(['extract_exchange_rates']) retrieved from /opt/airflow/dags/extract_exchange_rates.py
[2025-03-13T12:09:15.526+0000] {logging_mixin.py:151} INFO - [2025-03-13T12:09:15.526+0000] {dag.py:2941} INFO - Sync 1 DAGs
[2025-03-13T12:09:15.535+0000] {logging_mixin.py:151} INFO - [2025-03-13T12:09:15.535+0000] {dag.py:3722} INFO - Setting next_dagrun for extract_exchange_rates to 2025-03-13T00:00:00+00:00, run_after=2025-03-14T00:00:00+00:00
[2025-03-13T12:09:15.542+0000] {processor.py:179} INFO - Processing /opt/airflow/dags/extract_exchange_rates.py took 0.042 seconds
[2025-03-13T12:09:45.761+0000] {processor.py:157} INFO - Started process (PID=8680) to work on /opt/airflow/dags/extract_exchange_rates.py
[2025-03-13T12:09:45.762+0000] {processor.py:829} INFO - Processing file /opt/airflow/dags/extract_exchange_rates.py for tasks to queue
[2025-03-13T12:09:45.763+0000] {logging_mixin.py:151} INFO - [2025-03-13T12:09:45.763+0000] {dagbag.py:536} INFO - Filling up the DagBag from /opt/airflow/dags/extract_exchange_rates.py
[2025-03-13T12:09:45.772+0000] {processor.py:839} INFO - DAG(s) dict_keys(['extract_exchange_rates']) retrieved from /opt/airflow/dags/extract_exchange_rates.py
[2025-03-13T12:09:45.785+0000] {logging_mixin.py:151} INFO - [2025-03-13T12:09:45.785+0000] {dag.py:2941} INFO - Sync 1 DAGs
[2025-03-13T12:09:45.795+0000] {logging_mixin.py:151} INFO - [2025-03-13T12:09:45.795+0000] {dag.py:3722} INFO - Setting next_dagrun for extract_exchange_rates to 2025-03-13T00:00:00+00:00, run_after=2025-03-14T00:00:00+00:00
[2025-03-13T12:09:45.802+0000] {processor.py:179} INFO - Processing /opt/airflow/dags/extract_exchange_rates.py took 0.043 seconds
[2025-03-13T12:10:16.013+0000] {processor.py:157} INFO - Started process (PID=8685) to work on /opt/airflow/dags/extract_exchange_rates.py
[2025-03-13T12:10:16.014+0000] {processor.py:829} INFO - Processing file /opt/airflow/dags/extract_exchange_rates.py for tasks to queue
[2025-03-13T12:10:16.014+0000] {logging_mixin.py:151} INFO - [2025-03-13T12:10:16.014+0000] {dagbag.py:536} INFO - Filling up the DagBag from /opt/airflow/dags/extract_exchange_rates.py
[2025-03-13T12:10:16.024+0000] {processor.py:839} INFO - DAG(s) dict_keys(['extract_exchange_rates']) retrieved from /opt/airflow/dags/extract_exchange_rates.py
[2025-03-13T12:10:16.037+0000] {logging_mixin.py:151} INFO - [2025-03-13T12:10:16.037+0000] {dag.py:2941} INFO - Sync 1 DAGs
[2025-03-13T12:10:16.046+0000] {logging_mixin.py:151} INFO - [2025-03-13T12:10:16.046+0000] {dag.py:3722} INFO - Setting next_dagrun for extract_exchange_rates to 2025-03-13T00:00:00+00:00, run_after=2025-03-14T00:00:00+00:00
[2025-03-13T12:10:16.053+0000] {processor.py:179} INFO - Processing /opt/airflow/dags/extract_exchange_rates.py took 0.042 seconds
[2025-03-13T12:10:46.254+0000] {processor.py:157} INFO - Started process (PID=8690) to work on /opt/airflow/dags/extract_exchange_rates.py
[2025-03-13T12:10:46.255+0000] {processor.py:829} INFO - Processing file /opt/airflow/dags/extract_exchange_rates.py for tasks to queue
[2025-03-13T12:10:46.255+0000] {logging_mixin.py:151} INFO - [2025-03-13T12:10:46.255+0000] {dagbag.py:536} INFO - Filling up the DagBag from /opt/airflow/dags/extract_exchange_rates.py
[2025-03-13T12:10:46.265+0000] {processor.py:839} INFO - DAG(s) dict_keys(['extract_exchange_rates']) retrieved from /opt/airflow/dags/extract_exchange_rates.py
[2025-03-13T12:10:46.279+0000] {logging_mixin.py:151} INFO - [2025-03-13T12:10:46.279+0000] {dag.py:2941} INFO - Sync 1 DAGs
[2025-03-13T12:10:46.289+0000] {logging_mixin.py:151} INFO - [2025-03-13T12:10:46.288+0000] {dag.py:3722} INFO - Setting next_dagrun for extract_exchange_rates to 2025-03-13T00:00:00+00:00, run_after=2025-03-14T00:00:00+00:00
[2025-03-13T12:10:46.296+0000] {processor.py:179} INFO - Processing /opt/airflow/dags/extract_exchange_rates.py took 0.044 seconds
[2025-03-13T12:11:16.508+0000] {processor.py:157} INFO - Started process (PID=8695) to work on /opt/airflow/dags/extract_exchange_rates.py
[2025-03-13T12:11:16.509+0000] {processor.py:829} INFO - Processing file /opt/airflow/dags/extract_exchange_rates.py for tasks to queue
[2025-03-13T12:11:16.509+0000] {logging_mixin.py:151} INFO - [2025-03-13T12:11:16.509+0000] {dagbag.py:536} INFO - Filling up the DagBag from /opt/airflow/dags/extract_exchange_rates.py
[2025-03-13T12:11:16.519+0000] {processor.py:839} INFO - DAG(s) dict_keys(['extract_exchange_rates']) retrieved from /opt/airflow/dags/extract_exchange_rates.py
[2025-03-13T12:11:16.533+0000] {logging_mixin.py:151} INFO - [2025-03-13T12:11:16.533+0000] {dag.py:2941} INFO - Sync 1 DAGs
[2025-03-13T12:11:16.544+0000] {logging_mixin.py:151} INFO - [2025-03-13T12:11:16.544+0000] {dag.py:3722} INFO - Setting next_dagrun for extract_exchange_rates to 2025-03-13T00:00:00+00:00, run_after=2025-03-14T00:00:00+00:00
[2025-03-13T12:11:16.551+0000] {processor.py:179} INFO - Processing /opt/airflow/dags/extract_exchange_rates.py took 0.045 seconds
[2025-03-13T12:11:46.765+0000] {processor.py:157} INFO - Started process (PID=8700) to work on /opt/airflow/dags/extract_exchange_rates.py
[2025-03-13T12:11:46.766+0000] {processor.py:829} INFO - Processing file /opt/airflow/dags/extract_exchange_rates.py for tasks to queue
[2025-03-13T12:11:46.768+0000] {logging_mixin.py:151} INFO - [2025-03-13T12:11:46.768+0000] {dagbag.py:536} INFO - Filling up the DagBag from /opt/airflow/dags/extract_exchange_rates.py
[2025-03-13T12:11:46.780+0000] {processor.py:839} INFO - DAG(s) dict_keys(['extract_exchange_rates']) retrieved from /opt/airflow/dags/extract_exchange_rates.py
[2025-03-13T12:11:46.795+0000] {logging_mixin.py:151} INFO - [2025-03-13T12:11:46.794+0000] {dag.py:2941} INFO - Sync 1 DAGs
[2025-03-13T12:11:46.806+0000] {logging_mixin.py:151} INFO - [2025-03-13T12:11:46.806+0000] {dag.py:3722} INFO - Setting next_dagrun for extract_exchange_rates to 2025-03-13T00:00:00+00:00, run_after=2025-03-14T00:00:00+00:00
[2025-03-13T12:11:46.813+0000] {processor.py:179} INFO - Processing /opt/airflow/dags/extract_exchange_rates.py took 0.051 seconds
[2025-03-13T12:12:16.992+0000] {processor.py:157} INFO - Started process (PID=8705) to work on /opt/airflow/dags/extract_exchange_rates.py
[2025-03-13T12:12:16.992+0000] {processor.py:829} INFO - Processing file /opt/airflow/dags/extract_exchange_rates.py for tasks to queue
[2025-03-13T12:12:16.993+0000] {logging_mixin.py:151} INFO - [2025-03-13T12:12:16.993+0000] {dagbag.py:536} INFO - Filling up the DagBag from /opt/airflow/dags/extract_exchange_rates.py
[2025-03-13T12:12:17.002+0000] {processor.py:839} INFO - DAG(s) dict_keys(['extract_exchange_rates']) retrieved from /opt/airflow/dags/extract_exchange_rates.py
[2025-03-13T12:12:17.016+0000] {logging_mixin.py:151} INFO - [2025-03-13T12:12:17.016+0000] {dag.py:2941} INFO - Sync 1 DAGs
[2025-03-13T12:12:17.026+0000] {logging_mixin.py:151} INFO - [2025-03-13T12:12:17.026+0000] {dag.py:3722} INFO - Setting next_dagrun for extract_exchange_rates to 2025-03-13T00:00:00+00:00, run_after=2025-03-14T00:00:00+00:00
[2025-03-13T12:12:17.033+0000] {processor.py:179} INFO - Processing /opt/airflow/dags/extract_exchange_rates.py took 0.043 seconds
[2025-03-13T12:12:47.249+0000] {processor.py:157} INFO - Started process (PID=8710) to work on /opt/airflow/dags/extract_exchange_rates.py
[2025-03-13T12:12:47.250+0000] {processor.py:829} INFO - Processing file /opt/airflow/dags/extract_exchange_rates.py for tasks to queue
[2025-03-13T12:12:47.250+0000] {logging_mixin.py:151} INFO - [2025-03-13T12:12:47.250+0000] {dagbag.py:536} INFO - Filling up the DagBag from /opt/airflow/dags/extract_exchange_rates.py
[2025-03-13T12:12:47.260+0000] {processor.py:839} INFO - DAG(s) dict_keys(['extract_exchange_rates']) retrieved from /opt/airflow/dags/extract_exchange_rates.py
[2025-03-13T12:12:47.273+0000] {logging_mixin.py:151} INFO - [2025-03-13T12:12:47.272+0000] {dag.py:2941} INFO - Sync 1 DAGs
[2025-03-13T12:12:47.282+0000] {logging_mixin.py:151} INFO - [2025-03-13T12:12:47.282+0000] {dag.py:3722} INFO - Setting next_dagrun for extract_exchange_rates to 2025-03-13T00:00:00+00:00, run_after=2025-03-14T00:00:00+00:00
[2025-03-13T12:12:47.289+0000] {processor.py:179} INFO - Processing /opt/airflow/dags/extract_exchange_rates.py took 0.042 seconds
[2025-03-13T12:13:17.505+0000] {processor.py:157} INFO - Started process (PID=8715) to work on /opt/airflow/dags/extract_exchange_rates.py
[2025-03-13T12:13:17.506+0000] {processor.py:829} INFO - Processing file /opt/airflow/dags/extract_exchange_rates.py for tasks to queue
[2025-03-13T12:13:17.506+0000] {logging_mixin.py:151} INFO - [2025-03-13T12:13:17.506+0000] {dagbag.py:536} INFO - Filling up the DagBag from /opt/airflow/dags/extract_exchange_rates.py
[2025-03-13T12:13:17.516+0000] {processor.py:839} INFO - DAG(s) dict_keys(['extract_exchange_rates']) retrieved from /opt/airflow/dags/extract_exchange_rates.py
[2025-03-13T12:13:17.529+0000] {logging_mixin.py:151} INFO - [2025-03-13T12:13:17.529+0000] {dag.py:2941} INFO - Sync 1 DAGs
[2025-03-13T12:13:17.539+0000] {logging_mixin.py:151} INFO - [2025-03-13T12:13:17.539+0000] {dag.py:3722} INFO - Setting next_dagrun for extract_exchange_rates to 2025-03-13T00:00:00+00:00, run_after=2025-03-14T00:00:00+00:00
[2025-03-13T12:13:17.546+0000] {processor.py:179} INFO - Processing /opt/airflow/dags/extract_exchange_rates.py took 0.043 seconds
[2025-03-13T12:13:47.755+0000] {processor.py:157} INFO - Started process (PID=8720) to work on /opt/airflow/dags/extract_exchange_rates.py
[2025-03-13T12:13:47.756+0000] {processor.py:829} INFO - Processing file /opt/airflow/dags/extract_exchange_rates.py for tasks to queue
[2025-03-13T12:13:47.756+0000] {logging_mixin.py:151} INFO - [2025-03-13T12:13:47.756+0000] {dagbag.py:536} INFO - Filling up the DagBag from /opt/airflow/dags/extract_exchange_rates.py
[2025-03-13T12:13:47.766+0000] {processor.py:839} INFO - DAG(s) dict_keys(['extract_exchange_rates']) retrieved from /opt/airflow/dags/extract_exchange_rates.py
[2025-03-13T12:13:47.780+0000] {logging_mixin.py:151} INFO - [2025-03-13T12:13:47.780+0000] {dag.py:2941} INFO - Sync 1 DAGs
[2025-03-13T12:13:47.792+0000] {logging_mixin.py:151} INFO - [2025-03-13T12:13:47.792+0000] {dag.py:3722} INFO - Setting next_dagrun for extract_exchange_rates to 2025-03-13T00:00:00+00:00, run_after=2025-03-14T00:00:00+00:00
[2025-03-13T12:13:47.798+0000] {processor.py:179} INFO - Processing /opt/airflow/dags/extract_exchange_rates.py took 0.047 seconds
[2025-03-13T12:14:18.005+0000] {processor.py:157} INFO - Started process (PID=8725) to work on /opt/airflow/dags/extract_exchange_rates.py
[2025-03-13T12:14:18.006+0000] {processor.py:829} INFO - Processing file /opt/airflow/dags/extract_exchange_rates.py for tasks to queue
[2025-03-13T12:14:18.006+0000] {logging_mixin.py:151} INFO - [2025-03-13T12:14:18.006+0000] {dagbag.py:536} INFO - Filling up the DagBag from /opt/airflow/dags/extract_exchange_rates.py
[2025-03-13T12:14:18.016+0000] {processor.py:839} INFO - DAG(s) dict_keys(['extract_exchange_rates']) retrieved from /opt/airflow/dags/extract_exchange_rates.py
[2025-03-13T12:14:18.030+0000] {logging_mixin.py:151} INFO - [2025-03-13T12:14:18.030+0000] {dag.py:2941} INFO - Sync 1 DAGs
[2025-03-13T12:14:18.041+0000] {logging_mixin.py:151} INFO - [2025-03-13T12:14:18.041+0000] {dag.py:3722} INFO - Setting next_dagrun for extract_exchange_rates to 2025-03-13T00:00:00+00:00, run_after=2025-03-14T00:00:00+00:00
[2025-03-13T12:14:18.049+0000] {processor.py:179} INFO - Processing /opt/airflow/dags/extract_exchange_rates.py took 0.046 seconds
[2025-03-13T12:14:48.264+0000] {processor.py:157} INFO - Started process (PID=8730) to work on /opt/airflow/dags/extract_exchange_rates.py
[2025-03-13T12:14:48.264+0000] {processor.py:829} INFO - Processing file /opt/airflow/dags/extract_exchange_rates.py for tasks to queue
[2025-03-13T12:14:48.265+0000] {logging_mixin.py:151} INFO - [2025-03-13T12:14:48.264+0000] {dagbag.py:536} INFO - Filling up the DagBag from /opt/airflow/dags/extract_exchange_rates.py
[2025-03-13T12:14:48.273+0000] {processor.py:839} INFO - DAG(s) dict_keys(['extract_exchange_rates']) retrieved from /opt/airflow/dags/extract_exchange_rates.py
[2025-03-13T12:14:48.287+0000] {logging_mixin.py:151} INFO - [2025-03-13T12:14:48.287+0000] {dag.py:2941} INFO - Sync 1 DAGs
[2025-03-13T12:14:48.298+0000] {logging_mixin.py:151} INFO - [2025-03-13T12:14:48.298+0000] {dag.py:3722} INFO - Setting next_dagrun for extract_exchange_rates to 2025-03-13T00:00:00+00:00, run_after=2025-03-14T00:00:00+00:00
[2025-03-13T12:14:48.304+0000] {processor.py:179} INFO - Processing /opt/airflow/dags/extract_exchange_rates.py took 0.043 seconds
[2025-03-13T12:15:18.480+0000] {processor.py:157} INFO - Started process (PID=8735) to work on /opt/airflow/dags/extract_exchange_rates.py
[2025-03-13T12:15:18.481+0000] {processor.py:829} INFO - Processing file /opt/airflow/dags/extract_exchange_rates.py for tasks to queue
[2025-03-13T12:15:18.481+0000] {logging_mixin.py:151} INFO - [2025-03-13T12:15:18.481+0000] {dagbag.py:536} INFO - Filling up the DagBag from /opt/airflow/dags/extract_exchange_rates.py
[2025-03-13T12:15:18.490+0000] {processor.py:839} INFO - DAG(s) dict_keys(['extract_exchange_rates']) retrieved from /opt/airflow/dags/extract_exchange_rates.py
[2025-03-13T12:15:18.503+0000] {logging_mixin.py:151} INFO - [2025-03-13T12:15:18.503+0000] {dag.py:2941} INFO - Sync 1 DAGs
[2025-03-13T12:15:18.514+0000] {logging_mixin.py:151} INFO - [2025-03-13T12:15:18.514+0000] {dag.py:3722} INFO - Setting next_dagrun for extract_exchange_rates to 2025-03-13T00:00:00+00:00, run_after=2025-03-14T00:00:00+00:00
[2025-03-13T12:15:18.522+0000] {processor.py:179} INFO - Processing /opt/airflow/dags/extract_exchange_rates.py took 0.043 seconds
[2025-03-13T12:15:48.732+0000] {processor.py:157} INFO - Started process (PID=8740) to work on /opt/airflow/dags/extract_exchange_rates.py
[2025-03-13T12:15:48.732+0000] {processor.py:829} INFO - Processing file /opt/airflow/dags/extract_exchange_rates.py for tasks to queue
[2025-03-13T12:15:48.733+0000] {logging_mixin.py:151} INFO - [2025-03-13T12:15:48.733+0000] {dagbag.py:536} INFO - Filling up the DagBag from /opt/airflow/dags/extract_exchange_rates.py
[2025-03-13T12:15:48.743+0000] {processor.py:839} INFO - DAG(s) dict_keys(['extract_exchange_rates']) retrieved from /opt/airflow/dags/extract_exchange_rates.py
[2025-03-13T12:15:48.757+0000] {logging_mixin.py:151} INFO - [2025-03-13T12:15:48.756+0000] {dag.py:2941} INFO - Sync 1 DAGs
[2025-03-13T12:15:48.767+0000] {logging_mixin.py:151} INFO - [2025-03-13T12:15:48.766+0000] {dag.py:3722} INFO - Setting next_dagrun for extract_exchange_rates to 2025-03-13T00:00:00+00:00, run_after=2025-03-14T00:00:00+00:00
[2025-03-13T12:15:48.774+0000] {processor.py:179} INFO - Processing /opt/airflow/dags/extract_exchange_rates.py took 0.044 seconds
[2025-03-13T12:16:18.975+0000] {processor.py:157} INFO - Started process (PID=8745) to work on /opt/airflow/dags/extract_exchange_rates.py
[2025-03-13T12:16:18.976+0000] {processor.py:829} INFO - Processing file /opt/airflow/dags/extract_exchange_rates.py for tasks to queue
[2025-03-13T12:16:18.976+0000] {logging_mixin.py:151} INFO - [2025-03-13T12:16:18.976+0000] {dagbag.py:536} INFO - Filling up the DagBag from /opt/airflow/dags/extract_exchange_rates.py
[2025-03-13T12:16:18.986+0000] {processor.py:839} INFO - DAG(s) dict_keys(['extract_exchange_rates']) retrieved from /opt/airflow/dags/extract_exchange_rates.py
[2025-03-13T12:16:18.998+0000] {logging_mixin.py:151} INFO - [2025-03-13T12:16:18.998+0000] {dag.py:2941} INFO - Sync 1 DAGs
[2025-03-13T12:16:19.008+0000] {logging_mixin.py:151} INFO - [2025-03-13T12:16:19.008+0000] {dag.py:3722} INFO - Setting next_dagrun for extract_exchange_rates to 2025-03-13T00:00:00+00:00, run_after=2025-03-14T00:00:00+00:00
[2025-03-13T12:16:19.016+0000] {processor.py:179} INFO - Processing /opt/airflow/dags/extract_exchange_rates.py took 0.043 seconds
[2025-03-13T12:16:49.228+0000] {processor.py:157} INFO - Started process (PID=8750) to work on /opt/airflow/dags/extract_exchange_rates.py
[2025-03-13T12:16:49.228+0000] {processor.py:829} INFO - Processing file /opt/airflow/dags/extract_exchange_rates.py for tasks to queue
[2025-03-13T12:16:49.229+0000] {logging_mixin.py:151} INFO - [2025-03-13T12:16:49.229+0000] {dagbag.py:536} INFO - Filling up the DagBag from /opt/airflow/dags/extract_exchange_rates.py
[2025-03-13T12:16:49.239+0000] {processor.py:839} INFO - DAG(s) dict_keys(['extract_exchange_rates']) retrieved from /opt/airflow/dags/extract_exchange_rates.py
[2025-03-13T12:16:49.252+0000] {logging_mixin.py:151} INFO - [2025-03-13T12:16:49.252+0000] {dag.py:2941} INFO - Sync 1 DAGs
[2025-03-13T12:16:49.263+0000] {logging_mixin.py:151} INFO - [2025-03-13T12:16:49.263+0000] {dag.py:3722} INFO - Setting next_dagrun for extract_exchange_rates to 2025-03-13T00:00:00+00:00, run_after=2025-03-14T00:00:00+00:00
[2025-03-13T12:16:49.271+0000] {processor.py:179} INFO - Processing /opt/airflow/dags/extract_exchange_rates.py took 0.045 seconds
[2025-03-13T12:17:19.482+0000] {processor.py:157} INFO - Started process (PID=8755) to work on /opt/airflow/dags/extract_exchange_rates.py
[2025-03-13T12:17:19.482+0000] {processor.py:829} INFO - Processing file /opt/airflow/dags/extract_exchange_rates.py for tasks to queue
[2025-03-13T12:17:19.483+0000] {logging_mixin.py:151} INFO - [2025-03-13T12:17:19.483+0000] {dagbag.py:536} INFO - Filling up the DagBag from /opt/airflow/dags/extract_exchange_rates.py
[2025-03-13T12:17:19.492+0000] {processor.py:839} INFO - DAG(s) dict_keys(['extract_exchange_rates']) retrieved from /opt/airflow/dags/extract_exchange_rates.py
[2025-03-13T12:17:19.505+0000] {logging_mixin.py:151} INFO - [2025-03-13T12:17:19.505+0000] {dag.py:2941} INFO - Sync 1 DAGs
[2025-03-13T12:17:19.515+0000] {logging_mixin.py:151} INFO - [2025-03-13T12:17:19.515+0000] {dag.py:3722} INFO - Setting next_dagrun for extract_exchange_rates to 2025-03-13T00:00:00+00:00, run_after=2025-03-14T00:00:00+00:00
[2025-03-13T12:17:19.522+0000] {processor.py:179} INFO - Processing /opt/airflow/dags/extract_exchange_rates.py took 0.042 seconds
[2025-03-13T12:17:49.738+0000] {processor.py:157} INFO - Started process (PID=8760) to work on /opt/airflow/dags/extract_exchange_rates.py
[2025-03-13T12:17:49.739+0000] {processor.py:829} INFO - Processing file /opt/airflow/dags/extract_exchange_rates.py for tasks to queue
[2025-03-13T12:17:49.739+0000] {logging_mixin.py:151} INFO - [2025-03-13T12:17:49.739+0000] {dagbag.py:536} INFO - Filling up the DagBag from /opt/airflow/dags/extract_exchange_rates.py
[2025-03-13T12:17:49.748+0000] {processor.py:839} INFO - DAG(s) dict_keys(['extract_exchange_rates']) retrieved from /opt/airflow/dags/extract_exchange_rates.py
[2025-03-13T12:17:49.762+0000] {logging_mixin.py:151} INFO - [2025-03-13T12:17:49.762+0000] {dag.py:2941} INFO - Sync 1 DAGs
[2025-03-13T12:17:49.771+0000] {logging_mixin.py:151} INFO - [2025-03-13T12:17:49.771+0000] {dag.py:3722} INFO - Setting next_dagrun for extract_exchange_rates to 2025-03-13T00:00:00+00:00, run_after=2025-03-14T00:00:00+00:00
[2025-03-13T12:17:49.778+0000] {processor.py:179} INFO - Processing /opt/airflow/dags/extract_exchange_rates.py took 0.042 seconds
[2025-03-13T12:18:19.994+0000] {processor.py:157} INFO - Started process (PID=8765) to work on /opt/airflow/dags/extract_exchange_rates.py
[2025-03-13T12:18:19.994+0000] {processor.py:829} INFO - Processing file /opt/airflow/dags/extract_exchange_rates.py for tasks to queue
[2025-03-13T12:18:19.995+0000] {logging_mixin.py:151} INFO - [2025-03-13T12:18:19.995+0000] {dagbag.py:536} INFO - Filling up the DagBag from /opt/airflow/dags/extract_exchange_rates.py
[2025-03-13T12:18:20.005+0000] {processor.py:839} INFO - DAG(s) dict_keys(['extract_exchange_rates']) retrieved from /opt/airflow/dags/extract_exchange_rates.py
[2025-03-13T12:18:20.018+0000] {logging_mixin.py:151} INFO - [2025-03-13T12:18:20.018+0000] {dag.py:2941} INFO - Sync 1 DAGs
[2025-03-13T12:18:20.028+0000] {logging_mixin.py:151} INFO - [2025-03-13T12:18:20.028+0000] {dag.py:3722} INFO - Setting next_dagrun for extract_exchange_rates to 2025-03-13T00:00:00+00:00, run_after=2025-03-14T00:00:00+00:00
[2025-03-13T12:18:20.036+0000] {processor.py:179} INFO - Processing /opt/airflow/dags/extract_exchange_rates.py took 0.044 seconds
[2025-03-13T12:18:50.256+0000] {processor.py:157} INFO - Started process (PID=8770) to work on /opt/airflow/dags/extract_exchange_rates.py
[2025-03-13T12:18:50.257+0000] {processor.py:829} INFO - Processing file /opt/airflow/dags/extract_exchange_rates.py for tasks to queue
[2025-03-13T12:18:50.258+0000] {logging_mixin.py:151} INFO - [2025-03-13T12:18:50.257+0000] {dagbag.py:536} INFO - Filling up the DagBag from /opt/airflow/dags/extract_exchange_rates.py
[2025-03-13T12:18:50.267+0000] {processor.py:839} INFO - DAG(s) dict_keys(['extract_exchange_rates']) retrieved from /opt/airflow/dags/extract_exchange_rates.py
[2025-03-13T12:18:50.280+0000] {logging_mixin.py:151} INFO - [2025-03-13T12:18:50.280+0000] {dag.py:2941} INFO - Sync 1 DAGs
[2025-03-13T12:18:50.291+0000] {logging_mixin.py:151} INFO - [2025-03-13T12:18:50.291+0000] {dag.py:3722} INFO - Setting next_dagrun for extract_exchange_rates to 2025-03-13T00:00:00+00:00, run_after=2025-03-14T00:00:00+00:00
[2025-03-13T12:18:50.298+0000] {processor.py:179} INFO - Processing /opt/airflow/dags/extract_exchange_rates.py took 0.044 seconds
[2025-03-13T12:19:20.499+0000] {processor.py:157} INFO - Started process (PID=8775) to work on /opt/airflow/dags/extract_exchange_rates.py
[2025-03-13T12:19:20.500+0000] {processor.py:829} INFO - Processing file /opt/airflow/dags/extract_exchange_rates.py for tasks to queue
[2025-03-13T12:19:20.502+0000] {logging_mixin.py:151} INFO - [2025-03-13T12:19:20.501+0000] {dagbag.py:536} INFO - Filling up the DagBag from /opt/airflow/dags/extract_exchange_rates.py
[2025-03-13T12:19:20.510+0000] {processor.py:839} INFO - DAG(s) dict_keys(['extract_exchange_rates']) retrieved from /opt/airflow/dags/extract_exchange_rates.py
[2025-03-13T12:19:20.525+0000] {logging_mixin.py:151} INFO - [2025-03-13T12:19:20.525+0000] {dag.py:2941} INFO - Sync 1 DAGs
[2025-03-13T12:19:20.536+0000] {logging_mixin.py:151} INFO - [2025-03-13T12:19:20.536+0000] {dag.py:3722} INFO - Setting next_dagrun for extract_exchange_rates to 2025-03-13T00:00:00+00:00, run_after=2025-03-14T00:00:00+00:00
[2025-03-13T12:19:20.544+0000] {processor.py:179} INFO - Processing /opt/airflow/dags/extract_exchange_rates.py took 0.047 seconds
[2025-03-13T12:19:50.740+0000] {processor.py:157} INFO - Started process (PID=8780) to work on /opt/airflow/dags/extract_exchange_rates.py
[2025-03-13T12:19:50.741+0000] {processor.py:829} INFO - Processing file /opt/airflow/dags/extract_exchange_rates.py for tasks to queue
[2025-03-13T12:19:50.741+0000] {logging_mixin.py:151} INFO - [2025-03-13T12:19:50.741+0000] {dagbag.py:536} INFO - Filling up the DagBag from /opt/airflow/dags/extract_exchange_rates.py
[2025-03-13T12:19:50.750+0000] {processor.py:839} INFO - DAG(s) dict_keys(['extract_exchange_rates']) retrieved from /opt/airflow/dags/extract_exchange_rates.py
[2025-03-13T12:19:50.763+0000] {logging_mixin.py:151} INFO - [2025-03-13T12:19:50.763+0000] {dag.py:2941} INFO - Sync 1 DAGs
[2025-03-13T12:19:50.774+0000] {logging_mixin.py:151} INFO - [2025-03-13T12:19:50.774+0000] {dag.py:3722} INFO - Setting next_dagrun for extract_exchange_rates to 2025-03-13T00:00:00+00:00, run_after=2025-03-14T00:00:00+00:00
[2025-03-13T12:19:50.780+0000] {processor.py:179} INFO - Processing /opt/airflow/dags/extract_exchange_rates.py took 0.042 seconds
[2025-03-13T12:20:20.985+0000] {processor.py:157} INFO - Started process (PID=8785) to work on /opt/airflow/dags/extract_exchange_rates.py
[2025-03-13T12:20:20.986+0000] {processor.py:829} INFO - Processing file /opt/airflow/dags/extract_exchange_rates.py for tasks to queue
[2025-03-13T12:20:20.986+0000] {logging_mixin.py:151} INFO - [2025-03-13T12:20:20.986+0000] {dagbag.py:536} INFO - Filling up the DagBag from /opt/airflow/dags/extract_exchange_rates.py
[2025-03-13T12:20:20.997+0000] {processor.py:839} INFO - DAG(s) dict_keys(['extract_exchange_rates']) retrieved from /opt/airflow/dags/extract_exchange_rates.py
[2025-03-13T12:20:21.009+0000] {logging_mixin.py:151} INFO - [2025-03-13T12:20:21.009+0000] {dag.py:2941} INFO - Sync 1 DAGs
[2025-03-13T12:20:21.019+0000] {logging_mixin.py:151} INFO - [2025-03-13T12:20:21.019+0000] {dag.py:3722} INFO - Setting next_dagrun for extract_exchange_rates to 2025-03-13T00:00:00+00:00, run_after=2025-03-14T00:00:00+00:00
[2025-03-13T12:20:21.026+0000] {processor.py:179} INFO - Processing /opt/airflow/dags/extract_exchange_rates.py took 0.043 seconds
[2025-03-13T12:20:51.234+0000] {processor.py:157} INFO - Started process (PID=8790) to work on /opt/airflow/dags/extract_exchange_rates.py
[2025-03-13T12:20:51.235+0000] {processor.py:829} INFO - Processing file /opt/airflow/dags/extract_exchange_rates.py for tasks to queue
[2025-03-13T12:20:51.235+0000] {logging_mixin.py:151} INFO - [2025-03-13T12:20:51.235+0000] {dagbag.py:536} INFO - Filling up the DagBag from /opt/airflow/dags/extract_exchange_rates.py
[2025-03-13T12:20:51.244+0000] {processor.py:839} INFO - DAG(s) dict_keys(['extract_exchange_rates']) retrieved from /opt/airflow/dags/extract_exchange_rates.py
[2025-03-13T12:20:51.258+0000] {logging_mixin.py:151} INFO - [2025-03-13T12:20:51.258+0000] {dag.py:2941} INFO - Sync 1 DAGs
[2025-03-13T12:20:51.268+0000] {logging_mixin.py:151} INFO - [2025-03-13T12:20:51.268+0000] {dag.py:3722} INFO - Setting next_dagrun for extract_exchange_rates to 2025-03-13T00:00:00+00:00, run_after=2025-03-14T00:00:00+00:00
[2025-03-13T12:20:51.275+0000] {processor.py:179} INFO - Processing /opt/airflow/dags/extract_exchange_rates.py took 0.043 seconds
[2025-03-13T12:21:21.497+0000] {processor.py:157} INFO - Started process (PID=8795) to work on /opt/airflow/dags/extract_exchange_rates.py
[2025-03-13T12:21:21.498+0000] {processor.py:829} INFO - Processing file /opt/airflow/dags/extract_exchange_rates.py for tasks to queue
[2025-03-13T12:21:21.499+0000] {logging_mixin.py:151} INFO - [2025-03-13T12:21:21.498+0000] {dagbag.py:536} INFO - Filling up the DagBag from /opt/airflow/dags/extract_exchange_rates.py
[2025-03-13T12:21:21.507+0000] {processor.py:839} INFO - DAG(s) dict_keys(['extract_exchange_rates']) retrieved from /opt/airflow/dags/extract_exchange_rates.py
[2025-03-13T12:21:21.521+0000] {logging_mixin.py:151} INFO - [2025-03-13T12:21:21.520+0000] {dag.py:2941} INFO - Sync 1 DAGs
[2025-03-13T12:21:21.531+0000] {logging_mixin.py:151} INFO - [2025-03-13T12:21:21.531+0000] {dag.py:3722} INFO - Setting next_dagrun for extract_exchange_rates to 2025-03-13T00:00:00+00:00, run_after=2025-03-14T00:00:00+00:00
[2025-03-13T12:21:21.538+0000] {processor.py:179} INFO - Processing /opt/airflow/dags/extract_exchange_rates.py took 0.043 seconds
[2025-03-13T12:21:51.755+0000] {processor.py:157} INFO - Started process (PID=8800) to work on /opt/airflow/dags/extract_exchange_rates.py
[2025-03-13T12:21:51.755+0000] {processor.py:829} INFO - Processing file /opt/airflow/dags/extract_exchange_rates.py for tasks to queue
[2025-03-13T12:21:51.756+0000] {logging_mixin.py:151} INFO - [2025-03-13T12:21:51.756+0000] {dagbag.py:536} INFO - Filling up the DagBag from /opt/airflow/dags/extract_exchange_rates.py
[2025-03-13T12:21:51.765+0000] {processor.py:839} INFO - DAG(s) dict_keys(['extract_exchange_rates']) retrieved from /opt/airflow/dags/extract_exchange_rates.py
[2025-03-13T12:21:51.779+0000] {logging_mixin.py:151} INFO - [2025-03-13T12:21:51.779+0000] {dag.py:2941} INFO - Sync 1 DAGs
[2025-03-13T12:21:51.789+0000] {logging_mixin.py:151} INFO - [2025-03-13T12:21:51.788+0000] {dag.py:3722} INFO - Setting next_dagrun for extract_exchange_rates to 2025-03-13T00:00:00+00:00, run_after=2025-03-14T00:00:00+00:00
[2025-03-13T12:21:51.795+0000] {processor.py:179} INFO - Processing /opt/airflow/dags/extract_exchange_rates.py took 0.043 seconds
[2025-03-13T12:22:22.010+0000] {processor.py:157} INFO - Started process (PID=8805) to work on /opt/airflow/dags/extract_exchange_rates.py
[2025-03-13T12:22:22.010+0000] {processor.py:829} INFO - Processing file /opt/airflow/dags/extract_exchange_rates.py for tasks to queue
[2025-03-13T12:22:22.011+0000] {logging_mixin.py:151} INFO - [2025-03-13T12:22:22.011+0000] {dagbag.py:536} INFO - Filling up the DagBag from /opt/airflow/dags/extract_exchange_rates.py
[2025-03-13T12:22:22.019+0000] {processor.py:839} INFO - DAG(s) dict_keys(['extract_exchange_rates']) retrieved from /opt/airflow/dags/extract_exchange_rates.py
[2025-03-13T12:22:22.031+0000] {logging_mixin.py:151} INFO - [2025-03-13T12:22:22.031+0000] {dag.py:2941} INFO - Sync 1 DAGs
[2025-03-13T12:22:22.041+0000] {logging_mixin.py:151} INFO - [2025-03-13T12:22:22.040+0000] {dag.py:3722} INFO - Setting next_dagrun for extract_exchange_rates to 2025-03-13T00:00:00+00:00, run_after=2025-03-14T00:00:00+00:00
[2025-03-13T12:22:22.048+0000] {processor.py:179} INFO - Processing /opt/airflow/dags/extract_exchange_rates.py took 0.040 seconds
[2025-03-13T12:22:52.254+0000] {processor.py:157} INFO - Started process (PID=8810) to work on /opt/airflow/dags/extract_exchange_rates.py
[2025-03-13T12:22:52.254+0000] {processor.py:829} INFO - Processing file /opt/airflow/dags/extract_exchange_rates.py for tasks to queue
[2025-03-13T12:22:52.255+0000] {logging_mixin.py:151} INFO - [2025-03-13T12:22:52.255+0000] {dagbag.py:536} INFO - Filling up the DagBag from /opt/airflow/dags/extract_exchange_rates.py
[2025-03-13T12:22:52.263+0000] {processor.py:839} INFO - DAG(s) dict_keys(['extract_exchange_rates']) retrieved from /opt/airflow/dags/extract_exchange_rates.py
[2025-03-13T12:22:52.275+0000] {logging_mixin.py:151} INFO - [2025-03-13T12:22:52.275+0000] {dag.py:2941} INFO - Sync 1 DAGs
[2025-03-13T12:22:52.285+0000] {logging_mixin.py:151} INFO - [2025-03-13T12:22:52.285+0000] {dag.py:3722} INFO - Setting next_dagrun for extract_exchange_rates to 2025-03-13T00:00:00+00:00, run_after=2025-03-14T00:00:00+00:00
[2025-03-13T12:22:52.292+0000] {processor.py:179} INFO - Processing /opt/airflow/dags/extract_exchange_rates.py took 0.039 seconds
[2025-03-13T12:23:22.503+0000] {processor.py:157} INFO - Started process (PID=8815) to work on /opt/airflow/dags/extract_exchange_rates.py
[2025-03-13T12:23:22.504+0000] {processor.py:829} INFO - Processing file /opt/airflow/dags/extract_exchange_rates.py for tasks to queue
[2025-03-13T12:23:22.504+0000] {logging_mixin.py:151} INFO - [2025-03-13T12:23:22.504+0000] {dagbag.py:536} INFO - Filling up the DagBag from /opt/airflow/dags/extract_exchange_rates.py
[2025-03-13T12:23:22.513+0000] {processor.py:839} INFO - DAG(s) dict_keys(['extract_exchange_rates']) retrieved from /opt/airflow/dags/extract_exchange_rates.py
[2025-03-13T12:23:22.526+0000] {logging_mixin.py:151} INFO - [2025-03-13T12:23:22.526+0000] {dag.py:2941} INFO - Sync 1 DAGs
[2025-03-13T12:23:22.536+0000] {logging_mixin.py:151} INFO - [2025-03-13T12:23:22.536+0000] {dag.py:3722} INFO - Setting next_dagrun for extract_exchange_rates to 2025-03-13T00:00:00+00:00, run_after=2025-03-14T00:00:00+00:00
[2025-03-13T12:23:22.542+0000] {processor.py:179} INFO - Processing /opt/airflow/dags/extract_exchange_rates.py took 0.041 seconds
[2025-03-13T12:23:52.738+0000] {processor.py:157} INFO - Started process (PID=8820) to work on /opt/airflow/dags/extract_exchange_rates.py
[2025-03-13T12:23:52.739+0000] {processor.py:829} INFO - Processing file /opt/airflow/dags/extract_exchange_rates.py for tasks to queue
[2025-03-13T12:23:52.739+0000] {logging_mixin.py:151} INFO - [2025-03-13T12:23:52.739+0000] {dagbag.py:536} INFO - Filling up the DagBag from /opt/airflow/dags/extract_exchange_rates.py
[2025-03-13T12:23:52.749+0000] {processor.py:839} INFO - DAG(s) dict_keys(['extract_exchange_rates']) retrieved from /opt/airflow/dags/extract_exchange_rates.py
[2025-03-13T12:23:52.763+0000] {logging_mixin.py:151} INFO - [2025-03-13T12:23:52.763+0000] {dag.py:2941} INFO - Sync 1 DAGs
[2025-03-13T12:23:52.773+0000] {logging_mixin.py:151} INFO - [2025-03-13T12:23:52.772+0000] {dag.py:3722} INFO - Setting next_dagrun for extract_exchange_rates to 2025-03-13T00:00:00+00:00, run_after=2025-03-14T00:00:00+00:00
[2025-03-13T12:23:52.780+0000] {processor.py:179} INFO - Processing /opt/airflow/dags/extract_exchange_rates.py took 0.044 seconds
[2025-03-13T12:24:22.961+0000] {processor.py:157} INFO - Started process (PID=8825) to work on /opt/airflow/dags/extract_exchange_rates.py
[2025-03-13T12:24:22.961+0000] {processor.py:829} INFO - Processing file /opt/airflow/dags/extract_exchange_rates.py for tasks to queue
[2025-03-13T12:24:22.962+0000] {logging_mixin.py:151} INFO - [2025-03-13T12:24:22.962+0000] {dagbag.py:536} INFO - Filling up the DagBag from /opt/airflow/dags/extract_exchange_rates.py
[2025-03-13T12:24:22.973+0000] {processor.py:839} INFO - DAG(s) dict_keys(['extract_exchange_rates']) retrieved from /opt/airflow/dags/extract_exchange_rates.py
[2025-03-13T12:24:22.988+0000] {logging_mixin.py:151} INFO - [2025-03-13T12:24:22.988+0000] {dag.py:2941} INFO - Sync 1 DAGs
[2025-03-13T12:24:22.999+0000] {logging_mixin.py:151} INFO - [2025-03-13T12:24:22.998+0000] {dag.py:3722} INFO - Setting next_dagrun for extract_exchange_rates to 2025-03-13T00:00:00+00:00, run_after=2025-03-14T00:00:00+00:00
[2025-03-13T12:24:23.006+0000] {processor.py:179} INFO - Processing /opt/airflow/dags/extract_exchange_rates.py took 0.047 seconds
[2025-03-13T12:24:53.192+0000] {processor.py:157} INFO - Started process (PID=8830) to work on /opt/airflow/dags/extract_exchange_rates.py
[2025-03-13T12:24:53.193+0000] {processor.py:829} INFO - Processing file /opt/airflow/dags/extract_exchange_rates.py for tasks to queue
[2025-03-13T12:24:53.194+0000] {logging_mixin.py:151} INFO - [2025-03-13T12:24:53.194+0000] {dagbag.py:536} INFO - Filling up the DagBag from /opt/airflow/dags/extract_exchange_rates.py
[2025-03-13T12:24:53.205+0000] {processor.py:839} INFO - DAG(s) dict_keys(['extract_exchange_rates']) retrieved from /opt/airflow/dags/extract_exchange_rates.py
[2025-03-13T12:24:53.219+0000] {logging_mixin.py:151} INFO - [2025-03-13T12:24:53.219+0000] {dag.py:2941} INFO - Sync 1 DAGs
[2025-03-13T12:24:53.230+0000] {logging_mixin.py:151} INFO - [2025-03-13T12:24:53.230+0000] {dag.py:3722} INFO - Setting next_dagrun for extract_exchange_rates to 2025-03-13T00:00:00+00:00, run_after=2025-03-14T00:00:00+00:00
[2025-03-13T12:24:53.238+0000] {processor.py:179} INFO - Processing /opt/airflow/dags/extract_exchange_rates.py took 0.048 seconds
[2025-03-13T12:25:23.434+0000] {processor.py:157} INFO - Started process (PID=8835) to work on /opt/airflow/dags/extract_exchange_rates.py
[2025-03-13T12:25:23.434+0000] {processor.py:829} INFO - Processing file /opt/airflow/dags/extract_exchange_rates.py for tasks to queue
[2025-03-13T12:25:23.435+0000] {logging_mixin.py:151} INFO - [2025-03-13T12:25:23.435+0000] {dagbag.py:536} INFO - Filling up the DagBag from /opt/airflow/dags/extract_exchange_rates.py
[2025-03-13T12:25:23.445+0000] {processor.py:839} INFO - DAG(s) dict_keys(['extract_exchange_rates']) retrieved from /opt/airflow/dags/extract_exchange_rates.py
[2025-03-13T12:25:23.464+0000] {logging_mixin.py:151} INFO - [2025-03-13T12:25:23.463+0000] {dag.py:2941} INFO - Sync 1 DAGs
[2025-03-13T12:25:23.475+0000] {logging_mixin.py:151} INFO - [2025-03-13T12:25:23.475+0000] {dag.py:3722} INFO - Setting next_dagrun for extract_exchange_rates to 2025-03-13T00:00:00+00:00, run_after=2025-03-14T00:00:00+00:00
[2025-03-13T12:25:23.482+0000] {processor.py:179} INFO - Processing /opt/airflow/dags/extract_exchange_rates.py took 0.050 seconds
[2025-03-13T12:25:53.683+0000] {processor.py:157} INFO - Started process (PID=8840) to work on /opt/airflow/dags/extract_exchange_rates.py
[2025-03-13T12:25:53.684+0000] {processor.py:829} INFO - Processing file /opt/airflow/dags/extract_exchange_rates.py for tasks to queue
[2025-03-13T12:25:53.685+0000] {logging_mixin.py:151} INFO - [2025-03-13T12:25:53.684+0000] {dagbag.py:536} INFO - Filling up the DagBag from /opt/airflow/dags/extract_exchange_rates.py
[2025-03-13T12:25:53.694+0000] {processor.py:839} INFO - DAG(s) dict_keys(['extract_exchange_rates']) retrieved from /opt/airflow/dags/extract_exchange_rates.py
[2025-03-13T12:25:53.709+0000] {logging_mixin.py:151} INFO - [2025-03-13T12:25:53.709+0000] {dag.py:2941} INFO - Sync 1 DAGs
[2025-03-13T12:25:53.721+0000] {logging_mixin.py:151} INFO - [2025-03-13T12:25:53.720+0000] {dag.py:3722} INFO - Setting next_dagrun for extract_exchange_rates to 2025-03-13T00:00:00+00:00, run_after=2025-03-14T00:00:00+00:00
[2025-03-13T12:25:53.728+0000] {processor.py:179} INFO - Processing /opt/airflow/dags/extract_exchange_rates.py took 0.047 seconds
[2025-03-13T12:26:23.926+0000] {processor.py:157} INFO - Started process (PID=8845) to work on /opt/airflow/dags/extract_exchange_rates.py
[2025-03-13T12:26:23.926+0000] {processor.py:829} INFO - Processing file /opt/airflow/dags/extract_exchange_rates.py for tasks to queue
[2025-03-13T12:26:23.927+0000] {logging_mixin.py:151} INFO - [2025-03-13T12:26:23.927+0000] {dagbag.py:536} INFO - Filling up the DagBag from /opt/airflow/dags/extract_exchange_rates.py
[2025-03-13T12:26:23.938+0000] {processor.py:839} INFO - DAG(s) dict_keys(['extract_exchange_rates']) retrieved from /opt/airflow/dags/extract_exchange_rates.py
[2025-03-13T12:26:23.957+0000] {logging_mixin.py:151} INFO - [2025-03-13T12:26:23.957+0000] {dag.py:2941} INFO - Sync 1 DAGs
[2025-03-13T12:26:23.968+0000] {logging_mixin.py:151} INFO - [2025-03-13T12:26:23.968+0000] {dag.py:3722} INFO - Setting next_dagrun for extract_exchange_rates to 2025-03-13T00:00:00+00:00, run_after=2025-03-14T00:00:00+00:00
[2025-03-13T12:26:23.976+0000] {processor.py:179} INFO - Processing /opt/airflow/dags/extract_exchange_rates.py took 0.053 seconds
[2025-03-13T12:26:54.172+0000] {processor.py:157} INFO - Started process (PID=8850) to work on /opt/airflow/dags/extract_exchange_rates.py
[2025-03-13T12:26:54.173+0000] {processor.py:829} INFO - Processing file /opt/airflow/dags/extract_exchange_rates.py for tasks to queue
[2025-03-13T12:26:54.173+0000] {logging_mixin.py:151} INFO - [2025-03-13T12:26:54.173+0000] {dagbag.py:536} INFO - Filling up the DagBag from /opt/airflow/dags/extract_exchange_rates.py
[2025-03-13T12:26:54.183+0000] {processor.py:839} INFO - DAG(s) dict_keys(['extract_exchange_rates']) retrieved from /opt/airflow/dags/extract_exchange_rates.py
[2025-03-13T12:26:54.196+0000] {logging_mixin.py:151} INFO - [2025-03-13T12:26:54.196+0000] {dag.py:2941} INFO - Sync 1 DAGs
[2025-03-13T12:26:54.206+0000] {logging_mixin.py:151} INFO - [2025-03-13T12:26:54.206+0000] {dag.py:3722} INFO - Setting next_dagrun for extract_exchange_rates to 2025-03-13T00:00:00+00:00, run_after=2025-03-14T00:00:00+00:00
[2025-03-13T12:26:54.213+0000] {processor.py:179} INFO - Processing /opt/airflow/dags/extract_exchange_rates.py took 0.043 seconds
[2025-03-13T12:27:24.403+0000] {processor.py:157} INFO - Started process (PID=8855) to work on /opt/airflow/dags/extract_exchange_rates.py
[2025-03-13T12:27:24.404+0000] {processor.py:829} INFO - Processing file /opt/airflow/dags/extract_exchange_rates.py for tasks to queue
[2025-03-13T12:27:24.404+0000] {logging_mixin.py:151} INFO - [2025-03-13T12:27:24.404+0000] {dagbag.py:536} INFO - Filling up the DagBag from /opt/airflow/dags/extract_exchange_rates.py
[2025-03-13T12:27:24.413+0000] {processor.py:839} INFO - DAG(s) dict_keys(['extract_exchange_rates']) retrieved from /opt/airflow/dags/extract_exchange_rates.py
[2025-03-13T12:27:24.426+0000] {logging_mixin.py:151} INFO - [2025-03-13T12:27:24.426+0000] {dag.py:2941} INFO - Sync 1 DAGs
[2025-03-13T12:27:24.436+0000] {logging_mixin.py:151} INFO - [2025-03-13T12:27:24.436+0000] {dag.py:3722} INFO - Setting next_dagrun for extract_exchange_rates to 2025-03-13T00:00:00+00:00, run_after=2025-03-14T00:00:00+00:00
[2025-03-13T12:27:24.443+0000] {processor.py:179} INFO - Processing /opt/airflow/dags/extract_exchange_rates.py took 0.042 seconds
[2025-03-13T12:27:54.638+0000] {processor.py:157} INFO - Started process (PID=8860) to work on /opt/airflow/dags/extract_exchange_rates.py
[2025-03-13T12:27:54.639+0000] {processor.py:829} INFO - Processing file /opt/airflow/dags/extract_exchange_rates.py for tasks to queue
[2025-03-13T12:27:54.639+0000] {logging_mixin.py:151} INFO - [2025-03-13T12:27:54.639+0000] {dagbag.py:536} INFO - Filling up the DagBag from /opt/airflow/dags/extract_exchange_rates.py
[2025-03-13T12:27:54.647+0000] {processor.py:839} INFO - DAG(s) dict_keys(['extract_exchange_rates']) retrieved from /opt/airflow/dags/extract_exchange_rates.py
[2025-03-13T12:27:54.659+0000] {logging_mixin.py:151} INFO - [2025-03-13T12:27:54.659+0000] {dag.py:2941} INFO - Sync 1 DAGs
[2025-03-13T12:27:54.668+0000] {logging_mixin.py:151} INFO - [2025-03-13T12:27:54.668+0000] {dag.py:3722} INFO - Setting next_dagrun for extract_exchange_rates to 2025-03-13T00:00:00+00:00, run_after=2025-03-14T00:00:00+00:00
[2025-03-13T12:27:54.675+0000] {processor.py:179} INFO - Processing /opt/airflow/dags/extract_exchange_rates.py took 0.039 seconds
[2025-03-13T12:28:24.888+0000] {processor.py:157} INFO - Started process (PID=8865) to work on /opt/airflow/dags/extract_exchange_rates.py
[2025-03-13T12:28:24.889+0000] {processor.py:829} INFO - Processing file /opt/airflow/dags/extract_exchange_rates.py for tasks to queue
[2025-03-13T12:28:24.889+0000] {logging_mixin.py:151} INFO - [2025-03-13T12:28:24.889+0000] {dagbag.py:536} INFO - Filling up the DagBag from /opt/airflow/dags/extract_exchange_rates.py
[2025-03-13T12:28:24.899+0000] {processor.py:839} INFO - DAG(s) dict_keys(['extract_exchange_rates']) retrieved from /opt/airflow/dags/extract_exchange_rates.py
[2025-03-13T12:28:24.911+0000] {logging_mixin.py:151} INFO - [2025-03-13T12:28:24.911+0000] {dag.py:2941} INFO - Sync 1 DAGs
[2025-03-13T12:28:24.921+0000] {logging_mixin.py:151} INFO - [2025-03-13T12:28:24.921+0000] {dag.py:3722} INFO - Setting next_dagrun for extract_exchange_rates to 2025-03-13T00:00:00+00:00, run_after=2025-03-14T00:00:00+00:00
[2025-03-13T12:28:24.928+0000] {processor.py:179} INFO - Processing /opt/airflow/dags/extract_exchange_rates.py took 0.041 seconds
[2025-03-13T12:28:55.142+0000] {processor.py:157} INFO - Started process (PID=8870) to work on /opt/airflow/dags/extract_exchange_rates.py
[2025-03-13T12:28:55.143+0000] {processor.py:829} INFO - Processing file /opt/airflow/dags/extract_exchange_rates.py for tasks to queue
[2025-03-13T12:28:55.144+0000] {logging_mixin.py:151} INFO - [2025-03-13T12:28:55.143+0000] {dagbag.py:536} INFO - Filling up the DagBag from /opt/airflow/dags/extract_exchange_rates.py
[2025-03-13T12:28:55.152+0000] {processor.py:839} INFO - DAG(s) dict_keys(['extract_exchange_rates']) retrieved from /opt/airflow/dags/extract_exchange_rates.py
[2025-03-13T12:28:55.165+0000] {logging_mixin.py:151} INFO - [2025-03-13T12:28:55.165+0000] {dag.py:2941} INFO - Sync 1 DAGs
[2025-03-13T12:28:55.175+0000] {logging_mixin.py:151} INFO - [2025-03-13T12:28:55.175+0000] {dag.py:3722} INFO - Setting next_dagrun for extract_exchange_rates to 2025-03-13T00:00:00+00:00, run_after=2025-03-14T00:00:00+00:00
[2025-03-13T12:28:55.182+0000] {processor.py:179} INFO - Processing /opt/airflow/dags/extract_exchange_rates.py took 0.042 seconds
[2025-03-13T12:29:25.388+0000] {processor.py:157} INFO - Started process (PID=8875) to work on /opt/airflow/dags/extract_exchange_rates.py
[2025-03-13T12:29:25.388+0000] {processor.py:829} INFO - Processing file /opt/airflow/dags/extract_exchange_rates.py for tasks to queue
[2025-03-13T12:29:25.389+0000] {logging_mixin.py:151} INFO - [2025-03-13T12:29:25.389+0000] {dagbag.py:536} INFO - Filling up the DagBag from /opt/airflow/dags/extract_exchange_rates.py
[2025-03-13T12:29:25.397+0000] {processor.py:839} INFO - DAG(s) dict_keys(['extract_exchange_rates']) retrieved from /opt/airflow/dags/extract_exchange_rates.py
[2025-03-13T12:29:25.411+0000] {logging_mixin.py:151} INFO - [2025-03-13T12:29:25.411+0000] {dag.py:2941} INFO - Sync 1 DAGs
[2025-03-13T12:29:25.420+0000] {logging_mixin.py:151} INFO - [2025-03-13T12:29:25.420+0000] {dag.py:3722} INFO - Setting next_dagrun for extract_exchange_rates to 2025-03-13T00:00:00+00:00, run_after=2025-03-14T00:00:00+00:00
[2025-03-13T12:29:25.427+0000] {processor.py:179} INFO - Processing /opt/airflow/dags/extract_exchange_rates.py took 0.042 seconds
[2025-03-13T12:29:55.658+0000] {processor.py:157} INFO - Started process (PID=8880) to work on /opt/airflow/dags/extract_exchange_rates.py
[2025-03-13T12:29:55.659+0000] {processor.py:829} INFO - Processing file /opt/airflow/dags/extract_exchange_rates.py for tasks to queue
[2025-03-13T12:29:55.660+0000] {logging_mixin.py:151} INFO - [2025-03-13T12:29:55.659+0000] {dagbag.py:536} INFO - Filling up the DagBag from /opt/airflow/dags/extract_exchange_rates.py
[2025-03-13T12:29:55.668+0000] {processor.py:839} INFO - DAG(s) dict_keys(['extract_exchange_rates']) retrieved from /opt/airflow/dags/extract_exchange_rates.py
[2025-03-13T12:29:55.681+0000] {logging_mixin.py:151} INFO - [2025-03-13T12:29:55.681+0000] {dag.py:2941} INFO - Sync 1 DAGs
[2025-03-13T12:29:55.691+0000] {logging_mixin.py:151} INFO - [2025-03-13T12:29:55.690+0000] {dag.py:3722} INFO - Setting next_dagrun for extract_exchange_rates to 2025-03-13T00:00:00+00:00, run_after=2025-03-14T00:00:00+00:00
[2025-03-13T12:29:55.697+0000] {processor.py:179} INFO - Processing /opt/airflow/dags/extract_exchange_rates.py took 0.041 seconds
[2025-03-13T12:30:25.922+0000] {processor.py:157} INFO - Started process (PID=8885) to work on /opt/airflow/dags/extract_exchange_rates.py
[2025-03-13T12:30:25.923+0000] {processor.py:829} INFO - Processing file /opt/airflow/dags/extract_exchange_rates.py for tasks to queue
[2025-03-13T12:30:25.923+0000] {logging_mixin.py:151} INFO - [2025-03-13T12:30:25.923+0000] {dagbag.py:536} INFO - Filling up the DagBag from /opt/airflow/dags/extract_exchange_rates.py
[2025-03-13T12:30:25.932+0000] {processor.py:839} INFO - DAG(s) dict_keys(['extract_exchange_rates']) retrieved from /opt/airflow/dags/extract_exchange_rates.py
[2025-03-13T12:30:25.945+0000] {logging_mixin.py:151} INFO - [2025-03-13T12:30:25.945+0000] {dag.py:2941} INFO - Sync 1 DAGs
[2025-03-13T12:30:25.955+0000] {logging_mixin.py:151} INFO - [2025-03-13T12:30:25.955+0000] {dag.py:3722} INFO - Setting next_dagrun for extract_exchange_rates to 2025-03-13T00:00:00+00:00, run_after=2025-03-14T00:00:00+00:00
[2025-03-13T12:30:25.961+0000] {processor.py:179} INFO - Processing /opt/airflow/dags/extract_exchange_rates.py took 0.041 seconds
[2025-03-13T12:30:56.180+0000] {processor.py:157} INFO - Started process (PID=8890) to work on /opt/airflow/dags/extract_exchange_rates.py
[2025-03-13T12:30:56.181+0000] {processor.py:829} INFO - Processing file /opt/airflow/dags/extract_exchange_rates.py for tasks to queue
[2025-03-13T12:30:56.182+0000] {logging_mixin.py:151} INFO - [2025-03-13T12:30:56.181+0000] {dagbag.py:536} INFO - Filling up the DagBag from /opt/airflow/dags/extract_exchange_rates.py
[2025-03-13T12:30:56.190+0000] {processor.py:839} INFO - DAG(s) dict_keys(['extract_exchange_rates']) retrieved from /opt/airflow/dags/extract_exchange_rates.py
[2025-03-13T12:30:56.204+0000] {logging_mixin.py:151} INFO - [2025-03-13T12:30:56.204+0000] {dag.py:2941} INFO - Sync 1 DAGs
[2025-03-13T12:30:56.214+0000] {logging_mixin.py:151} INFO - [2025-03-13T12:30:56.214+0000] {dag.py:3722} INFO - Setting next_dagrun for extract_exchange_rates to 2025-03-13T00:00:00+00:00, run_after=2025-03-14T00:00:00+00:00
[2025-03-13T12:30:56.221+0000] {processor.py:179} INFO - Processing /opt/airflow/dags/extract_exchange_rates.py took 0.043 seconds
[2025-03-13T12:31:26.436+0000] {processor.py:157} INFO - Started process (PID=8895) to work on /opt/airflow/dags/extract_exchange_rates.py
[2025-03-13T12:31:26.436+0000] {processor.py:829} INFO - Processing file /opt/airflow/dags/extract_exchange_rates.py for tasks to queue
[2025-03-13T12:31:26.437+0000] {logging_mixin.py:151} INFO - [2025-03-13T12:31:26.437+0000] {dagbag.py:536} INFO - Filling up the DagBag from /opt/airflow/dags/extract_exchange_rates.py
[2025-03-13T12:31:26.446+0000] {processor.py:839} INFO - DAG(s) dict_keys(['extract_exchange_rates']) retrieved from /opt/airflow/dags/extract_exchange_rates.py
[2025-03-13T12:31:26.459+0000] {logging_mixin.py:151} INFO - [2025-03-13T12:31:26.459+0000] {dag.py:2941} INFO - Sync 1 DAGs
[2025-03-13T12:31:26.470+0000] {logging_mixin.py:151} INFO - [2025-03-13T12:31:26.470+0000] {dag.py:3722} INFO - Setting next_dagrun for extract_exchange_rates to 2025-03-13T00:00:00+00:00, run_after=2025-03-14T00:00:00+00:00
[2025-03-13T12:31:26.477+0000] {processor.py:179} INFO - Processing /opt/airflow/dags/extract_exchange_rates.py took 0.044 seconds
[2025-03-13T12:31:56.677+0000] {processor.py:157} INFO - Started process (PID=8900) to work on /opt/airflow/dags/extract_exchange_rates.py
[2025-03-13T12:31:56.678+0000] {processor.py:829} INFO - Processing file /opt/airflow/dags/extract_exchange_rates.py for tasks to queue
[2025-03-13T12:31:56.679+0000] {logging_mixin.py:151} INFO - [2025-03-13T12:31:56.679+0000] {dagbag.py:536} INFO - Filling up the DagBag from /opt/airflow/dags/extract_exchange_rates.py
[2025-03-13T12:31:56.688+0000] {processor.py:839} INFO - DAG(s) dict_keys(['extract_exchange_rates']) retrieved from /opt/airflow/dags/extract_exchange_rates.py
[2025-03-13T12:31:56.702+0000] {logging_mixin.py:151} INFO - [2025-03-13T12:31:56.702+0000] {dag.py:2941} INFO - Sync 1 DAGs
[2025-03-13T12:31:56.714+0000] {logging_mixin.py:151} INFO - [2025-03-13T12:31:56.714+0000] {dag.py:3722} INFO - Setting next_dagrun for extract_exchange_rates to 2025-03-13T00:00:00+00:00, run_after=2025-03-14T00:00:00+00:00
[2025-03-13T12:31:56.721+0000] {processor.py:179} INFO - Processing /opt/airflow/dags/extract_exchange_rates.py took 0.046 seconds
[2025-03-13T12:32:26.930+0000] {processor.py:157} INFO - Started process (PID=8905) to work on /opt/airflow/dags/extract_exchange_rates.py
[2025-03-13T12:32:26.931+0000] {processor.py:829} INFO - Processing file /opt/airflow/dags/extract_exchange_rates.py for tasks to queue
[2025-03-13T12:32:26.931+0000] {logging_mixin.py:151} INFO - [2025-03-13T12:32:26.931+0000] {dagbag.py:536} INFO - Filling up the DagBag from /opt/airflow/dags/extract_exchange_rates.py
[2025-03-13T12:32:26.940+0000] {processor.py:839} INFO - DAG(s) dict_keys(['extract_exchange_rates']) retrieved from /opt/airflow/dags/extract_exchange_rates.py
[2025-03-13T12:32:26.955+0000] {logging_mixin.py:151} INFO - [2025-03-13T12:32:26.955+0000] {dag.py:2941} INFO - Sync 1 DAGs
[2025-03-13T12:32:26.966+0000] {logging_mixin.py:151} INFO - [2025-03-13T12:32:26.965+0000] {dag.py:3722} INFO - Setting next_dagrun for extract_exchange_rates to 2025-03-13T00:00:00+00:00, run_after=2025-03-14T00:00:00+00:00
[2025-03-13T12:32:26.973+0000] {processor.py:179} INFO - Processing /opt/airflow/dags/extract_exchange_rates.py took 0.045 seconds
[2025-03-13T12:32:57.181+0000] {processor.py:157} INFO - Started process (PID=8910) to work on /opt/airflow/dags/extract_exchange_rates.py
[2025-03-13T12:32:57.182+0000] {processor.py:829} INFO - Processing file /opt/airflow/dags/extract_exchange_rates.py for tasks to queue
[2025-03-13T12:32:57.183+0000] {logging_mixin.py:151} INFO - [2025-03-13T12:32:57.183+0000] {dagbag.py:536} INFO - Filling up the DagBag from /opt/airflow/dags/extract_exchange_rates.py
[2025-03-13T12:32:57.196+0000] {processor.py:839} INFO - DAG(s) dict_keys(['extract_exchange_rates']) retrieved from /opt/airflow/dags/extract_exchange_rates.py
[2025-03-13T12:32:57.213+0000] {logging_mixin.py:151} INFO - [2025-03-13T12:32:57.212+0000] {dag.py:2941} INFO - Sync 1 DAGs
[2025-03-13T12:32:57.225+0000] {logging_mixin.py:151} INFO - [2025-03-13T12:32:57.225+0000] {dag.py:3722} INFO - Setting next_dagrun for extract_exchange_rates to 2025-03-13T00:00:00+00:00, run_after=2025-03-14T00:00:00+00:00
[2025-03-13T12:32:57.233+0000] {processor.py:179} INFO - Processing /opt/airflow/dags/extract_exchange_rates.py took 0.055 seconds
[2025-03-13T12:33:27.452+0000] {processor.py:157} INFO - Started process (PID=8915) to work on /opt/airflow/dags/extract_exchange_rates.py
[2025-03-13T12:33:27.452+0000] {processor.py:829} INFO - Processing file /opt/airflow/dags/extract_exchange_rates.py for tasks to queue
[2025-03-13T12:33:27.453+0000] {logging_mixin.py:151} INFO - [2025-03-13T12:33:27.453+0000] {dagbag.py:536} INFO - Filling up the DagBag from /opt/airflow/dags/extract_exchange_rates.py
[2025-03-13T12:33:27.462+0000] {processor.py:839} INFO - DAG(s) dict_keys(['extract_exchange_rates']) retrieved from /opt/airflow/dags/extract_exchange_rates.py
[2025-03-13T12:33:27.475+0000] {logging_mixin.py:151} INFO - [2025-03-13T12:33:27.475+0000] {dag.py:2941} INFO - Sync 1 DAGs
[2025-03-13T12:33:27.484+0000] {logging_mixin.py:151} INFO - [2025-03-13T12:33:27.484+0000] {dag.py:3722} INFO - Setting next_dagrun for extract_exchange_rates to 2025-03-13T00:00:00+00:00, run_after=2025-03-14T00:00:00+00:00
[2025-03-13T12:33:27.491+0000] {processor.py:179} INFO - Processing /opt/airflow/dags/extract_exchange_rates.py took 0.041 seconds
[2025-03-13T12:33:57.725+0000] {processor.py:157} INFO - Started process (PID=8920) to work on /opt/airflow/dags/extract_exchange_rates.py
[2025-03-13T12:33:57.726+0000] {processor.py:829} INFO - Processing file /opt/airflow/dags/extract_exchange_rates.py for tasks to queue
[2025-03-13T12:33:57.726+0000] {logging_mixin.py:151} INFO - [2025-03-13T12:33:57.726+0000] {dagbag.py:536} INFO - Filling up the DagBag from /opt/airflow/dags/extract_exchange_rates.py
[2025-03-13T12:33:57.736+0000] {processor.py:839} INFO - DAG(s) dict_keys(['extract_exchange_rates']) retrieved from /opt/airflow/dags/extract_exchange_rates.py
[2025-03-13T12:33:57.749+0000] {logging_mixin.py:151} INFO - [2025-03-13T12:33:57.749+0000] {dag.py:2941} INFO - Sync 1 DAGs
[2025-03-13T12:33:57.759+0000] {logging_mixin.py:151} INFO - [2025-03-13T12:33:57.759+0000] {dag.py:3722} INFO - Setting next_dagrun for extract_exchange_rates to 2025-03-13T00:00:00+00:00, run_after=2025-03-14T00:00:00+00:00
[2025-03-13T12:33:57.766+0000] {processor.py:179} INFO - Processing /opt/airflow/dags/extract_exchange_rates.py took 0.043 seconds
[2025-03-13T12:34:27.959+0000] {processor.py:157} INFO - Started process (PID=8925) to work on /opt/airflow/dags/extract_exchange_rates.py
[2025-03-13T12:34:27.960+0000] {processor.py:829} INFO - Processing file /opt/airflow/dags/extract_exchange_rates.py for tasks to queue
[2025-03-13T12:34:27.961+0000] {logging_mixin.py:151} INFO - [2025-03-13T12:34:27.960+0000] {dagbag.py:536} INFO - Filling up the DagBag from /opt/airflow/dags/extract_exchange_rates.py
[2025-03-13T12:34:27.970+0000] {processor.py:839} INFO - DAG(s) dict_keys(['extract_exchange_rates']) retrieved from /opt/airflow/dags/extract_exchange_rates.py
[2025-03-13T12:34:27.984+0000] {logging_mixin.py:151} INFO - [2025-03-13T12:34:27.984+0000] {dag.py:2941} INFO - Sync 1 DAGs
[2025-03-13T12:34:27.994+0000] {logging_mixin.py:151} INFO - [2025-03-13T12:34:27.994+0000] {dag.py:3722} INFO - Setting next_dagrun for extract_exchange_rates to 2025-03-13T00:00:00+00:00, run_after=2025-03-14T00:00:00+00:00
[2025-03-13T12:34:28.001+0000] {processor.py:179} INFO - Processing /opt/airflow/dags/extract_exchange_rates.py took 0.045 seconds
[2025-03-13T12:34:58.215+0000] {processor.py:157} INFO - Started process (PID=8930) to work on /opt/airflow/dags/extract_exchange_rates.py
[2025-03-13T12:34:58.216+0000] {processor.py:829} INFO - Processing file /opt/airflow/dags/extract_exchange_rates.py for tasks to queue
[2025-03-13T12:34:58.217+0000] {logging_mixin.py:151} INFO - [2025-03-13T12:34:58.216+0000] {dagbag.py:536} INFO - Filling up the DagBag from /opt/airflow/dags/extract_exchange_rates.py
[2025-03-13T12:34:58.225+0000] {processor.py:839} INFO - DAG(s) dict_keys(['extract_exchange_rates']) retrieved from /opt/airflow/dags/extract_exchange_rates.py
[2025-03-13T12:34:58.239+0000] {logging_mixin.py:151} INFO - [2025-03-13T12:34:58.238+0000] {dag.py:2941} INFO - Sync 1 DAGs
[2025-03-13T12:34:58.248+0000] {logging_mixin.py:151} INFO - [2025-03-13T12:34:58.248+0000] {dag.py:3722} INFO - Setting next_dagrun for extract_exchange_rates to 2025-03-13T00:00:00+00:00, run_after=2025-03-14T00:00:00+00:00
[2025-03-13T12:34:58.255+0000] {processor.py:179} INFO - Processing /opt/airflow/dags/extract_exchange_rates.py took 0.043 seconds
[2025-03-13T12:35:28.461+0000] {processor.py:157} INFO - Started process (PID=8935) to work on /opt/airflow/dags/extract_exchange_rates.py
[2025-03-13T12:35:28.462+0000] {processor.py:829} INFO - Processing file /opt/airflow/dags/extract_exchange_rates.py for tasks to queue
[2025-03-13T12:35:28.463+0000] {logging_mixin.py:151} INFO - [2025-03-13T12:35:28.463+0000] {dagbag.py:536} INFO - Filling up the DagBag from /opt/airflow/dags/extract_exchange_rates.py
[2025-03-13T12:35:28.474+0000] {processor.py:839} INFO - DAG(s) dict_keys(['extract_exchange_rates']) retrieved from /opt/airflow/dags/extract_exchange_rates.py
[2025-03-13T12:35:28.487+0000] {logging_mixin.py:151} INFO - [2025-03-13T12:35:28.487+0000] {dag.py:2941} INFO - Sync 1 DAGs
[2025-03-13T12:35:28.497+0000] {logging_mixin.py:151} INFO - [2025-03-13T12:35:28.497+0000] {dag.py:3722} INFO - Setting next_dagrun for extract_exchange_rates to 2025-03-13T00:00:00+00:00, run_after=2025-03-14T00:00:00+00:00
[2025-03-13T12:35:28.504+0000] {processor.py:179} INFO - Processing /opt/airflow/dags/extract_exchange_rates.py took 0.045 seconds
[2025-03-13T12:35:58.691+0000] {processor.py:157} INFO - Started process (PID=8940) to work on /opt/airflow/dags/extract_exchange_rates.py
[2025-03-13T12:35:58.692+0000] {processor.py:829} INFO - Processing file /opt/airflow/dags/extract_exchange_rates.py for tasks to queue
[2025-03-13T12:35:58.692+0000] {logging_mixin.py:151} INFO - [2025-03-13T12:35:58.692+0000] {dagbag.py:536} INFO - Filling up the DagBag from /opt/airflow/dags/extract_exchange_rates.py
[2025-03-13T12:35:58.702+0000] {processor.py:839} INFO - DAG(s) dict_keys(['extract_exchange_rates']) retrieved from /opt/airflow/dags/extract_exchange_rates.py
[2025-03-13T12:35:58.715+0000] {logging_mixin.py:151} INFO - [2025-03-13T12:35:58.714+0000] {dag.py:2941} INFO - Sync 1 DAGs
[2025-03-13T12:35:58.725+0000] {logging_mixin.py:151} INFO - [2025-03-13T12:35:58.725+0000] {dag.py:3722} INFO - Setting next_dagrun for extract_exchange_rates to 2025-03-13T00:00:00+00:00, run_after=2025-03-14T00:00:00+00:00
[2025-03-13T12:35:58.732+0000] {processor.py:179} INFO - Processing /opt/airflow/dags/extract_exchange_rates.py took 0.043 seconds
[2025-03-13T12:36:28.952+0000] {processor.py:157} INFO - Started process (PID=8945) to work on /opt/airflow/dags/extract_exchange_rates.py
[2025-03-13T12:36:28.952+0000] {processor.py:829} INFO - Processing file /opt/airflow/dags/extract_exchange_rates.py for tasks to queue
[2025-03-13T12:36:28.953+0000] {logging_mixin.py:151} INFO - [2025-03-13T12:36:28.953+0000] {dagbag.py:536} INFO - Filling up the DagBag from /opt/airflow/dags/extract_exchange_rates.py
[2025-03-13T12:36:28.962+0000] {processor.py:839} INFO - DAG(s) dict_keys(['extract_exchange_rates']) retrieved from /opt/airflow/dags/extract_exchange_rates.py
[2025-03-13T12:36:28.975+0000] {logging_mixin.py:151} INFO - [2025-03-13T12:36:28.975+0000] {dag.py:2941} INFO - Sync 1 DAGs
[2025-03-13T12:36:28.986+0000] {logging_mixin.py:151} INFO - [2025-03-13T12:36:28.986+0000] {dag.py:3722} INFO - Setting next_dagrun for extract_exchange_rates to 2025-03-13T00:00:00+00:00, run_after=2025-03-14T00:00:00+00:00
[2025-03-13T12:36:28.993+0000] {processor.py:179} INFO - Processing /opt/airflow/dags/extract_exchange_rates.py took 0.043 seconds
[2025-03-13T12:36:59.220+0000] {processor.py:157} INFO - Started process (PID=8950) to work on /opt/airflow/dags/extract_exchange_rates.py
[2025-03-13T12:36:59.221+0000] {processor.py:829} INFO - Processing file /opt/airflow/dags/extract_exchange_rates.py for tasks to queue
[2025-03-13T12:36:59.221+0000] {logging_mixin.py:151} INFO - [2025-03-13T12:36:59.221+0000] {dagbag.py:536} INFO - Filling up the DagBag from /opt/airflow/dags/extract_exchange_rates.py
[2025-03-13T12:36:59.231+0000] {processor.py:839} INFO - DAG(s) dict_keys(['extract_exchange_rates']) retrieved from /opt/airflow/dags/extract_exchange_rates.py
[2025-03-13T12:36:59.245+0000] {logging_mixin.py:151} INFO - [2025-03-13T12:36:59.245+0000] {dag.py:2941} INFO - Sync 1 DAGs
[2025-03-13T12:36:59.255+0000] {logging_mixin.py:151} INFO - [2025-03-13T12:36:59.255+0000] {dag.py:3722} INFO - Setting next_dagrun for extract_exchange_rates to 2025-03-13T00:00:00+00:00, run_after=2025-03-14T00:00:00+00:00
[2025-03-13T12:36:59.262+0000] {processor.py:179} INFO - Processing /opt/airflow/dags/extract_exchange_rates.py took 0.044 seconds
[2025-03-13T12:37:29.457+0000] {processor.py:157} INFO - Started process (PID=8955) to work on /opt/airflow/dags/extract_exchange_rates.py
[2025-03-13T12:37:29.457+0000] {processor.py:829} INFO - Processing file /opt/airflow/dags/extract_exchange_rates.py for tasks to queue
[2025-03-13T12:37:29.458+0000] {logging_mixin.py:151} INFO - [2025-03-13T12:37:29.458+0000] {dagbag.py:536} INFO - Filling up the DagBag from /opt/airflow/dags/extract_exchange_rates.py
[2025-03-13T12:37:29.467+0000] {processor.py:839} INFO - DAG(s) dict_keys(['extract_exchange_rates']) retrieved from /opt/airflow/dags/extract_exchange_rates.py
[2025-03-13T12:37:29.479+0000] {logging_mixin.py:151} INFO - [2025-03-13T12:37:29.479+0000] {dag.py:2941} INFO - Sync 1 DAGs
[2025-03-13T12:37:29.489+0000] {logging_mixin.py:151} INFO - [2025-03-13T12:37:29.489+0000] {dag.py:3722} INFO - Setting next_dagrun for extract_exchange_rates to 2025-03-13T00:00:00+00:00, run_after=2025-03-14T00:00:00+00:00
[2025-03-13T12:37:29.496+0000] {processor.py:179} INFO - Processing /opt/airflow/dags/extract_exchange_rates.py took 0.041 seconds
[2025-03-13T12:37:59.717+0000] {processor.py:157} INFO - Started process (PID=8960) to work on /opt/airflow/dags/extract_exchange_rates.py
[2025-03-13T12:37:59.717+0000] {processor.py:829} INFO - Processing file /opt/airflow/dags/extract_exchange_rates.py for tasks to queue
[2025-03-13T12:37:59.718+0000] {logging_mixin.py:151} INFO - [2025-03-13T12:37:59.718+0000] {dagbag.py:536} INFO - Filling up the DagBag from /opt/airflow/dags/extract_exchange_rates.py
[2025-03-13T12:37:59.727+0000] {processor.py:839} INFO - DAG(s) dict_keys(['extract_exchange_rates']) retrieved from /opt/airflow/dags/extract_exchange_rates.py
[2025-03-13T12:37:59.741+0000] {logging_mixin.py:151} INFO - [2025-03-13T12:37:59.741+0000] {dag.py:2941} INFO - Sync 1 DAGs
[2025-03-13T12:37:59.751+0000] {logging_mixin.py:151} INFO - [2025-03-13T12:37:59.751+0000] {dag.py:3722} INFO - Setting next_dagrun for extract_exchange_rates to 2025-03-13T00:00:00+00:00, run_after=2025-03-14T00:00:00+00:00
[2025-03-13T12:37:59.758+0000] {processor.py:179} INFO - Processing /opt/airflow/dags/extract_exchange_rates.py took 0.044 seconds
[2025-03-13T12:38:29.983+0000] {processor.py:157} INFO - Started process (PID=8965) to work on /opt/airflow/dags/extract_exchange_rates.py
[2025-03-13T12:38:29.984+0000] {processor.py:829} INFO - Processing file /opt/airflow/dags/extract_exchange_rates.py for tasks to queue
[2025-03-13T12:38:29.984+0000] {logging_mixin.py:151} INFO - [2025-03-13T12:38:29.984+0000] {dagbag.py:536} INFO - Filling up the DagBag from /opt/airflow/dags/extract_exchange_rates.py
[2025-03-13T12:38:29.993+0000] {processor.py:839} INFO - DAG(s) dict_keys(['extract_exchange_rates']) retrieved from /opt/airflow/dags/extract_exchange_rates.py
[2025-03-13T12:38:30.006+0000] {logging_mixin.py:151} INFO - [2025-03-13T12:38:30.006+0000] {dag.py:2941} INFO - Sync 1 DAGs
[2025-03-13T12:38:30.015+0000] {logging_mixin.py:151} INFO - [2025-03-13T12:38:30.015+0000] {dag.py:3722} INFO - Setting next_dagrun for extract_exchange_rates to 2025-03-13T00:00:00+00:00, run_after=2025-03-14T00:00:00+00:00
[2025-03-13T12:38:30.022+0000] {processor.py:179} INFO - Processing /opt/airflow/dags/extract_exchange_rates.py took 0.041 seconds
[2025-03-13T12:39:00.221+0000] {processor.py:157} INFO - Started process (PID=8970) to work on /opt/airflow/dags/extract_exchange_rates.py
[2025-03-13T12:39:00.222+0000] {processor.py:829} INFO - Processing file /opt/airflow/dags/extract_exchange_rates.py for tasks to queue
[2025-03-13T12:39:00.223+0000] {logging_mixin.py:151} INFO - [2025-03-13T12:39:00.222+0000] {dagbag.py:536} INFO - Filling up the DagBag from /opt/airflow/dags/extract_exchange_rates.py
[2025-03-13T12:39:00.233+0000] {processor.py:839} INFO - DAG(s) dict_keys(['extract_exchange_rates']) retrieved from /opt/airflow/dags/extract_exchange_rates.py
[2025-03-13T12:39:00.247+0000] {logging_mixin.py:151} INFO - [2025-03-13T12:39:00.247+0000] {dag.py:2941} INFO - Sync 1 DAGs
[2025-03-13T12:39:00.257+0000] {logging_mixin.py:151} INFO - [2025-03-13T12:39:00.257+0000] {dag.py:3722} INFO - Setting next_dagrun for extract_exchange_rates to 2025-03-13T00:00:00+00:00, run_after=2025-03-14T00:00:00+00:00
[2025-03-13T12:39:00.264+0000] {processor.py:179} INFO - Processing /opt/airflow/dags/extract_exchange_rates.py took 0.045 seconds
[2025-03-13T12:39:30.457+0000] {processor.py:157} INFO - Started process (PID=8975) to work on /opt/airflow/dags/extract_exchange_rates.py
[2025-03-13T12:39:30.457+0000] {processor.py:829} INFO - Processing file /opt/airflow/dags/extract_exchange_rates.py for tasks to queue
[2025-03-13T12:39:30.458+0000] {logging_mixin.py:151} INFO - [2025-03-13T12:39:30.458+0000] {dagbag.py:536} INFO - Filling up the DagBag from /opt/airflow/dags/extract_exchange_rates.py
[2025-03-13T12:39:30.468+0000] {processor.py:839} INFO - DAG(s) dict_keys(['extract_exchange_rates']) retrieved from /opt/airflow/dags/extract_exchange_rates.py
[2025-03-13T12:39:30.482+0000] {logging_mixin.py:151} INFO - [2025-03-13T12:39:30.482+0000] {dag.py:2941} INFO - Sync 1 DAGs
[2025-03-13T12:39:30.492+0000] {logging_mixin.py:151} INFO - [2025-03-13T12:39:30.492+0000] {dag.py:3722} INFO - Setting next_dagrun for extract_exchange_rates to 2025-03-13T00:00:00+00:00, run_after=2025-03-14T00:00:00+00:00
[2025-03-13T12:39:30.500+0000] {processor.py:179} INFO - Processing /opt/airflow/dags/extract_exchange_rates.py took 0.045 seconds
[2025-03-13T12:40:00.705+0000] {processor.py:157} INFO - Started process (PID=8980) to work on /opt/airflow/dags/extract_exchange_rates.py
[2025-03-13T12:40:00.706+0000] {processor.py:829} INFO - Processing file /opt/airflow/dags/extract_exchange_rates.py for tasks to queue
[2025-03-13T12:40:00.707+0000] {logging_mixin.py:151} INFO - [2025-03-13T12:40:00.707+0000] {dagbag.py:536} INFO - Filling up the DagBag from /opt/airflow/dags/extract_exchange_rates.py
[2025-03-13T12:40:00.717+0000] {processor.py:839} INFO - DAG(s) dict_keys(['extract_exchange_rates']) retrieved from /opt/airflow/dags/extract_exchange_rates.py
[2025-03-13T12:40:00.731+0000] {logging_mixin.py:151} INFO - [2025-03-13T12:40:00.731+0000] {dag.py:2941} INFO - Sync 1 DAGs
[2025-03-13T12:40:00.742+0000] {logging_mixin.py:151} INFO - [2025-03-13T12:40:00.742+0000] {dag.py:3722} INFO - Setting next_dagrun for extract_exchange_rates to 2025-03-13T00:00:00+00:00, run_after=2025-03-14T00:00:00+00:00
[2025-03-13T12:40:00.749+0000] {processor.py:179} INFO - Processing /opt/airflow/dags/extract_exchange_rates.py took 0.047 seconds
[2025-03-13T12:40:30.941+0000] {processor.py:157} INFO - Started process (PID=8985) to work on /opt/airflow/dags/extract_exchange_rates.py
[2025-03-13T12:40:30.942+0000] {processor.py:829} INFO - Processing file /opt/airflow/dags/extract_exchange_rates.py for tasks to queue
[2025-03-13T12:40:30.942+0000] {logging_mixin.py:151} INFO - [2025-03-13T12:40:30.942+0000] {dagbag.py:536} INFO - Filling up the DagBag from /opt/airflow/dags/extract_exchange_rates.py
[2025-03-13T12:40:30.953+0000] {processor.py:839} INFO - DAG(s) dict_keys(['extract_exchange_rates']) retrieved from /opt/airflow/dags/extract_exchange_rates.py
[2025-03-13T12:40:30.967+0000] {logging_mixin.py:151} INFO - [2025-03-13T12:40:30.967+0000] {dag.py:2941} INFO - Sync 1 DAGs
[2025-03-13T12:40:30.980+0000] {logging_mixin.py:151} INFO - [2025-03-13T12:40:30.979+0000] {dag.py:3722} INFO - Setting next_dagrun for extract_exchange_rates to 2025-03-13T00:00:00+00:00, run_after=2025-03-14T00:00:00+00:00
[2025-03-13T12:40:30.987+0000] {processor.py:179} INFO - Processing /opt/airflow/dags/extract_exchange_rates.py took 0.048 seconds
[2025-03-13T12:41:01.188+0000] {processor.py:157} INFO - Started process (PID=8990) to work on /opt/airflow/dags/extract_exchange_rates.py
[2025-03-13T12:41:01.188+0000] {processor.py:829} INFO - Processing file /opt/airflow/dags/extract_exchange_rates.py for tasks to queue
[2025-03-13T12:41:01.189+0000] {logging_mixin.py:151} INFO - [2025-03-13T12:41:01.189+0000] {dagbag.py:536} INFO - Filling up the DagBag from /opt/airflow/dags/extract_exchange_rates.py
[2025-03-13T12:41:01.197+0000] {processor.py:839} INFO - DAG(s) dict_keys(['extract_exchange_rates']) retrieved from /opt/airflow/dags/extract_exchange_rates.py
[2025-03-13T12:41:01.211+0000] {logging_mixin.py:151} INFO - [2025-03-13T12:41:01.211+0000] {dag.py:2941} INFO - Sync 1 DAGs
[2025-03-13T12:41:01.220+0000] {logging_mixin.py:151} INFO - [2025-03-13T12:41:01.220+0000] {dag.py:3722} INFO - Setting next_dagrun for extract_exchange_rates to 2025-03-13T00:00:00+00:00, run_after=2025-03-14T00:00:00+00:00
[2025-03-13T12:41:01.227+0000] {processor.py:179} INFO - Processing /opt/airflow/dags/extract_exchange_rates.py took 0.041 seconds
[2025-03-13T12:41:31.419+0000] {processor.py:157} INFO - Started process (PID=8995) to work on /opt/airflow/dags/extract_exchange_rates.py
[2025-03-13T12:41:31.420+0000] {processor.py:829} INFO - Processing file /opt/airflow/dags/extract_exchange_rates.py for tasks to queue
[2025-03-13T12:41:31.421+0000] {logging_mixin.py:151} INFO - [2025-03-13T12:41:31.421+0000] {dagbag.py:536} INFO - Filling up the DagBag from /opt/airflow/dags/extract_exchange_rates.py
[2025-03-13T12:41:31.433+0000] {processor.py:839} INFO - DAG(s) dict_keys(['extract_exchange_rates']) retrieved from /opt/airflow/dags/extract_exchange_rates.py
[2025-03-13T12:41:31.449+0000] {logging_mixin.py:151} INFO - [2025-03-13T12:41:31.449+0000] {dag.py:2941} INFO - Sync 1 DAGs
[2025-03-13T12:41:31.461+0000] {logging_mixin.py:151} INFO - [2025-03-13T12:41:31.461+0000] {dag.py:3722} INFO - Setting next_dagrun for extract_exchange_rates to 2025-03-13T00:00:00+00:00, run_after=2025-03-14T00:00:00+00:00
[2025-03-13T12:41:31.469+0000] {processor.py:179} INFO - Processing /opt/airflow/dags/extract_exchange_rates.py took 0.052 seconds
[2025-03-13T12:42:01.678+0000] {processor.py:157} INFO - Started process (PID=9000) to work on /opt/airflow/dags/extract_exchange_rates.py
[2025-03-13T12:42:01.678+0000] {processor.py:829} INFO - Processing file /opt/airflow/dags/extract_exchange_rates.py for tasks to queue
[2025-03-13T12:42:01.679+0000] {logging_mixin.py:151} INFO - [2025-03-13T12:42:01.679+0000] {dagbag.py:536} INFO - Filling up the DagBag from /opt/airflow/dags/extract_exchange_rates.py
[2025-03-13T12:42:01.689+0000] {processor.py:839} INFO - DAG(s) dict_keys(['extract_exchange_rates']) retrieved from /opt/airflow/dags/extract_exchange_rates.py
[2025-03-13T12:42:01.703+0000] {logging_mixin.py:151} INFO - [2025-03-13T12:42:01.703+0000] {dag.py:2941} INFO - Sync 1 DAGs
[2025-03-13T12:42:01.714+0000] {logging_mixin.py:151} INFO - [2025-03-13T12:42:01.713+0000] {dag.py:3722} INFO - Setting next_dagrun for extract_exchange_rates to 2025-03-13T00:00:00+00:00, run_after=2025-03-14T00:00:00+00:00
[2025-03-13T12:42:01.721+0000] {processor.py:179} INFO - Processing /opt/airflow/dags/extract_exchange_rates.py took 0.046 seconds
[2025-03-13T12:42:31.936+0000] {processor.py:157} INFO - Started process (PID=9005) to work on /opt/airflow/dags/extract_exchange_rates.py
[2025-03-13T12:42:31.937+0000] {processor.py:829} INFO - Processing file /opt/airflow/dags/extract_exchange_rates.py for tasks to queue
[2025-03-13T12:42:31.937+0000] {logging_mixin.py:151} INFO - [2025-03-13T12:42:31.937+0000] {dagbag.py:536} INFO - Filling up the DagBag from /opt/airflow/dags/extract_exchange_rates.py
[2025-03-13T12:42:31.947+0000] {processor.py:839} INFO - DAG(s) dict_keys(['extract_exchange_rates']) retrieved from /opt/airflow/dags/extract_exchange_rates.py
[2025-03-13T12:42:31.963+0000] {logging_mixin.py:151} INFO - [2025-03-13T12:42:31.962+0000] {dag.py:2941} INFO - Sync 1 DAGs
[2025-03-13T12:42:31.973+0000] {logging_mixin.py:151} INFO - [2025-03-13T12:42:31.973+0000] {dag.py:3722} INFO - Setting next_dagrun for extract_exchange_rates to 2025-03-13T00:00:00+00:00, run_after=2025-03-14T00:00:00+00:00
[2025-03-13T12:42:31.982+0000] {processor.py:179} INFO - Processing /opt/airflow/dags/extract_exchange_rates.py took 0.049 seconds
[2025-03-13T12:43:02.166+0000] {processor.py:157} INFO - Started process (PID=9010) to work on /opt/airflow/dags/extract_exchange_rates.py
[2025-03-13T12:43:02.166+0000] {processor.py:829} INFO - Processing file /opt/airflow/dags/extract_exchange_rates.py for tasks to queue
[2025-03-13T12:43:02.167+0000] {logging_mixin.py:151} INFO - [2025-03-13T12:43:02.167+0000] {dagbag.py:536} INFO - Filling up the DagBag from /opt/airflow/dags/extract_exchange_rates.py
[2025-03-13T12:43:02.174+0000] {processor.py:839} INFO - DAG(s) dict_keys(['extract_exchange_rates']) retrieved from /opt/airflow/dags/extract_exchange_rates.py
[2025-03-13T12:43:02.185+0000] {logging_mixin.py:151} INFO - [2025-03-13T12:43:02.185+0000] {dag.py:2941} INFO - Sync 1 DAGs
[2025-03-13T12:43:02.194+0000] {logging_mixin.py:151} INFO - [2025-03-13T12:43:02.194+0000] {dag.py:3722} INFO - Setting next_dagrun for extract_exchange_rates to 2025-03-13T00:00:00+00:00, run_after=2025-03-14T00:00:00+00:00
[2025-03-13T12:43:02.199+0000] {processor.py:179} INFO - Processing /opt/airflow/dags/extract_exchange_rates.py took 0.035 seconds
[2025-03-13T20:41:30.589+0000] {processor.py:157} INFO - Started process (PID=175) to work on /opt/airflow/dags/extract_exchange_rates.py
[2025-03-13T20:41:30.590+0000] {processor.py:829} INFO - Processing file /opt/airflow/dags/extract_exchange_rates.py for tasks to queue
[2025-03-13T20:41:30.591+0000] {logging_mixin.py:151} INFO - [2025-03-13T20:41:30.591+0000] {dagbag.py:536} INFO - Filling up the DagBag from /opt/airflow/dags/extract_exchange_rates.py
[2025-03-13T20:41:30.601+0000] {processor.py:839} INFO - DAG(s) dict_keys(['extract_exchange_rates']) retrieved from /opt/airflow/dags/extract_exchange_rates.py
[2025-03-13T20:41:30.611+0000] {logging_mixin.py:151} INFO - [2025-03-13T20:41:30.611+0000] {dag.py:2941} INFO - Sync 1 DAGs
[2025-03-13T20:41:30.620+0000] {logging_mixin.py:151} INFO - [2025-03-13T20:41:30.620+0000] {dag.py:3722} INFO - Setting next_dagrun for extract_exchange_rates to 2025-03-13T00:00:00+00:00, run_after=2025-03-14T00:00:00+00:00
[2025-03-13T20:41:30.627+0000] {processor.py:179} INFO - Processing /opt/airflow/dags/extract_exchange_rates.py took 0.040 seconds
