[2025-02-27T00:00:18.720+0000] {processor.py:157} INFO - Started process (PID=740) to work on /opt/airflow/dags/extract_exchange_rates.py
[2025-02-27T00:00:18.721+0000] {processor.py:829} INFO - Processing file /opt/airflow/dags/extract_exchange_rates.py for tasks to queue
[2025-02-27T00:00:18.722+0000] {logging_mixin.py:151} INFO - [2025-02-27T00:00:18.721+0000] {dagbag.py:536} INFO - Filling up the DagBag from /opt/airflow/dags/extract_exchange_rates.py
[2025-02-27T00:00:18.726+0000] {logging_mixin.py:151} INFO - [2025-02-27T00:00:18.725+0000] {dagbag.py:346} ERROR - Failed to import: /opt/airflow/dags/extract_exchange_rates.py
Traceback (most recent call last):
  File "/home/airflow/.local/lib/python3.8/site-packages/airflow/models/dagbag.py", line 342, in parse
    loader.exec_module(new_module)
  File "<frozen importlib._bootstrap_external>", line 843, in exec_module
  File "<frozen importlib._bootstrap>", line 219, in _call_with_frames_removed
  File "/opt/airflow/dags/extract_exchange_rates.py", line 8, in <module>
    from db_scripts import create_raw_tablep
ImportError: cannot import name 'create_raw_tablep' from 'db_scripts' (/opt/airflow/scripts/db_scripts.py)
[2025-02-27T00:00:18.726+0000] {processor.py:841} WARNING - No viable dags retrieved from /opt/airflow/dags/extract_exchange_rates.py
[2025-02-27T00:00:18.737+0000] {processor.py:179} INFO - Processing /opt/airflow/dags/extract_exchange_rates.py took 0.019 seconds
[2025-02-27T00:00:48.973+0000] {processor.py:157} INFO - Started process (PID=745) to work on /opt/airflow/dags/extract_exchange_rates.py
[2025-02-27T00:00:48.974+0000] {processor.py:829} INFO - Processing file /opt/airflow/dags/extract_exchange_rates.py for tasks to queue
[2025-02-27T00:00:48.974+0000] {logging_mixin.py:151} INFO - [2025-02-27T00:00:48.974+0000] {dagbag.py:536} INFO - Filling up the DagBag from /opt/airflow/dags/extract_exchange_rates.py
[2025-02-27T00:00:48.979+0000] {logging_mixin.py:151} INFO - [2025-02-27T00:00:48.978+0000] {dagbag.py:346} ERROR - Failed to import: /opt/airflow/dags/extract_exchange_rates.py
Traceback (most recent call last):
  File "/home/airflow/.local/lib/python3.8/site-packages/airflow/models/dagbag.py", line 342, in parse
    loader.exec_module(new_module)
  File "<frozen importlib._bootstrap_external>", line 843, in exec_module
  File "<frozen importlib._bootstrap>", line 219, in _call_with_frames_removed
  File "/opt/airflow/dags/extract_exchange_rates.py", line 8, in <module>
    from db_scripts import create_raw_tablep
ImportError: cannot import name 'create_raw_tablep' from 'db_scripts' (/opt/airflow/scripts/db_scripts.py)
[2025-02-27T00:00:48.979+0000] {processor.py:841} WARNING - No viable dags retrieved from /opt/airflow/dags/extract_exchange_rates.py
[2025-02-27T00:00:48.992+0000] {processor.py:179} INFO - Processing /opt/airflow/dags/extract_exchange_rates.py took 0.021 seconds
[2025-02-27T00:01:19.229+0000] {processor.py:157} INFO - Started process (PID=750) to work on /opt/airflow/dags/extract_exchange_rates.py
[2025-02-27T00:01:19.229+0000] {processor.py:829} INFO - Processing file /opt/airflow/dags/extract_exchange_rates.py for tasks to queue
[2025-02-27T00:01:19.230+0000] {logging_mixin.py:151} INFO - [2025-02-27T00:01:19.230+0000] {dagbag.py:536} INFO - Filling up the DagBag from /opt/airflow/dags/extract_exchange_rates.py
[2025-02-27T00:01:19.234+0000] {logging_mixin.py:151} INFO - [2025-02-27T00:01:19.233+0000] {dagbag.py:346} ERROR - Failed to import: /opt/airflow/dags/extract_exchange_rates.py
Traceback (most recent call last):
  File "/home/airflow/.local/lib/python3.8/site-packages/airflow/models/dagbag.py", line 342, in parse
    loader.exec_module(new_module)
  File "<frozen importlib._bootstrap_external>", line 843, in exec_module
  File "<frozen importlib._bootstrap>", line 219, in _call_with_frames_removed
  File "/opt/airflow/dags/extract_exchange_rates.py", line 8, in <module>
    from db_scripts import create_raw_tablep
ImportError: cannot import name 'create_raw_tablep' from 'db_scripts' (/opt/airflow/scripts/db_scripts.py)
[2025-02-27T00:01:19.235+0000] {processor.py:841} WARNING - No viable dags retrieved from /opt/airflow/dags/extract_exchange_rates.py
[2025-02-27T00:01:19.247+0000] {processor.py:179} INFO - Processing /opt/airflow/dags/extract_exchange_rates.py took 0.021 seconds
[2025-02-27T00:01:49.493+0000] {processor.py:157} INFO - Started process (PID=755) to work on /opt/airflow/dags/extract_exchange_rates.py
[2025-02-27T00:01:49.493+0000] {processor.py:829} INFO - Processing file /opt/airflow/dags/extract_exchange_rates.py for tasks to queue
[2025-02-27T00:01:49.494+0000] {logging_mixin.py:151} INFO - [2025-02-27T00:01:49.494+0000] {dagbag.py:536} INFO - Filling up the DagBag from /opt/airflow/dags/extract_exchange_rates.py
[2025-02-27T00:01:49.498+0000] {logging_mixin.py:151} INFO - [2025-02-27T00:01:49.497+0000] {dagbag.py:346} ERROR - Failed to import: /opt/airflow/dags/extract_exchange_rates.py
Traceback (most recent call last):
  File "/home/airflow/.local/lib/python3.8/site-packages/airflow/models/dagbag.py", line 342, in parse
    loader.exec_module(new_module)
  File "<frozen importlib._bootstrap_external>", line 843, in exec_module
  File "<frozen importlib._bootstrap>", line 219, in _call_with_frames_removed
  File "/opt/airflow/dags/extract_exchange_rates.py", line 8, in <module>
    from db_scripts import create_raw_tablep
ImportError: cannot import name 'create_raw_tablep' from 'db_scripts' (/opt/airflow/scripts/db_scripts.py)
[2025-02-27T00:01:49.499+0000] {processor.py:841} WARNING - No viable dags retrieved from /opt/airflow/dags/extract_exchange_rates.py
[2025-02-27T00:01:49.509+0000] {processor.py:179} INFO - Processing /opt/airflow/dags/extract_exchange_rates.py took 0.019 seconds
[2025-02-27T00:02:19.763+0000] {processor.py:157} INFO - Started process (PID=760) to work on /opt/airflow/dags/extract_exchange_rates.py
[2025-02-27T00:02:19.764+0000] {processor.py:829} INFO - Processing file /opt/airflow/dags/extract_exchange_rates.py for tasks to queue
[2025-02-27T00:02:19.764+0000] {logging_mixin.py:151} INFO - [2025-02-27T00:02:19.764+0000] {dagbag.py:536} INFO - Filling up the DagBag from /opt/airflow/dags/extract_exchange_rates.py
[2025-02-27T00:02:19.769+0000] {logging_mixin.py:151} INFO - [2025-02-27T00:02:19.768+0000] {dagbag.py:346} ERROR - Failed to import: /opt/airflow/dags/extract_exchange_rates.py
Traceback (most recent call last):
  File "/home/airflow/.local/lib/python3.8/site-packages/airflow/models/dagbag.py", line 342, in parse
    loader.exec_module(new_module)
  File "<frozen importlib._bootstrap_external>", line 843, in exec_module
  File "<frozen importlib._bootstrap>", line 219, in _call_with_frames_removed
  File "/opt/airflow/dags/extract_exchange_rates.py", line 8, in <module>
    from db_scripts import create_raw_tablep
ImportError: cannot import name 'create_raw_tablep' from 'db_scripts' (/opt/airflow/scripts/db_scripts.py)
[2025-02-27T00:02:19.769+0000] {processor.py:841} WARNING - No viable dags retrieved from /opt/airflow/dags/extract_exchange_rates.py
[2025-02-27T00:02:19.782+0000] {processor.py:179} INFO - Processing /opt/airflow/dags/extract_exchange_rates.py took 0.021 seconds
[2025-02-27T00:02:50.025+0000] {processor.py:157} INFO - Started process (PID=765) to work on /opt/airflow/dags/extract_exchange_rates.py
[2025-02-27T00:02:50.026+0000] {processor.py:829} INFO - Processing file /opt/airflow/dags/extract_exchange_rates.py for tasks to queue
[2025-02-27T00:02:50.027+0000] {logging_mixin.py:151} INFO - [2025-02-27T00:02:50.026+0000] {dagbag.py:536} INFO - Filling up the DagBag from /opt/airflow/dags/extract_exchange_rates.py
[2025-02-27T00:02:50.031+0000] {logging_mixin.py:151} INFO - [2025-02-27T00:02:50.030+0000] {dagbag.py:346} ERROR - Failed to import: /opt/airflow/dags/extract_exchange_rates.py
Traceback (most recent call last):
  File "/home/airflow/.local/lib/python3.8/site-packages/airflow/models/dagbag.py", line 342, in parse
    loader.exec_module(new_module)
  File "<frozen importlib._bootstrap_external>", line 843, in exec_module
  File "<frozen importlib._bootstrap>", line 219, in _call_with_frames_removed
  File "/opt/airflow/dags/extract_exchange_rates.py", line 8, in <module>
    from db_scripts import create_raw_tablep
ImportError: cannot import name 'create_raw_tablep' from 'db_scripts' (/opt/airflow/scripts/db_scripts.py)
[2025-02-27T00:02:50.032+0000] {processor.py:841} WARNING - No viable dags retrieved from /opt/airflow/dags/extract_exchange_rates.py
[2025-02-27T00:02:50.043+0000] {processor.py:179} INFO - Processing /opt/airflow/dags/extract_exchange_rates.py took 0.020 seconds
[2025-02-27T00:03:20.321+0000] {processor.py:157} INFO - Started process (PID=770) to work on /opt/airflow/dags/extract_exchange_rates.py
[2025-02-27T00:03:20.321+0000] {processor.py:829} INFO - Processing file /opt/airflow/dags/extract_exchange_rates.py for tasks to queue
[2025-02-27T00:03:20.322+0000] {logging_mixin.py:151} INFO - [2025-02-27T00:03:20.322+0000] {dagbag.py:536} INFO - Filling up the DagBag from /opt/airflow/dags/extract_exchange_rates.py
[2025-02-27T00:03:20.326+0000] {logging_mixin.py:151} INFO - [2025-02-27T00:03:20.325+0000] {dagbag.py:346} ERROR - Failed to import: /opt/airflow/dags/extract_exchange_rates.py
Traceback (most recent call last):
  File "/home/airflow/.local/lib/python3.8/site-packages/airflow/models/dagbag.py", line 342, in parse
    loader.exec_module(new_module)
  File "<frozen importlib._bootstrap_external>", line 843, in exec_module
  File "<frozen importlib._bootstrap>", line 219, in _call_with_frames_removed
  File "/opt/airflow/dags/extract_exchange_rates.py", line 8, in <module>
    from db_scripts import create_raw_tablep
ImportError: cannot import name 'create_raw_tablep' from 'db_scripts' (/opt/airflow/scripts/db_scripts.py)
[2025-02-27T00:03:20.327+0000] {processor.py:841} WARNING - No viable dags retrieved from /opt/airflow/dags/extract_exchange_rates.py
[2025-02-27T00:03:20.339+0000] {processor.py:179} INFO - Processing /opt/airflow/dags/extract_exchange_rates.py took 0.021 seconds
[2025-02-27T00:03:44.537+0000] {processor.py:157} INFO - Started process (PID=775) to work on /opt/airflow/dags/extract_exchange_rates.py
[2025-02-27T00:03:44.538+0000] {processor.py:829} INFO - Processing file /opt/airflow/dags/extract_exchange_rates.py for tasks to queue
[2025-02-27T00:03:44.539+0000] {logging_mixin.py:151} INFO - [2025-02-27T00:03:44.538+0000] {dagbag.py:536} INFO - Filling up the DagBag from /opt/airflow/dags/extract_exchange_rates.py
[2025-02-27T00:03:44.548+0000] {processor.py:839} INFO - DAG(s) dict_keys(['extract_exchange_rates']) retrieved from /opt/airflow/dags/extract_exchange_rates.py
[2025-02-27T00:03:44.594+0000] {logging_mixin.py:151} INFO - [2025-02-27T00:03:44.594+0000] {dag.py:2941} INFO - Sync 1 DAGs
[2025-02-27T00:03:44.602+0000] {logging_mixin.py:151} INFO - [2025-02-27T00:03:44.602+0000] {dag.py:3722} INFO - Setting next_dagrun for extract_exchange_rates to 2025-02-26T00:00:00+00:00, run_after=2025-02-27T00:00:00+00:00
[2025-02-27T00:03:44.610+0000] {processor.py:179} INFO - Processing /opt/airflow/dags/extract_exchange_rates.py took 0.074 seconds
[2025-02-27T00:04:14.821+0000] {processor.py:157} INFO - Started process (PID=784) to work on /opt/airflow/dags/extract_exchange_rates.py
[2025-02-27T00:04:14.822+0000] {processor.py:829} INFO - Processing file /opt/airflow/dags/extract_exchange_rates.py for tasks to queue
[2025-02-27T00:04:14.822+0000] {logging_mixin.py:151} INFO - [2025-02-27T00:04:14.822+0000] {dagbag.py:536} INFO - Filling up the DagBag from /opt/airflow/dags/extract_exchange_rates.py
[2025-02-27T00:04:14.830+0000] {processor.py:839} INFO - DAG(s) dict_keys(['extract_exchange_rates']) retrieved from /opt/airflow/dags/extract_exchange_rates.py
[2025-02-27T00:04:14.842+0000] {logging_mixin.py:151} INFO - [2025-02-27T00:04:14.842+0000] {dag.py:2941} INFO - Sync 1 DAGs
[2025-02-27T00:04:14.852+0000] {logging_mixin.py:151} INFO - [2025-02-27T00:04:14.852+0000] {dag.py:3722} INFO - Setting next_dagrun for extract_exchange_rates to 2025-02-27T00:00:00+00:00, run_after=2025-02-28T00:00:00+00:00
[2025-02-27T00:04:14.859+0000] {processor.py:179} INFO - Processing /opt/airflow/dags/extract_exchange_rates.py took 0.040 seconds
[2025-02-27T00:04:45.091+0000] {processor.py:157} INFO - Started process (PID=789) to work on /opt/airflow/dags/extract_exchange_rates.py
[2025-02-27T00:04:45.092+0000] {processor.py:829} INFO - Processing file /opt/airflow/dags/extract_exchange_rates.py for tasks to queue
[2025-02-27T00:04:45.093+0000] {logging_mixin.py:151} INFO - [2025-02-27T00:04:45.092+0000] {dagbag.py:536} INFO - Filling up the DagBag from /opt/airflow/dags/extract_exchange_rates.py
[2025-02-27T00:04:45.104+0000] {processor.py:839} INFO - DAG(s) dict_keys(['extract_exchange_rates']) retrieved from /opt/airflow/dags/extract_exchange_rates.py
[2025-02-27T00:04:45.119+0000] {logging_mixin.py:151} INFO - [2025-02-27T00:04:45.118+0000] {dag.py:2941} INFO - Sync 1 DAGs
[2025-02-27T00:04:45.130+0000] {logging_mixin.py:151} INFO - [2025-02-27T00:04:45.130+0000] {dag.py:3722} INFO - Setting next_dagrun for extract_exchange_rates to 2025-02-27T00:00:00+00:00, run_after=2025-02-28T00:00:00+00:00
[2025-02-27T00:04:45.137+0000] {processor.py:179} INFO - Processing /opt/airflow/dags/extract_exchange_rates.py took 0.048 seconds
[2025-02-27T00:05:15.389+0000] {processor.py:157} INFO - Started process (PID=794) to work on /opt/airflow/dags/extract_exchange_rates.py
[2025-02-27T00:05:15.390+0000] {processor.py:829} INFO - Processing file /opt/airflow/dags/extract_exchange_rates.py for tasks to queue
[2025-02-27T00:05:15.390+0000] {logging_mixin.py:151} INFO - [2025-02-27T00:05:15.390+0000] {dagbag.py:536} INFO - Filling up the DagBag from /opt/airflow/dags/extract_exchange_rates.py
[2025-02-27T00:05:15.400+0000] {processor.py:839} INFO - DAG(s) dict_keys(['extract_exchange_rates']) retrieved from /opt/airflow/dags/extract_exchange_rates.py
[2025-02-27T00:05:15.414+0000] {logging_mixin.py:151} INFO - [2025-02-27T00:05:15.414+0000] {dag.py:2941} INFO - Sync 1 DAGs
[2025-02-27T00:05:15.425+0000] {logging_mixin.py:151} INFO - [2025-02-27T00:05:15.424+0000] {dag.py:3722} INFO - Setting next_dagrun for extract_exchange_rates to 2025-02-27T00:00:00+00:00, run_after=2025-02-28T00:00:00+00:00
[2025-02-27T00:05:15.432+0000] {processor.py:179} INFO - Processing /opt/airflow/dags/extract_exchange_rates.py took 0.045 seconds
[2025-02-27T00:05:45.693+0000] {processor.py:157} INFO - Started process (PID=799) to work on /opt/airflow/dags/extract_exchange_rates.py
[2025-02-27T00:05:45.694+0000] {processor.py:829} INFO - Processing file /opt/airflow/dags/extract_exchange_rates.py for tasks to queue
[2025-02-27T00:05:45.695+0000] {logging_mixin.py:151} INFO - [2025-02-27T00:05:45.694+0000] {dagbag.py:536} INFO - Filling up the DagBag from /opt/airflow/dags/extract_exchange_rates.py
[2025-02-27T00:05:45.705+0000] {processor.py:839} INFO - DAG(s) dict_keys(['extract_exchange_rates']) retrieved from /opt/airflow/dags/extract_exchange_rates.py
[2025-02-27T00:05:45.719+0000] {logging_mixin.py:151} INFO - [2025-02-27T00:05:45.719+0000] {dag.py:2941} INFO - Sync 1 DAGs
[2025-02-27T00:05:45.729+0000] {logging_mixin.py:151} INFO - [2025-02-27T00:05:45.729+0000] {dag.py:3722} INFO - Setting next_dagrun for extract_exchange_rates to 2025-02-27T00:00:00+00:00, run_after=2025-02-28T00:00:00+00:00
[2025-02-27T00:05:45.736+0000] {processor.py:179} INFO - Processing /opt/airflow/dags/extract_exchange_rates.py took 0.045 seconds
[2025-02-27T00:06:16.061+0000] {processor.py:157} INFO - Started process (PID=804) to work on /opt/airflow/dags/extract_exchange_rates.py
[2025-02-27T00:06:16.062+0000] {processor.py:829} INFO - Processing file /opt/airflow/dags/extract_exchange_rates.py for tasks to queue
[2025-02-27T00:06:16.063+0000] {logging_mixin.py:151} INFO - [2025-02-27T00:06:16.062+0000] {dagbag.py:536} INFO - Filling up the DagBag from /opt/airflow/dags/extract_exchange_rates.py
[2025-02-27T00:06:16.072+0000] {processor.py:839} INFO - DAG(s) dict_keys(['extract_exchange_rates']) retrieved from /opt/airflow/dags/extract_exchange_rates.py
[2025-02-27T00:06:16.087+0000] {logging_mixin.py:151} INFO - [2025-02-27T00:06:16.087+0000] {dag.py:2941} INFO - Sync 1 DAGs
[2025-02-27T00:06:16.097+0000] {logging_mixin.py:151} INFO - [2025-02-27T00:06:16.097+0000] {dag.py:3722} INFO - Setting next_dagrun for extract_exchange_rates to 2025-02-27T00:00:00+00:00, run_after=2025-02-28T00:00:00+00:00
[2025-02-27T00:06:16.105+0000] {processor.py:179} INFO - Processing /opt/airflow/dags/extract_exchange_rates.py took 0.046 seconds
[2025-02-27T00:06:46.382+0000] {processor.py:157} INFO - Started process (PID=809) to work on /opt/airflow/dags/extract_exchange_rates.py
[2025-02-27T00:06:46.382+0000] {processor.py:829} INFO - Processing file /opt/airflow/dags/extract_exchange_rates.py for tasks to queue
[2025-02-27T00:06:46.383+0000] {logging_mixin.py:151} INFO - [2025-02-27T00:06:46.383+0000] {dagbag.py:536} INFO - Filling up the DagBag from /opt/airflow/dags/extract_exchange_rates.py
[2025-02-27T00:06:46.391+0000] {processor.py:839} INFO - DAG(s) dict_keys(['extract_exchange_rates']) retrieved from /opt/airflow/dags/extract_exchange_rates.py
[2025-02-27T00:06:46.405+0000] {logging_mixin.py:151} INFO - [2025-02-27T00:06:46.405+0000] {dag.py:2941} INFO - Sync 1 DAGs
[2025-02-27T00:06:46.415+0000] {logging_mixin.py:151} INFO - [2025-02-27T00:06:46.415+0000] {dag.py:3722} INFO - Setting next_dagrun for extract_exchange_rates to 2025-02-27T00:00:00+00:00, run_after=2025-02-28T00:00:00+00:00
[2025-02-27T00:06:46.422+0000] {processor.py:179} INFO - Processing /opt/airflow/dags/extract_exchange_rates.py took 0.043 seconds
[2025-02-27T00:07:16.725+0000] {processor.py:157} INFO - Started process (PID=814) to work on /opt/airflow/dags/extract_exchange_rates.py
[2025-02-27T00:07:16.726+0000] {processor.py:829} INFO - Processing file /opt/airflow/dags/extract_exchange_rates.py for tasks to queue
[2025-02-27T00:07:16.726+0000] {logging_mixin.py:151} INFO - [2025-02-27T00:07:16.726+0000] {dagbag.py:536} INFO - Filling up the DagBag from /opt/airflow/dags/extract_exchange_rates.py
[2025-02-27T00:07:16.737+0000] {processor.py:839} INFO - DAG(s) dict_keys(['extract_exchange_rates']) retrieved from /opt/airflow/dags/extract_exchange_rates.py
[2025-02-27T00:07:16.751+0000] {logging_mixin.py:151} INFO - [2025-02-27T00:07:16.751+0000] {dag.py:2941} INFO - Sync 1 DAGs
[2025-02-27T00:07:16.761+0000] {logging_mixin.py:151} INFO - [2025-02-27T00:07:16.761+0000] {dag.py:3722} INFO - Setting next_dagrun for extract_exchange_rates to 2025-02-27T00:00:00+00:00, run_after=2025-02-28T00:00:00+00:00
[2025-02-27T00:07:16.769+0000] {processor.py:179} INFO - Processing /opt/airflow/dags/extract_exchange_rates.py took 0.046 seconds
[2025-02-27T00:07:47.086+0000] {processor.py:157} INFO - Started process (PID=819) to work on /opt/airflow/dags/extract_exchange_rates.py
[2025-02-27T00:07:47.087+0000] {processor.py:829} INFO - Processing file /opt/airflow/dags/extract_exchange_rates.py for tasks to queue
[2025-02-27T00:07:47.088+0000] {logging_mixin.py:151} INFO - [2025-02-27T00:07:47.088+0000] {dagbag.py:536} INFO - Filling up the DagBag from /opt/airflow/dags/extract_exchange_rates.py
[2025-02-27T00:07:47.098+0000] {processor.py:839} INFO - DAG(s) dict_keys(['extract_exchange_rates']) retrieved from /opt/airflow/dags/extract_exchange_rates.py
[2025-02-27T00:07:47.112+0000] {logging_mixin.py:151} INFO - [2025-02-27T00:07:47.112+0000] {dag.py:2941} INFO - Sync 1 DAGs
[2025-02-27T00:07:47.122+0000] {logging_mixin.py:151} INFO - [2025-02-27T00:07:47.122+0000] {dag.py:3722} INFO - Setting next_dagrun for extract_exchange_rates to 2025-02-27T00:00:00+00:00, run_after=2025-02-28T00:00:00+00:00
[2025-02-27T00:07:47.130+0000] {processor.py:179} INFO - Processing /opt/airflow/dags/extract_exchange_rates.py took 0.046 seconds
[2025-02-27T00:08:17.434+0000] {processor.py:157} INFO - Started process (PID=824) to work on /opt/airflow/dags/extract_exchange_rates.py
[2025-02-27T00:08:17.435+0000] {processor.py:829} INFO - Processing file /opt/airflow/dags/extract_exchange_rates.py for tasks to queue
[2025-02-27T00:08:17.436+0000] {logging_mixin.py:151} INFO - [2025-02-27T00:08:17.436+0000] {dagbag.py:536} INFO - Filling up the DagBag from /opt/airflow/dags/extract_exchange_rates.py
[2025-02-27T00:08:17.446+0000] {processor.py:839} INFO - DAG(s) dict_keys(['extract_exchange_rates']) retrieved from /opt/airflow/dags/extract_exchange_rates.py
[2025-02-27T00:08:17.460+0000] {logging_mixin.py:151} INFO - [2025-02-27T00:08:17.460+0000] {dag.py:2941} INFO - Sync 1 DAGs
[2025-02-27T00:08:17.470+0000] {logging_mixin.py:151} INFO - [2025-02-27T00:08:17.470+0000] {dag.py:3722} INFO - Setting next_dagrun for extract_exchange_rates to 2025-02-27T00:00:00+00:00, run_after=2025-02-28T00:00:00+00:00
[2025-02-27T00:08:17.477+0000] {processor.py:179} INFO - Processing /opt/airflow/dags/extract_exchange_rates.py took 0.045 seconds
[2025-02-27T00:08:47.784+0000] {processor.py:157} INFO - Started process (PID=829) to work on /opt/airflow/dags/extract_exchange_rates.py
[2025-02-27T00:08:47.784+0000] {processor.py:829} INFO - Processing file /opt/airflow/dags/extract_exchange_rates.py for tasks to queue
[2025-02-27T00:08:47.785+0000] {logging_mixin.py:151} INFO - [2025-02-27T00:08:47.785+0000] {dagbag.py:536} INFO - Filling up the DagBag from /opt/airflow/dags/extract_exchange_rates.py
[2025-02-27T00:08:47.796+0000] {processor.py:839} INFO - DAG(s) dict_keys(['extract_exchange_rates']) retrieved from /opt/airflow/dags/extract_exchange_rates.py
[2025-02-27T00:08:47.810+0000] {logging_mixin.py:151} INFO - [2025-02-27T00:08:47.810+0000] {dag.py:2941} INFO - Sync 1 DAGs
[2025-02-27T00:08:47.820+0000] {logging_mixin.py:151} INFO - [2025-02-27T00:08:47.820+0000] {dag.py:3722} INFO - Setting next_dagrun for extract_exchange_rates to 2025-02-27T00:00:00+00:00, run_after=2025-02-28T00:00:00+00:00
[2025-02-27T00:08:47.828+0000] {processor.py:179} INFO - Processing /opt/airflow/dags/extract_exchange_rates.py took 0.046 seconds
[2025-02-27T00:09:18.103+0000] {processor.py:157} INFO - Started process (PID=834) to work on /opt/airflow/dags/extract_exchange_rates.py
[2025-02-27T00:09:18.104+0000] {processor.py:829} INFO - Processing file /opt/airflow/dags/extract_exchange_rates.py for tasks to queue
[2025-02-27T00:09:18.105+0000] {logging_mixin.py:151} INFO - [2025-02-27T00:09:18.105+0000] {dagbag.py:536} INFO - Filling up the DagBag from /opt/airflow/dags/extract_exchange_rates.py
[2025-02-27T00:09:18.115+0000] {processor.py:839} INFO - DAG(s) dict_keys(['extract_exchange_rates']) retrieved from /opt/airflow/dags/extract_exchange_rates.py
[2025-02-27T00:09:18.129+0000] {logging_mixin.py:151} INFO - [2025-02-27T00:09:18.129+0000] {dag.py:2941} INFO - Sync 1 DAGs
[2025-02-27T00:09:18.139+0000] {logging_mixin.py:151} INFO - [2025-02-27T00:09:18.139+0000] {dag.py:3722} INFO - Setting next_dagrun for extract_exchange_rates to 2025-02-27T00:00:00+00:00, run_after=2025-02-28T00:00:00+00:00
[2025-02-27T00:09:18.146+0000] {processor.py:179} INFO - Processing /opt/airflow/dags/extract_exchange_rates.py took 0.045 seconds
[2025-02-27T00:09:48.447+0000] {processor.py:157} INFO - Started process (PID=839) to work on /opt/airflow/dags/extract_exchange_rates.py
[2025-02-27T00:09:48.448+0000] {processor.py:829} INFO - Processing file /opt/airflow/dags/extract_exchange_rates.py for tasks to queue
[2025-02-27T00:09:48.449+0000] {logging_mixin.py:151} INFO - [2025-02-27T00:09:48.448+0000] {dagbag.py:536} INFO - Filling up the DagBag from /opt/airflow/dags/extract_exchange_rates.py
[2025-02-27T00:09:48.460+0000] {processor.py:839} INFO - DAG(s) dict_keys(['extract_exchange_rates']) retrieved from /opt/airflow/dags/extract_exchange_rates.py
[2025-02-27T00:09:48.474+0000] {logging_mixin.py:151} INFO - [2025-02-27T00:09:48.474+0000] {dag.py:2941} INFO - Sync 1 DAGs
[2025-02-27T00:09:48.483+0000] {logging_mixin.py:151} INFO - [2025-02-27T00:09:48.483+0000] {dag.py:3722} INFO - Setting next_dagrun for extract_exchange_rates to 2025-02-27T00:00:00+00:00, run_after=2025-02-28T00:00:00+00:00
[2025-02-27T00:09:48.490+0000] {processor.py:179} INFO - Processing /opt/airflow/dags/extract_exchange_rates.py took 0.046 seconds
[2025-02-27T00:10:18.787+0000] {processor.py:157} INFO - Started process (PID=844) to work on /opt/airflow/dags/extract_exchange_rates.py
[2025-02-27T00:10:18.787+0000] {processor.py:829} INFO - Processing file /opt/airflow/dags/extract_exchange_rates.py for tasks to queue
[2025-02-27T00:10:18.788+0000] {logging_mixin.py:151} INFO - [2025-02-27T00:10:18.788+0000] {dagbag.py:536} INFO - Filling up the DagBag from /opt/airflow/dags/extract_exchange_rates.py
[2025-02-27T00:10:18.798+0000] {processor.py:839} INFO - DAG(s) dict_keys(['extract_exchange_rates']) retrieved from /opt/airflow/dags/extract_exchange_rates.py
[2025-02-27T00:10:18.812+0000] {logging_mixin.py:151} INFO - [2025-02-27T00:10:18.812+0000] {dag.py:2941} INFO - Sync 1 DAGs
[2025-02-27T00:10:18.822+0000] {logging_mixin.py:151} INFO - [2025-02-27T00:10:18.822+0000] {dag.py:3722} INFO - Setting next_dagrun for extract_exchange_rates to 2025-02-27T00:00:00+00:00, run_after=2025-02-28T00:00:00+00:00
[2025-02-27T00:10:18.830+0000] {processor.py:179} INFO - Processing /opt/airflow/dags/extract_exchange_rates.py took 0.046 seconds
[2025-02-27T00:10:49.098+0000] {processor.py:157} INFO - Started process (PID=849) to work on /opt/airflow/dags/extract_exchange_rates.py
[2025-02-27T00:10:49.098+0000] {processor.py:829} INFO - Processing file /opt/airflow/dags/extract_exchange_rates.py for tasks to queue
[2025-02-27T00:10:49.099+0000] {logging_mixin.py:151} INFO - [2025-02-27T00:10:49.099+0000] {dagbag.py:536} INFO - Filling up the DagBag from /opt/airflow/dags/extract_exchange_rates.py
[2025-02-27T00:10:49.109+0000] {processor.py:839} INFO - DAG(s) dict_keys(['extract_exchange_rates']) retrieved from /opt/airflow/dags/extract_exchange_rates.py
[2025-02-27T00:10:49.125+0000] {logging_mixin.py:151} INFO - [2025-02-27T00:10:49.125+0000] {dag.py:2941} INFO - Sync 1 DAGs
[2025-02-27T00:10:49.136+0000] {logging_mixin.py:151} INFO - [2025-02-27T00:10:49.136+0000] {dag.py:3722} INFO - Setting next_dagrun for extract_exchange_rates to 2025-02-27T00:00:00+00:00, run_after=2025-02-28T00:00:00+00:00
[2025-02-27T00:10:49.144+0000] {processor.py:179} INFO - Processing /opt/airflow/dags/extract_exchange_rates.py took 0.049 seconds
[2025-02-27T00:11:19.384+0000] {processor.py:157} INFO - Started process (PID=854) to work on /opt/airflow/dags/extract_exchange_rates.py
[2025-02-27T00:11:19.385+0000] {processor.py:829} INFO - Processing file /opt/airflow/dags/extract_exchange_rates.py for tasks to queue
[2025-02-27T00:11:19.385+0000] {logging_mixin.py:151} INFO - [2025-02-27T00:11:19.385+0000] {dagbag.py:536} INFO - Filling up the DagBag from /opt/airflow/dags/extract_exchange_rates.py
[2025-02-27T00:11:19.395+0000] {processor.py:839} INFO - DAG(s) dict_keys(['extract_exchange_rates']) retrieved from /opt/airflow/dags/extract_exchange_rates.py
[2025-02-27T00:11:19.408+0000] {logging_mixin.py:151} INFO - [2025-02-27T00:11:19.408+0000] {dag.py:2941} INFO - Sync 1 DAGs
[2025-02-27T00:11:19.418+0000] {logging_mixin.py:151} INFO - [2025-02-27T00:11:19.418+0000] {dag.py:3722} INFO - Setting next_dagrun for extract_exchange_rates to 2025-02-27T00:00:00+00:00, run_after=2025-02-28T00:00:00+00:00
[2025-02-27T00:11:19.426+0000] {processor.py:179} INFO - Processing /opt/airflow/dags/extract_exchange_rates.py took 0.044 seconds
[2025-02-27T00:11:49.654+0000] {processor.py:157} INFO - Started process (PID=859) to work on /opt/airflow/dags/extract_exchange_rates.py
[2025-02-27T00:11:49.655+0000] {processor.py:829} INFO - Processing file /opt/airflow/dags/extract_exchange_rates.py for tasks to queue
[2025-02-27T00:11:49.655+0000] {logging_mixin.py:151} INFO - [2025-02-27T00:11:49.655+0000] {dagbag.py:536} INFO - Filling up the DagBag from /opt/airflow/dags/extract_exchange_rates.py
[2025-02-27T00:11:49.663+0000] {processor.py:839} INFO - DAG(s) dict_keys(['extract_exchange_rates']) retrieved from /opt/airflow/dags/extract_exchange_rates.py
[2025-02-27T00:11:49.675+0000] {logging_mixin.py:151} INFO - [2025-02-27T00:11:49.675+0000] {dag.py:2941} INFO - Sync 1 DAGs
[2025-02-27T00:11:49.685+0000] {logging_mixin.py:151} INFO - [2025-02-27T00:11:49.685+0000] {dag.py:3722} INFO - Setting next_dagrun for extract_exchange_rates to 2025-02-27T00:00:00+00:00, run_after=2025-02-28T00:00:00+00:00
[2025-02-27T00:11:49.692+0000] {processor.py:179} INFO - Processing /opt/airflow/dags/extract_exchange_rates.py took 0.039 seconds
[2025-02-27T00:12:19.929+0000] {processor.py:157} INFO - Started process (PID=864) to work on /opt/airflow/dags/extract_exchange_rates.py
[2025-02-27T00:12:19.930+0000] {processor.py:829} INFO - Processing file /opt/airflow/dags/extract_exchange_rates.py for tasks to queue
[2025-02-27T00:12:19.930+0000] {logging_mixin.py:151} INFO - [2025-02-27T00:12:19.930+0000] {dagbag.py:536} INFO - Filling up the DagBag from /opt/airflow/dags/extract_exchange_rates.py
[2025-02-27T00:12:19.938+0000] {processor.py:839} INFO - DAG(s) dict_keys(['extract_exchange_rates']) retrieved from /opt/airflow/dags/extract_exchange_rates.py
[2025-02-27T00:12:19.949+0000] {logging_mixin.py:151} INFO - [2025-02-27T00:12:19.949+0000] {dag.py:2941} INFO - Sync 1 DAGs
[2025-02-27T00:12:19.958+0000] {logging_mixin.py:151} INFO - [2025-02-27T00:12:19.958+0000] {dag.py:3722} INFO - Setting next_dagrun for extract_exchange_rates to 2025-02-27T00:00:00+00:00, run_after=2025-02-28T00:00:00+00:00
[2025-02-27T00:12:19.965+0000] {processor.py:179} INFO - Processing /opt/airflow/dags/extract_exchange_rates.py took 0.037 seconds
[2025-02-27T00:38:38.629+0000] {processor.py:157} INFO - Started process (PID=871) to work on /opt/airflow/dags/extract_exchange_rates.py
[2025-02-27T00:38:38.629+0000] {processor.py:829} INFO - Processing file /opt/airflow/dags/extract_exchange_rates.py for tasks to queue
[2025-02-27T00:38:38.630+0000] {logging_mixin.py:151} INFO - [2025-02-27T00:38:38.630+0000] {dagbag.py:536} INFO - Filling up the DagBag from /opt/airflow/dags/extract_exchange_rates.py
[2025-02-27T00:38:38.641+0000] {processor.py:839} INFO - DAG(s) dict_keys(['extract_exchange_rates']) retrieved from /opt/airflow/dags/extract_exchange_rates.py
[2025-02-27T00:38:38.659+0000] {logging_mixin.py:151} INFO - [2025-02-27T00:38:38.659+0000] {dag.py:2941} INFO - Sync 1 DAGs
[2025-02-27T00:38:38.674+0000] {logging_mixin.py:151} INFO - [2025-02-27T00:38:38.674+0000] {dag.py:3722} INFO - Setting next_dagrun for extract_exchange_rates to 2025-02-27T00:00:00+00:00, run_after=2025-02-28T00:00:00+00:00
[2025-02-27T00:38:38.684+0000] {processor.py:179} INFO - Processing /opt/airflow/dags/extract_exchange_rates.py took 0.058 seconds
[2025-02-27T00:39:19.908+0000] {processor.py:157} INFO - Started process (PID=880) to work on /opt/airflow/dags/extract_exchange_rates.py
[2025-02-27T00:39:19.909+0000] {processor.py:829} INFO - Processing file /opt/airflow/dags/extract_exchange_rates.py for tasks to queue
[2025-02-27T00:39:19.909+0000] {logging_mixin.py:151} INFO - [2025-02-27T00:39:19.909+0000] {dagbag.py:536} INFO - Filling up the DagBag from /opt/airflow/dags/extract_exchange_rates.py
[2025-02-27T00:39:19.921+0000] {processor.py:839} INFO - DAG(s) dict_keys(['extract_exchange_rates']) retrieved from /opt/airflow/dags/extract_exchange_rates.py
[2025-02-27T00:39:19.939+0000] {logging_mixin.py:151} INFO - [2025-02-27T00:39:19.939+0000] {dag.py:2941} INFO - Sync 1 DAGs
[2025-02-27T00:39:19.951+0000] {logging_mixin.py:151} INFO - [2025-02-27T00:39:19.951+0000] {dag.py:3722} INFO - Setting next_dagrun for extract_exchange_rates to 2025-02-27T00:00:00+00:00, run_after=2025-02-28T00:00:00+00:00
[2025-02-27T00:39:19.960+0000] {processor.py:179} INFO - Processing /opt/airflow/dags/extract_exchange_rates.py took 0.055 seconds
[2025-02-27T00:39:50.177+0000] {processor.py:157} INFO - Started process (PID=885) to work on /opt/airflow/dags/extract_exchange_rates.py
[2025-02-27T00:39:50.178+0000] {processor.py:829} INFO - Processing file /opt/airflow/dags/extract_exchange_rates.py for tasks to queue
[2025-02-27T00:39:50.179+0000] {logging_mixin.py:151} INFO - [2025-02-27T00:39:50.178+0000] {dagbag.py:536} INFO - Filling up the DagBag from /opt/airflow/dags/extract_exchange_rates.py
[2025-02-27T00:39:50.184+0000] {logging_mixin.py:151} INFO - [2025-02-27T00:39:50.182+0000] {dagbag.py:346} ERROR - Failed to import: /opt/airflow/dags/extract_exchange_rates.py
Traceback (most recent call last):
  File "/home/airflow/.local/lib/python3.8/site-packages/airflow/models/dagbag.py", line 342, in parse
    loader.exec_module(new_module)
  File "<frozen importlib._bootstrap_external>", line 843, in exec_module
  File "<frozen importlib._bootstrap>", line 219, in _call_with_frames_removed
  File "/opt/airflow/dags/extract_exchange_rates.py", line 7, in <module>
    from api_currency import fetch_exchange_rates
  File "/opt/airflow/scripts/api_currency.py", line 5, in <module>
    from db_scripts import fetch_raw_data
  File "/opt/airflow/scripts/db_scripts.py", line 37
    def
       ^
SyntaxError: invalid syntax
[2025-02-27T00:39:50.184+0000] {processor.py:841} WARNING - No viable dags retrieved from /opt/airflow/dags/extract_exchange_rates.py
[2025-02-27T00:39:50.197+0000] {processor.py:179} INFO - Processing /opt/airflow/dags/extract_exchange_rates.py took 0.023 seconds
[2025-02-27T00:40:20.453+0000] {processor.py:157} INFO - Started process (PID=890) to work on /opt/airflow/dags/extract_exchange_rates.py
[2025-02-27T00:40:20.454+0000] {processor.py:829} INFO - Processing file /opt/airflow/dags/extract_exchange_rates.py for tasks to queue
[2025-02-27T00:40:20.454+0000] {logging_mixin.py:151} INFO - [2025-02-27T00:40:20.454+0000] {dagbag.py:536} INFO - Filling up the DagBag from /opt/airflow/dags/extract_exchange_rates.py
[2025-02-27T00:40:20.466+0000] {processor.py:839} INFO - DAG(s) dict_keys(['extract_exchange_rates']) retrieved from /opt/airflow/dags/extract_exchange_rates.py
[2025-02-27T00:40:20.480+0000] {logging_mixin.py:151} INFO - [2025-02-27T00:40:20.480+0000] {dag.py:2941} INFO - Sync 1 DAGs
[2025-02-27T00:40:20.490+0000] {logging_mixin.py:151} INFO - [2025-02-27T00:40:20.490+0000] {dag.py:3722} INFO - Setting next_dagrun for extract_exchange_rates to 2025-02-27T00:00:00+00:00, run_after=2025-02-28T00:00:00+00:00
[2025-02-27T00:40:20.498+0000] {processor.py:179} INFO - Processing /opt/airflow/dags/extract_exchange_rates.py took 0.048 seconds
[2025-02-27T00:40:50.782+0000] {processor.py:157} INFO - Started process (PID=895) to work on /opt/airflow/dags/extract_exchange_rates.py
[2025-02-27T00:40:50.783+0000] {processor.py:829} INFO - Processing file /opt/airflow/dags/extract_exchange_rates.py for tasks to queue
[2025-02-27T00:40:50.783+0000] {logging_mixin.py:151} INFO - [2025-02-27T00:40:50.783+0000] {dagbag.py:536} INFO - Filling up the DagBag from /opt/airflow/dags/extract_exchange_rates.py
[2025-02-27T00:40:50.789+0000] {logging_mixin.py:151} INFO - [2025-02-27T00:40:50.788+0000] {dagbag.py:346} ERROR - Failed to import: /opt/airflow/dags/extract_exchange_rates.py
Traceback (most recent call last):
  File "/home/airflow/.local/lib/python3.8/site-packages/airflow/models/dagbag.py", line 342, in parse
    loader.exec_module(new_module)
  File "<frozen importlib._bootstrap_external>", line 843, in exec_module
  File "<frozen importlib._bootstrap>", line 219, in _call_with_frames_removed
  File "/opt/airflow/dags/extract_exchange_rates.py", line 7, in <module>
    from api_currency import fetch_exchange_rates
  File "/opt/airflow/scripts/api_currency.py", line 5, in <module>
    from db_scripts import fetch_raw_data
  File "/opt/airflow/scripts/db_scripts.py", line 44
    def fetch_raw_data(data):
                            ^
IndentationError: expected an indented block
[2025-02-27T00:40:50.789+0000] {processor.py:841} WARNING - No viable dags retrieved from /opt/airflow/dags/extract_exchange_rates.py
[2025-02-27T00:40:50.801+0000] {processor.py:179} INFO - Processing /opt/airflow/dags/extract_exchange_rates.py took 0.022 seconds
[2025-02-27T00:41:21.114+0000] {processor.py:157} INFO - Started process (PID=900) to work on /opt/airflow/dags/extract_exchange_rates.py
[2025-02-27T00:41:21.115+0000] {processor.py:829} INFO - Processing file /opt/airflow/dags/extract_exchange_rates.py for tasks to queue
[2025-02-27T00:41:21.116+0000] {logging_mixin.py:151} INFO - [2025-02-27T00:41:21.115+0000] {dagbag.py:536} INFO - Filling up the DagBag from /opt/airflow/dags/extract_exchange_rates.py
[2025-02-27T00:41:21.122+0000] {logging_mixin.py:151} INFO - [2025-02-27T00:41:21.121+0000] {dagbag.py:346} ERROR - Failed to import: /opt/airflow/dags/extract_exchange_rates.py
Traceback (most recent call last):
  File "/home/airflow/.local/lib/python3.8/site-packages/airflow/models/dagbag.py", line 342, in parse
    loader.exec_module(new_module)
  File "<frozen importlib._bootstrap_external>", line 843, in exec_module
  File "<frozen importlib._bootstrap>", line 219, in _call_with_frames_removed
  File "/opt/airflow/dags/extract_exchange_rates.py", line 7, in <module>
    from api_currency import fetch_exchange_rates
  File "/opt/airflow/scripts/api_currency.py", line 5, in <module>
    from db_scripts import fetch_raw_data
  File "/opt/airflow/scripts/db_scripts.py", line 49
    def fetch_raw_data(data):
                            ^
IndentationError: unexpected unindent
[2025-02-27T00:41:21.122+0000] {processor.py:841} WARNING - No viable dags retrieved from /opt/airflow/dags/extract_exchange_rates.py
[2025-02-27T00:41:21.133+0000] {processor.py:179} INFO - Processing /opt/airflow/dags/extract_exchange_rates.py took 0.022 seconds
[2025-02-27T00:41:51.441+0000] {processor.py:157} INFO - Started process (PID=905) to work on /opt/airflow/dags/extract_exchange_rates.py
[2025-02-27T00:41:51.442+0000] {processor.py:829} INFO - Processing file /opt/airflow/dags/extract_exchange_rates.py for tasks to queue
[2025-02-27T00:41:51.443+0000] {logging_mixin.py:151} INFO - [2025-02-27T00:41:51.443+0000] {dagbag.py:536} INFO - Filling up the DagBag from /opt/airflow/dags/extract_exchange_rates.py
[2025-02-27T00:41:51.448+0000] {logging_mixin.py:151} INFO - [2025-02-27T00:41:51.447+0000] {dagbag.py:346} ERROR - Failed to import: /opt/airflow/dags/extract_exchange_rates.py
Traceback (most recent call last):
  File "/home/airflow/.local/lib/python3.8/site-packages/airflow/models/dagbag.py", line 342, in parse
    loader.exec_module(new_module)
  File "<frozen importlib._bootstrap_external>", line 843, in exec_module
  File "<frozen importlib._bootstrap>", line 219, in _call_with_frames_removed
  File "/opt/airflow/dags/extract_exchange_rates.py", line 7, in <module>
    from api_currency import fetch_exchange_rates
  File "/opt/airflow/scripts/api_currency.py", line 5, in <module>
    from db_scripts import fetch_raw_data
  File "/opt/airflow/scripts/db_scripts.py", line 52
    def fetch_raw_data(data):
                            ^
IndentationError: unexpected unindent
[2025-02-27T00:41:51.448+0000] {processor.py:841} WARNING - No viable dags retrieved from /opt/airflow/dags/extract_exchange_rates.py
[2025-02-27T00:41:51.459+0000] {processor.py:179} INFO - Processing /opt/airflow/dags/extract_exchange_rates.py took 0.021 seconds
[2025-02-27T00:42:21.763+0000] {processor.py:157} INFO - Started process (PID=910) to work on /opt/airflow/dags/extract_exchange_rates.py
[2025-02-27T00:42:21.764+0000] {processor.py:829} INFO - Processing file /opt/airflow/dags/extract_exchange_rates.py for tasks to queue
[2025-02-27T00:42:21.765+0000] {logging_mixin.py:151} INFO - [2025-02-27T00:42:21.765+0000] {dagbag.py:536} INFO - Filling up the DagBag from /opt/airflow/dags/extract_exchange_rates.py
[2025-02-27T00:42:21.777+0000] {processor.py:839} INFO - DAG(s) dict_keys(['extract_exchange_rates']) retrieved from /opt/airflow/dags/extract_exchange_rates.py
[2025-02-27T00:42:21.828+0000] {logging_mixin.py:151} INFO - [2025-02-27T00:42:21.828+0000] {dag.py:2941} INFO - Sync 1 DAGs
[2025-02-27T00:42:21.836+0000] {logging_mixin.py:151} INFO - [2025-02-27T00:42:21.836+0000] {dag.py:3722} INFO - Setting next_dagrun for extract_exchange_rates to 2025-02-27T00:00:00+00:00, run_after=2025-02-28T00:00:00+00:00
[2025-02-27T00:42:21.844+0000] {processor.py:179} INFO - Processing /opt/airflow/dags/extract_exchange_rates.py took 0.083 seconds
[2025-02-27T00:42:52.116+0000] {processor.py:157} INFO - Started process (PID=915) to work on /opt/airflow/dags/extract_exchange_rates.py
[2025-02-27T00:42:52.117+0000] {processor.py:829} INFO - Processing file /opt/airflow/dags/extract_exchange_rates.py for tasks to queue
[2025-02-27T00:42:52.118+0000] {logging_mixin.py:151} INFO - [2025-02-27T00:42:52.118+0000] {dagbag.py:536} INFO - Filling up the DagBag from /opt/airflow/dags/extract_exchange_rates.py
[2025-02-27T00:42:52.128+0000] {processor.py:839} INFO - DAG(s) dict_keys(['extract_exchange_rates']) retrieved from /opt/airflow/dags/extract_exchange_rates.py
[2025-02-27T00:42:52.141+0000] {logging_mixin.py:151} INFO - [2025-02-27T00:42:52.141+0000] {dag.py:2941} INFO - Sync 1 DAGs
[2025-02-27T00:42:52.151+0000] {logging_mixin.py:151} INFO - [2025-02-27T00:42:52.151+0000] {dag.py:3722} INFO - Setting next_dagrun for extract_exchange_rates to 2025-02-27T00:00:00+00:00, run_after=2025-02-28T00:00:00+00:00
[2025-02-27T00:42:52.159+0000] {processor.py:179} INFO - Processing /opt/airflow/dags/extract_exchange_rates.py took 0.045 seconds
[2025-02-27T00:43:22.428+0000] {processor.py:157} INFO - Started process (PID=920) to work on /opt/airflow/dags/extract_exchange_rates.py
[2025-02-27T00:43:22.429+0000] {processor.py:829} INFO - Processing file /opt/airflow/dags/extract_exchange_rates.py for tasks to queue
[2025-02-27T00:43:22.429+0000] {logging_mixin.py:151} INFO - [2025-02-27T00:43:22.429+0000] {dagbag.py:536} INFO - Filling up the DagBag from /opt/airflow/dags/extract_exchange_rates.py
[2025-02-27T00:43:22.438+0000] {processor.py:839} INFO - DAG(s) dict_keys(['extract_exchange_rates']) retrieved from /opt/airflow/dags/extract_exchange_rates.py
[2025-02-27T00:43:22.451+0000] {logging_mixin.py:151} INFO - [2025-02-27T00:43:22.451+0000] {dag.py:2941} INFO - Sync 1 DAGs
[2025-02-27T00:43:22.462+0000] {logging_mixin.py:151} INFO - [2025-02-27T00:43:22.461+0000] {dag.py:3722} INFO - Setting next_dagrun for extract_exchange_rates to 2025-02-27T00:00:00+00:00, run_after=2025-02-28T00:00:00+00:00
[2025-02-27T00:43:22.470+0000] {processor.py:179} INFO - Processing /opt/airflow/dags/extract_exchange_rates.py took 0.044 seconds
[2025-02-27T00:43:52.742+0000] {processor.py:157} INFO - Started process (PID=925) to work on /opt/airflow/dags/extract_exchange_rates.py
[2025-02-27T00:43:52.743+0000] {processor.py:829} INFO - Processing file /opt/airflow/dags/extract_exchange_rates.py for tasks to queue
[2025-02-27T00:43:52.744+0000] {logging_mixin.py:151} INFO - [2025-02-27T00:43:52.744+0000] {dagbag.py:536} INFO - Filling up the DagBag from /opt/airflow/dags/extract_exchange_rates.py
[2025-02-27T00:43:52.754+0000] {processor.py:839} INFO - DAG(s) dict_keys(['extract_exchange_rates']) retrieved from /opt/airflow/dags/extract_exchange_rates.py
[2025-02-27T00:43:52.768+0000] {logging_mixin.py:151} INFO - [2025-02-27T00:43:52.768+0000] {dag.py:2941} INFO - Sync 1 DAGs
[2025-02-27T00:43:52.779+0000] {logging_mixin.py:151} INFO - [2025-02-27T00:43:52.778+0000] {dag.py:3722} INFO - Setting next_dagrun for extract_exchange_rates to 2025-02-27T00:00:00+00:00, run_after=2025-02-28T00:00:00+00:00
[2025-02-27T00:43:52.786+0000] {processor.py:179} INFO - Processing /opt/airflow/dags/extract_exchange_rates.py took 0.046 seconds
[2025-02-27T00:44:23.071+0000] {processor.py:157} INFO - Started process (PID=930) to work on /opt/airflow/dags/extract_exchange_rates.py
[2025-02-27T00:44:23.071+0000] {processor.py:829} INFO - Processing file /opt/airflow/dags/extract_exchange_rates.py for tasks to queue
[2025-02-27T00:44:23.071+0000] {logging_mixin.py:151} INFO - [2025-02-27T00:44:23.071+0000] {dagbag.py:536} INFO - Filling up the DagBag from /opt/airflow/dags/extract_exchange_rates.py
[2025-02-27T00:44:23.078+0000] {processor.py:839} INFO - DAG(s) dict_keys(['extract_exchange_rates']) retrieved from /opt/airflow/dags/extract_exchange_rates.py
[2025-02-27T00:44:23.088+0000] {logging_mixin.py:151} INFO - [2025-02-27T00:44:23.088+0000] {dag.py:2941} INFO - Sync 1 DAGs
[2025-02-27T00:44:23.097+0000] {logging_mixin.py:151} INFO - [2025-02-27T00:44:23.097+0000] {dag.py:3722} INFO - Setting next_dagrun for extract_exchange_rates to 2025-02-27T00:00:00+00:00, run_after=2025-02-28T00:00:00+00:00
[2025-02-27T00:44:23.105+0000] {processor.py:179} INFO - Processing /opt/airflow/dags/extract_exchange_rates.py took 0.035 seconds
[2025-02-27T00:44:53.377+0000] {processor.py:157} INFO - Started process (PID=935) to work on /opt/airflow/dags/extract_exchange_rates.py
[2025-02-27T00:44:53.378+0000] {processor.py:829} INFO - Processing file /opt/airflow/dags/extract_exchange_rates.py for tasks to queue
[2025-02-27T00:44:53.378+0000] {logging_mixin.py:151} INFO - [2025-02-27T00:44:53.378+0000] {dagbag.py:536} INFO - Filling up the DagBag from /opt/airflow/dags/extract_exchange_rates.py
[2025-02-27T00:44:53.386+0000] {processor.py:839} INFO - DAG(s) dict_keys(['extract_exchange_rates']) retrieved from /opt/airflow/dags/extract_exchange_rates.py
[2025-02-27T00:44:53.398+0000] {logging_mixin.py:151} INFO - [2025-02-27T00:44:53.398+0000] {dag.py:2941} INFO - Sync 1 DAGs
[2025-02-27T00:44:53.408+0000] {logging_mixin.py:151} INFO - [2025-02-27T00:44:53.408+0000] {dag.py:3722} INFO - Setting next_dagrun for extract_exchange_rates to 2025-02-27T00:00:00+00:00, run_after=2025-02-28T00:00:00+00:00
[2025-02-27T00:44:53.415+0000] {processor.py:179} INFO - Processing /opt/airflow/dags/extract_exchange_rates.py took 0.039 seconds
[2025-02-27T00:45:23.655+0000] {processor.py:157} INFO - Started process (PID=940) to work on /opt/airflow/dags/extract_exchange_rates.py
[2025-02-27T00:45:23.655+0000] {processor.py:829} INFO - Processing file /opt/airflow/dags/extract_exchange_rates.py for tasks to queue
[2025-02-27T00:45:23.656+0000] {logging_mixin.py:151} INFO - [2025-02-27T00:45:23.656+0000] {dagbag.py:536} INFO - Filling up the DagBag from /opt/airflow/dags/extract_exchange_rates.py
[2025-02-27T00:45:23.663+0000] {processor.py:839} INFO - DAG(s) dict_keys(['extract_exchange_rates']) retrieved from /opt/airflow/dags/extract_exchange_rates.py
[2025-02-27T00:45:23.676+0000] {logging_mixin.py:151} INFO - [2025-02-27T00:45:23.676+0000] {dag.py:2941} INFO - Sync 1 DAGs
[2025-02-27T00:45:23.686+0000] {logging_mixin.py:151} INFO - [2025-02-27T00:45:23.686+0000] {dag.py:3722} INFO - Setting next_dagrun for extract_exchange_rates to 2025-02-27T00:00:00+00:00, run_after=2025-02-28T00:00:00+00:00
[2025-02-27T00:45:23.692+0000] {processor.py:179} INFO - Processing /opt/airflow/dags/extract_exchange_rates.py took 0.039 seconds
[2025-02-27T00:45:53.963+0000] {processor.py:157} INFO - Started process (PID=945) to work on /opt/airflow/dags/extract_exchange_rates.py
[2025-02-27T00:45:53.964+0000] {processor.py:829} INFO - Processing file /opt/airflow/dags/extract_exchange_rates.py for tasks to queue
[2025-02-27T00:45:53.964+0000] {logging_mixin.py:151} INFO - [2025-02-27T00:45:53.964+0000] {dagbag.py:536} INFO - Filling up the DagBag from /opt/airflow/dags/extract_exchange_rates.py
[2025-02-27T00:45:53.973+0000] {processor.py:839} INFO - DAG(s) dict_keys(['extract_exchange_rates']) retrieved from /opt/airflow/dags/extract_exchange_rates.py
[2025-02-27T00:45:53.986+0000] {logging_mixin.py:151} INFO - [2025-02-27T00:45:53.985+0000] {dag.py:2941} INFO - Sync 1 DAGs
[2025-02-27T00:45:53.997+0000] {logging_mixin.py:151} INFO - [2025-02-27T00:45:53.996+0000] {dag.py:3722} INFO - Setting next_dagrun for extract_exchange_rates to 2025-02-27T00:00:00+00:00, run_after=2025-02-28T00:00:00+00:00
[2025-02-27T00:45:54.004+0000] {processor.py:179} INFO - Processing /opt/airflow/dags/extract_exchange_rates.py took 0.043 seconds
[2025-02-27T00:46:24.221+0000] {processor.py:157} INFO - Started process (PID=950) to work on /opt/airflow/dags/extract_exchange_rates.py
[2025-02-27T00:46:24.222+0000] {processor.py:829} INFO - Processing file /opt/airflow/dags/extract_exchange_rates.py for tasks to queue
[2025-02-27T00:46:24.223+0000] {logging_mixin.py:151} INFO - [2025-02-27T00:46:24.222+0000] {dagbag.py:536} INFO - Filling up the DagBag from /opt/airflow/dags/extract_exchange_rates.py
[2025-02-27T00:46:24.234+0000] {processor.py:839} INFO - DAG(s) dict_keys(['extract_exchange_rates']) retrieved from /opt/airflow/dags/extract_exchange_rates.py
[2025-02-27T00:46:24.248+0000] {logging_mixin.py:151} INFO - [2025-02-27T00:46:24.248+0000] {dag.py:2941} INFO - Sync 1 DAGs
[2025-02-27T00:46:24.258+0000] {logging_mixin.py:151} INFO - [2025-02-27T00:46:24.258+0000] {dag.py:3722} INFO - Setting next_dagrun for extract_exchange_rates to 2025-02-27T00:00:00+00:00, run_after=2025-02-28T00:00:00+00:00
[2025-02-27T00:46:24.264+0000] {processor.py:179} INFO - Processing /opt/airflow/dags/extract_exchange_rates.py took 0.045 seconds
[2025-02-27T00:46:54.558+0000] {processor.py:157} INFO - Started process (PID=955) to work on /opt/airflow/dags/extract_exchange_rates.py
[2025-02-27T00:46:54.558+0000] {processor.py:829} INFO - Processing file /opt/airflow/dags/extract_exchange_rates.py for tasks to queue
[2025-02-27T00:46:54.559+0000] {logging_mixin.py:151} INFO - [2025-02-27T00:46:54.559+0000] {dagbag.py:536} INFO - Filling up the DagBag from /opt/airflow/dags/extract_exchange_rates.py
[2025-02-27T00:46:54.570+0000] {processor.py:839} INFO - DAG(s) dict_keys(['extract_exchange_rates']) retrieved from /opt/airflow/dags/extract_exchange_rates.py
[2025-02-27T00:46:54.584+0000] {logging_mixin.py:151} INFO - [2025-02-27T00:46:54.583+0000] {dag.py:2941} INFO - Sync 1 DAGs
[2025-02-27T00:46:54.593+0000] {logging_mixin.py:151} INFO - [2025-02-27T00:46:54.593+0000] {dag.py:3722} INFO - Setting next_dagrun for extract_exchange_rates to 2025-02-27T00:00:00+00:00, run_after=2025-02-28T00:00:00+00:00
[2025-02-27T00:46:54.601+0000] {processor.py:179} INFO - Processing /opt/airflow/dags/extract_exchange_rates.py took 0.045 seconds
[2025-02-27T00:47:24.852+0000] {processor.py:157} INFO - Started process (PID=960) to work on /opt/airflow/dags/extract_exchange_rates.py
[2025-02-27T00:47:24.852+0000] {processor.py:829} INFO - Processing file /opt/airflow/dags/extract_exchange_rates.py for tasks to queue
[2025-02-27T00:47:24.853+0000] {logging_mixin.py:151} INFO - [2025-02-27T00:47:24.853+0000] {dagbag.py:536} INFO - Filling up the DagBag from /opt/airflow/dags/extract_exchange_rates.py
[2025-02-27T00:47:24.861+0000] {processor.py:839} INFO - DAG(s) dict_keys(['extract_exchange_rates']) retrieved from /opt/airflow/dags/extract_exchange_rates.py
[2025-02-27T00:47:24.882+0000] {logging_mixin.py:151} INFO - [2025-02-27T00:47:24.882+0000] {dag.py:2941} INFO - Sync 1 DAGs
[2025-02-27T00:47:24.897+0000] {logging_mixin.py:151} INFO - [2025-02-27T00:47:24.897+0000] {dag.py:3722} INFO - Setting next_dagrun for extract_exchange_rates to 2025-02-27T00:00:00+00:00, run_after=2025-02-28T00:00:00+00:00
[2025-02-27T00:47:24.905+0000] {processor.py:179} INFO - Processing /opt/airflow/dags/extract_exchange_rates.py took 0.056 seconds
[2025-02-27T00:47:55.170+0000] {processor.py:157} INFO - Started process (PID=965) to work on /opt/airflow/dags/extract_exchange_rates.py
[2025-02-27T00:47:55.171+0000] {processor.py:829} INFO - Processing file /opt/airflow/dags/extract_exchange_rates.py for tasks to queue
[2025-02-27T00:47:55.171+0000] {logging_mixin.py:151} INFO - [2025-02-27T00:47:55.171+0000] {dagbag.py:536} INFO - Filling up the DagBag from /opt/airflow/dags/extract_exchange_rates.py
[2025-02-27T00:47:55.180+0000] {processor.py:839} INFO - DAG(s) dict_keys(['extract_exchange_rates']) retrieved from /opt/airflow/dags/extract_exchange_rates.py
[2025-02-27T00:47:55.193+0000] {logging_mixin.py:151} INFO - [2025-02-27T00:47:55.193+0000] {dag.py:2941} INFO - Sync 1 DAGs
[2025-02-27T00:47:55.204+0000] {logging_mixin.py:151} INFO - [2025-02-27T00:47:55.204+0000] {dag.py:3722} INFO - Setting next_dagrun for extract_exchange_rates to 2025-02-27T00:00:00+00:00, run_after=2025-02-28T00:00:00+00:00
[2025-02-27T00:47:55.212+0000] {processor.py:179} INFO - Processing /opt/airflow/dags/extract_exchange_rates.py took 0.044 seconds
[2025-02-27T00:48:25.489+0000] {processor.py:157} INFO - Started process (PID=970) to work on /opt/airflow/dags/extract_exchange_rates.py
[2025-02-27T00:48:25.490+0000] {processor.py:829} INFO - Processing file /opt/airflow/dags/extract_exchange_rates.py for tasks to queue
[2025-02-27T00:48:25.491+0000] {logging_mixin.py:151} INFO - [2025-02-27T00:48:25.490+0000] {dagbag.py:536} INFO - Filling up the DagBag from /opt/airflow/dags/extract_exchange_rates.py
[2025-02-27T00:48:25.501+0000] {processor.py:839} INFO - DAG(s) dict_keys(['extract_exchange_rates']) retrieved from /opt/airflow/dags/extract_exchange_rates.py
[2025-02-27T00:48:25.516+0000] {logging_mixin.py:151} INFO - [2025-02-27T00:48:25.516+0000] {dag.py:2941} INFO - Sync 1 DAGs
[2025-02-27T00:48:25.526+0000] {logging_mixin.py:151} INFO - [2025-02-27T00:48:25.526+0000] {dag.py:3722} INFO - Setting next_dagrun for extract_exchange_rates to 2025-02-27T00:00:00+00:00, run_after=2025-02-28T00:00:00+00:00
[2025-02-27T00:48:25.534+0000] {processor.py:179} INFO - Processing /opt/airflow/dags/extract_exchange_rates.py took 0.047 seconds
[2025-02-27T00:48:55.834+0000] {processor.py:157} INFO - Started process (PID=975) to work on /opt/airflow/dags/extract_exchange_rates.py
[2025-02-27T00:48:55.834+0000] {processor.py:829} INFO - Processing file /opt/airflow/dags/extract_exchange_rates.py for tasks to queue
[2025-02-27T00:48:55.835+0000] {logging_mixin.py:151} INFO - [2025-02-27T00:48:55.835+0000] {dagbag.py:536} INFO - Filling up the DagBag from /opt/airflow/dags/extract_exchange_rates.py
[2025-02-27T00:48:55.845+0000] {processor.py:839} INFO - DAG(s) dict_keys(['extract_exchange_rates']) retrieved from /opt/airflow/dags/extract_exchange_rates.py
[2025-02-27T00:48:55.860+0000] {logging_mixin.py:151} INFO - [2025-02-27T00:48:55.860+0000] {dag.py:2941} INFO - Sync 1 DAGs
[2025-02-27T00:48:55.870+0000] {logging_mixin.py:151} INFO - [2025-02-27T00:48:55.870+0000] {dag.py:3722} INFO - Setting next_dagrun for extract_exchange_rates to 2025-02-27T00:00:00+00:00, run_after=2025-02-28T00:00:00+00:00
[2025-02-27T00:48:55.878+0000] {processor.py:179} INFO - Processing /opt/airflow/dags/extract_exchange_rates.py took 0.046 seconds
[2025-02-27T00:49:26.172+0000] {processor.py:157} INFO - Started process (PID=980) to work on /opt/airflow/dags/extract_exchange_rates.py
[2025-02-27T00:49:26.173+0000] {processor.py:829} INFO - Processing file /opt/airflow/dags/extract_exchange_rates.py for tasks to queue
[2025-02-27T00:49:26.173+0000] {logging_mixin.py:151} INFO - [2025-02-27T00:49:26.173+0000] {dagbag.py:536} INFO - Filling up the DagBag from /opt/airflow/dags/extract_exchange_rates.py
[2025-02-27T00:49:26.183+0000] {processor.py:839} INFO - DAG(s) dict_keys(['extract_exchange_rates']) retrieved from /opt/airflow/dags/extract_exchange_rates.py
[2025-02-27T00:49:26.198+0000] {logging_mixin.py:151} INFO - [2025-02-27T00:49:26.198+0000] {dag.py:2941} INFO - Sync 1 DAGs
[2025-02-27T00:49:26.208+0000] {logging_mixin.py:151} INFO - [2025-02-27T00:49:26.208+0000] {dag.py:3722} INFO - Setting next_dagrun for extract_exchange_rates to 2025-02-27T00:00:00+00:00, run_after=2025-02-28T00:00:00+00:00
[2025-02-27T00:49:26.215+0000] {processor.py:179} INFO - Processing /opt/airflow/dags/extract_exchange_rates.py took 0.046 seconds
[2025-02-27T00:49:56.486+0000] {processor.py:157} INFO - Started process (PID=985) to work on /opt/airflow/dags/extract_exchange_rates.py
[2025-02-27T00:49:56.486+0000] {processor.py:829} INFO - Processing file /opt/airflow/dags/extract_exchange_rates.py for tasks to queue
[2025-02-27T00:49:56.487+0000] {logging_mixin.py:151} INFO - [2025-02-27T00:49:56.487+0000] {dagbag.py:536} INFO - Filling up the DagBag from /opt/airflow/dags/extract_exchange_rates.py
[2025-02-27T00:49:56.496+0000] {processor.py:839} INFO - DAG(s) dict_keys(['extract_exchange_rates']) retrieved from /opt/airflow/dags/extract_exchange_rates.py
[2025-02-27T00:49:56.509+0000] {logging_mixin.py:151} INFO - [2025-02-27T00:49:56.509+0000] {dag.py:2941} INFO - Sync 1 DAGs
[2025-02-27T00:49:56.521+0000] {logging_mixin.py:151} INFO - [2025-02-27T00:49:56.521+0000] {dag.py:3722} INFO - Setting next_dagrun for extract_exchange_rates to 2025-02-27T00:00:00+00:00, run_after=2025-02-28T00:00:00+00:00
[2025-02-27T00:49:56.528+0000] {processor.py:179} INFO - Processing /opt/airflow/dags/extract_exchange_rates.py took 0.044 seconds
[2025-02-27T00:50:26.838+0000] {processor.py:157} INFO - Started process (PID=990) to work on /opt/airflow/dags/extract_exchange_rates.py
[2025-02-27T00:50:26.839+0000] {processor.py:829} INFO - Processing file /opt/airflow/dags/extract_exchange_rates.py for tasks to queue
[2025-02-27T00:50:26.839+0000] {logging_mixin.py:151} INFO - [2025-02-27T00:50:26.839+0000] {dagbag.py:536} INFO - Filling up the DagBag from /opt/airflow/dags/extract_exchange_rates.py
[2025-02-27T00:50:26.850+0000] {processor.py:839} INFO - DAG(s) dict_keys(['extract_exchange_rates']) retrieved from /opt/airflow/dags/extract_exchange_rates.py
[2025-02-27T00:50:26.865+0000] {logging_mixin.py:151} INFO - [2025-02-27T00:50:26.865+0000] {dag.py:2941} INFO - Sync 1 DAGs
[2025-02-27T00:50:26.875+0000] {logging_mixin.py:151} INFO - [2025-02-27T00:50:26.875+0000] {dag.py:3722} INFO - Setting next_dagrun for extract_exchange_rates to 2025-02-27T00:00:00+00:00, run_after=2025-02-28T00:00:00+00:00
[2025-02-27T00:50:26.883+0000] {processor.py:179} INFO - Processing /opt/airflow/dags/extract_exchange_rates.py took 0.047 seconds
[2025-02-27T00:50:57.175+0000] {processor.py:157} INFO - Started process (PID=995) to work on /opt/airflow/dags/extract_exchange_rates.py
[2025-02-27T00:50:57.175+0000] {processor.py:829} INFO - Processing file /opt/airflow/dags/extract_exchange_rates.py for tasks to queue
[2025-02-27T00:50:57.176+0000] {logging_mixin.py:151} INFO - [2025-02-27T00:50:57.176+0000] {dagbag.py:536} INFO - Filling up the DagBag from /opt/airflow/dags/extract_exchange_rates.py
[2025-02-27T00:50:57.187+0000] {processor.py:839} INFO - DAG(s) dict_keys(['extract_exchange_rates']) retrieved from /opt/airflow/dags/extract_exchange_rates.py
[2025-02-27T00:50:57.202+0000] {logging_mixin.py:151} INFO - [2025-02-27T00:50:57.202+0000] {dag.py:2941} INFO - Sync 1 DAGs
[2025-02-27T00:50:57.212+0000] {logging_mixin.py:151} INFO - [2025-02-27T00:50:57.212+0000] {dag.py:3722} INFO - Setting next_dagrun for extract_exchange_rates to 2025-02-27T00:00:00+00:00, run_after=2025-02-28T00:00:00+00:00
[2025-02-27T00:50:57.220+0000] {processor.py:179} INFO - Processing /opt/airflow/dags/extract_exchange_rates.py took 0.048 seconds
[2025-02-27T00:51:27.499+0000] {processor.py:157} INFO - Started process (PID=1000) to work on /opt/airflow/dags/extract_exchange_rates.py
[2025-02-27T00:51:27.500+0000] {processor.py:829} INFO - Processing file /opt/airflow/dags/extract_exchange_rates.py for tasks to queue
[2025-02-27T00:51:27.501+0000] {logging_mixin.py:151} INFO - [2025-02-27T00:51:27.501+0000] {dagbag.py:536} INFO - Filling up the DagBag from /opt/airflow/dags/extract_exchange_rates.py
[2025-02-27T00:51:27.511+0000] {processor.py:839} INFO - DAG(s) dict_keys(['extract_exchange_rates']) retrieved from /opt/airflow/dags/extract_exchange_rates.py
[2025-02-27T00:51:27.525+0000] {logging_mixin.py:151} INFO - [2025-02-27T00:51:27.525+0000] {dag.py:2941} INFO - Sync 1 DAGs
[2025-02-27T00:51:27.535+0000] {logging_mixin.py:151} INFO - [2025-02-27T00:51:27.535+0000] {dag.py:3722} INFO - Setting next_dagrun for extract_exchange_rates to 2025-02-27T00:00:00+00:00, run_after=2025-02-28T00:00:00+00:00
[2025-02-27T00:51:27.542+0000] {processor.py:179} INFO - Processing /opt/airflow/dags/extract_exchange_rates.py took 0.045 seconds
[2025-02-27T00:51:57.784+0000] {processor.py:157} INFO - Started process (PID=1005) to work on /opt/airflow/dags/extract_exchange_rates.py
[2025-02-27T00:51:57.784+0000] {processor.py:829} INFO - Processing file /opt/airflow/dags/extract_exchange_rates.py for tasks to queue
[2025-02-27T00:51:57.785+0000] {logging_mixin.py:151} INFO - [2025-02-27T00:51:57.785+0000] {dagbag.py:536} INFO - Filling up the DagBag from /opt/airflow/dags/extract_exchange_rates.py
[2025-02-27T00:51:57.794+0000] {processor.py:839} INFO - DAG(s) dict_keys(['extract_exchange_rates']) retrieved from /opt/airflow/dags/extract_exchange_rates.py
[2025-02-27T00:51:57.807+0000] {logging_mixin.py:151} INFO - [2025-02-27T00:51:57.807+0000] {dag.py:2941} INFO - Sync 1 DAGs
[2025-02-27T00:51:57.818+0000] {logging_mixin.py:151} INFO - [2025-02-27T00:51:57.818+0000] {dag.py:3722} INFO - Setting next_dagrun for extract_exchange_rates to 2025-02-27T00:00:00+00:00, run_after=2025-02-28T00:00:00+00:00
[2025-02-27T00:51:57.825+0000] {processor.py:179} INFO - Processing /opt/airflow/dags/extract_exchange_rates.py took 0.044 seconds
[2025-02-27T00:52:28.063+0000] {processor.py:157} INFO - Started process (PID=1010) to work on /opt/airflow/dags/extract_exchange_rates.py
[2025-02-27T00:52:28.064+0000] {processor.py:829} INFO - Processing file /opt/airflow/dags/extract_exchange_rates.py for tasks to queue
[2025-02-27T00:52:28.065+0000] {logging_mixin.py:151} INFO - [2025-02-27T00:52:28.065+0000] {dagbag.py:536} INFO - Filling up the DagBag from /opt/airflow/dags/extract_exchange_rates.py
[2025-02-27T00:52:28.076+0000] {processor.py:839} INFO - DAG(s) dict_keys(['extract_exchange_rates']) retrieved from /opt/airflow/dags/extract_exchange_rates.py
[2025-02-27T00:52:28.089+0000] {logging_mixin.py:151} INFO - [2025-02-27T00:52:28.089+0000] {dag.py:2941} INFO - Sync 1 DAGs
[2025-02-27T00:52:28.099+0000] {logging_mixin.py:151} INFO - [2025-02-27T00:52:28.099+0000] {dag.py:3722} INFO - Setting next_dagrun for extract_exchange_rates to 2025-02-27T00:00:00+00:00, run_after=2025-02-28T00:00:00+00:00
[2025-02-27T00:52:28.106+0000] {processor.py:179} INFO - Processing /opt/airflow/dags/extract_exchange_rates.py took 0.046 seconds
[2025-02-27T00:52:58.318+0000] {processor.py:157} INFO - Started process (PID=1015) to work on /opt/airflow/dags/extract_exchange_rates.py
[2025-02-27T00:52:58.318+0000] {processor.py:829} INFO - Processing file /opt/airflow/dags/extract_exchange_rates.py for tasks to queue
[2025-02-27T00:52:58.319+0000] {logging_mixin.py:151} INFO - [2025-02-27T00:52:58.319+0000] {dagbag.py:536} INFO - Filling up the DagBag from /opt/airflow/dags/extract_exchange_rates.py
[2025-02-27T00:52:58.327+0000] {processor.py:839} INFO - DAG(s) dict_keys(['extract_exchange_rates']) retrieved from /opt/airflow/dags/extract_exchange_rates.py
[2025-02-27T00:52:58.339+0000] {logging_mixin.py:151} INFO - [2025-02-27T00:52:58.339+0000] {dag.py:2941} INFO - Sync 1 DAGs
[2025-02-27T00:52:58.348+0000] {logging_mixin.py:151} INFO - [2025-02-27T00:52:58.348+0000] {dag.py:3722} INFO - Setting next_dagrun for extract_exchange_rates to 2025-02-27T00:00:00+00:00, run_after=2025-02-28T00:00:00+00:00
[2025-02-27T00:52:58.354+0000] {processor.py:179} INFO - Processing /opt/airflow/dags/extract_exchange_rates.py took 0.038 seconds
[2025-02-27T00:53:28.575+0000] {processor.py:157} INFO - Started process (PID=1020) to work on /opt/airflow/dags/extract_exchange_rates.py
[2025-02-27T00:53:28.575+0000] {processor.py:829} INFO - Processing file /opt/airflow/dags/extract_exchange_rates.py for tasks to queue
[2025-02-27T00:53:28.576+0000] {logging_mixin.py:151} INFO - [2025-02-27T00:53:28.576+0000] {dagbag.py:536} INFO - Filling up the DagBag from /opt/airflow/dags/extract_exchange_rates.py
[2025-02-27T00:53:28.588+0000] {processor.py:839} INFO - DAG(s) dict_keys(['extract_exchange_rates']) retrieved from /opt/airflow/dags/extract_exchange_rates.py
[2025-02-27T00:53:28.602+0000] {logging_mixin.py:151} INFO - [2025-02-27T00:53:28.602+0000] {dag.py:2941} INFO - Sync 1 DAGs
[2025-02-27T00:53:28.612+0000] {logging_mixin.py:151} INFO - [2025-02-27T00:53:28.612+0000] {dag.py:3722} INFO - Setting next_dagrun for extract_exchange_rates to 2025-02-27T00:00:00+00:00, run_after=2025-02-28T00:00:00+00:00
[2025-02-27T00:53:28.619+0000] {processor.py:179} INFO - Processing /opt/airflow/dags/extract_exchange_rates.py took 0.046 seconds
[2025-02-27T00:53:58.829+0000] {processor.py:157} INFO - Started process (PID=1025) to work on /opt/airflow/dags/extract_exchange_rates.py
[2025-02-27T00:53:58.830+0000] {processor.py:829} INFO - Processing file /opt/airflow/dags/extract_exchange_rates.py for tasks to queue
[2025-02-27T00:53:58.831+0000] {logging_mixin.py:151} INFO - [2025-02-27T00:53:58.831+0000] {dagbag.py:536} INFO - Filling up the DagBag from /opt/airflow/dags/extract_exchange_rates.py
[2025-02-27T00:53:58.843+0000] {processor.py:839} INFO - DAG(s) dict_keys(['extract_exchange_rates']) retrieved from /opt/airflow/dags/extract_exchange_rates.py
[2025-02-27T00:53:58.856+0000] {logging_mixin.py:151} INFO - [2025-02-27T00:53:58.856+0000] {dag.py:2941} INFO - Sync 1 DAGs
[2025-02-27T00:53:58.866+0000] {logging_mixin.py:151} INFO - [2025-02-27T00:53:58.866+0000] {dag.py:3722} INFO - Setting next_dagrun for extract_exchange_rates to 2025-02-27T00:00:00+00:00, run_after=2025-02-28T00:00:00+00:00
[2025-02-27T00:53:58.874+0000] {processor.py:179} INFO - Processing /opt/airflow/dags/extract_exchange_rates.py took 0.047 seconds
[2025-02-27T00:54:29.058+0000] {processor.py:157} INFO - Started process (PID=1030) to work on /opt/airflow/dags/extract_exchange_rates.py
[2025-02-27T00:54:29.058+0000] {processor.py:829} INFO - Processing file /opt/airflow/dags/extract_exchange_rates.py for tasks to queue
[2025-02-27T00:54:29.058+0000] {logging_mixin.py:151} INFO - [2025-02-27T00:54:29.058+0000] {dagbag.py:536} INFO - Filling up the DagBag from /opt/airflow/dags/extract_exchange_rates.py
[2025-02-27T00:54:29.066+0000] {processor.py:839} INFO - DAG(s) dict_keys(['extract_exchange_rates']) retrieved from /opt/airflow/dags/extract_exchange_rates.py
[2025-02-27T00:54:29.078+0000] {logging_mixin.py:151} INFO - [2025-02-27T00:54:29.078+0000] {dag.py:2941} INFO - Sync 1 DAGs
[2025-02-27T00:54:29.087+0000] {logging_mixin.py:151} INFO - [2025-02-27T00:54:29.087+0000] {dag.py:3722} INFO - Setting next_dagrun for extract_exchange_rates to 2025-02-27T00:00:00+00:00, run_after=2025-02-28T00:00:00+00:00
[2025-02-27T00:54:29.093+0000] {processor.py:179} INFO - Processing /opt/airflow/dags/extract_exchange_rates.py took 0.037 seconds
[2025-02-27T00:54:59.332+0000] {processor.py:157} INFO - Started process (PID=1035) to work on /opt/airflow/dags/extract_exchange_rates.py
[2025-02-27T00:54:59.332+0000] {processor.py:829} INFO - Processing file /opt/airflow/dags/extract_exchange_rates.py for tasks to queue
[2025-02-27T00:54:59.333+0000] {logging_mixin.py:151} INFO - [2025-02-27T00:54:59.333+0000] {dagbag.py:536} INFO - Filling up the DagBag from /opt/airflow/dags/extract_exchange_rates.py
[2025-02-27T00:54:59.343+0000] {processor.py:839} INFO - DAG(s) dict_keys(['extract_exchange_rates']) retrieved from /opt/airflow/dags/extract_exchange_rates.py
[2025-02-27T00:54:59.356+0000] {logging_mixin.py:151} INFO - [2025-02-27T00:54:59.356+0000] {dag.py:2941} INFO - Sync 1 DAGs
[2025-02-27T00:54:59.366+0000] {logging_mixin.py:151} INFO - [2025-02-27T00:54:59.366+0000] {dag.py:3722} INFO - Setting next_dagrun for extract_exchange_rates to 2025-02-27T00:00:00+00:00, run_after=2025-02-28T00:00:00+00:00
[2025-02-27T00:54:59.373+0000] {processor.py:179} INFO - Processing /opt/airflow/dags/extract_exchange_rates.py took 0.044 seconds
[2025-02-27T00:55:29.612+0000] {processor.py:157} INFO - Started process (PID=1040) to work on /opt/airflow/dags/extract_exchange_rates.py
[2025-02-27T00:55:29.613+0000] {processor.py:829} INFO - Processing file /opt/airflow/dags/extract_exchange_rates.py for tasks to queue
[2025-02-27T00:55:29.614+0000] {logging_mixin.py:151} INFO - [2025-02-27T00:55:29.614+0000] {dagbag.py:536} INFO - Filling up the DagBag from /opt/airflow/dags/extract_exchange_rates.py
[2025-02-27T00:55:29.624+0000] {processor.py:839} INFO - DAG(s) dict_keys(['extract_exchange_rates']) retrieved from /opt/airflow/dags/extract_exchange_rates.py
[2025-02-27T00:55:29.639+0000] {logging_mixin.py:151} INFO - [2025-02-27T00:55:29.639+0000] {dag.py:2941} INFO - Sync 1 DAGs
[2025-02-27T00:55:29.649+0000] {logging_mixin.py:151} INFO - [2025-02-27T00:55:29.649+0000] {dag.py:3722} INFO - Setting next_dagrun for extract_exchange_rates to 2025-02-27T00:00:00+00:00, run_after=2025-02-28T00:00:00+00:00
[2025-02-27T00:55:29.656+0000] {processor.py:179} INFO - Processing /opt/airflow/dags/extract_exchange_rates.py took 0.046 seconds
[2025-02-27T00:55:59.911+0000] {processor.py:157} INFO - Started process (PID=1045) to work on /opt/airflow/dags/extract_exchange_rates.py
[2025-02-27T00:55:59.912+0000] {processor.py:829} INFO - Processing file /opt/airflow/dags/extract_exchange_rates.py for tasks to queue
[2025-02-27T00:55:59.913+0000] {logging_mixin.py:151} INFO - [2025-02-27T00:55:59.912+0000] {dagbag.py:536} INFO - Filling up the DagBag from /opt/airflow/dags/extract_exchange_rates.py
[2025-02-27T00:55:59.923+0000] {processor.py:839} INFO - DAG(s) dict_keys(['extract_exchange_rates']) retrieved from /opt/airflow/dags/extract_exchange_rates.py
[2025-02-27T00:55:59.937+0000] {logging_mixin.py:151} INFO - [2025-02-27T00:55:59.937+0000] {dag.py:2941} INFO - Sync 1 DAGs
[2025-02-27T00:55:59.947+0000] {logging_mixin.py:151} INFO - [2025-02-27T00:55:59.947+0000] {dag.py:3722} INFO - Setting next_dagrun for extract_exchange_rates to 2025-02-27T00:00:00+00:00, run_after=2025-02-28T00:00:00+00:00
[2025-02-27T00:55:59.954+0000] {processor.py:179} INFO - Processing /opt/airflow/dags/extract_exchange_rates.py took 0.046 seconds
[2025-02-27T00:56:30.252+0000] {processor.py:157} INFO - Started process (PID=1050) to work on /opt/airflow/dags/extract_exchange_rates.py
[2025-02-27T00:56:30.253+0000] {processor.py:829} INFO - Processing file /opt/airflow/dags/extract_exchange_rates.py for tasks to queue
[2025-02-27T00:56:30.253+0000] {logging_mixin.py:151} INFO - [2025-02-27T00:56:30.253+0000] {dagbag.py:536} INFO - Filling up the DagBag from /opt/airflow/dags/extract_exchange_rates.py
[2025-02-27T00:56:30.264+0000] {processor.py:839} INFO - DAG(s) dict_keys(['extract_exchange_rates']) retrieved from /opt/airflow/dags/extract_exchange_rates.py
[2025-02-27T00:56:30.278+0000] {logging_mixin.py:151} INFO - [2025-02-27T00:56:30.278+0000] {dag.py:2941} INFO - Sync 1 DAGs
[2025-02-27T00:56:30.288+0000] {logging_mixin.py:151} INFO - [2025-02-27T00:56:30.288+0000] {dag.py:3722} INFO - Setting next_dagrun for extract_exchange_rates to 2025-02-27T00:00:00+00:00, run_after=2025-02-28T00:00:00+00:00
[2025-02-27T00:56:30.295+0000] {processor.py:179} INFO - Processing /opt/airflow/dags/extract_exchange_rates.py took 0.046 seconds
[2025-02-27T00:57:00.591+0000] {processor.py:157} INFO - Started process (PID=1055) to work on /opt/airflow/dags/extract_exchange_rates.py
[2025-02-27T00:57:00.591+0000] {processor.py:829} INFO - Processing file /opt/airflow/dags/extract_exchange_rates.py for tasks to queue
[2025-02-27T00:57:00.592+0000] {logging_mixin.py:151} INFO - [2025-02-27T00:57:00.592+0000] {dagbag.py:536} INFO - Filling up the DagBag from /opt/airflow/dags/extract_exchange_rates.py
[2025-02-27T00:57:00.602+0000] {processor.py:839} INFO - DAG(s) dict_keys(['extract_exchange_rates']) retrieved from /opt/airflow/dags/extract_exchange_rates.py
[2025-02-27T00:57:00.617+0000] {logging_mixin.py:151} INFO - [2025-02-27T00:57:00.617+0000] {dag.py:2941} INFO - Sync 1 DAGs
[2025-02-27T00:57:00.627+0000] {logging_mixin.py:151} INFO - [2025-02-27T00:57:00.627+0000] {dag.py:3722} INFO - Setting next_dagrun for extract_exchange_rates to 2025-02-27T00:00:00+00:00, run_after=2025-02-28T00:00:00+00:00
[2025-02-27T00:57:00.634+0000] {processor.py:179} INFO - Processing /opt/airflow/dags/extract_exchange_rates.py took 0.046 seconds
[2025-02-27T00:57:30.885+0000] {processor.py:157} INFO - Started process (PID=1060) to work on /opt/airflow/dags/extract_exchange_rates.py
[2025-02-27T00:57:30.885+0000] {processor.py:829} INFO - Processing file /opt/airflow/dags/extract_exchange_rates.py for tasks to queue
[2025-02-27T00:57:30.885+0000] {logging_mixin.py:151} INFO - [2025-02-27T00:57:30.885+0000] {dagbag.py:536} INFO - Filling up the DagBag from /opt/airflow/dags/extract_exchange_rates.py
[2025-02-27T00:57:30.892+0000] {processor.py:839} INFO - DAG(s) dict_keys(['extract_exchange_rates']) retrieved from /opt/airflow/dags/extract_exchange_rates.py
[2025-02-27T00:57:30.902+0000] {logging_mixin.py:151} INFO - [2025-02-27T00:57:30.902+0000] {dag.py:2941} INFO - Sync 1 DAGs
[2025-02-27T00:57:30.911+0000] {logging_mixin.py:151} INFO - [2025-02-27T00:57:30.911+0000] {dag.py:3722} INFO - Setting next_dagrun for extract_exchange_rates to 2025-02-27T00:00:00+00:00, run_after=2025-02-28T00:00:00+00:00
[2025-02-27T00:57:30.918+0000] {processor.py:179} INFO - Processing /opt/airflow/dags/extract_exchange_rates.py took 0.035 seconds
[2025-02-27T00:58:01.237+0000] {processor.py:157} INFO - Started process (PID=1065) to work on /opt/airflow/dags/extract_exchange_rates.py
[2025-02-27T00:58:01.238+0000] {processor.py:829} INFO - Processing file /opt/airflow/dags/extract_exchange_rates.py for tasks to queue
[2025-02-27T00:58:01.239+0000] {logging_mixin.py:151} INFO - [2025-02-27T00:58:01.239+0000] {dagbag.py:536} INFO - Filling up the DagBag from /opt/airflow/dags/extract_exchange_rates.py
[2025-02-27T00:58:01.249+0000] {processor.py:839} INFO - DAG(s) dict_keys(['extract_exchange_rates']) retrieved from /opt/airflow/dags/extract_exchange_rates.py
[2025-02-27T00:58:01.264+0000] {logging_mixin.py:151} INFO - [2025-02-27T00:58:01.264+0000] {dag.py:2941} INFO - Sync 1 DAGs
[2025-02-27T00:58:01.274+0000] {logging_mixin.py:151} INFO - [2025-02-27T00:58:01.274+0000] {dag.py:3722} INFO - Setting next_dagrun for extract_exchange_rates to 2025-02-27T00:00:00+00:00, run_after=2025-02-28T00:00:00+00:00
[2025-02-27T00:58:01.281+0000] {processor.py:179} INFO - Processing /opt/airflow/dags/extract_exchange_rates.py took 0.046 seconds
[2025-02-27T00:58:31.564+0000] {processor.py:157} INFO - Started process (PID=1070) to work on /opt/airflow/dags/extract_exchange_rates.py
[2025-02-27T00:58:31.564+0000] {processor.py:829} INFO - Processing file /opt/airflow/dags/extract_exchange_rates.py for tasks to queue
[2025-02-27T00:58:31.565+0000] {logging_mixin.py:151} INFO - [2025-02-27T00:58:31.565+0000] {dagbag.py:536} INFO - Filling up the DagBag from /opt/airflow/dags/extract_exchange_rates.py
[2025-02-27T00:58:31.575+0000] {processor.py:839} INFO - DAG(s) dict_keys(['extract_exchange_rates']) retrieved from /opt/airflow/dags/extract_exchange_rates.py
[2025-02-27T00:58:31.590+0000] {logging_mixin.py:151} INFO - [2025-02-27T00:58:31.590+0000] {dag.py:2941} INFO - Sync 1 DAGs
[2025-02-27T00:58:31.600+0000] {logging_mixin.py:151} INFO - [2025-02-27T00:58:31.600+0000] {dag.py:3722} INFO - Setting next_dagrun for extract_exchange_rates to 2025-02-27T00:00:00+00:00, run_after=2025-02-28T00:00:00+00:00
[2025-02-27T00:58:31.608+0000] {processor.py:179} INFO - Processing /opt/airflow/dags/extract_exchange_rates.py took 0.047 seconds
[2025-02-27T00:59:01.878+0000] {processor.py:157} INFO - Started process (PID=1075) to work on /opt/airflow/dags/extract_exchange_rates.py
[2025-02-27T00:59:01.879+0000] {processor.py:829} INFO - Processing file /opt/airflow/dags/extract_exchange_rates.py for tasks to queue
[2025-02-27T00:59:01.880+0000] {logging_mixin.py:151} INFO - [2025-02-27T00:59:01.879+0000] {dagbag.py:536} INFO - Filling up the DagBag from /opt/airflow/dags/extract_exchange_rates.py
[2025-02-27T00:59:01.890+0000] {processor.py:839} INFO - DAG(s) dict_keys(['extract_exchange_rates']) retrieved from /opt/airflow/dags/extract_exchange_rates.py
[2025-02-27T00:59:01.905+0000] {logging_mixin.py:151} INFO - [2025-02-27T00:59:01.904+0000] {dag.py:2941} INFO - Sync 1 DAGs
[2025-02-27T00:59:01.915+0000] {logging_mixin.py:151} INFO - [2025-02-27T00:59:01.915+0000] {dag.py:3722} INFO - Setting next_dagrun for extract_exchange_rates to 2025-02-27T00:00:00+00:00, run_after=2025-02-28T00:00:00+00:00
[2025-02-27T00:59:01.922+0000] {processor.py:179} INFO - Processing /opt/airflow/dags/extract_exchange_rates.py took 0.047 seconds
[2025-02-27T00:59:32.187+0000] {processor.py:157} INFO - Started process (PID=1080) to work on /opt/airflow/dags/extract_exchange_rates.py
[2025-02-27T00:59:32.188+0000] {processor.py:829} INFO - Processing file /opt/airflow/dags/extract_exchange_rates.py for tasks to queue
[2025-02-27T00:59:32.188+0000] {logging_mixin.py:151} INFO - [2025-02-27T00:59:32.188+0000] {dagbag.py:536} INFO - Filling up the DagBag from /opt/airflow/dags/extract_exchange_rates.py
[2025-02-27T00:59:32.201+0000] {processor.py:839} INFO - DAG(s) dict_keys(['extract_exchange_rates']) retrieved from /opt/airflow/dags/extract_exchange_rates.py
[2025-02-27T00:59:32.215+0000] {logging_mixin.py:151} INFO - [2025-02-27T00:59:32.215+0000] {dag.py:2941} INFO - Sync 1 DAGs
[2025-02-27T00:59:32.225+0000] {logging_mixin.py:151} INFO - [2025-02-27T00:59:32.225+0000] {dag.py:3722} INFO - Setting next_dagrun for extract_exchange_rates to 2025-02-27T00:00:00+00:00, run_after=2025-02-28T00:00:00+00:00
[2025-02-27T00:59:32.234+0000] {processor.py:179} INFO - Processing /opt/airflow/dags/extract_exchange_rates.py took 0.050 seconds
[2025-02-27T01:00:02.522+0000] {processor.py:157} INFO - Started process (PID=1085) to work on /opt/airflow/dags/extract_exchange_rates.py
[2025-02-27T01:00:02.523+0000] {processor.py:829} INFO - Processing file /opt/airflow/dags/extract_exchange_rates.py for tasks to queue
[2025-02-27T01:00:02.523+0000] {logging_mixin.py:151} INFO - [2025-02-27T01:00:02.523+0000] {dagbag.py:536} INFO - Filling up the DagBag from /opt/airflow/dags/extract_exchange_rates.py
[2025-02-27T01:00:02.534+0000] {processor.py:839} INFO - DAG(s) dict_keys(['extract_exchange_rates']) retrieved from /opt/airflow/dags/extract_exchange_rates.py
[2025-02-27T01:00:02.548+0000] {logging_mixin.py:151} INFO - [2025-02-27T01:00:02.548+0000] {dag.py:2941} INFO - Sync 1 DAGs
[2025-02-27T01:00:02.558+0000] {logging_mixin.py:151} INFO - [2025-02-27T01:00:02.558+0000] {dag.py:3722} INFO - Setting next_dagrun for extract_exchange_rates to 2025-02-27T00:00:00+00:00, run_after=2025-02-28T00:00:00+00:00
[2025-02-27T01:00:02.566+0000] {processor.py:179} INFO - Processing /opt/airflow/dags/extract_exchange_rates.py took 0.046 seconds
[2025-02-27T01:00:32.846+0000] {processor.py:157} INFO - Started process (PID=1090) to work on /opt/airflow/dags/extract_exchange_rates.py
[2025-02-27T01:00:32.846+0000] {processor.py:829} INFO - Processing file /opt/airflow/dags/extract_exchange_rates.py for tasks to queue
[2025-02-27T01:00:32.847+0000] {logging_mixin.py:151} INFO - [2025-02-27T01:00:32.847+0000] {dagbag.py:536} INFO - Filling up the DagBag from /opt/airflow/dags/extract_exchange_rates.py
[2025-02-27T01:00:32.858+0000] {processor.py:839} INFO - DAG(s) dict_keys(['extract_exchange_rates']) retrieved from /opt/airflow/dags/extract_exchange_rates.py
[2025-02-27T01:00:32.873+0000] {logging_mixin.py:151} INFO - [2025-02-27T01:00:32.873+0000] {dag.py:2941} INFO - Sync 1 DAGs
[2025-02-27T01:00:32.884+0000] {logging_mixin.py:151} INFO - [2025-02-27T01:00:32.884+0000] {dag.py:3722} INFO - Setting next_dagrun for extract_exchange_rates to 2025-02-27T00:00:00+00:00, run_after=2025-02-28T00:00:00+00:00
[2025-02-27T01:00:32.891+0000] {processor.py:179} INFO - Processing /opt/airflow/dags/extract_exchange_rates.py took 0.048 seconds
[2025-02-27T01:01:03.147+0000] {processor.py:157} INFO - Started process (PID=1095) to work on /opt/airflow/dags/extract_exchange_rates.py
[2025-02-27T01:01:03.148+0000] {processor.py:829} INFO - Processing file /opt/airflow/dags/extract_exchange_rates.py for tasks to queue
[2025-02-27T01:01:03.149+0000] {logging_mixin.py:151} INFO - [2025-02-27T01:01:03.149+0000] {dagbag.py:536} INFO - Filling up the DagBag from /opt/airflow/dags/extract_exchange_rates.py
[2025-02-27T01:01:03.154+0000] {logging_mixin.py:151} INFO - [2025-02-27T01:01:03.153+0000] {dagbag.py:346} ERROR - Failed to import: /opt/airflow/dags/extract_exchange_rates.py
Traceback (most recent call last):
  File "/home/airflow/.local/lib/python3.8/site-packages/airflow/models/dagbag.py", line 342, in parse
    loader.exec_module(new_module)
  File "<frozen importlib._bootstrap_external>", line 843, in exec_module
  File "<frozen importlib._bootstrap>", line 219, in _call_with_frames_removed
  File "/opt/airflow/dags/extract_exchange_rates.py", line 7, in <module>
    from api_currency import fetch_exchange_rates
  File "/opt/airflow/scripts/api_currency.py", line 29
    
    ^
SyntaxError: unexpected EOF while parsing
[2025-02-27T01:01:03.154+0000] {processor.py:841} WARNING - No viable dags retrieved from /opt/airflow/dags/extract_exchange_rates.py
[2025-02-27T01:01:03.166+0000] {processor.py:179} INFO - Processing /opt/airflow/dags/extract_exchange_rates.py took 0.021 seconds
[2025-02-27T01:01:33.441+0000] {processor.py:157} INFO - Started process (PID=1100) to work on /opt/airflow/dags/extract_exchange_rates.py
[2025-02-27T01:01:33.441+0000] {processor.py:829} INFO - Processing file /opt/airflow/dags/extract_exchange_rates.py for tasks to queue
[2025-02-27T01:01:33.442+0000] {logging_mixin.py:151} INFO - [2025-02-27T01:01:33.442+0000] {dagbag.py:536} INFO - Filling up the DagBag from /opt/airflow/dags/extract_exchange_rates.py
[2025-02-27T01:01:33.454+0000] {processor.py:839} INFO - DAG(s) dict_keys(['extract_exchange_rates']) retrieved from /opt/airflow/dags/extract_exchange_rates.py
[2025-02-27T01:01:33.472+0000] {logging_mixin.py:151} INFO - [2025-02-27T01:01:33.472+0000] {dag.py:2941} INFO - Sync 1 DAGs
[2025-02-27T01:01:33.483+0000] {logging_mixin.py:151} INFO - [2025-02-27T01:01:33.483+0000] {dag.py:3722} INFO - Setting next_dagrun for extract_exchange_rates to 2025-02-27T00:00:00+00:00, run_after=2025-02-28T00:00:00+00:00
[2025-02-27T01:01:33.492+0000] {processor.py:179} INFO - Processing /opt/airflow/dags/extract_exchange_rates.py took 0.054 seconds
[2025-02-27T01:02:03.712+0000] {processor.py:157} INFO - Started process (PID=1105) to work on /opt/airflow/dags/extract_exchange_rates.py
[2025-02-27T01:02:03.713+0000] {processor.py:829} INFO - Processing file /opt/airflow/dags/extract_exchange_rates.py for tasks to queue
[2025-02-27T01:02:03.714+0000] {logging_mixin.py:151} INFO - [2025-02-27T01:02:03.713+0000] {dagbag.py:536} INFO - Filling up the DagBag from /opt/airflow/dags/extract_exchange_rates.py
[2025-02-27T01:02:03.726+0000] {processor.py:839} INFO - DAG(s) dict_keys(['extract_exchange_rates']) retrieved from /opt/airflow/dags/extract_exchange_rates.py
[2025-02-27T01:02:03.740+0000] {logging_mixin.py:151} INFO - [2025-02-27T01:02:03.740+0000] {dag.py:2941} INFO - Sync 1 DAGs
[2025-02-27T01:02:03.750+0000] {logging_mixin.py:151} INFO - [2025-02-27T01:02:03.750+0000] {dag.py:3722} INFO - Setting next_dagrun for extract_exchange_rates to 2025-02-27T00:00:00+00:00, run_after=2025-02-28T00:00:00+00:00
[2025-02-27T01:02:03.756+0000] {processor.py:179} INFO - Processing /opt/airflow/dags/extract_exchange_rates.py took 0.047 seconds
[2025-02-27T01:02:33.975+0000] {processor.py:157} INFO - Started process (PID=1110) to work on /opt/airflow/dags/extract_exchange_rates.py
[2025-02-27T01:02:33.976+0000] {processor.py:829} INFO - Processing file /opt/airflow/dags/extract_exchange_rates.py for tasks to queue
[2025-02-27T01:02:33.976+0000] {logging_mixin.py:151} INFO - [2025-02-27T01:02:33.976+0000] {dagbag.py:536} INFO - Filling up the DagBag from /opt/airflow/dags/extract_exchange_rates.py
[2025-02-27T01:02:33.990+0000] {processor.py:839} INFO - DAG(s) dict_keys(['extract_exchange_rates']) retrieved from /opt/airflow/dags/extract_exchange_rates.py
[2025-02-27T01:02:34.003+0000] {logging_mixin.py:151} INFO - [2025-02-27T01:02:34.003+0000] {dag.py:2941} INFO - Sync 1 DAGs
[2025-02-27T01:02:34.013+0000] {logging_mixin.py:151} INFO - [2025-02-27T01:02:34.013+0000] {dag.py:3722} INFO - Setting next_dagrun for extract_exchange_rates to 2025-02-27T00:00:00+00:00, run_after=2025-02-28T00:00:00+00:00
[2025-02-27T01:02:34.020+0000] {processor.py:179} INFO - Processing /opt/airflow/dags/extract_exchange_rates.py took 0.048 seconds
[2025-02-27T01:03:04.254+0000] {processor.py:157} INFO - Started process (PID=1115) to work on /opt/airflow/dags/extract_exchange_rates.py
[2025-02-27T01:03:04.256+0000] {processor.py:829} INFO - Processing file /opt/airflow/dags/extract_exchange_rates.py for tasks to queue
[2025-02-27T01:03:04.256+0000] {logging_mixin.py:151} INFO - [2025-02-27T01:03:04.256+0000] {dagbag.py:536} INFO - Filling up the DagBag from /opt/airflow/dags/extract_exchange_rates.py
[2025-02-27T01:03:04.260+0000] {logging_mixin.py:151} INFO - [2025-02-27T01:03:04.260+0000] {dagbag.py:346} ERROR - Failed to import: /opt/airflow/dags/extract_exchange_rates.py
Traceback (most recent call last):
  File "/home/airflow/.local/lib/python3.8/site-packages/airflow/models/dagbag.py", line 342, in parse
    loader.exec_module(new_module)
  File "<frozen importlib._bootstrap_external>", line 843, in exec_module
  File "<frozen importlib._bootstrap>", line 219, in _call_with_frames_removed
  File "/opt/airflow/dags/extract_exchange_rates.py", line 7, in <module>
    from api_currency import fetch_exchange_rates
  File "/opt/airflow/scripts/api_currency.py", line 32
    try:
       ^
SyntaxError: unexpected EOF while parsing
[2025-02-27T01:03:04.261+0000] {processor.py:841} WARNING - No viable dags retrieved from /opt/airflow/dags/extract_exchange_rates.py
[2025-02-27T01:03:04.271+0000] {processor.py:179} INFO - Processing /opt/airflow/dags/extract_exchange_rates.py took 0.019 seconds
[2025-02-27T01:03:34.539+0000] {processor.py:157} INFO - Started process (PID=1120) to work on /opt/airflow/dags/extract_exchange_rates.py
[2025-02-27T01:03:34.540+0000] {processor.py:829} INFO - Processing file /opt/airflow/dags/extract_exchange_rates.py for tasks to queue
[2025-02-27T01:03:34.540+0000] {logging_mixin.py:151} INFO - [2025-02-27T01:03:34.540+0000] {dagbag.py:536} INFO - Filling up the DagBag from /opt/airflow/dags/extract_exchange_rates.py
[2025-02-27T01:03:34.544+0000] {logging_mixin.py:151} INFO - [2025-02-27T01:03:34.544+0000] {dagbag.py:346} ERROR - Failed to import: /opt/airflow/dags/extract_exchange_rates.py
Traceback (most recent call last):
  File "/home/airflow/.local/lib/python3.8/site-packages/airflow/models/dagbag.py", line 342, in parse
    loader.exec_module(new_module)
  File "<frozen importlib._bootstrap_external>", line 843, in exec_module
  File "<frozen importlib._bootstrap>", line 219, in _call_with_frames_removed
  File "/opt/airflow/dags/extract_exchange_rates.py", line 7, in <module>
    from api_currency import fetch_exchange_rates
  File "/opt/airflow/scripts/api_currency.py", line 35
    except Exception as e:
    ^
IndentationError: expected an indented block
[2025-02-27T01:03:34.545+0000] {processor.py:841} WARNING - No viable dags retrieved from /opt/airflow/dags/extract_exchange_rates.py
[2025-02-27T01:03:34.556+0000] {processor.py:179} INFO - Processing /opt/airflow/dags/extract_exchange_rates.py took 0.020 seconds
[2025-02-27T01:04:04.861+0000] {processor.py:157} INFO - Started process (PID=1125) to work on /opt/airflow/dags/extract_exchange_rates.py
[2025-02-27T01:04:04.862+0000] {processor.py:829} INFO - Processing file /opt/airflow/dags/extract_exchange_rates.py for tasks to queue
[2025-02-27T01:04:04.863+0000] {logging_mixin.py:151} INFO - [2025-02-27T01:04:04.863+0000] {dagbag.py:536} INFO - Filling up the DagBag from /opt/airflow/dags/extract_exchange_rates.py
[2025-02-27T01:04:04.877+0000] {processor.py:839} INFO - DAG(s) dict_keys(['extract_exchange_rates']) retrieved from /opt/airflow/dags/extract_exchange_rates.py
[2025-02-27T01:04:04.921+0000] {logging_mixin.py:151} INFO - [2025-02-27T01:04:04.921+0000] {dag.py:2941} INFO - Sync 1 DAGs
[2025-02-27T01:04:04.929+0000] {logging_mixin.py:151} INFO - [2025-02-27T01:04:04.929+0000] {dag.py:3722} INFO - Setting next_dagrun for extract_exchange_rates to 2025-02-27T00:00:00+00:00, run_after=2025-02-28T00:00:00+00:00
[2025-02-27T01:04:04.936+0000] {processor.py:179} INFO - Processing /opt/airflow/dags/extract_exchange_rates.py took 0.078 seconds
[2025-02-27T01:04:35.157+0000] {processor.py:157} INFO - Started process (PID=1130) to work on /opt/airflow/dags/extract_exchange_rates.py
[2025-02-27T01:04:35.158+0000] {processor.py:829} INFO - Processing file /opt/airflow/dags/extract_exchange_rates.py for tasks to queue
[2025-02-27T01:04:35.159+0000] {logging_mixin.py:151} INFO - [2025-02-27T01:04:35.158+0000] {dagbag.py:536} INFO - Filling up the DagBag from /opt/airflow/dags/extract_exchange_rates.py
[2025-02-27T01:04:35.171+0000] {processor.py:839} INFO - DAG(s) dict_keys(['extract_exchange_rates']) retrieved from /opt/airflow/dags/extract_exchange_rates.py
[2025-02-27T01:04:35.186+0000] {logging_mixin.py:151} INFO - [2025-02-27T01:04:35.186+0000] {dag.py:2941} INFO - Sync 1 DAGs
[2025-02-27T01:04:35.197+0000] {logging_mixin.py:151} INFO - [2025-02-27T01:04:35.197+0000] {dag.py:3722} INFO - Setting next_dagrun for extract_exchange_rates to 2025-02-27T00:00:00+00:00, run_after=2025-02-28T00:00:00+00:00
[2025-02-27T01:04:35.204+0000] {processor.py:179} INFO - Processing /opt/airflow/dags/extract_exchange_rates.py took 0.049 seconds
[2025-02-27T01:05:05.460+0000] {processor.py:157} INFO - Started process (PID=1135) to work on /opt/airflow/dags/extract_exchange_rates.py
[2025-02-27T01:05:05.461+0000] {processor.py:829} INFO - Processing file /opt/airflow/dags/extract_exchange_rates.py for tasks to queue
[2025-02-27T01:05:05.461+0000] {logging_mixin.py:151} INFO - [2025-02-27T01:05:05.461+0000] {dagbag.py:536} INFO - Filling up the DagBag from /opt/airflow/dags/extract_exchange_rates.py
[2025-02-27T01:05:05.473+0000] {processor.py:839} INFO - DAG(s) dict_keys(['extract_exchange_rates']) retrieved from /opt/airflow/dags/extract_exchange_rates.py
[2025-02-27T01:05:05.487+0000] {logging_mixin.py:151} INFO - [2025-02-27T01:05:05.487+0000] {dag.py:2941} INFO - Sync 1 DAGs
[2025-02-27T01:05:05.498+0000] {logging_mixin.py:151} INFO - [2025-02-27T01:05:05.498+0000] {dag.py:3722} INFO - Setting next_dagrun for extract_exchange_rates to 2025-02-27T00:00:00+00:00, run_after=2025-02-28T00:00:00+00:00
[2025-02-27T01:05:05.505+0000] {processor.py:179} INFO - Processing /opt/airflow/dags/extract_exchange_rates.py took 0.048 seconds
[2025-02-27T01:05:35.773+0000] {processor.py:157} INFO - Started process (PID=1140) to work on /opt/airflow/dags/extract_exchange_rates.py
[2025-02-27T01:05:35.774+0000] {processor.py:829} INFO - Processing file /opt/airflow/dags/extract_exchange_rates.py for tasks to queue
[2025-02-27T01:05:35.774+0000] {logging_mixin.py:151} INFO - [2025-02-27T01:05:35.774+0000] {dagbag.py:536} INFO - Filling up the DagBag from /opt/airflow/dags/extract_exchange_rates.py
[2025-02-27T01:05:35.788+0000] {processor.py:839} INFO - DAG(s) dict_keys(['extract_exchange_rates']) retrieved from /opt/airflow/dags/extract_exchange_rates.py
[2025-02-27T01:05:35.803+0000] {logging_mixin.py:151} INFO - [2025-02-27T01:05:35.803+0000] {dag.py:2941} INFO - Sync 1 DAGs
[2025-02-27T01:05:35.813+0000] {logging_mixin.py:151} INFO - [2025-02-27T01:05:35.812+0000] {dag.py:3722} INFO - Setting next_dagrun for extract_exchange_rates to 2025-02-27T00:00:00+00:00, run_after=2025-02-28T00:00:00+00:00
[2025-02-27T01:05:35.820+0000] {processor.py:179} INFO - Processing /opt/airflow/dags/extract_exchange_rates.py took 0.050 seconds
[2025-02-27T01:06:06.100+0000] {processor.py:157} INFO - Started process (PID=1145) to work on /opt/airflow/dags/extract_exchange_rates.py
[2025-02-27T01:06:06.100+0000] {processor.py:829} INFO - Processing file /opt/airflow/dags/extract_exchange_rates.py for tasks to queue
[2025-02-27T01:06:06.101+0000] {logging_mixin.py:151} INFO - [2025-02-27T01:06:06.101+0000] {dagbag.py:536} INFO - Filling up the DagBag from /opt/airflow/dags/extract_exchange_rates.py
[2025-02-27T01:06:06.112+0000] {processor.py:839} INFO - DAG(s) dict_keys(['extract_exchange_rates']) retrieved from /opt/airflow/dags/extract_exchange_rates.py
[2025-02-27T01:06:06.128+0000] {logging_mixin.py:151} INFO - [2025-02-27T01:06:06.128+0000] {dag.py:2941} INFO - Sync 1 DAGs
[2025-02-27T01:06:06.139+0000] {logging_mixin.py:151} INFO - [2025-02-27T01:06:06.139+0000] {dag.py:3722} INFO - Setting next_dagrun for extract_exchange_rates to 2025-02-27T00:00:00+00:00, run_after=2025-02-28T00:00:00+00:00
[2025-02-27T01:06:06.146+0000] {processor.py:179} INFO - Processing /opt/airflow/dags/extract_exchange_rates.py took 0.049 seconds
[2025-02-27T01:06:36.424+0000] {processor.py:157} INFO - Started process (PID=1150) to work on /opt/airflow/dags/extract_exchange_rates.py
[2025-02-27T01:06:36.425+0000] {processor.py:829} INFO - Processing file /opt/airflow/dags/extract_exchange_rates.py for tasks to queue
[2025-02-27T01:06:36.425+0000] {logging_mixin.py:151} INFO - [2025-02-27T01:06:36.425+0000] {dagbag.py:536} INFO - Filling up the DagBag from /opt/airflow/dags/extract_exchange_rates.py
[2025-02-27T01:06:36.435+0000] {processor.py:839} INFO - DAG(s) dict_keys(['extract_exchange_rates']) retrieved from /opt/airflow/dags/extract_exchange_rates.py
[2025-02-27T01:06:36.449+0000] {logging_mixin.py:151} INFO - [2025-02-27T01:06:36.449+0000] {dag.py:2941} INFO - Sync 1 DAGs
[2025-02-27T01:06:36.460+0000] {logging_mixin.py:151} INFO - [2025-02-27T01:06:36.460+0000] {dag.py:3722} INFO - Setting next_dagrun for extract_exchange_rates to 2025-02-27T00:00:00+00:00, run_after=2025-02-28T00:00:00+00:00
[2025-02-27T01:06:36.468+0000] {processor.py:179} INFO - Processing /opt/airflow/dags/extract_exchange_rates.py took 0.046 seconds
[2025-02-27T01:07:06.728+0000] {processor.py:157} INFO - Started process (PID=1155) to work on /opt/airflow/dags/extract_exchange_rates.py
[2025-02-27T01:07:06.728+0000] {processor.py:829} INFO - Processing file /opt/airflow/dags/extract_exchange_rates.py for tasks to queue
[2025-02-27T01:07:06.729+0000] {logging_mixin.py:151} INFO - [2025-02-27T01:07:06.729+0000] {dagbag.py:536} INFO - Filling up the DagBag from /opt/airflow/dags/extract_exchange_rates.py
[2025-02-27T01:07:06.735+0000] {processor.py:839} INFO - DAG(s) dict_keys(['extract_exchange_rates']) retrieved from /opt/airflow/dags/extract_exchange_rates.py
[2025-02-27T01:07:06.747+0000] {logging_mixin.py:151} INFO - [2025-02-27T01:07:06.747+0000] {dag.py:2941} INFO - Sync 1 DAGs
[2025-02-27T01:07:06.758+0000] {logging_mixin.py:151} INFO - [2025-02-27T01:07:06.758+0000] {dag.py:3722} INFO - Setting next_dagrun for extract_exchange_rates to 2025-02-27T00:00:00+00:00, run_after=2025-02-28T00:00:00+00:00
[2025-02-27T01:07:06.767+0000] {processor.py:179} INFO - Processing /opt/airflow/dags/extract_exchange_rates.py took 0.041 seconds
[2025-02-27T01:07:36.998+0000] {processor.py:157} INFO - Started process (PID=1160) to work on /opt/airflow/dags/extract_exchange_rates.py
[2025-02-27T01:07:36.999+0000] {processor.py:829} INFO - Processing file /opt/airflow/dags/extract_exchange_rates.py for tasks to queue
[2025-02-27T01:07:36.999+0000] {logging_mixin.py:151} INFO - [2025-02-27T01:07:36.999+0000] {dagbag.py:536} INFO - Filling up the DagBag from /opt/airflow/dags/extract_exchange_rates.py
[2025-02-27T01:07:37.007+0000] {processor.py:839} INFO - DAG(s) dict_keys(['extract_exchange_rates']) retrieved from /opt/airflow/dags/extract_exchange_rates.py
[2025-02-27T01:07:37.019+0000] {logging_mixin.py:151} INFO - [2025-02-27T01:07:37.019+0000] {dag.py:2941} INFO - Sync 1 DAGs
[2025-02-27T01:07:37.028+0000] {logging_mixin.py:151} INFO - [2025-02-27T01:07:37.028+0000] {dag.py:3722} INFO - Setting next_dagrun for extract_exchange_rates to 2025-02-27T00:00:00+00:00, run_after=2025-02-28T00:00:00+00:00
[2025-02-27T01:07:37.034+0000] {processor.py:179} INFO - Processing /opt/airflow/dags/extract_exchange_rates.py took 0.037 seconds
[2025-02-27T01:08:07.280+0000] {processor.py:157} INFO - Started process (PID=1165) to work on /opt/airflow/dags/extract_exchange_rates.py
[2025-02-27T01:08:07.281+0000] {processor.py:829} INFO - Processing file /opt/airflow/dags/extract_exchange_rates.py for tasks to queue
[2025-02-27T01:08:07.281+0000] {logging_mixin.py:151} INFO - [2025-02-27T01:08:07.281+0000] {dagbag.py:536} INFO - Filling up the DagBag from /opt/airflow/dags/extract_exchange_rates.py
[2025-02-27T01:08:07.287+0000] {logging_mixin.py:151} INFO - [2025-02-27T01:08:07.286+0000] {dagbag.py:346} ERROR - Failed to import: /opt/airflow/dags/extract_exchange_rates.py
Traceback (most recent call last):
  File "/home/airflow/.local/lib/python3.8/site-packages/airflow/models/dagbag.py", line 342, in parse
    loader.exec_module(new_module)
  File "<frozen importlib._bootstrap_external>", line 843, in exec_module
  File "<frozen importlib._bootstrap>", line 219, in _call_with_frames_removed
  File "/opt/airflow/dags/extract_exchange_rates.py", line 7, in <module>
    from api_currency import fetch_exchange_rates
  File "/opt/airflow/scripts/api_currency.py", line 5, in <module>
    from db_scripts import fetch_raw_data
  File "/opt/airflow/scripts/db_scripts.py", line 92
    def fetch_raw_exchange
                         ^
SyntaxError: invalid syntax
[2025-02-27T01:08:07.288+0000] {processor.py:841} WARNING - No viable dags retrieved from /opt/airflow/dags/extract_exchange_rates.py
[2025-02-27T01:08:07.302+0000] {processor.py:179} INFO - Processing /opt/airflow/dags/extract_exchange_rates.py took 0.025 seconds
[2025-02-27T01:08:37.610+0000] {processor.py:157} INFO - Started process (PID=1170) to work on /opt/airflow/dags/extract_exchange_rates.py
[2025-02-27T01:08:37.611+0000] {processor.py:829} INFO - Processing file /opt/airflow/dags/extract_exchange_rates.py for tasks to queue
[2025-02-27T01:08:37.612+0000] {logging_mixin.py:151} INFO - [2025-02-27T01:08:37.611+0000] {dagbag.py:536} INFO - Filling up the DagBag from /opt/airflow/dags/extract_exchange_rates.py
[2025-02-27T01:08:37.627+0000] {processor.py:839} INFO - DAG(s) dict_keys(['extract_exchange_rates']) retrieved from /opt/airflow/dags/extract_exchange_rates.py
[2025-02-27T01:08:37.644+0000] {logging_mixin.py:151} INFO - [2025-02-27T01:08:37.644+0000] {dag.py:2941} INFO - Sync 1 DAGs
[2025-02-27T01:08:37.656+0000] {logging_mixin.py:151} INFO - [2025-02-27T01:08:37.656+0000] {dag.py:3722} INFO - Setting next_dagrun for extract_exchange_rates to 2025-02-27T00:00:00+00:00, run_after=2025-02-28T00:00:00+00:00
[2025-02-27T01:08:37.665+0000] {processor.py:179} INFO - Processing /opt/airflow/dags/extract_exchange_rates.py took 0.058 seconds
[2025-02-27T01:09:07.934+0000] {processor.py:157} INFO - Started process (PID=1175) to work on /opt/airflow/dags/extract_exchange_rates.py
[2025-02-27T01:09:07.935+0000] {processor.py:829} INFO - Processing file /opt/airflow/dags/extract_exchange_rates.py for tasks to queue
[2025-02-27T01:09:07.936+0000] {logging_mixin.py:151} INFO - [2025-02-27T01:09:07.936+0000] {dagbag.py:536} INFO - Filling up the DagBag from /opt/airflow/dags/extract_exchange_rates.py
[2025-02-27T01:09:07.942+0000] {logging_mixin.py:151} INFO - [2025-02-27T01:09:07.941+0000] {dagbag.py:346} ERROR - Failed to import: /opt/airflow/dags/extract_exchange_rates.py
Traceback (most recent call last):
  File "/home/airflow/.local/lib/python3.8/site-packages/airflow/models/dagbag.py", line 342, in parse
    loader.exec_module(new_module)
  File "<frozen importlib._bootstrap_external>", line 843, in exec_module
  File "<frozen importlib._bootstrap>", line 219, in _call_with_frames_removed
  File "/opt/airflow/dags/extract_exchange_rates.py", line 7, in <module>
    from api_currency import fetch_exchange_rates
  File "/opt/airflow/scripts/api_currency.py", line 5, in <module>
    from db_scripts import fetch_raw_data
  File "/opt/airflow/scripts/db_scripts.py", line 103
    
    ^
SyntaxError: unexpected EOF while parsing
[2025-02-27T01:09:07.943+0000] {processor.py:841} WARNING - No viable dags retrieved from /opt/airflow/dags/extract_exchange_rates.py
[2025-02-27T01:09:07.957+0000] {processor.py:179} INFO - Processing /opt/airflow/dags/extract_exchange_rates.py took 0.025 seconds
[2025-02-27T01:09:38.206+0000] {processor.py:157} INFO - Started process (PID=1180) to work on /opt/airflow/dags/extract_exchange_rates.py
[2025-02-27T01:09:38.207+0000] {processor.py:829} INFO - Processing file /opt/airflow/dags/extract_exchange_rates.py for tasks to queue
[2025-02-27T01:09:38.207+0000] {logging_mixin.py:151} INFO - [2025-02-27T01:09:38.207+0000] {dagbag.py:536} INFO - Filling up the DagBag from /opt/airflow/dags/extract_exchange_rates.py
[2025-02-27T01:09:38.213+0000] {logging_mixin.py:151} INFO - [2025-02-27T01:09:38.212+0000] {dagbag.py:346} ERROR - Failed to import: /opt/airflow/dags/extract_exchange_rates.py
Traceback (most recent call last):
  File "/home/airflow/.local/lib/python3.8/site-packages/airflow/models/dagbag.py", line 342, in parse
    loader.exec_module(new_module)
  File "<frozen importlib._bootstrap_external>", line 843, in exec_module
  File "<frozen importlib._bootstrap>", line 219, in _call_with_frames_removed
  File "/opt/airflow/dags/extract_exchange_rates.py", line 7, in <module>
    from api_currency import fetch_exchange_rates
  File "/opt/airflow/scripts/api_currency.py", line 5, in <module>
    from db_scripts import fetch_raw_data
  File "/opt/airflow/scripts/db_scripts.py", line 104
    cursor.execute("")
                     ^
SyntaxError: unexpected EOF while parsing
[2025-02-27T01:09:38.213+0000] {processor.py:841} WARNING - No viable dags retrieved from /opt/airflow/dags/extract_exchange_rates.py
[2025-02-27T01:09:38.226+0000] {processor.py:179} INFO - Processing /opt/airflow/dags/extract_exchange_rates.py took 0.022 seconds
[2025-02-27T01:10:08.515+0000] {processor.py:157} INFO - Started process (PID=1185) to work on /opt/airflow/dags/extract_exchange_rates.py
[2025-02-27T01:10:08.516+0000] {processor.py:829} INFO - Processing file /opt/airflow/dags/extract_exchange_rates.py for tasks to queue
[2025-02-27T01:10:08.517+0000] {logging_mixin.py:151} INFO - [2025-02-27T01:10:08.517+0000] {dagbag.py:536} INFO - Filling up the DagBag from /opt/airflow/dags/extract_exchange_rates.py
[2025-02-27T01:10:08.522+0000] {logging_mixin.py:151} INFO - [2025-02-27T01:10:08.521+0000] {dagbag.py:346} ERROR - Failed to import: /opt/airflow/dags/extract_exchange_rates.py
Traceback (most recent call last):
  File "/home/airflow/.local/lib/python3.8/site-packages/airflow/models/dagbag.py", line 342, in parse
    loader.exec_module(new_module)
  File "<frozen importlib._bootstrap_external>", line 843, in exec_module
  File "<frozen importlib._bootstrap>", line 219, in _call_with_frames_removed
  File "/opt/airflow/dags/extract_exchange_rates.py", line 7, in <module>
    from api_currency import fetch_exchange_rates
  File "/opt/airflow/scripts/api_currency.py", line 5, in <module>
    from db_scripts import fetch_raw_data
  File "/opt/airflow/scripts/db_scripts.py", line 104
    cursor.execute("")
                     ^
SyntaxError: unexpected EOF while parsing
[2025-02-27T01:10:08.522+0000] {processor.py:841} WARNING - No viable dags retrieved from /opt/airflow/dags/extract_exchange_rates.py
[2025-02-27T01:10:08.534+0000] {processor.py:179} INFO - Processing /opt/airflow/dags/extract_exchange_rates.py took 0.021 seconds
[2025-02-27T01:10:38.774+0000] {processor.py:157} INFO - Started process (PID=1190) to work on /opt/airflow/dags/extract_exchange_rates.py
[2025-02-27T01:10:38.775+0000] {processor.py:829} INFO - Processing file /opt/airflow/dags/extract_exchange_rates.py for tasks to queue
[2025-02-27T01:10:38.775+0000] {logging_mixin.py:151} INFO - [2025-02-27T01:10:38.775+0000] {dagbag.py:536} INFO - Filling up the DagBag from /opt/airflow/dags/extract_exchange_rates.py
[2025-02-27T01:10:38.780+0000] {logging_mixin.py:151} INFO - [2025-02-27T01:10:38.779+0000] {dagbag.py:346} ERROR - Failed to import: /opt/airflow/dags/extract_exchange_rates.py
Traceback (most recent call last):
  File "/home/airflow/.local/lib/python3.8/site-packages/airflow/models/dagbag.py", line 342, in parse
    loader.exec_module(new_module)
  File "<frozen importlib._bootstrap_external>", line 843, in exec_module
  File "<frozen importlib._bootstrap>", line 219, in _call_with_frames_removed
  File "/opt/airflow/dags/extract_exchange_rates.py", line 7, in <module>
    from api_currency import fetch_exchange_rates
  File "/opt/airflow/scripts/api_currency.py", line 5, in <module>
    from db_scripts import fetch_raw_data
  File "/opt/airflow/scripts/db_scripts.py", line 104
    cursor.execute("")
                     ^
SyntaxError: unexpected EOF while parsing
[2025-02-27T01:10:38.780+0000] {processor.py:841} WARNING - No viable dags retrieved from /opt/airflow/dags/extract_exchange_rates.py
[2025-02-27T01:10:38.791+0000] {processor.py:179} INFO - Processing /opt/airflow/dags/extract_exchange_rates.py took 0.020 seconds
[2025-02-27T01:11:09.089+0000] {processor.py:157} INFO - Started process (PID=1195) to work on /opt/airflow/dags/extract_exchange_rates.py
[2025-02-27T01:11:09.090+0000] {processor.py:829} INFO - Processing file /opt/airflow/dags/extract_exchange_rates.py for tasks to queue
[2025-02-27T01:11:09.091+0000] {logging_mixin.py:151} INFO - [2025-02-27T01:11:09.090+0000] {dagbag.py:536} INFO - Filling up the DagBag from /opt/airflow/dags/extract_exchange_rates.py
[2025-02-27T01:11:09.096+0000] {logging_mixin.py:151} INFO - [2025-02-27T01:11:09.095+0000] {dagbag.py:346} ERROR - Failed to import: /opt/airflow/dags/extract_exchange_rates.py
Traceback (most recent call last):
  File "/home/airflow/.local/lib/python3.8/site-packages/airflow/models/dagbag.py", line 342, in parse
    loader.exec_module(new_module)
  File "<frozen importlib._bootstrap_external>", line 843, in exec_module
  File "<frozen importlib._bootstrap>", line 219, in _call_with_frames_removed
  File "/opt/airflow/dags/extract_exchange_rates.py", line 7, in <module>
    from api_currency import fetch_exchange_rates
  File "/opt/airflow/scripts/api_currency.py", line 5, in <module>
    from db_scripts import fetch_raw_data
  File "/opt/airflow/scripts/db_scripts.py", line 104
    cursor.execute("")
                     ^
SyntaxError: unexpected EOF while parsing
[2025-02-27T01:11:09.096+0000] {processor.py:841} WARNING - No viable dags retrieved from /opt/airflow/dags/extract_exchange_rates.py
[2025-02-27T01:11:09.106+0000] {processor.py:179} INFO - Processing /opt/airflow/dags/extract_exchange_rates.py took 0.019 seconds
[2025-02-27T01:11:39.404+0000] {processor.py:157} INFO - Started process (PID=1200) to work on /opt/airflow/dags/extract_exchange_rates.py
[2025-02-27T01:11:39.404+0000] {processor.py:829} INFO - Processing file /opt/airflow/dags/extract_exchange_rates.py for tasks to queue
[2025-02-27T01:11:39.405+0000] {logging_mixin.py:151} INFO - [2025-02-27T01:11:39.404+0000] {dagbag.py:536} INFO - Filling up the DagBag from /opt/airflow/dags/extract_exchange_rates.py
[2025-02-27T01:11:39.408+0000] {logging_mixin.py:151} INFO - [2025-02-27T01:11:39.407+0000] {dagbag.py:346} ERROR - Failed to import: /opt/airflow/dags/extract_exchange_rates.py
Traceback (most recent call last):
  File "/home/airflow/.local/lib/python3.8/site-packages/airflow/models/dagbag.py", line 342, in parse
    loader.exec_module(new_module)
  File "<frozen importlib._bootstrap_external>", line 843, in exec_module
  File "<frozen importlib._bootstrap>", line 219, in _call_with_frames_removed
  File "/opt/airflow/dags/extract_exchange_rates.py", line 7, in <module>
    from api_currency import fetch_exchange_rates
  File "/opt/airflow/scripts/api_currency.py", line 5, in <module>
    from db_scripts import fetch_raw_data
  File "/opt/airflow/scripts/db_scripts.py", line 104
    cursor.execute("")
                     ^
SyntaxError: unexpected EOF while parsing
[2025-02-27T01:11:39.408+0000] {processor.py:841} WARNING - No viable dags retrieved from /opt/airflow/dags/extract_exchange_rates.py
[2025-02-27T01:11:39.417+0000] {processor.py:179} INFO - Processing /opt/airflow/dags/extract_exchange_rates.py took 0.014 seconds
[2025-02-27T01:12:09.660+0000] {processor.py:157} INFO - Started process (PID=1205) to work on /opt/airflow/dags/extract_exchange_rates.py
[2025-02-27T01:12:09.661+0000] {processor.py:829} INFO - Processing file /opt/airflow/dags/extract_exchange_rates.py for tasks to queue
[2025-02-27T01:12:09.662+0000] {logging_mixin.py:151} INFO - [2025-02-27T01:12:09.661+0000] {dagbag.py:536} INFO - Filling up the DagBag from /opt/airflow/dags/extract_exchange_rates.py
[2025-02-27T01:12:09.667+0000] {logging_mixin.py:151} INFO - [2025-02-27T01:12:09.666+0000] {dagbag.py:346} ERROR - Failed to import: /opt/airflow/dags/extract_exchange_rates.py
Traceback (most recent call last):
  File "/home/airflow/.local/lib/python3.8/site-packages/airflow/models/dagbag.py", line 342, in parse
    loader.exec_module(new_module)
  File "<frozen importlib._bootstrap_external>", line 843, in exec_module
  File "<frozen importlib._bootstrap>", line 219, in _call_with_frames_removed
  File "/opt/airflow/dags/extract_exchange_rates.py", line 7, in <module>
    from api_currency import fetch_exchange_rates
  File "/opt/airflow/scripts/api_currency.py", line 5, in <module>
    from db_scripts import fetch_raw_data
  File "/opt/airflow/scripts/db_scripts.py", line 104
    cursor.execute("")
                     ^
SyntaxError: unexpected EOF while parsing
[2025-02-27T01:12:09.668+0000] {processor.py:841} WARNING - No viable dags retrieved from /opt/airflow/dags/extract_exchange_rates.py
[2025-02-27T01:12:09.679+0000] {processor.py:179} INFO - Processing /opt/airflow/dags/extract_exchange_rates.py took 0.021 seconds
[2025-02-27T01:12:39.942+0000] {processor.py:157} INFO - Started process (PID=1210) to work on /opt/airflow/dags/extract_exchange_rates.py
[2025-02-27T01:12:39.943+0000] {processor.py:829} INFO - Processing file /opt/airflow/dags/extract_exchange_rates.py for tasks to queue
[2025-02-27T01:12:39.944+0000] {logging_mixin.py:151} INFO - [2025-02-27T01:12:39.943+0000] {dagbag.py:536} INFO - Filling up the DagBag from /opt/airflow/dags/extract_exchange_rates.py
[2025-02-27T01:12:39.949+0000] {logging_mixin.py:151} INFO - [2025-02-27T01:12:39.948+0000] {dagbag.py:346} ERROR - Failed to import: /opt/airflow/dags/extract_exchange_rates.py
Traceback (most recent call last):
  File "/home/airflow/.local/lib/python3.8/site-packages/airflow/models/dagbag.py", line 342, in parse
    loader.exec_module(new_module)
  File "<frozen importlib._bootstrap_external>", line 843, in exec_module
  File "<frozen importlib._bootstrap>", line 219, in _call_with_frames_removed
  File "/opt/airflow/dags/extract_exchange_rates.py", line 7, in <module>
    from api_currency import fetch_exchange_rates
  File "/opt/airflow/scripts/api_currency.py", line 5, in <module>
    from db_scripts import fetch_raw_data
  File "/opt/airflow/scripts/db_scripts.py", line 104
    cursor.execute("")
                     ^
SyntaxError: unexpected EOF while parsing
[2025-02-27T01:12:39.949+0000] {processor.py:841} WARNING - No viable dags retrieved from /opt/airflow/dags/extract_exchange_rates.py
[2025-02-27T01:12:39.962+0000] {processor.py:179} INFO - Processing /opt/airflow/dags/extract_exchange_rates.py took 0.023 seconds
[2025-02-27T01:13:10.216+0000] {processor.py:157} INFO - Started process (PID=1215) to work on /opt/airflow/dags/extract_exchange_rates.py
[2025-02-27T01:13:10.217+0000] {processor.py:829} INFO - Processing file /opt/airflow/dags/extract_exchange_rates.py for tasks to queue
[2025-02-27T01:13:10.217+0000] {logging_mixin.py:151} INFO - [2025-02-27T01:13:10.217+0000] {dagbag.py:536} INFO - Filling up the DagBag from /opt/airflow/dags/extract_exchange_rates.py
[2025-02-27T01:13:10.222+0000] {logging_mixin.py:151} INFO - [2025-02-27T01:13:10.221+0000] {dagbag.py:346} ERROR - Failed to import: /opt/airflow/dags/extract_exchange_rates.py
Traceback (most recent call last):
  File "/home/airflow/.local/lib/python3.8/site-packages/airflow/models/dagbag.py", line 342, in parse
    loader.exec_module(new_module)
  File "<frozen importlib._bootstrap_external>", line 843, in exec_module
  File "<frozen importlib._bootstrap>", line 219, in _call_with_frames_removed
  File "/opt/airflow/dags/extract_exchange_rates.py", line 7, in <module>
    from api_currency import fetch_exchange_rates
  File "/opt/airflow/scripts/api_currency.py", line 5, in <module>
    from db_scripts import fetch_raw_data
  File "/opt/airflow/scripts/db_scripts.py", line 104
    cursor.execute("")
                     ^
SyntaxError: unexpected EOF while parsing
[2025-02-27T01:13:10.223+0000] {processor.py:841} WARNING - No viable dags retrieved from /opt/airflow/dags/extract_exchange_rates.py
[2025-02-27T01:13:10.234+0000] {processor.py:179} INFO - Processing /opt/airflow/dags/extract_exchange_rates.py took 0.021 seconds
[2025-02-27T01:13:40.477+0000] {processor.py:157} INFO - Started process (PID=1220) to work on /opt/airflow/dags/extract_exchange_rates.py
[2025-02-27T01:13:40.478+0000] {processor.py:829} INFO - Processing file /opt/airflow/dags/extract_exchange_rates.py for tasks to queue
[2025-02-27T01:13:40.478+0000] {logging_mixin.py:151} INFO - [2025-02-27T01:13:40.478+0000] {dagbag.py:536} INFO - Filling up the DagBag from /opt/airflow/dags/extract_exchange_rates.py
[2025-02-27T01:13:40.482+0000] {logging_mixin.py:151} INFO - [2025-02-27T01:13:40.481+0000] {dagbag.py:346} ERROR - Failed to import: /opt/airflow/dags/extract_exchange_rates.py
Traceback (most recent call last):
  File "/home/airflow/.local/lib/python3.8/site-packages/airflow/models/dagbag.py", line 342, in parse
    loader.exec_module(new_module)
  File "<frozen importlib._bootstrap_external>", line 843, in exec_module
  File "<frozen importlib._bootstrap>", line 219, in _call_with_frames_removed
  File "/opt/airflow/dags/extract_exchange_rates.py", line 7, in <module>
    from api_currency import fetch_exchange_rates
  File "/opt/airflow/scripts/api_currency.py", line 5, in <module>
    from db_scripts import fetch_raw_data
  File "/opt/airflow/scripts/db_scripts.py", line 104
    cursor.execute("")
                     ^
SyntaxError: unexpected EOF while parsing
[2025-02-27T01:13:40.482+0000] {processor.py:841} WARNING - No viable dags retrieved from /opt/airflow/dags/extract_exchange_rates.py
[2025-02-27T01:13:40.494+0000] {processor.py:179} INFO - Processing /opt/airflow/dags/extract_exchange_rates.py took 0.019 seconds
[2025-02-27T01:14:10.789+0000] {processor.py:157} INFO - Started process (PID=1225) to work on /opt/airflow/dags/extract_exchange_rates.py
[2025-02-27T01:14:10.790+0000] {processor.py:829} INFO - Processing file /opt/airflow/dags/extract_exchange_rates.py for tasks to queue
[2025-02-27T01:14:10.790+0000] {logging_mixin.py:151} INFO - [2025-02-27T01:14:10.790+0000] {dagbag.py:536} INFO - Filling up the DagBag from /opt/airflow/dags/extract_exchange_rates.py
[2025-02-27T01:14:10.796+0000] {logging_mixin.py:151} INFO - [2025-02-27T01:14:10.795+0000] {dagbag.py:346} ERROR - Failed to import: /opt/airflow/dags/extract_exchange_rates.py
Traceback (most recent call last):
  File "/home/airflow/.local/lib/python3.8/site-packages/airflow/models/dagbag.py", line 342, in parse
    loader.exec_module(new_module)
  File "<frozen importlib._bootstrap_external>", line 843, in exec_module
  File "<frozen importlib._bootstrap>", line 219, in _call_with_frames_removed
  File "/opt/airflow/dags/extract_exchange_rates.py", line 7, in <module>
    from api_currency import fetch_exchange_rates
  File "/opt/airflow/scripts/api_currency.py", line 5, in <module>
    from db_scripts import fetch_raw_data
  File "/opt/airflow/scripts/db_scripts.py", line 104
    cursor.execute("")
                     ^
SyntaxError: unexpected EOF while parsing
[2025-02-27T01:14:10.796+0000] {processor.py:841} WARNING - No viable dags retrieved from /opt/airflow/dags/extract_exchange_rates.py
[2025-02-27T01:14:10.808+0000] {processor.py:179} INFO - Processing /opt/airflow/dags/extract_exchange_rates.py took 0.021 seconds
[2025-02-27T01:14:41.099+0000] {processor.py:157} INFO - Started process (PID=1231) to work on /opt/airflow/dags/extract_exchange_rates.py
[2025-02-27T01:14:41.100+0000] {processor.py:829} INFO - Processing file /opt/airflow/dags/extract_exchange_rates.py for tasks to queue
[2025-02-27T01:14:41.100+0000] {logging_mixin.py:151} INFO - [2025-02-27T01:14:41.100+0000] {dagbag.py:536} INFO - Filling up the DagBag from /opt/airflow/dags/extract_exchange_rates.py
[2025-02-27T01:14:41.104+0000] {logging_mixin.py:151} INFO - [2025-02-27T01:14:41.103+0000] {dagbag.py:346} ERROR - Failed to import: /opt/airflow/dags/extract_exchange_rates.py
Traceback (most recent call last):
  File "/home/airflow/.local/lib/python3.8/site-packages/airflow/models/dagbag.py", line 342, in parse
    loader.exec_module(new_module)
  File "<frozen importlib._bootstrap_external>", line 843, in exec_module
  File "<frozen importlib._bootstrap>", line 219, in _call_with_frames_removed
  File "/opt/airflow/dags/extract_exchange_rates.py", line 7, in <module>
    from api_currency import fetch_exchange_rates
  File "/opt/airflow/scripts/api_currency.py", line 5, in <module>
    from db_scripts import fetch_raw_data
  File "/opt/airflow/scripts/db_scripts.py", line 104
    cursor.execute("")
                     ^
SyntaxError: unexpected EOF while parsing
[2025-02-27T01:14:41.104+0000] {processor.py:841} WARNING - No viable dags retrieved from /opt/airflow/dags/extract_exchange_rates.py
[2025-02-27T01:14:41.115+0000] {processor.py:179} INFO - Processing /opt/airflow/dags/extract_exchange_rates.py took 0.017 seconds
[2025-02-27T01:15:11.435+0000] {processor.py:157} INFO - Started process (PID=1236) to work on /opt/airflow/dags/extract_exchange_rates.py
[2025-02-27T01:15:11.436+0000] {processor.py:829} INFO - Processing file /opt/airflow/dags/extract_exchange_rates.py for tasks to queue
[2025-02-27T01:15:11.437+0000] {logging_mixin.py:151} INFO - [2025-02-27T01:15:11.436+0000] {dagbag.py:536} INFO - Filling up the DagBag from /opt/airflow/dags/extract_exchange_rates.py
[2025-02-27T01:15:11.442+0000] {logging_mixin.py:151} INFO - [2025-02-27T01:15:11.441+0000] {dagbag.py:346} ERROR - Failed to import: /opt/airflow/dags/extract_exchange_rates.py
Traceback (most recent call last):
  File "/home/airflow/.local/lib/python3.8/site-packages/airflow/models/dagbag.py", line 342, in parse
    loader.exec_module(new_module)
  File "<frozen importlib._bootstrap_external>", line 843, in exec_module
  File "<frozen importlib._bootstrap>", line 219, in _call_with_frames_removed
  File "/opt/airflow/dags/extract_exchange_rates.py", line 7, in <module>
    from api_currency import fetch_exchange_rates
  File "/opt/airflow/scripts/api_currency.py", line 5, in <module>
    from db_scripts import fetch_raw_data
  File "/opt/airflow/scripts/db_scripts.py", line 104
    cursor.execute("")
                     ^
SyntaxError: unexpected EOF while parsing
[2025-02-27T01:15:11.442+0000] {processor.py:841} WARNING - No viable dags retrieved from /opt/airflow/dags/extract_exchange_rates.py
[2025-02-27T01:15:11.454+0000] {processor.py:179} INFO - Processing /opt/airflow/dags/extract_exchange_rates.py took 0.022 seconds
[2025-02-27T01:15:41.772+0000] {processor.py:157} INFO - Started process (PID=1241) to work on /opt/airflow/dags/extract_exchange_rates.py
[2025-02-27T01:15:41.773+0000] {processor.py:829} INFO - Processing file /opt/airflow/dags/extract_exchange_rates.py for tasks to queue
[2025-02-27T01:15:41.773+0000] {logging_mixin.py:151} INFO - [2025-02-27T01:15:41.773+0000] {dagbag.py:536} INFO - Filling up the DagBag from /opt/airflow/dags/extract_exchange_rates.py
[2025-02-27T01:15:41.780+0000] {logging_mixin.py:151} INFO - [2025-02-27T01:15:41.778+0000] {dagbag.py:346} ERROR - Failed to import: /opt/airflow/dags/extract_exchange_rates.py
Traceback (most recent call last):
  File "/home/airflow/.local/lib/python3.8/site-packages/airflow/models/dagbag.py", line 342, in parse
    loader.exec_module(new_module)
  File "<frozen importlib._bootstrap_external>", line 843, in exec_module
  File "<frozen importlib._bootstrap>", line 219, in _call_with_frames_removed
  File "/opt/airflow/dags/extract_exchange_rates.py", line 7, in <module>
    from api_currency import fetch_exchange_rates
  File "/opt/airflow/scripts/api_currency.py", line 5, in <module>
    from db_scripts import fetch_raw_data
  File "/opt/airflow/scripts/db_scripts.py", line 104
    cursor.execute("")
                     ^
SyntaxError: unexpected EOF while parsing
[2025-02-27T01:15:41.780+0000] {processor.py:841} WARNING - No viable dags retrieved from /opt/airflow/dags/extract_exchange_rates.py
[2025-02-27T01:15:41.791+0000] {processor.py:179} INFO - Processing /opt/airflow/dags/extract_exchange_rates.py took 0.022 seconds
[2025-02-27T01:16:12.088+0000] {processor.py:157} INFO - Started process (PID=1246) to work on /opt/airflow/dags/extract_exchange_rates.py
[2025-02-27T01:16:12.089+0000] {processor.py:829} INFO - Processing file /opt/airflow/dags/extract_exchange_rates.py for tasks to queue
[2025-02-27T01:16:12.090+0000] {logging_mixin.py:151} INFO - [2025-02-27T01:16:12.089+0000] {dagbag.py:536} INFO - Filling up the DagBag from /opt/airflow/dags/extract_exchange_rates.py
[2025-02-27T01:16:12.095+0000] {logging_mixin.py:151} INFO - [2025-02-27T01:16:12.094+0000] {dagbag.py:346} ERROR - Failed to import: /opt/airflow/dags/extract_exchange_rates.py
Traceback (most recent call last):
  File "/home/airflow/.local/lib/python3.8/site-packages/airflow/models/dagbag.py", line 342, in parse
    loader.exec_module(new_module)
  File "<frozen importlib._bootstrap_external>", line 843, in exec_module
  File "<frozen importlib._bootstrap>", line 219, in _call_with_frames_removed
  File "/opt/airflow/dags/extract_exchange_rates.py", line 7, in <module>
    from api_currency import fetch_exchange_rates
  File "/opt/airflow/scripts/api_currency.py", line 5, in <module>
    from db_scripts import fetch_raw_data
  File "/opt/airflow/scripts/db_scripts.py", line 104
    cursor.execute("")
                     ^
SyntaxError: unexpected EOF while parsing
[2025-02-27T01:16:12.095+0000] {processor.py:841} WARNING - No viable dags retrieved from /opt/airflow/dags/extract_exchange_rates.py
[2025-02-27T01:16:12.108+0000] {processor.py:179} INFO - Processing /opt/airflow/dags/extract_exchange_rates.py took 0.023 seconds
[2025-02-27T01:16:42.395+0000] {processor.py:157} INFO - Started process (PID=1251) to work on /opt/airflow/dags/extract_exchange_rates.py
[2025-02-27T01:16:42.396+0000] {processor.py:829} INFO - Processing file /opt/airflow/dags/extract_exchange_rates.py for tasks to queue
[2025-02-27T01:16:42.396+0000] {logging_mixin.py:151} INFO - [2025-02-27T01:16:42.396+0000] {dagbag.py:536} INFO - Filling up the DagBag from /opt/airflow/dags/extract_exchange_rates.py
[2025-02-27T01:16:42.400+0000] {logging_mixin.py:151} INFO - [2025-02-27T01:16:42.399+0000] {dagbag.py:346} ERROR - Failed to import: /opt/airflow/dags/extract_exchange_rates.py
Traceback (most recent call last):
  File "/home/airflow/.local/lib/python3.8/site-packages/airflow/models/dagbag.py", line 342, in parse
    loader.exec_module(new_module)
  File "<frozen importlib._bootstrap_external>", line 843, in exec_module
  File "<frozen importlib._bootstrap>", line 219, in _call_with_frames_removed
  File "/opt/airflow/dags/extract_exchange_rates.py", line 7, in <module>
    from api_currency import fetch_exchange_rates
  File "/opt/airflow/scripts/api_currency.py", line 5, in <module>
    from db_scripts import fetch_raw_data
  File "/opt/airflow/scripts/db_scripts.py", line 104
    cursor.execute("")
                     ^
SyntaxError: unexpected EOF while parsing
[2025-02-27T01:16:42.400+0000] {processor.py:841} WARNING - No viable dags retrieved from /opt/airflow/dags/extract_exchange_rates.py
[2025-02-27T01:16:42.409+0000] {processor.py:179} INFO - Processing /opt/airflow/dags/extract_exchange_rates.py took 0.015 seconds
[2025-02-27T01:17:12.736+0000] {processor.py:157} INFO - Started process (PID=1256) to work on /opt/airflow/dags/extract_exchange_rates.py
[2025-02-27T01:17:12.737+0000] {processor.py:829} INFO - Processing file /opt/airflow/dags/extract_exchange_rates.py for tasks to queue
[2025-02-27T01:17:12.737+0000] {logging_mixin.py:151} INFO - [2025-02-27T01:17:12.737+0000] {dagbag.py:536} INFO - Filling up the DagBag from /opt/airflow/dags/extract_exchange_rates.py
[2025-02-27T01:17:12.743+0000] {logging_mixin.py:151} INFO - [2025-02-27T01:17:12.741+0000] {dagbag.py:346} ERROR - Failed to import: /opt/airflow/dags/extract_exchange_rates.py
Traceback (most recent call last):
  File "/home/airflow/.local/lib/python3.8/site-packages/airflow/models/dagbag.py", line 342, in parse
    loader.exec_module(new_module)
  File "<frozen importlib._bootstrap_external>", line 843, in exec_module
  File "<frozen importlib._bootstrap>", line 219, in _call_with_frames_removed
  File "/opt/airflow/dags/extract_exchange_rates.py", line 7, in <module>
    from api_currency import fetch_exchange_rates
  File "/opt/airflow/scripts/api_currency.py", line 5, in <module>
    from db_scripts import fetch_raw_data
  File "/opt/airflow/scripts/db_scripts.py", line 104
    cursor.execute("")
                     ^
SyntaxError: unexpected EOF while parsing
[2025-02-27T01:17:12.743+0000] {processor.py:841} WARNING - No viable dags retrieved from /opt/airflow/dags/extract_exchange_rates.py
[2025-02-27T01:17:12.755+0000] {processor.py:179} INFO - Processing /opt/airflow/dags/extract_exchange_rates.py took 0.021 seconds
[2025-02-27T01:17:43.105+0000] {processor.py:157} INFO - Started process (PID=1261) to work on /opt/airflow/dags/extract_exchange_rates.py
[2025-02-27T01:17:43.106+0000] {processor.py:829} INFO - Processing file /opt/airflow/dags/extract_exchange_rates.py for tasks to queue
[2025-02-27T01:17:43.107+0000] {logging_mixin.py:151} INFO - [2025-02-27T01:17:43.106+0000] {dagbag.py:536} INFO - Filling up the DagBag from /opt/airflow/dags/extract_exchange_rates.py
[2025-02-27T01:17:43.112+0000] {logging_mixin.py:151} INFO - [2025-02-27T01:17:43.111+0000] {dagbag.py:346} ERROR - Failed to import: /opt/airflow/dags/extract_exchange_rates.py
Traceback (most recent call last):
  File "/home/airflow/.local/lib/python3.8/site-packages/airflow/models/dagbag.py", line 342, in parse
    loader.exec_module(new_module)
  File "<frozen importlib._bootstrap_external>", line 843, in exec_module
  File "<frozen importlib._bootstrap>", line 219, in _call_with_frames_removed
  File "/opt/airflow/dags/extract_exchange_rates.py", line 7, in <module>
    from api_currency import fetch_exchange_rates
  File "/opt/airflow/scripts/api_currency.py", line 5, in <module>
    from db_scripts import fetch_raw_data
  File "/opt/airflow/scripts/db_scripts.py", line 104
    cursor.execute("")
                     ^
SyntaxError: unexpected EOF while parsing
[2025-02-27T01:17:43.112+0000] {processor.py:841} WARNING - No viable dags retrieved from /opt/airflow/dags/extract_exchange_rates.py
[2025-02-27T01:17:43.124+0000] {processor.py:179} INFO - Processing /opt/airflow/dags/extract_exchange_rates.py took 0.022 seconds
[2025-02-27T01:18:13.451+0000] {processor.py:157} INFO - Started process (PID=1266) to work on /opt/airflow/dags/extract_exchange_rates.py
[2025-02-27T01:18:13.452+0000] {processor.py:829} INFO - Processing file /opt/airflow/dags/extract_exchange_rates.py for tasks to queue
[2025-02-27T01:18:13.453+0000] {logging_mixin.py:151} INFO - [2025-02-27T01:18:13.452+0000] {dagbag.py:536} INFO - Filling up the DagBag from /opt/airflow/dags/extract_exchange_rates.py
[2025-02-27T01:18:13.458+0000] {logging_mixin.py:151} INFO - [2025-02-27T01:18:13.457+0000] {dagbag.py:346} ERROR - Failed to import: /opt/airflow/dags/extract_exchange_rates.py
Traceback (most recent call last):
  File "/home/airflow/.local/lib/python3.8/site-packages/airflow/models/dagbag.py", line 342, in parse
    loader.exec_module(new_module)
  File "<frozen importlib._bootstrap_external>", line 843, in exec_module
  File "<frozen importlib._bootstrap>", line 219, in _call_with_frames_removed
  File "/opt/airflow/dags/extract_exchange_rates.py", line 7, in <module>
    from api_currency import fetch_exchange_rates
  File "/opt/airflow/scripts/api_currency.py", line 5, in <module>
    from db_scripts import fetch_raw_data
  File "/opt/airflow/scripts/db_scripts.py", line 104
    cursor.execute("")
                     ^
SyntaxError: unexpected EOF while parsing
[2025-02-27T01:18:13.458+0000] {processor.py:841} WARNING - No viable dags retrieved from /opt/airflow/dags/extract_exchange_rates.py
[2025-02-27T01:18:13.469+0000] {processor.py:179} INFO - Processing /opt/airflow/dags/extract_exchange_rates.py took 0.020 seconds
[2025-02-27T01:18:43.795+0000] {processor.py:157} INFO - Started process (PID=1271) to work on /opt/airflow/dags/extract_exchange_rates.py
[2025-02-27T01:18:43.796+0000] {processor.py:829} INFO - Processing file /opt/airflow/dags/extract_exchange_rates.py for tasks to queue
[2025-02-27T01:18:43.797+0000] {logging_mixin.py:151} INFO - [2025-02-27T01:18:43.797+0000] {dagbag.py:536} INFO - Filling up the DagBag from /opt/airflow/dags/extract_exchange_rates.py
[2025-02-27T01:18:43.803+0000] {logging_mixin.py:151} INFO - [2025-02-27T01:18:43.802+0000] {dagbag.py:346} ERROR - Failed to import: /opt/airflow/dags/extract_exchange_rates.py
Traceback (most recent call last):
  File "/home/airflow/.local/lib/python3.8/site-packages/airflow/models/dagbag.py", line 342, in parse
    loader.exec_module(new_module)
  File "<frozen importlib._bootstrap_external>", line 843, in exec_module
  File "<frozen importlib._bootstrap>", line 219, in _call_with_frames_removed
  File "/opt/airflow/dags/extract_exchange_rates.py", line 7, in <module>
    from api_currency import fetch_exchange_rates
  File "/opt/airflow/scripts/api_currency.py", line 5, in <module>
    from db_scripts import fetch_raw_data
  File "/opt/airflow/scripts/db_scripts.py", line 104
    cursor.execute("")
                     ^
SyntaxError: unexpected EOF while parsing
[2025-02-27T01:18:43.803+0000] {processor.py:841} WARNING - No viable dags retrieved from /opt/airflow/dags/extract_exchange_rates.py
[2025-02-27T01:18:43.818+0000] {processor.py:179} INFO - Processing /opt/airflow/dags/extract_exchange_rates.py took 0.026 seconds
[2025-02-27T01:19:14.122+0000] {processor.py:157} INFO - Started process (PID=1276) to work on /opt/airflow/dags/extract_exchange_rates.py
[2025-02-27T01:19:14.122+0000] {processor.py:829} INFO - Processing file /opt/airflow/dags/extract_exchange_rates.py for tasks to queue
[2025-02-27T01:19:14.123+0000] {logging_mixin.py:151} INFO - [2025-02-27T01:19:14.123+0000] {dagbag.py:536} INFO - Filling up the DagBag from /opt/airflow/dags/extract_exchange_rates.py
[2025-02-27T01:19:14.128+0000] {logging_mixin.py:151} INFO - [2025-02-27T01:19:14.127+0000] {dagbag.py:346} ERROR - Failed to import: /opt/airflow/dags/extract_exchange_rates.py
Traceback (most recent call last):
  File "/home/airflow/.local/lib/python3.8/site-packages/airflow/models/dagbag.py", line 342, in parse
    loader.exec_module(new_module)
  File "<frozen importlib._bootstrap_external>", line 843, in exec_module
  File "<frozen importlib._bootstrap>", line 219, in _call_with_frames_removed
  File "/opt/airflow/dags/extract_exchange_rates.py", line 7, in <module>
    from api_currency import fetch_exchange_rates
  File "/opt/airflow/scripts/api_currency.py", line 5, in <module>
    from db_scripts import fetch_raw_data
  File "/opt/airflow/scripts/db_scripts.py", line 104
    cursor.execute("")
                     ^
SyntaxError: unexpected EOF while parsing
[2025-02-27T01:19:14.128+0000] {processor.py:841} WARNING - No viable dags retrieved from /opt/airflow/dags/extract_exchange_rates.py
[2025-02-27T01:19:14.140+0000] {processor.py:179} INFO - Processing /opt/airflow/dags/extract_exchange_rates.py took 0.021 seconds
[2025-02-27T01:19:44.418+0000] {processor.py:157} INFO - Started process (PID=1281) to work on /opt/airflow/dags/extract_exchange_rates.py
[2025-02-27T01:19:44.419+0000] {processor.py:829} INFO - Processing file /opt/airflow/dags/extract_exchange_rates.py for tasks to queue
[2025-02-27T01:19:44.419+0000] {logging_mixin.py:151} INFO - [2025-02-27T01:19:44.419+0000] {dagbag.py:536} INFO - Filling up the DagBag from /opt/airflow/dags/extract_exchange_rates.py
[2025-02-27T01:19:44.425+0000] {logging_mixin.py:151} INFO - [2025-02-27T01:19:44.424+0000] {dagbag.py:346} ERROR - Failed to import: /opt/airflow/dags/extract_exchange_rates.py
Traceback (most recent call last):
  File "/home/airflow/.local/lib/python3.8/site-packages/airflow/models/dagbag.py", line 342, in parse
    loader.exec_module(new_module)
  File "<frozen importlib._bootstrap_external>", line 843, in exec_module
  File "<frozen importlib._bootstrap>", line 219, in _call_with_frames_removed
  File "/opt/airflow/dags/extract_exchange_rates.py", line 7, in <module>
    from api_currency import fetch_exchange_rates
  File "/opt/airflow/scripts/api_currency.py", line 5, in <module>
    from db_scripts import fetch_raw_data
  File "/opt/airflow/scripts/db_scripts.py", line 104
    cursor.execute("")
                     ^
SyntaxError: unexpected EOF while parsing
[2025-02-27T01:19:44.426+0000] {processor.py:841} WARNING - No viable dags retrieved from /opt/airflow/dags/extract_exchange_rates.py
[2025-02-27T01:19:44.437+0000] {processor.py:179} INFO - Processing /opt/airflow/dags/extract_exchange_rates.py took 0.022 seconds
[2025-02-27T01:20:14.741+0000] {processor.py:157} INFO - Started process (PID=1286) to work on /opt/airflow/dags/extract_exchange_rates.py
[2025-02-27T01:20:14.742+0000] {processor.py:829} INFO - Processing file /opt/airflow/dags/extract_exchange_rates.py for tasks to queue
[2025-02-27T01:20:14.742+0000] {logging_mixin.py:151} INFO - [2025-02-27T01:20:14.742+0000] {dagbag.py:536} INFO - Filling up the DagBag from /opt/airflow/dags/extract_exchange_rates.py
[2025-02-27T01:20:14.747+0000] {logging_mixin.py:151} INFO - [2025-02-27T01:20:14.746+0000] {dagbag.py:346} ERROR - Failed to import: /opt/airflow/dags/extract_exchange_rates.py
Traceback (most recent call last):
  File "/home/airflow/.local/lib/python3.8/site-packages/airflow/models/dagbag.py", line 342, in parse
    loader.exec_module(new_module)
  File "<frozen importlib._bootstrap_external>", line 843, in exec_module
  File "<frozen importlib._bootstrap>", line 219, in _call_with_frames_removed
  File "/opt/airflow/dags/extract_exchange_rates.py", line 7, in <module>
    from api_currency import fetch_exchange_rates
  File "/opt/airflow/scripts/api_currency.py", line 5, in <module>
    from db_scripts import fetch_raw_data
  File "/opt/airflow/scripts/db_scripts.py", line 104
    cursor.execute("")
                     ^
SyntaxError: unexpected EOF while parsing
[2025-02-27T01:20:14.748+0000] {processor.py:841} WARNING - No viable dags retrieved from /opt/airflow/dags/extract_exchange_rates.py
[2025-02-27T01:20:14.760+0000] {processor.py:179} INFO - Processing /opt/airflow/dags/extract_exchange_rates.py took 0.021 seconds
[2025-02-27T01:20:45.009+0000] {processor.py:157} INFO - Started process (PID=1291) to work on /opt/airflow/dags/extract_exchange_rates.py
[2025-02-27T01:20:45.010+0000] {processor.py:829} INFO - Processing file /opt/airflow/dags/extract_exchange_rates.py for tasks to queue
[2025-02-27T01:20:45.010+0000] {logging_mixin.py:151} INFO - [2025-02-27T01:20:45.010+0000] {dagbag.py:536} INFO - Filling up the DagBag from /opt/airflow/dags/extract_exchange_rates.py
[2025-02-27T01:20:45.013+0000] {logging_mixin.py:151} INFO - [2025-02-27T01:20:45.013+0000] {dagbag.py:346} ERROR - Failed to import: /opt/airflow/dags/extract_exchange_rates.py
Traceback (most recent call last):
  File "/home/airflow/.local/lib/python3.8/site-packages/airflow/models/dagbag.py", line 342, in parse
    loader.exec_module(new_module)
  File "<frozen importlib._bootstrap_external>", line 843, in exec_module
  File "<frozen importlib._bootstrap>", line 219, in _call_with_frames_removed
  File "/opt/airflow/dags/extract_exchange_rates.py", line 7, in <module>
    from api_currency import fetch_exchange_rates
  File "/opt/airflow/scripts/api_currency.py", line 5, in <module>
    from db_scripts import fetch_raw_data
  File "/opt/airflow/scripts/db_scripts.py", line 104
    cursor.execute("")
                     ^
SyntaxError: unexpected EOF while parsing
[2025-02-27T01:20:45.013+0000] {processor.py:841} WARNING - No viable dags retrieved from /opt/airflow/dags/extract_exchange_rates.py
[2025-02-27T01:20:45.021+0000] {processor.py:179} INFO - Processing /opt/airflow/dags/extract_exchange_rates.py took 0.013 seconds
[2025-02-27T01:21:15.245+0000] {processor.py:157} INFO - Started process (PID=1296) to work on /opt/airflow/dags/extract_exchange_rates.py
[2025-02-27T01:21:15.246+0000] {processor.py:829} INFO - Processing file /opt/airflow/dags/extract_exchange_rates.py for tasks to queue
[2025-02-27T01:21:15.247+0000] {logging_mixin.py:151} INFO - [2025-02-27T01:21:15.246+0000] {dagbag.py:536} INFO - Filling up the DagBag from /opt/airflow/dags/extract_exchange_rates.py
[2025-02-27T01:21:15.252+0000] {logging_mixin.py:151} INFO - [2025-02-27T01:21:15.251+0000] {dagbag.py:346} ERROR - Failed to import: /opt/airflow/dags/extract_exchange_rates.py
Traceback (most recent call last):
  File "/home/airflow/.local/lib/python3.8/site-packages/airflow/models/dagbag.py", line 342, in parse
    loader.exec_module(new_module)
  File "<frozen importlib._bootstrap_external>", line 843, in exec_module
  File "<frozen importlib._bootstrap>", line 219, in _call_with_frames_removed
  File "/opt/airflow/dags/extract_exchange_rates.py", line 7, in <module>
    from api_currency import fetch_exchange_rates
  File "/opt/airflow/scripts/api_currency.py", line 5, in <module>
    from db_scripts import fetch_raw_data
  File "/opt/airflow/scripts/db_scripts.py", line 104
    cursor.execute("")
                     ^
SyntaxError: unexpected EOF while parsing
[2025-02-27T01:21:15.252+0000] {processor.py:841} WARNING - No viable dags retrieved from /opt/airflow/dags/extract_exchange_rates.py
[2025-02-27T01:21:15.262+0000] {processor.py:179} INFO - Processing /opt/airflow/dags/extract_exchange_rates.py took 0.020 seconds
[2025-02-27T01:21:45.488+0000] {processor.py:157} INFO - Started process (PID=1301) to work on /opt/airflow/dags/extract_exchange_rates.py
[2025-02-27T01:21:45.489+0000] {processor.py:829} INFO - Processing file /opt/airflow/dags/extract_exchange_rates.py for tasks to queue
[2025-02-27T01:21:45.490+0000] {logging_mixin.py:151} INFO - [2025-02-27T01:21:45.489+0000] {dagbag.py:536} INFO - Filling up the DagBag from /opt/airflow/dags/extract_exchange_rates.py
[2025-02-27T01:21:45.495+0000] {logging_mixin.py:151} INFO - [2025-02-27T01:21:45.494+0000] {dagbag.py:346} ERROR - Failed to import: /opt/airflow/dags/extract_exchange_rates.py
Traceback (most recent call last):
  File "/home/airflow/.local/lib/python3.8/site-packages/airflow/models/dagbag.py", line 342, in parse
    loader.exec_module(new_module)
  File "<frozen importlib._bootstrap_external>", line 843, in exec_module
  File "<frozen importlib._bootstrap>", line 219, in _call_with_frames_removed
  File "/opt/airflow/dags/extract_exchange_rates.py", line 7, in <module>
    from api_currency import fetch_exchange_rates
  File "/opt/airflow/scripts/api_currency.py", line 5, in <module>
    from db_scripts import fetch_raw_data
  File "/opt/airflow/scripts/db_scripts.py", line 104
    cursor.execute("")
                     ^
SyntaxError: unexpected EOF while parsing
[2025-02-27T01:21:45.495+0000] {processor.py:841} WARNING - No viable dags retrieved from /opt/airflow/dags/extract_exchange_rates.py
[2025-02-27T01:21:45.508+0000] {processor.py:179} INFO - Processing /opt/airflow/dags/extract_exchange_rates.py took 0.022 seconds
[2025-02-27T01:22:15.797+0000] {processor.py:157} INFO - Started process (PID=1306) to work on /opt/airflow/dags/extract_exchange_rates.py
[2025-02-27T01:22:15.798+0000] {processor.py:829} INFO - Processing file /opt/airflow/dags/extract_exchange_rates.py for tasks to queue
[2025-02-27T01:22:15.798+0000] {logging_mixin.py:151} INFO - [2025-02-27T01:22:15.798+0000] {dagbag.py:536} INFO - Filling up the DagBag from /opt/airflow/dags/extract_exchange_rates.py
[2025-02-27T01:22:15.801+0000] {logging_mixin.py:151} INFO - [2025-02-27T01:22:15.801+0000] {dagbag.py:346} ERROR - Failed to import: /opt/airflow/dags/extract_exchange_rates.py
Traceback (most recent call last):
  File "/home/airflow/.local/lib/python3.8/site-packages/airflow/models/dagbag.py", line 342, in parse
    loader.exec_module(new_module)
  File "<frozen importlib._bootstrap_external>", line 843, in exec_module
  File "<frozen importlib._bootstrap>", line 219, in _call_with_frames_removed
  File "/opt/airflow/dags/extract_exchange_rates.py", line 7, in <module>
    from api_currency import fetch_exchange_rates
  File "/opt/airflow/scripts/api_currency.py", line 5, in <module>
    from db_scripts import fetch_raw_data
  File "/opt/airflow/scripts/db_scripts.py", line 104
    cursor.execute("")
                     ^
SyntaxError: unexpected EOF while parsing
[2025-02-27T01:22:15.801+0000] {processor.py:841} WARNING - No viable dags retrieved from /opt/airflow/dags/extract_exchange_rates.py
[2025-02-27T01:22:15.810+0000] {processor.py:179} INFO - Processing /opt/airflow/dags/extract_exchange_rates.py took 0.014 seconds
[2025-02-27T01:22:46.076+0000] {processor.py:157} INFO - Started process (PID=1311) to work on /opt/airflow/dags/extract_exchange_rates.py
[2025-02-27T01:22:46.077+0000] {processor.py:829} INFO - Processing file /opt/airflow/dags/extract_exchange_rates.py for tasks to queue
[2025-02-27T01:22:46.078+0000] {logging_mixin.py:151} INFO - [2025-02-27T01:22:46.078+0000] {dagbag.py:536} INFO - Filling up the DagBag from /opt/airflow/dags/extract_exchange_rates.py
[2025-02-27T01:22:46.083+0000] {logging_mixin.py:151} INFO - [2025-02-27T01:22:46.082+0000] {dagbag.py:346} ERROR - Failed to import: /opt/airflow/dags/extract_exchange_rates.py
Traceback (most recent call last):
  File "/home/airflow/.local/lib/python3.8/site-packages/airflow/models/dagbag.py", line 342, in parse
    loader.exec_module(new_module)
  File "<frozen importlib._bootstrap_external>", line 843, in exec_module
  File "<frozen importlib._bootstrap>", line 219, in _call_with_frames_removed
  File "/opt/airflow/dags/extract_exchange_rates.py", line 7, in <module>
    from api_currency import fetch_exchange_rates
  File "/opt/airflow/scripts/api_currency.py", line 5, in <module>
    from db_scripts import fetch_raw_data
  File "/opt/airflow/scripts/db_scripts.py", line 104
    cursor.execute("")
                     ^
SyntaxError: unexpected EOF while parsing
[2025-02-27T01:22:46.083+0000] {processor.py:841} WARNING - No viable dags retrieved from /opt/airflow/dags/extract_exchange_rates.py
[2025-02-27T01:22:46.095+0000] {processor.py:179} INFO - Processing /opt/airflow/dags/extract_exchange_rates.py took 0.021 seconds
[2025-02-27T01:23:16.386+0000] {processor.py:157} INFO - Started process (PID=1316) to work on /opt/airflow/dags/extract_exchange_rates.py
[2025-02-27T01:23:16.387+0000] {processor.py:829} INFO - Processing file /opt/airflow/dags/extract_exchange_rates.py for tasks to queue
[2025-02-27T01:23:16.387+0000] {logging_mixin.py:151} INFO - [2025-02-27T01:23:16.387+0000] {dagbag.py:536} INFO - Filling up the DagBag from /opt/airflow/dags/extract_exchange_rates.py
[2025-02-27T01:23:16.391+0000] {logging_mixin.py:151} INFO - [2025-02-27T01:23:16.390+0000] {dagbag.py:346} ERROR - Failed to import: /opt/airflow/dags/extract_exchange_rates.py
Traceback (most recent call last):
  File "/home/airflow/.local/lib/python3.8/site-packages/airflow/models/dagbag.py", line 342, in parse
    loader.exec_module(new_module)
  File "<frozen importlib._bootstrap_external>", line 843, in exec_module
  File "<frozen importlib._bootstrap>", line 219, in _call_with_frames_removed
  File "/opt/airflow/dags/extract_exchange_rates.py", line 7, in <module>
    from api_currency import fetch_exchange_rates
  File "/opt/airflow/scripts/api_currency.py", line 5, in <module>
    from db_scripts import fetch_raw_data
  File "/opt/airflow/scripts/db_scripts.py", line 104
    cursor.execute("")
                     ^
SyntaxError: unexpected EOF while parsing
[2025-02-27T01:23:16.391+0000] {processor.py:841} WARNING - No viable dags retrieved from /opt/airflow/dags/extract_exchange_rates.py
[2025-02-27T01:23:16.404+0000] {processor.py:179} INFO - Processing /opt/airflow/dags/extract_exchange_rates.py took 0.019 seconds
[2025-02-27T01:23:46.681+0000] {processor.py:157} INFO - Started process (PID=1321) to work on /opt/airflow/dags/extract_exchange_rates.py
[2025-02-27T01:23:46.682+0000] {processor.py:829} INFO - Processing file /opt/airflow/dags/extract_exchange_rates.py for tasks to queue
[2025-02-27T01:23:46.682+0000] {logging_mixin.py:151} INFO - [2025-02-27T01:23:46.682+0000] {dagbag.py:536} INFO - Filling up the DagBag from /opt/airflow/dags/extract_exchange_rates.py
[2025-02-27T01:23:46.688+0000] {logging_mixin.py:151} INFO - [2025-02-27T01:23:46.686+0000] {dagbag.py:346} ERROR - Failed to import: /opt/airflow/dags/extract_exchange_rates.py
Traceback (most recent call last):
  File "/home/airflow/.local/lib/python3.8/site-packages/airflow/models/dagbag.py", line 342, in parse
    loader.exec_module(new_module)
  File "<frozen importlib._bootstrap_external>", line 843, in exec_module
  File "<frozen importlib._bootstrap>", line 219, in _call_with_frames_removed
  File "/opt/airflow/dags/extract_exchange_rates.py", line 7, in <module>
    from api_currency import fetch_exchange_rates
  File "/opt/airflow/scripts/api_currency.py", line 5, in <module>
    from db_scripts import fetch_raw_data
  File "/opt/airflow/scripts/db_scripts.py", line 104
    cursor.execute("")
                     ^
SyntaxError: unexpected EOF while parsing
[2025-02-27T01:23:46.688+0000] {processor.py:841} WARNING - No viable dags retrieved from /opt/airflow/dags/extract_exchange_rates.py
[2025-02-27T01:23:46.699+0000] {processor.py:179} INFO - Processing /opt/airflow/dags/extract_exchange_rates.py took 0.021 seconds
[2025-02-27T01:24:16.976+0000] {processor.py:157} INFO - Started process (PID=1326) to work on /opt/airflow/dags/extract_exchange_rates.py
[2025-02-27T01:24:16.977+0000] {processor.py:829} INFO - Processing file /opt/airflow/dags/extract_exchange_rates.py for tasks to queue
[2025-02-27T01:24:16.977+0000] {logging_mixin.py:151} INFO - [2025-02-27T01:24:16.977+0000] {dagbag.py:536} INFO - Filling up the DagBag from /opt/airflow/dags/extract_exchange_rates.py
[2025-02-27T01:24:16.983+0000] {logging_mixin.py:151} INFO - [2025-02-27T01:24:16.982+0000] {dagbag.py:346} ERROR - Failed to import: /opt/airflow/dags/extract_exchange_rates.py
Traceback (most recent call last):
  File "/home/airflow/.local/lib/python3.8/site-packages/airflow/models/dagbag.py", line 342, in parse
    loader.exec_module(new_module)
  File "<frozen importlib._bootstrap_external>", line 843, in exec_module
  File "<frozen importlib._bootstrap>", line 219, in _call_with_frames_removed
  File "/opt/airflow/dags/extract_exchange_rates.py", line 7, in <module>
    from api_currency import fetch_exchange_rates
  File "/opt/airflow/scripts/api_currency.py", line 5, in <module>
    from db_scripts import fetch_raw_data
  File "/opt/airflow/scripts/db_scripts.py", line 106
    cursor.execute("""
            S
        """)
                      
             
           ^
SyntaxError: unexpected EOF while parsing
[2025-02-27T01:24:16.984+0000] {processor.py:841} WARNING - No viable dags retrieved from /opt/airflow/dags/extract_exchange_rates.py
[2025-02-27T01:24:16.994+0000] {processor.py:179} INFO - Processing /opt/airflow/dags/extract_exchange_rates.py took 0.020 seconds
[2025-02-27T01:24:47.314+0000] {processor.py:157} INFO - Started process (PID=1331) to work on /opt/airflow/dags/extract_exchange_rates.py
[2025-02-27T01:24:47.315+0000] {processor.py:829} INFO - Processing file /opt/airflow/dags/extract_exchange_rates.py for tasks to queue
[2025-02-27T01:24:47.315+0000] {logging_mixin.py:151} INFO - [2025-02-27T01:24:47.315+0000] {dagbag.py:536} INFO - Filling up the DagBag from /opt/airflow/dags/extract_exchange_rates.py
[2025-02-27T01:24:47.321+0000] {logging_mixin.py:151} INFO - [2025-02-27T01:24:47.320+0000] {dagbag.py:346} ERROR - Failed to import: /opt/airflow/dags/extract_exchange_rates.py
Traceback (most recent call last):
  File "/home/airflow/.local/lib/python3.8/site-packages/airflow/models/dagbag.py", line 342, in parse
    loader.exec_module(new_module)
  File "<frozen importlib._bootstrap_external>", line 843, in exec_module
  File "<frozen importlib._bootstrap>", line 219, in _call_with_frames_removed
  File "/opt/airflow/dags/extract_exchange_rates.py", line 7, in <module>
    from api_currency import fetch_exchange_rates
  File "/opt/airflow/scripts/api_currency.py", line 5, in <module>
    from db_scripts import fetch_raw_data
  File "/opt/airflow/scripts/db_scripts.py", line 106
    cursor.execute("""
            S
        """)
                      
             
           ^
SyntaxError: unexpected EOF while parsing
[2025-02-27T01:24:47.321+0000] {processor.py:841} WARNING - No viable dags retrieved from /opt/airflow/dags/extract_exchange_rates.py
[2025-02-27T01:24:47.336+0000] {processor.py:179} INFO - Processing /opt/airflow/dags/extract_exchange_rates.py took 0.027 seconds
[2025-02-27T01:25:17.636+0000] {processor.py:157} INFO - Started process (PID=1336) to work on /opt/airflow/dags/extract_exchange_rates.py
[2025-02-27T01:25:17.637+0000] {processor.py:829} INFO - Processing file /opt/airflow/dags/extract_exchange_rates.py for tasks to queue
[2025-02-27T01:25:17.638+0000] {logging_mixin.py:151} INFO - [2025-02-27T01:25:17.638+0000] {dagbag.py:536} INFO - Filling up the DagBag from /opt/airflow/dags/extract_exchange_rates.py
[2025-02-27T01:25:17.644+0000] {logging_mixin.py:151} INFO - [2025-02-27T01:25:17.642+0000] {dagbag.py:346} ERROR - Failed to import: /opt/airflow/dags/extract_exchange_rates.py
Traceback (most recent call last):
  File "/home/airflow/.local/lib/python3.8/site-packages/airflow/models/dagbag.py", line 342, in parse
    loader.exec_module(new_module)
  File "<frozen importlib._bootstrap_external>", line 843, in exec_module
  File "<frozen importlib._bootstrap>", line 219, in _call_with_frames_removed
  File "/opt/airflow/dags/extract_exchange_rates.py", line 7, in <module>
    from api_currency import fetch_exchange_rates
  File "/opt/airflow/scripts/api_currency.py", line 5, in <module>
    from db_scripts import fetch_raw_data
  File "/opt/airflow/scripts/db_scripts.py", line 106
    cursor.execute("""
            SELECT 
        """)
                      
                   
           ^
SyntaxError: unexpected EOF while parsing
[2025-02-27T01:25:17.644+0000] {processor.py:841} WARNING - No viable dags retrieved from /opt/airflow/dags/extract_exchange_rates.py
[2025-02-27T01:25:17.657+0000] {processor.py:179} INFO - Processing /opt/airflow/dags/extract_exchange_rates.py took 0.023 seconds
[2025-02-27T01:25:47.934+0000] {processor.py:157} INFO - Started process (PID=1341) to work on /opt/airflow/dags/extract_exchange_rates.py
[2025-02-27T01:25:47.935+0000] {processor.py:829} INFO - Processing file /opt/airflow/dags/extract_exchange_rates.py for tasks to queue
[2025-02-27T01:25:47.935+0000] {logging_mixin.py:151} INFO - [2025-02-27T01:25:47.935+0000] {dagbag.py:536} INFO - Filling up the DagBag from /opt/airflow/dags/extract_exchange_rates.py
[2025-02-27T01:25:47.943+0000] {logging_mixin.py:151} INFO - [2025-02-27T01:25:47.940+0000] {dagbag.py:346} ERROR - Failed to import: /opt/airflow/dags/extract_exchange_rates.py
Traceback (most recent call last):
  File "/home/airflow/.local/lib/python3.8/site-packages/airflow/models/dagbag.py", line 342, in parse
    loader.exec_module(new_module)
  File "<frozen importlib._bootstrap_external>", line 843, in exec_module
  File "<frozen importlib._bootstrap>", line 219, in _call_with_frames_removed
  File "/opt/airflow/dags/extract_exchange_rates.py", line 7, in <module>
    from api_currency import fetch_exchange_rates
  File "/opt/airflow/scripts/api_currency.py", line 5, in <module>
    from db_scripts import fetch_raw_data
  File "/opt/airflow/scripts/db_scripts.py", line 107
    cursor.execute("""
            SELECT res_json, retrieved_at
            FROM 
        """)
                      
                                         
                 
           ^
SyntaxError: unexpected EOF while parsing
[2025-02-27T01:25:47.943+0000] {processor.py:841} WARNING - No viable dags retrieved from /opt/airflow/dags/extract_exchange_rates.py
[2025-02-27T01:25:47.953+0000] {processor.py:179} INFO - Processing /opt/airflow/dags/extract_exchange_rates.py took 0.021 seconds
[2025-02-27T01:26:18.289+0000] {processor.py:157} INFO - Started process (PID=1346) to work on /opt/airflow/dags/extract_exchange_rates.py
[2025-02-27T01:26:18.289+0000] {processor.py:829} INFO - Processing file /opt/airflow/dags/extract_exchange_rates.py for tasks to queue
[2025-02-27T01:26:18.290+0000] {logging_mixin.py:151} INFO - [2025-02-27T01:26:18.290+0000] {dagbag.py:536} INFO - Filling up the DagBag from /opt/airflow/dags/extract_exchange_rates.py
[2025-02-27T01:26:18.295+0000] {logging_mixin.py:151} INFO - [2025-02-27T01:26:18.294+0000] {dagbag.py:346} ERROR - Failed to import: /opt/airflow/dags/extract_exchange_rates.py
Traceback (most recent call last):
  File "/home/airflow/.local/lib/python3.8/site-packages/airflow/models/dagbag.py", line 342, in parse
    loader.exec_module(new_module)
  File "<frozen importlib._bootstrap_external>", line 843, in exec_module
  File "<frozen importlib._bootstrap>", line 219, in _call_with_frames_removed
  File "/opt/airflow/dags/extract_exchange_rates.py", line 7, in <module>
    from api_currency import fetch_exchange_rates
  File "/opt/airflow/scripts/api_currency.py", line 5, in <module>
    from db_scripts import fetch_raw_data
  File "/opt/airflow/scripts/db_scripts.py", line 108
    cursor.execute("""
            SELECT res_json, retrieved_at
            FROM raw_exchange_rates
            WHERE retrieved_at > CO
        """)
                      
                                         
                                   
                                   
           ^
SyntaxError: unexpected EOF while parsing
[2025-02-27T01:26:18.296+0000] {processor.py:841} WARNING - No viable dags retrieved from /opt/airflow/dags/extract_exchange_rates.py
[2025-02-27T01:26:18.309+0000] {processor.py:179} INFO - Processing /opt/airflow/dags/extract_exchange_rates.py took 0.022 seconds
[2025-02-27T01:26:48.586+0000] {processor.py:157} INFO - Started process (PID=1351) to work on /opt/airflow/dags/extract_exchange_rates.py
[2025-02-27T01:26:48.587+0000] {processor.py:829} INFO - Processing file /opt/airflow/dags/extract_exchange_rates.py for tasks to queue
[2025-02-27T01:26:48.587+0000] {logging_mixin.py:151} INFO - [2025-02-27T01:26:48.587+0000] {dagbag.py:536} INFO - Filling up the DagBag from /opt/airflow/dags/extract_exchange_rates.py
[2025-02-27T01:26:48.593+0000] {logging_mixin.py:151} INFO - [2025-02-27T01:26:48.592+0000] {dagbag.py:346} ERROR - Failed to import: /opt/airflow/dags/extract_exchange_rates.py
Traceback (most recent call last):
  File "/home/airflow/.local/lib/python3.8/site-packages/airflow/models/dagbag.py", line 342, in parse
    loader.exec_module(new_module)
  File "<frozen importlib._bootstrap_external>", line 843, in exec_module
  File "<frozen importlib._bootstrap>", line 219, in _call_with_frames_removed
  File "/opt/airflow/dags/extract_exchange_rates.py", line 7, in <module>
    from api_currency import fetch_exchange_rates
  File "/opt/airflow/scripts/api_currency.py", line 5, in <module>
    from db_scripts import fetch_raw_data
  File "/opt/airflow/scripts/db_scripts.py", line 108
    cursor.execute("""
            SELECT res_json, retrieved_at
            FROM raw_exchange_rates
            WHERE retrieved_at > (SELECT COALESCE(MAX(processed_at), '2002-01-10') FROM processed_exchange_rates)
        """)
                      
                                         
                                   
                                                                                                                 
           ^
SyntaxError: unexpected EOF while parsing
[2025-02-27T01:26:48.593+0000] {processor.py:841} WARNING - No viable dags retrieved from /opt/airflow/dags/extract_exchange_rates.py
[2025-02-27T01:26:48.604+0000] {processor.py:179} INFO - Processing /opt/airflow/dags/extract_exchange_rates.py took 0.021 seconds
[2025-02-27T01:27:18.892+0000] {processor.py:157} INFO - Started process (PID=1356) to work on /opt/airflow/dags/extract_exchange_rates.py
[2025-02-27T01:27:18.893+0000] {processor.py:829} INFO - Processing file /opt/airflow/dags/extract_exchange_rates.py for tasks to queue
[2025-02-27T01:27:18.894+0000] {logging_mixin.py:151} INFO - [2025-02-27T01:27:18.893+0000] {dagbag.py:536} INFO - Filling up the DagBag from /opt/airflow/dags/extract_exchange_rates.py
[2025-02-27T01:27:18.899+0000] {logging_mixin.py:151} INFO - [2025-02-27T01:27:18.898+0000] {dagbag.py:346} ERROR - Failed to import: /opt/airflow/dags/extract_exchange_rates.py
Traceback (most recent call last):
  File "/home/airflow/.local/lib/python3.8/site-packages/airflow/models/dagbag.py", line 342, in parse
    loader.exec_module(new_module)
  File "<frozen importlib._bootstrap_external>", line 843, in exec_module
  File "<frozen importlib._bootstrap>", line 219, in _call_with_frames_removed
  File "/opt/airflow/dags/extract_exchange_rates.py", line 7, in <module>
    from api_currency import fetch_exchange_rates
  File "/opt/airflow/scripts/api_currency.py", line 5, in <module>
    from db_scripts import fetch_raw_data
  File "/opt/airflow/scripts/db_scripts.py", line 109
    cursor.execute("""
            SELECT res_json, retrieved_at
            FROM raw_exchange_rates
            WHERE retrieved_at > (SELECT COALESCE(MAX(processed_at), '2002-01-19') FROM processed_exchange_rates)
            ORDERED BY 
        """)
                      
                                         
                                   
                                                                                                                 
                       
           ^
SyntaxError: unexpected EOF while parsing
[2025-02-27T01:27:18.899+0000] {processor.py:841} WARNING - No viable dags retrieved from /opt/airflow/dags/extract_exchange_rates.py
[2025-02-27T01:27:18.911+0000] {processor.py:179} INFO - Processing /opt/airflow/dags/extract_exchange_rates.py took 0.022 seconds
[2025-02-27T01:27:49.146+0000] {processor.py:157} INFO - Started process (PID=1361) to work on /opt/airflow/dags/extract_exchange_rates.py
[2025-02-27T01:27:49.146+0000] {processor.py:829} INFO - Processing file /opt/airflow/dags/extract_exchange_rates.py for tasks to queue
[2025-02-27T01:27:49.147+0000] {logging_mixin.py:151} INFO - [2025-02-27T01:27:49.147+0000] {dagbag.py:536} INFO - Filling up the DagBag from /opt/airflow/dags/extract_exchange_rates.py
[2025-02-27T01:27:49.151+0000] {logging_mixin.py:151} INFO - [2025-02-27T01:27:49.150+0000] {dagbag.py:346} ERROR - Failed to import: /opt/airflow/dags/extract_exchange_rates.py
Traceback (most recent call last):
  File "/home/airflow/.local/lib/python3.8/site-packages/airflow/models/dagbag.py", line 342, in parse
    loader.exec_module(new_module)
  File "<frozen importlib._bootstrap_external>", line 843, in exec_module
  File "<frozen importlib._bootstrap>", line 219, in _call_with_frames_removed
  File "/opt/airflow/dags/extract_exchange_rates.py", line 7, in <module>
    from api_currency import fetch_exchange_rates
  File "/opt/airflow/scripts/api_currency.py", line 5, in <module>
    from db_scripts import fetch_raw_data
  File "/opt/airflow/scripts/db_scripts.py", line 110
    data = cursor.
                 ^
SyntaxError: invalid syntax
[2025-02-27T01:27:49.151+0000] {processor.py:841} WARNING - No viable dags retrieved from /opt/airflow/dags/extract_exchange_rates.py
[2025-02-27T01:27:49.162+0000] {processor.py:179} INFO - Processing /opt/airflow/dags/extract_exchange_rates.py took 0.019 seconds
[2025-02-27T01:28:19.408+0000] {processor.py:157} INFO - Started process (PID=1366) to work on /opt/airflow/dags/extract_exchange_rates.py
[2025-02-27T01:28:19.408+0000] {processor.py:829} INFO - Processing file /opt/airflow/dags/extract_exchange_rates.py for tasks to queue
[2025-02-27T01:28:19.409+0000] {logging_mixin.py:151} INFO - [2025-02-27T01:28:19.408+0000] {dagbag.py:536} INFO - Filling up the DagBag from /opt/airflow/dags/extract_exchange_rates.py
[2025-02-27T01:28:19.412+0000] {logging_mixin.py:151} INFO - [2025-02-27T01:28:19.411+0000] {dagbag.py:346} ERROR - Failed to import: /opt/airflow/dags/extract_exchange_rates.py
Traceback (most recent call last):
  File "/home/airflow/.local/lib/python3.8/site-packages/airflow/models/dagbag.py", line 342, in parse
    loader.exec_module(new_module)
  File "<frozen importlib._bootstrap_external>", line 843, in exec_module
  File "<frozen importlib._bootstrap>", line 219, in _call_with_frames_removed
  File "/opt/airflow/dags/extract_exchange_rates.py", line 7, in <module>
    from api_currency import fetch_exchange_rates
  File "/opt/airflow/scripts/api_currency.py", line 5, in <module>
    from db_scripts import fetch_raw_data
  File "/opt/airflow/scripts/db_scripts.py", line 113
    return data
              ^
SyntaxError: unexpected EOF while parsing
[2025-02-27T01:28:19.412+0000] {processor.py:841} WARNING - No viable dags retrieved from /opt/airflow/dags/extract_exchange_rates.py
[2025-02-27T01:28:19.421+0000] {processor.py:179} INFO - Processing /opt/airflow/dags/extract_exchange_rates.py took 0.016 seconds
[2025-02-27T01:28:49.727+0000] {processor.py:157} INFO - Started process (PID=1371) to work on /opt/airflow/dags/extract_exchange_rates.py
[2025-02-27T01:28:49.728+0000] {processor.py:829} INFO - Processing file /opt/airflow/dags/extract_exchange_rates.py for tasks to queue
[2025-02-27T01:28:49.728+0000] {logging_mixin.py:151} INFO - [2025-02-27T01:28:49.728+0000] {dagbag.py:536} INFO - Filling up the DagBag from /opt/airflow/dags/extract_exchange_rates.py
[2025-02-27T01:28:49.743+0000] {processor.py:839} INFO - DAG(s) dict_keys(['extract_exchange_rates']) retrieved from /opt/airflow/dags/extract_exchange_rates.py
[2025-02-27T01:28:49.794+0000] {logging_mixin.py:151} INFO - [2025-02-27T01:28:49.794+0000] {dag.py:2941} INFO - Sync 1 DAGs
[2025-02-27T01:28:49.803+0000] {logging_mixin.py:151} INFO - [2025-02-27T01:28:49.803+0000] {dag.py:3722} INFO - Setting next_dagrun for extract_exchange_rates to 2025-02-27T00:00:00+00:00, run_after=2025-02-28T00:00:00+00:00
[2025-02-27T01:28:49.811+0000] {processor.py:179} INFO - Processing /opt/airflow/dags/extract_exchange_rates.py took 0.086 seconds
[2025-02-27T01:29:20.066+0000] {processor.py:157} INFO - Started process (PID=1376) to work on /opt/airflow/dags/extract_exchange_rates.py
[2025-02-27T01:29:20.067+0000] {processor.py:829} INFO - Processing file /opt/airflow/dags/extract_exchange_rates.py for tasks to queue
[2025-02-27T01:29:20.067+0000] {logging_mixin.py:151} INFO - [2025-02-27T01:29:20.067+0000] {dagbag.py:536} INFO - Filling up the DagBag from /opt/airflow/dags/extract_exchange_rates.py
[2025-02-27T01:29:20.080+0000] {processor.py:839} INFO - DAG(s) dict_keys(['extract_exchange_rates']) retrieved from /opt/airflow/dags/extract_exchange_rates.py
[2025-02-27T01:29:20.095+0000] {logging_mixin.py:151} INFO - [2025-02-27T01:29:20.095+0000] {dag.py:2941} INFO - Sync 1 DAGs
[2025-02-27T01:29:20.105+0000] {logging_mixin.py:151} INFO - [2025-02-27T01:29:20.105+0000] {dag.py:3722} INFO - Setting next_dagrun for extract_exchange_rates to 2025-02-27T00:00:00+00:00, run_after=2025-02-28T00:00:00+00:00
[2025-02-27T01:29:20.112+0000] {processor.py:179} INFO - Processing /opt/airflow/dags/extract_exchange_rates.py took 0.048 seconds
[2025-02-27T01:29:50.363+0000] {processor.py:157} INFO - Started process (PID=1381) to work on /opt/airflow/dags/extract_exchange_rates.py
[2025-02-27T01:29:50.364+0000] {processor.py:829} INFO - Processing file /opt/airflow/dags/extract_exchange_rates.py for tasks to queue
[2025-02-27T01:29:50.364+0000] {logging_mixin.py:151} INFO - [2025-02-27T01:29:50.364+0000] {dagbag.py:536} INFO - Filling up the DagBag from /opt/airflow/dags/extract_exchange_rates.py
[2025-02-27T01:29:50.371+0000] {processor.py:839} INFO - DAG(s) dict_keys(['extract_exchange_rates']) retrieved from /opt/airflow/dags/extract_exchange_rates.py
[2025-02-27T01:29:50.382+0000] {logging_mixin.py:151} INFO - [2025-02-27T01:29:50.382+0000] {dag.py:2941} INFO - Sync 1 DAGs
[2025-02-27T01:29:50.390+0000] {logging_mixin.py:151} INFO - [2025-02-27T01:29:50.390+0000] {dag.py:3722} INFO - Setting next_dagrun for extract_exchange_rates to 2025-02-27T00:00:00+00:00, run_after=2025-02-28T00:00:00+00:00
[2025-02-27T01:29:50.397+0000] {processor.py:179} INFO - Processing /opt/airflow/dags/extract_exchange_rates.py took 0.035 seconds
[2025-02-27T01:30:20.614+0000] {processor.py:157} INFO - Started process (PID=1386) to work on /opt/airflow/dags/extract_exchange_rates.py
[2025-02-27T01:30:20.614+0000] {processor.py:829} INFO - Processing file /opt/airflow/dags/extract_exchange_rates.py for tasks to queue
[2025-02-27T01:30:20.615+0000] {logging_mixin.py:151} INFO - [2025-02-27T01:30:20.615+0000] {dagbag.py:536} INFO - Filling up the DagBag from /opt/airflow/dags/extract_exchange_rates.py
[2025-02-27T01:30:20.621+0000] {processor.py:839} INFO - DAG(s) dict_keys(['extract_exchange_rates']) retrieved from /opt/airflow/dags/extract_exchange_rates.py
[2025-02-27T01:30:20.632+0000] {logging_mixin.py:151} INFO - [2025-02-27T01:30:20.632+0000] {dag.py:2941} INFO - Sync 1 DAGs
[2025-02-27T01:30:20.640+0000] {logging_mixin.py:151} INFO - [2025-02-27T01:30:20.640+0000] {dag.py:3722} INFO - Setting next_dagrun for extract_exchange_rates to 2025-02-27T00:00:00+00:00, run_after=2025-02-28T00:00:00+00:00
[2025-02-27T01:30:20.647+0000] {processor.py:179} INFO - Processing /opt/airflow/dags/extract_exchange_rates.py took 0.034 seconds
[2025-02-27T01:30:50.896+0000] {processor.py:157} INFO - Started process (PID=1391) to work on /opt/airflow/dags/extract_exchange_rates.py
[2025-02-27T01:30:50.896+0000] {processor.py:829} INFO - Processing file /opt/airflow/dags/extract_exchange_rates.py for tasks to queue
[2025-02-27T01:30:50.897+0000] {logging_mixin.py:151} INFO - [2025-02-27T01:30:50.896+0000] {dagbag.py:536} INFO - Filling up the DagBag from /opt/airflow/dags/extract_exchange_rates.py
[2025-02-27T01:30:50.905+0000] {processor.py:839} INFO - DAG(s) dict_keys(['extract_exchange_rates']) retrieved from /opt/airflow/dags/extract_exchange_rates.py
[2025-02-27T01:30:50.917+0000] {logging_mixin.py:151} INFO - [2025-02-27T01:30:50.917+0000] {dag.py:2941} INFO - Sync 1 DAGs
[2025-02-27T01:30:50.927+0000] {logging_mixin.py:151} INFO - [2025-02-27T01:30:50.927+0000] {dag.py:3722} INFO - Setting next_dagrun for extract_exchange_rates to 2025-02-27T00:00:00+00:00, run_after=2025-02-28T00:00:00+00:00
[2025-02-27T01:30:50.933+0000] {processor.py:179} INFO - Processing /opt/airflow/dags/extract_exchange_rates.py took 0.040 seconds
[2025-02-27T01:31:21.202+0000] {processor.py:157} INFO - Started process (PID=1396) to work on /opt/airflow/dags/extract_exchange_rates.py
[2025-02-27T01:31:21.203+0000] {processor.py:829} INFO - Processing file /opt/airflow/dags/extract_exchange_rates.py for tasks to queue
[2025-02-27T01:31:21.204+0000] {logging_mixin.py:151} INFO - [2025-02-27T01:31:21.203+0000] {dagbag.py:536} INFO - Filling up the DagBag from /opt/airflow/dags/extract_exchange_rates.py
[2025-02-27T01:31:21.214+0000] {processor.py:839} INFO - DAG(s) dict_keys(['extract_exchange_rates']) retrieved from /opt/airflow/dags/extract_exchange_rates.py
[2025-02-27T01:31:21.227+0000] {logging_mixin.py:151} INFO - [2025-02-27T01:31:21.227+0000] {dag.py:2941} INFO - Sync 1 DAGs
[2025-02-27T01:31:21.237+0000] {logging_mixin.py:151} INFO - [2025-02-27T01:31:21.237+0000] {dag.py:3722} INFO - Setting next_dagrun for extract_exchange_rates to 2025-02-27T00:00:00+00:00, run_after=2025-02-28T00:00:00+00:00
[2025-02-27T01:31:21.245+0000] {processor.py:179} INFO - Processing /opt/airflow/dags/extract_exchange_rates.py took 0.045 seconds
[2025-02-27T01:31:51.522+0000] {processor.py:157} INFO - Started process (PID=1401) to work on /opt/airflow/dags/extract_exchange_rates.py
[2025-02-27T01:31:51.523+0000] {processor.py:829} INFO - Processing file /opt/airflow/dags/extract_exchange_rates.py for tasks to queue
[2025-02-27T01:31:51.524+0000] {logging_mixin.py:151} INFO - [2025-02-27T01:31:51.524+0000] {dagbag.py:536} INFO - Filling up the DagBag from /opt/airflow/dags/extract_exchange_rates.py
[2025-02-27T01:31:51.534+0000] {processor.py:839} INFO - DAG(s) dict_keys(['extract_exchange_rates']) retrieved from /opt/airflow/dags/extract_exchange_rates.py
[2025-02-27T01:31:51.549+0000] {logging_mixin.py:151} INFO - [2025-02-27T01:31:51.548+0000] {dag.py:2941} INFO - Sync 1 DAGs
[2025-02-27T01:31:51.558+0000] {logging_mixin.py:151} INFO - [2025-02-27T01:31:51.558+0000] {dag.py:3722} INFO - Setting next_dagrun for extract_exchange_rates to 2025-02-27T00:00:00+00:00, run_after=2025-02-28T00:00:00+00:00
[2025-02-27T01:31:51.566+0000] {processor.py:179} INFO - Processing /opt/airflow/dags/extract_exchange_rates.py took 0.046 seconds
[2025-02-27T01:32:21.790+0000] {processor.py:157} INFO - Started process (PID=1406) to work on /opt/airflow/dags/extract_exchange_rates.py
[2025-02-27T01:32:21.790+0000] {processor.py:829} INFO - Processing file /opt/airflow/dags/extract_exchange_rates.py for tasks to queue
[2025-02-27T01:32:21.791+0000] {logging_mixin.py:151} INFO - [2025-02-27T01:32:21.791+0000] {dagbag.py:536} INFO - Filling up the DagBag from /opt/airflow/dags/extract_exchange_rates.py
[2025-02-27T01:32:21.802+0000] {processor.py:839} INFO - DAG(s) dict_keys(['extract_exchange_rates']) retrieved from /opt/airflow/dags/extract_exchange_rates.py
[2025-02-27T01:32:21.819+0000] {logging_mixin.py:151} INFO - [2025-02-27T01:32:21.818+0000] {dag.py:2941} INFO - Sync 1 DAGs
[2025-02-27T01:32:21.829+0000] {logging_mixin.py:151} INFO - [2025-02-27T01:32:21.829+0000] {dag.py:3722} INFO - Setting next_dagrun for extract_exchange_rates to 2025-02-27T00:00:00+00:00, run_after=2025-02-28T00:00:00+00:00
[2025-02-27T01:32:21.837+0000] {processor.py:179} INFO - Processing /opt/airflow/dags/extract_exchange_rates.py took 0.050 seconds
[2025-02-27T01:32:52.161+0000] {processor.py:157} INFO - Started process (PID=1411) to work on /opt/airflow/dags/extract_exchange_rates.py
[2025-02-27T01:32:52.162+0000] {processor.py:829} INFO - Processing file /opt/airflow/dags/extract_exchange_rates.py for tasks to queue
[2025-02-27T01:32:52.163+0000] {logging_mixin.py:151} INFO - [2025-02-27T01:32:52.163+0000] {dagbag.py:536} INFO - Filling up the DagBag from /opt/airflow/dags/extract_exchange_rates.py
[2025-02-27T01:32:52.173+0000] {processor.py:839} INFO - DAG(s) dict_keys(['extract_exchange_rates']) retrieved from /opt/airflow/dags/extract_exchange_rates.py
[2025-02-27T01:32:52.190+0000] {logging_mixin.py:151} INFO - [2025-02-27T01:32:52.190+0000] {dag.py:2941} INFO - Sync 1 DAGs
[2025-02-27T01:32:52.201+0000] {logging_mixin.py:151} INFO - [2025-02-27T01:32:52.201+0000] {dag.py:3722} INFO - Setting next_dagrun for extract_exchange_rates to 2025-02-27T00:00:00+00:00, run_after=2025-02-28T00:00:00+00:00
[2025-02-27T01:32:52.208+0000] {processor.py:179} INFO - Processing /opt/airflow/dags/extract_exchange_rates.py took 0.050 seconds
[2025-02-27T01:33:22.508+0000] {processor.py:157} INFO - Started process (PID=1416) to work on /opt/airflow/dags/extract_exchange_rates.py
[2025-02-27T01:33:22.509+0000] {processor.py:829} INFO - Processing file /opt/airflow/dags/extract_exchange_rates.py for tasks to queue
[2025-02-27T01:33:22.510+0000] {logging_mixin.py:151} INFO - [2025-02-27T01:33:22.509+0000] {dagbag.py:536} INFO - Filling up the DagBag from /opt/airflow/dags/extract_exchange_rates.py
[2025-02-27T01:33:22.520+0000] {processor.py:839} INFO - DAG(s) dict_keys(['extract_exchange_rates']) retrieved from /opt/airflow/dags/extract_exchange_rates.py
[2025-02-27T01:33:22.535+0000] {logging_mixin.py:151} INFO - [2025-02-27T01:33:22.534+0000] {dag.py:2941} INFO - Sync 1 DAGs
[2025-02-27T01:33:22.545+0000] {logging_mixin.py:151} INFO - [2025-02-27T01:33:22.545+0000] {dag.py:3722} INFO - Setting next_dagrun for extract_exchange_rates to 2025-02-27T00:00:00+00:00, run_after=2025-02-28T00:00:00+00:00
[2025-02-27T01:33:22.552+0000] {processor.py:179} INFO - Processing /opt/airflow/dags/extract_exchange_rates.py took 0.046 seconds
[2025-02-27T01:33:52.873+0000] {processor.py:157} INFO - Started process (PID=1421) to work on /opt/airflow/dags/extract_exchange_rates.py
[2025-02-27T01:33:52.873+0000] {processor.py:829} INFO - Processing file /opt/airflow/dags/extract_exchange_rates.py for tasks to queue
[2025-02-27T01:33:52.874+0000] {logging_mixin.py:151} INFO - [2025-02-27T01:33:52.874+0000] {dagbag.py:536} INFO - Filling up the DagBag from /opt/airflow/dags/extract_exchange_rates.py
[2025-02-27T01:33:52.884+0000] {processor.py:839} INFO - DAG(s) dict_keys(['extract_exchange_rates']) retrieved from /opt/airflow/dags/extract_exchange_rates.py
[2025-02-27T01:33:52.898+0000] {logging_mixin.py:151} INFO - [2025-02-27T01:33:52.898+0000] {dag.py:2941} INFO - Sync 1 DAGs
[2025-02-27T01:33:52.908+0000] {logging_mixin.py:151} INFO - [2025-02-27T01:33:52.908+0000] {dag.py:3722} INFO - Setting next_dagrun for extract_exchange_rates to 2025-02-27T00:00:00+00:00, run_after=2025-02-28T00:00:00+00:00
[2025-02-27T01:33:52.916+0000] {processor.py:179} INFO - Processing /opt/airflow/dags/extract_exchange_rates.py took 0.046 seconds
[2025-02-27T01:34:23.219+0000] {processor.py:157} INFO - Started process (PID=1426) to work on /opt/airflow/dags/extract_exchange_rates.py
[2025-02-27T01:34:23.220+0000] {processor.py:829} INFO - Processing file /opt/airflow/dags/extract_exchange_rates.py for tasks to queue
[2025-02-27T01:34:23.221+0000] {logging_mixin.py:151} INFO - [2025-02-27T01:34:23.221+0000] {dagbag.py:536} INFO - Filling up the DagBag from /opt/airflow/dags/extract_exchange_rates.py
[2025-02-27T01:34:23.231+0000] {processor.py:839} INFO - DAG(s) dict_keys(['extract_exchange_rates']) retrieved from /opt/airflow/dags/extract_exchange_rates.py
[2025-02-27T01:34:23.246+0000] {logging_mixin.py:151} INFO - [2025-02-27T01:34:23.246+0000] {dag.py:2941} INFO - Sync 1 DAGs
[2025-02-27T01:34:23.256+0000] {logging_mixin.py:151} INFO - [2025-02-27T01:34:23.256+0000] {dag.py:3722} INFO - Setting next_dagrun for extract_exchange_rates to 2025-02-27T00:00:00+00:00, run_after=2025-02-28T00:00:00+00:00
[2025-02-27T01:34:23.264+0000] {processor.py:179} INFO - Processing /opt/airflow/dags/extract_exchange_rates.py took 0.047 seconds
[2025-02-27T01:34:53.563+0000] {processor.py:157} INFO - Started process (PID=1431) to work on /opt/airflow/dags/extract_exchange_rates.py
[2025-02-27T01:34:53.563+0000] {processor.py:829} INFO - Processing file /opt/airflow/dags/extract_exchange_rates.py for tasks to queue
[2025-02-27T01:34:53.564+0000] {logging_mixin.py:151} INFO - [2025-02-27T01:34:53.564+0000] {dagbag.py:536} INFO - Filling up the DagBag from /opt/airflow/dags/extract_exchange_rates.py
[2025-02-27T01:34:53.574+0000] {processor.py:839} INFO - DAG(s) dict_keys(['extract_exchange_rates']) retrieved from /opt/airflow/dags/extract_exchange_rates.py
[2025-02-27T01:34:53.588+0000] {logging_mixin.py:151} INFO - [2025-02-27T01:34:53.588+0000] {dag.py:2941} INFO - Sync 1 DAGs
[2025-02-27T01:34:53.599+0000] {logging_mixin.py:151} INFO - [2025-02-27T01:34:53.599+0000] {dag.py:3722} INFO - Setting next_dagrun for extract_exchange_rates to 2025-02-27T00:00:00+00:00, run_after=2025-02-28T00:00:00+00:00
[2025-02-27T01:34:53.607+0000] {processor.py:179} INFO - Processing /opt/airflow/dags/extract_exchange_rates.py took 0.046 seconds
[2025-02-27T01:35:23.878+0000] {processor.py:157} INFO - Started process (PID=1436) to work on /opt/airflow/dags/extract_exchange_rates.py
[2025-02-27T01:35:23.879+0000] {processor.py:829} INFO - Processing file /opt/airflow/dags/extract_exchange_rates.py for tasks to queue
[2025-02-27T01:35:23.880+0000] {logging_mixin.py:151} INFO - [2025-02-27T01:35:23.880+0000] {dagbag.py:536} INFO - Filling up the DagBag from /opt/airflow/dags/extract_exchange_rates.py
[2025-02-27T01:35:23.890+0000] {processor.py:839} INFO - DAG(s) dict_keys(['extract_exchange_rates']) retrieved from /opt/airflow/dags/extract_exchange_rates.py
[2025-02-27T01:35:23.905+0000] {logging_mixin.py:151} INFO - [2025-02-27T01:35:23.905+0000] {dag.py:2941} INFO - Sync 1 DAGs
[2025-02-27T01:35:23.916+0000] {logging_mixin.py:151} INFO - [2025-02-27T01:35:23.915+0000] {dag.py:3722} INFO - Setting next_dagrun for extract_exchange_rates to 2025-02-27T00:00:00+00:00, run_after=2025-02-28T00:00:00+00:00
[2025-02-27T01:35:23.923+0000] {processor.py:179} INFO - Processing /opt/airflow/dags/extract_exchange_rates.py took 0.047 seconds
[2025-02-27T01:35:54.235+0000] {processor.py:157} INFO - Started process (PID=1441) to work on /opt/airflow/dags/extract_exchange_rates.py
[2025-02-27T01:35:54.236+0000] {processor.py:829} INFO - Processing file /opt/airflow/dags/extract_exchange_rates.py for tasks to queue
[2025-02-27T01:35:54.237+0000] {logging_mixin.py:151} INFO - [2025-02-27T01:35:54.236+0000] {dagbag.py:536} INFO - Filling up the DagBag from /opt/airflow/dags/extract_exchange_rates.py
[2025-02-27T01:35:54.247+0000] {processor.py:839} INFO - DAG(s) dict_keys(['extract_exchange_rates']) retrieved from /opt/airflow/dags/extract_exchange_rates.py
[2025-02-27T01:35:54.262+0000] {logging_mixin.py:151} INFO - [2025-02-27T01:35:54.262+0000] {dag.py:2941} INFO - Sync 1 DAGs
[2025-02-27T01:35:54.272+0000] {logging_mixin.py:151} INFO - [2025-02-27T01:35:54.272+0000] {dag.py:3722} INFO - Setting next_dagrun for extract_exchange_rates to 2025-02-27T00:00:00+00:00, run_after=2025-02-28T00:00:00+00:00
[2025-02-27T01:35:54.280+0000] {processor.py:179} INFO - Processing /opt/airflow/dags/extract_exchange_rates.py took 0.047 seconds
[2025-02-27T01:36:24.565+0000] {processor.py:157} INFO - Started process (PID=1446) to work on /opt/airflow/dags/extract_exchange_rates.py
[2025-02-27T01:36:24.565+0000] {processor.py:829} INFO - Processing file /opt/airflow/dags/extract_exchange_rates.py for tasks to queue
[2025-02-27T01:36:24.566+0000] {logging_mixin.py:151} INFO - [2025-02-27T01:36:24.566+0000] {dagbag.py:536} INFO - Filling up the DagBag from /opt/airflow/dags/extract_exchange_rates.py
[2025-02-27T01:36:24.576+0000] {processor.py:839} INFO - DAG(s) dict_keys(['extract_exchange_rates']) retrieved from /opt/airflow/dags/extract_exchange_rates.py
[2025-02-27T01:36:24.590+0000] {logging_mixin.py:151} INFO - [2025-02-27T01:36:24.590+0000] {dag.py:2941} INFO - Sync 1 DAGs
[2025-02-27T01:36:24.600+0000] {logging_mixin.py:151} INFO - [2025-02-27T01:36:24.600+0000] {dag.py:3722} INFO - Setting next_dagrun for extract_exchange_rates to 2025-02-27T00:00:00+00:00, run_after=2025-02-28T00:00:00+00:00
[2025-02-27T01:36:24.607+0000] {processor.py:179} INFO - Processing /opt/airflow/dags/extract_exchange_rates.py took 0.045 seconds
[2025-02-27T01:36:54.856+0000] {processor.py:157} INFO - Started process (PID=1451) to work on /opt/airflow/dags/extract_exchange_rates.py
[2025-02-27T01:36:54.857+0000] {processor.py:829} INFO - Processing file /opt/airflow/dags/extract_exchange_rates.py for tasks to queue
[2025-02-27T01:36:54.858+0000] {logging_mixin.py:151} INFO - [2025-02-27T01:36:54.857+0000] {dagbag.py:536} INFO - Filling up the DagBag from /opt/airflow/dags/extract_exchange_rates.py
[2025-02-27T01:36:54.868+0000] {processor.py:839} INFO - DAG(s) dict_keys(['extract_exchange_rates']) retrieved from /opt/airflow/dags/extract_exchange_rates.py
[2025-02-27T01:36:54.881+0000] {logging_mixin.py:151} INFO - [2025-02-27T01:36:54.881+0000] {dag.py:2941} INFO - Sync 1 DAGs
[2025-02-27T01:36:54.892+0000] {logging_mixin.py:151} INFO - [2025-02-27T01:36:54.892+0000] {dag.py:3722} INFO - Setting next_dagrun for extract_exchange_rates to 2025-02-27T00:00:00+00:00, run_after=2025-02-28T00:00:00+00:00
[2025-02-27T01:36:54.899+0000] {processor.py:179} INFO - Processing /opt/airflow/dags/extract_exchange_rates.py took 0.045 seconds
[2025-02-27T01:37:25.152+0000] {processor.py:157} INFO - Started process (PID=1456) to work on /opt/airflow/dags/extract_exchange_rates.py
[2025-02-27T01:37:25.153+0000] {processor.py:829} INFO - Processing file /opt/airflow/dags/extract_exchange_rates.py for tasks to queue
[2025-02-27T01:37:25.153+0000] {logging_mixin.py:151} INFO - [2025-02-27T01:37:25.153+0000] {dagbag.py:536} INFO - Filling up the DagBag from /opt/airflow/dags/extract_exchange_rates.py
[2025-02-27T01:37:25.162+0000] {processor.py:839} INFO - DAG(s) dict_keys(['extract_exchange_rates']) retrieved from /opt/airflow/dags/extract_exchange_rates.py
[2025-02-27T01:37:25.174+0000] {logging_mixin.py:151} INFO - [2025-02-27T01:37:25.174+0000] {dag.py:2941} INFO - Sync 1 DAGs
[2025-02-27T01:37:25.183+0000] {logging_mixin.py:151} INFO - [2025-02-27T01:37:25.183+0000] {dag.py:3722} INFO - Setting next_dagrun for extract_exchange_rates to 2025-02-27T00:00:00+00:00, run_after=2025-02-28T00:00:00+00:00
[2025-02-27T01:37:25.191+0000] {processor.py:179} INFO - Processing /opt/airflow/dags/extract_exchange_rates.py took 0.040 seconds
[2025-02-27T01:37:55.447+0000] {processor.py:157} INFO - Started process (PID=1461) to work on /opt/airflow/dags/extract_exchange_rates.py
[2025-02-27T01:37:55.448+0000] {processor.py:829} INFO - Processing file /opt/airflow/dags/extract_exchange_rates.py for tasks to queue
[2025-02-27T01:37:55.448+0000] {logging_mixin.py:151} INFO - [2025-02-27T01:37:55.448+0000] {dagbag.py:536} INFO - Filling up the DagBag from /opt/airflow/dags/extract_exchange_rates.py
[2025-02-27T01:37:55.459+0000] {processor.py:839} INFO - DAG(s) dict_keys(['extract_exchange_rates']) retrieved from /opt/airflow/dags/extract_exchange_rates.py
[2025-02-27T01:37:55.473+0000] {logging_mixin.py:151} INFO - [2025-02-27T01:37:55.473+0000] {dag.py:2941} INFO - Sync 1 DAGs
[2025-02-27T01:37:55.483+0000] {logging_mixin.py:151} INFO - [2025-02-27T01:37:55.483+0000] {dag.py:3722} INFO - Setting next_dagrun for extract_exchange_rates to 2025-02-27T00:00:00+00:00, run_after=2025-02-28T00:00:00+00:00
[2025-02-27T01:37:55.491+0000] {processor.py:179} INFO - Processing /opt/airflow/dags/extract_exchange_rates.py took 0.046 seconds
[2025-02-27T01:38:25.744+0000] {processor.py:157} INFO - Started process (PID=1466) to work on /opt/airflow/dags/extract_exchange_rates.py
[2025-02-27T01:38:25.745+0000] {processor.py:829} INFO - Processing file /opt/airflow/dags/extract_exchange_rates.py for tasks to queue
[2025-02-27T01:38:25.746+0000] {logging_mixin.py:151} INFO - [2025-02-27T01:38:25.746+0000] {dagbag.py:536} INFO - Filling up the DagBag from /opt/airflow/dags/extract_exchange_rates.py
[2025-02-27T01:38:25.759+0000] {processor.py:839} INFO - DAG(s) dict_keys(['extract_exchange_rates']) retrieved from /opt/airflow/dags/extract_exchange_rates.py
[2025-02-27T01:38:25.772+0000] {logging_mixin.py:151} INFO - [2025-02-27T01:38:25.772+0000] {dag.py:2941} INFO - Sync 1 DAGs
[2025-02-27T01:38:25.782+0000] {logging_mixin.py:151} INFO - [2025-02-27T01:38:25.781+0000] {dag.py:3722} INFO - Setting next_dagrun for extract_exchange_rates to 2025-02-27T00:00:00+00:00, run_after=2025-02-28T00:00:00+00:00
[2025-02-27T01:38:25.789+0000] {processor.py:179} INFO - Processing /opt/airflow/dags/extract_exchange_rates.py took 0.047 seconds
[2025-02-27T01:38:56.080+0000] {processor.py:157} INFO - Started process (PID=1471) to work on /opt/airflow/dags/extract_exchange_rates.py
[2025-02-27T01:38:56.080+0000] {processor.py:829} INFO - Processing file /opt/airflow/dags/extract_exchange_rates.py for tasks to queue
[2025-02-27T01:38:56.081+0000] {logging_mixin.py:151} INFO - [2025-02-27T01:38:56.081+0000] {dagbag.py:536} INFO - Filling up the DagBag from /opt/airflow/dags/extract_exchange_rates.py
[2025-02-27T01:38:56.091+0000] {processor.py:839} INFO - DAG(s) dict_keys(['extract_exchange_rates']) retrieved from /opt/airflow/dags/extract_exchange_rates.py
[2025-02-27T01:38:56.105+0000] {logging_mixin.py:151} INFO - [2025-02-27T01:38:56.105+0000] {dag.py:2941} INFO - Sync 1 DAGs
[2025-02-27T01:38:56.116+0000] {logging_mixin.py:151} INFO - [2025-02-27T01:38:56.116+0000] {dag.py:3722} INFO - Setting next_dagrun for extract_exchange_rates to 2025-02-27T00:00:00+00:00, run_after=2025-02-28T00:00:00+00:00
[2025-02-27T01:38:56.123+0000] {processor.py:179} INFO - Processing /opt/airflow/dags/extract_exchange_rates.py took 0.046 seconds
[2025-02-27T01:39:26.396+0000] {processor.py:157} INFO - Started process (PID=1476) to work on /opt/airflow/dags/extract_exchange_rates.py
[2025-02-27T01:39:26.397+0000] {processor.py:829} INFO - Processing file /opt/airflow/dags/extract_exchange_rates.py for tasks to queue
[2025-02-27T01:39:26.397+0000] {logging_mixin.py:151} INFO - [2025-02-27T01:39:26.397+0000] {dagbag.py:536} INFO - Filling up the DagBag from /opt/airflow/dags/extract_exchange_rates.py
[2025-02-27T01:39:26.407+0000] {processor.py:839} INFO - DAG(s) dict_keys(['extract_exchange_rates']) retrieved from /opt/airflow/dags/extract_exchange_rates.py
[2025-02-27T01:39:26.420+0000] {logging_mixin.py:151} INFO - [2025-02-27T01:39:26.420+0000] {dag.py:2941} INFO - Sync 1 DAGs
[2025-02-27T01:39:26.430+0000] {logging_mixin.py:151} INFO - [2025-02-27T01:39:26.430+0000] {dag.py:3722} INFO - Setting next_dagrun for extract_exchange_rates to 2025-02-27T00:00:00+00:00, run_after=2025-02-28T00:00:00+00:00
[2025-02-27T01:39:26.437+0000] {processor.py:179} INFO - Processing /opt/airflow/dags/extract_exchange_rates.py took 0.044 seconds
[2025-02-27T01:39:56.707+0000] {processor.py:157} INFO - Started process (PID=1481) to work on /opt/airflow/dags/extract_exchange_rates.py
[2025-02-27T01:39:56.708+0000] {processor.py:829} INFO - Processing file /opt/airflow/dags/extract_exchange_rates.py for tasks to queue
[2025-02-27T01:39:56.708+0000] {logging_mixin.py:151} INFO - [2025-02-27T01:39:56.708+0000] {dagbag.py:536} INFO - Filling up the DagBag from /opt/airflow/dags/extract_exchange_rates.py
[2025-02-27T01:39:56.717+0000] {processor.py:839} INFO - DAG(s) dict_keys(['extract_exchange_rates']) retrieved from /opt/airflow/dags/extract_exchange_rates.py
[2025-02-27T01:39:56.728+0000] {logging_mixin.py:151} INFO - [2025-02-27T01:39:56.728+0000] {dag.py:2941} INFO - Sync 1 DAGs
[2025-02-27T01:39:56.737+0000] {logging_mixin.py:151} INFO - [2025-02-27T01:39:56.737+0000] {dag.py:3722} INFO - Setting next_dagrun for extract_exchange_rates to 2025-02-27T00:00:00+00:00, run_after=2025-02-28T00:00:00+00:00
[2025-02-27T01:39:56.744+0000] {processor.py:179} INFO - Processing /opt/airflow/dags/extract_exchange_rates.py took 0.039 seconds
[2025-02-27T01:40:27.034+0000] {processor.py:157} INFO - Started process (PID=1486) to work on /opt/airflow/dags/extract_exchange_rates.py
[2025-02-27T01:40:27.035+0000] {processor.py:829} INFO - Processing file /opt/airflow/dags/extract_exchange_rates.py for tasks to queue
[2025-02-27T01:40:27.036+0000] {logging_mixin.py:151} INFO - [2025-02-27T01:40:27.036+0000] {dagbag.py:536} INFO - Filling up the DagBag from /opt/airflow/dags/extract_exchange_rates.py
[2025-02-27T01:40:27.049+0000] {processor.py:839} INFO - DAG(s) dict_keys(['extract_exchange_rates']) retrieved from /opt/airflow/dags/extract_exchange_rates.py
[2025-02-27T01:40:27.067+0000] {logging_mixin.py:151} INFO - [2025-02-27T01:40:27.066+0000] {dag.py:2941} INFO - Sync 1 DAGs
[2025-02-27T01:40:27.078+0000] {logging_mixin.py:151} INFO - [2025-02-27T01:40:27.078+0000] {dag.py:3722} INFO - Setting next_dagrun for extract_exchange_rates to 2025-02-27T00:00:00+00:00, run_after=2025-02-28T00:00:00+00:00
[2025-02-27T01:40:27.086+0000] {processor.py:179} INFO - Processing /opt/airflow/dags/extract_exchange_rates.py took 0.055 seconds
[2025-02-27T01:40:57.380+0000] {processor.py:157} INFO - Started process (PID=1491) to work on /opt/airflow/dags/extract_exchange_rates.py
[2025-02-27T01:40:57.380+0000] {processor.py:829} INFO - Processing file /opt/airflow/dags/extract_exchange_rates.py for tasks to queue
[2025-02-27T01:40:57.381+0000] {logging_mixin.py:151} INFO - [2025-02-27T01:40:57.381+0000] {dagbag.py:536} INFO - Filling up the DagBag from /opt/airflow/dags/extract_exchange_rates.py
[2025-02-27T01:40:57.393+0000] {processor.py:839} INFO - DAG(s) dict_keys(['extract_exchange_rates']) retrieved from /opt/airflow/dags/extract_exchange_rates.py
[2025-02-27T01:40:57.408+0000] {logging_mixin.py:151} INFO - [2025-02-27T01:40:57.408+0000] {dag.py:2941} INFO - Sync 1 DAGs
[2025-02-27T01:40:57.418+0000] {logging_mixin.py:151} INFO - [2025-02-27T01:40:57.418+0000] {dag.py:3722} INFO - Setting next_dagrun for extract_exchange_rates to 2025-02-27T00:00:00+00:00, run_after=2025-02-28T00:00:00+00:00
[2025-02-27T01:40:57.425+0000] {processor.py:179} INFO - Processing /opt/airflow/dags/extract_exchange_rates.py took 0.048 seconds
[2025-02-27T01:41:27.724+0000] {processor.py:157} INFO - Started process (PID=1496) to work on /opt/airflow/dags/extract_exchange_rates.py
[2025-02-27T01:41:27.725+0000] {processor.py:829} INFO - Processing file /opt/airflow/dags/extract_exchange_rates.py for tasks to queue
[2025-02-27T01:41:27.725+0000] {logging_mixin.py:151} INFO - [2025-02-27T01:41:27.725+0000] {dagbag.py:536} INFO - Filling up the DagBag from /opt/airflow/dags/extract_exchange_rates.py
[2025-02-27T01:41:27.736+0000] {processor.py:839} INFO - DAG(s) dict_keys(['extract_exchange_rates']) retrieved from /opt/airflow/dags/extract_exchange_rates.py
[2025-02-27T01:41:27.750+0000] {logging_mixin.py:151} INFO - [2025-02-27T01:41:27.750+0000] {dag.py:2941} INFO - Sync 1 DAGs
[2025-02-27T01:41:27.761+0000] {logging_mixin.py:151} INFO - [2025-02-27T01:41:27.761+0000] {dag.py:3722} INFO - Setting next_dagrun for extract_exchange_rates to 2025-02-27T00:00:00+00:00, run_after=2025-02-28T00:00:00+00:00
[2025-02-27T01:41:27.773+0000] {processor.py:179} INFO - Processing /opt/airflow/dags/extract_exchange_rates.py took 0.051 seconds
[2025-02-27T01:41:58.027+0000] {processor.py:157} INFO - Started process (PID=1501) to work on /opt/airflow/dags/extract_exchange_rates.py
[2025-02-27T01:41:58.028+0000] {processor.py:829} INFO - Processing file /opt/airflow/dags/extract_exchange_rates.py for tasks to queue
[2025-02-27T01:41:58.028+0000] {logging_mixin.py:151} INFO - [2025-02-27T01:41:58.028+0000] {dagbag.py:536} INFO - Filling up the DagBag from /opt/airflow/dags/extract_exchange_rates.py
[2025-02-27T01:41:58.037+0000] {processor.py:839} INFO - DAG(s) dict_keys(['extract_exchange_rates']) retrieved from /opt/airflow/dags/extract_exchange_rates.py
[2025-02-27T01:41:58.051+0000] {logging_mixin.py:151} INFO - [2025-02-27T01:41:58.051+0000] {dag.py:2941} INFO - Sync 1 DAGs
[2025-02-27T01:41:58.062+0000] {logging_mixin.py:151} INFO - [2025-02-27T01:41:58.062+0000] {dag.py:3722} INFO - Setting next_dagrun for extract_exchange_rates to 2025-02-27T00:00:00+00:00, run_after=2025-02-28T00:00:00+00:00
[2025-02-27T01:41:58.069+0000] {processor.py:179} INFO - Processing /opt/airflow/dags/extract_exchange_rates.py took 0.044 seconds
[2025-02-27T01:42:28.359+0000] {processor.py:157} INFO - Started process (PID=1506) to work on /opt/airflow/dags/extract_exchange_rates.py
[2025-02-27T01:42:28.360+0000] {processor.py:829} INFO - Processing file /opt/airflow/dags/extract_exchange_rates.py for tasks to queue
[2025-02-27T01:42:28.361+0000] {logging_mixin.py:151} INFO - [2025-02-27T01:42:28.361+0000] {dagbag.py:536} INFO - Filling up the DagBag from /opt/airflow/dags/extract_exchange_rates.py
[2025-02-27T01:42:28.371+0000] {processor.py:839} INFO - DAG(s) dict_keys(['extract_exchange_rates']) retrieved from /opt/airflow/dags/extract_exchange_rates.py
[2025-02-27T01:42:28.384+0000] {logging_mixin.py:151} INFO - [2025-02-27T01:42:28.384+0000] {dag.py:2941} INFO - Sync 1 DAGs
[2025-02-27T01:42:28.395+0000] {logging_mixin.py:151} INFO - [2025-02-27T01:42:28.394+0000] {dag.py:3722} INFO - Setting next_dagrun for extract_exchange_rates to 2025-02-27T00:00:00+00:00, run_after=2025-02-28T00:00:00+00:00
[2025-02-27T01:42:28.402+0000] {processor.py:179} INFO - Processing /opt/airflow/dags/extract_exchange_rates.py took 0.046 seconds
[2025-02-27T01:42:58.717+0000] {processor.py:157} INFO - Started process (PID=1511) to work on /opt/airflow/dags/extract_exchange_rates.py
[2025-02-27T01:42:58.718+0000] {processor.py:829} INFO - Processing file /opt/airflow/dags/extract_exchange_rates.py for tasks to queue
[2025-02-27T01:42:58.719+0000] {logging_mixin.py:151} INFO - [2025-02-27T01:42:58.719+0000] {dagbag.py:536} INFO - Filling up the DagBag from /opt/airflow/dags/extract_exchange_rates.py
[2025-02-27T01:42:58.730+0000] {processor.py:839} INFO - DAG(s) dict_keys(['extract_exchange_rates']) retrieved from /opt/airflow/dags/extract_exchange_rates.py
[2025-02-27T01:42:58.744+0000] {logging_mixin.py:151} INFO - [2025-02-27T01:42:58.744+0000] {dag.py:2941} INFO - Sync 1 DAGs
[2025-02-27T01:42:58.755+0000] {logging_mixin.py:151} INFO - [2025-02-27T01:42:58.755+0000] {dag.py:3722} INFO - Setting next_dagrun for extract_exchange_rates to 2025-02-27T00:00:00+00:00, run_after=2025-02-28T00:00:00+00:00
[2025-02-27T01:42:58.764+0000] {processor.py:179} INFO - Processing /opt/airflow/dags/extract_exchange_rates.py took 0.049 seconds
[2025-02-27T01:43:29.080+0000] {processor.py:157} INFO - Started process (PID=1516) to work on /opt/airflow/dags/extract_exchange_rates.py
[2025-02-27T01:43:29.081+0000] {processor.py:829} INFO - Processing file /opt/airflow/dags/extract_exchange_rates.py for tasks to queue
[2025-02-27T01:43:29.082+0000] {logging_mixin.py:151} INFO - [2025-02-27T01:43:29.082+0000] {dagbag.py:536} INFO - Filling up the DagBag from /opt/airflow/dags/extract_exchange_rates.py
[2025-02-27T01:43:29.094+0000] {processor.py:839} INFO - DAG(s) dict_keys(['extract_exchange_rates']) retrieved from /opt/airflow/dags/extract_exchange_rates.py
[2025-02-27T01:43:29.108+0000] {logging_mixin.py:151} INFO - [2025-02-27T01:43:29.108+0000] {dag.py:2941} INFO - Sync 1 DAGs
[2025-02-27T01:43:29.119+0000] {logging_mixin.py:151} INFO - [2025-02-27T01:43:29.119+0000] {dag.py:3722} INFO - Setting next_dagrun for extract_exchange_rates to 2025-02-27T00:00:00+00:00, run_after=2025-02-28T00:00:00+00:00
[2025-02-27T01:43:29.127+0000] {processor.py:179} INFO - Processing /opt/airflow/dags/extract_exchange_rates.py took 0.049 seconds
[2025-02-27T01:43:59.441+0000] {processor.py:157} INFO - Started process (PID=1521) to work on /opt/airflow/dags/extract_exchange_rates.py
[2025-02-27T01:43:59.442+0000] {processor.py:829} INFO - Processing file /opt/airflow/dags/extract_exchange_rates.py for tasks to queue
[2025-02-27T01:43:59.442+0000] {logging_mixin.py:151} INFO - [2025-02-27T01:43:59.442+0000] {dagbag.py:536} INFO - Filling up the DagBag from /opt/airflow/dags/extract_exchange_rates.py
[2025-02-27T01:43:59.450+0000] {processor.py:839} INFO - DAG(s) dict_keys(['extract_exchange_rates']) retrieved from /opt/airflow/dags/extract_exchange_rates.py
[2025-02-27T01:43:59.461+0000] {logging_mixin.py:151} INFO - [2025-02-27T01:43:59.461+0000] {dag.py:2941} INFO - Sync 1 DAGs
[2025-02-27T01:43:59.470+0000] {logging_mixin.py:151} INFO - [2025-02-27T01:43:59.470+0000] {dag.py:3722} INFO - Setting next_dagrun for extract_exchange_rates to 2025-02-27T00:00:00+00:00, run_after=2025-02-28T00:00:00+00:00
[2025-02-27T01:43:59.477+0000] {processor.py:179} INFO - Processing /opt/airflow/dags/extract_exchange_rates.py took 0.037 seconds
[2025-02-27T01:44:29.755+0000] {processor.py:157} INFO - Started process (PID=1526) to work on /opt/airflow/dags/extract_exchange_rates.py
[2025-02-27T01:44:29.756+0000] {processor.py:829} INFO - Processing file /opt/airflow/dags/extract_exchange_rates.py for tasks to queue
[2025-02-27T01:44:29.756+0000] {logging_mixin.py:151} INFO - [2025-02-27T01:44:29.756+0000] {dagbag.py:536} INFO - Filling up the DagBag from /opt/airflow/dags/extract_exchange_rates.py
[2025-02-27T01:44:29.769+0000] {processor.py:839} INFO - DAG(s) dict_keys(['extract_exchange_rates']) retrieved from /opt/airflow/dags/extract_exchange_rates.py
[2025-02-27T01:44:29.785+0000] {logging_mixin.py:151} INFO - [2025-02-27T01:44:29.785+0000] {dag.py:2941} INFO - Sync 1 DAGs
[2025-02-27T01:44:29.795+0000] {logging_mixin.py:151} INFO - [2025-02-27T01:44:29.795+0000] {dag.py:3722} INFO - Setting next_dagrun for extract_exchange_rates to 2025-02-27T00:00:00+00:00, run_after=2025-02-28T00:00:00+00:00
[2025-02-27T01:44:29.802+0000] {processor.py:179} INFO - Processing /opt/airflow/dags/extract_exchange_rates.py took 0.050 seconds
[2025-02-27T01:45:00.039+0000] {processor.py:157} INFO - Started process (PID=1531) to work on /opt/airflow/dags/extract_exchange_rates.py
[2025-02-27T01:45:00.040+0000] {processor.py:829} INFO - Processing file /opt/airflow/dags/extract_exchange_rates.py for tasks to queue
[2025-02-27T01:45:00.040+0000] {logging_mixin.py:151} INFO - [2025-02-27T01:45:00.040+0000] {dagbag.py:536} INFO - Filling up the DagBag from /opt/airflow/dags/extract_exchange_rates.py
[2025-02-27T01:45:00.051+0000] {processor.py:839} INFO - DAG(s) dict_keys(['extract_exchange_rates']) retrieved from /opt/airflow/dags/extract_exchange_rates.py
[2025-02-27T01:45:00.065+0000] {logging_mixin.py:151} INFO - [2025-02-27T01:45:00.065+0000] {dag.py:2941} INFO - Sync 1 DAGs
[2025-02-27T01:45:00.075+0000] {logging_mixin.py:151} INFO - [2025-02-27T01:45:00.074+0000] {dag.py:3722} INFO - Setting next_dagrun for extract_exchange_rates to 2025-02-27T00:00:00+00:00, run_after=2025-02-28T00:00:00+00:00
[2025-02-27T01:45:00.083+0000] {processor.py:179} INFO - Processing /opt/airflow/dags/extract_exchange_rates.py took 0.047 seconds
[2025-02-27T01:45:30.337+0000] {processor.py:157} INFO - Started process (PID=1536) to work on /opt/airflow/dags/extract_exchange_rates.py
[2025-02-27T01:45:30.338+0000] {processor.py:829} INFO - Processing file /opt/airflow/dags/extract_exchange_rates.py for tasks to queue
[2025-02-27T01:45:30.339+0000] {logging_mixin.py:151} INFO - [2025-02-27T01:45:30.339+0000] {dagbag.py:536} INFO - Filling up the DagBag from /opt/airflow/dags/extract_exchange_rates.py
[2025-02-27T01:45:30.349+0000] {processor.py:839} INFO - DAG(s) dict_keys(['extract_exchange_rates']) retrieved from /opt/airflow/dags/extract_exchange_rates.py
[2025-02-27T01:45:30.364+0000] {logging_mixin.py:151} INFO - [2025-02-27T01:45:30.364+0000] {dag.py:2941} INFO - Sync 1 DAGs
[2025-02-27T01:45:30.374+0000] {logging_mixin.py:151} INFO - [2025-02-27T01:45:30.374+0000] {dag.py:3722} INFO - Setting next_dagrun for extract_exchange_rates to 2025-02-27T00:00:00+00:00, run_after=2025-02-28T00:00:00+00:00
[2025-02-27T01:45:30.382+0000] {processor.py:179} INFO - Processing /opt/airflow/dags/extract_exchange_rates.py took 0.047 seconds
[2025-02-27T01:46:00.694+0000] {processor.py:157} INFO - Started process (PID=1541) to work on /opt/airflow/dags/extract_exchange_rates.py
[2025-02-27T01:46:00.695+0000] {processor.py:829} INFO - Processing file /opt/airflow/dags/extract_exchange_rates.py for tasks to queue
[2025-02-27T01:46:00.695+0000] {logging_mixin.py:151} INFO - [2025-02-27T01:46:00.695+0000] {dagbag.py:536} INFO - Filling up the DagBag from /opt/airflow/dags/extract_exchange_rates.py
[2025-02-27T01:46:00.706+0000] {processor.py:839} INFO - DAG(s) dict_keys(['extract_exchange_rates']) retrieved from /opt/airflow/dags/extract_exchange_rates.py
[2025-02-27T01:46:00.719+0000] {logging_mixin.py:151} INFO - [2025-02-27T01:46:00.719+0000] {dag.py:2941} INFO - Sync 1 DAGs
[2025-02-27T01:46:00.729+0000] {logging_mixin.py:151} INFO - [2025-02-27T01:46:00.729+0000] {dag.py:3722} INFO - Setting next_dagrun for extract_exchange_rates to 2025-02-27T00:00:00+00:00, run_after=2025-02-28T00:00:00+00:00
[2025-02-27T01:46:00.736+0000] {processor.py:179} INFO - Processing /opt/airflow/dags/extract_exchange_rates.py took 0.044 seconds
[2025-02-27T01:46:31.013+0000] {processor.py:157} INFO - Started process (PID=1546) to work on /opt/airflow/dags/extract_exchange_rates.py
[2025-02-27T01:46:31.014+0000] {processor.py:829} INFO - Processing file /opt/airflow/dags/extract_exchange_rates.py for tasks to queue
[2025-02-27T01:46:31.015+0000] {logging_mixin.py:151} INFO - [2025-02-27T01:46:31.014+0000] {dagbag.py:536} INFO - Filling up the DagBag from /opt/airflow/dags/extract_exchange_rates.py
[2025-02-27T01:46:31.025+0000] {processor.py:839} INFO - DAG(s) dict_keys(['extract_exchange_rates']) retrieved from /opt/airflow/dags/extract_exchange_rates.py
[2025-02-27T01:46:31.039+0000] {logging_mixin.py:151} INFO - [2025-02-27T01:46:31.039+0000] {dag.py:2941} INFO - Sync 1 DAGs
[2025-02-27T01:46:31.049+0000] {logging_mixin.py:151} INFO - [2025-02-27T01:46:31.049+0000] {dag.py:3722} INFO - Setting next_dagrun for extract_exchange_rates to 2025-02-27T00:00:00+00:00, run_after=2025-02-28T00:00:00+00:00
[2025-02-27T01:46:31.056+0000] {processor.py:179} INFO - Processing /opt/airflow/dags/extract_exchange_rates.py took 0.046 seconds
[2025-02-27T01:47:01.318+0000] {processor.py:157} INFO - Started process (PID=1551) to work on /opt/airflow/dags/extract_exchange_rates.py
[2025-02-27T01:47:01.318+0000] {processor.py:829} INFO - Processing file /opt/airflow/dags/extract_exchange_rates.py for tasks to queue
[2025-02-27T01:47:01.319+0000] {logging_mixin.py:151} INFO - [2025-02-27T01:47:01.319+0000] {dagbag.py:536} INFO - Filling up the DagBag from /opt/airflow/dags/extract_exchange_rates.py
[2025-02-27T01:47:01.329+0000] {processor.py:839} INFO - DAG(s) dict_keys(['extract_exchange_rates']) retrieved from /opt/airflow/dags/extract_exchange_rates.py
[2025-02-27T01:47:01.344+0000] {logging_mixin.py:151} INFO - [2025-02-27T01:47:01.344+0000] {dag.py:2941} INFO - Sync 1 DAGs
[2025-02-27T01:47:01.354+0000] {logging_mixin.py:151} INFO - [2025-02-27T01:47:01.354+0000] {dag.py:3722} INFO - Setting next_dagrun for extract_exchange_rates to 2025-02-27T00:00:00+00:00, run_after=2025-02-28T00:00:00+00:00
[2025-02-27T01:47:01.362+0000] {processor.py:179} INFO - Processing /opt/airflow/dags/extract_exchange_rates.py took 0.046 seconds
[2025-02-27T01:47:31.629+0000] {processor.py:157} INFO - Started process (PID=1556) to work on /opt/airflow/dags/extract_exchange_rates.py
[2025-02-27T01:47:31.630+0000] {processor.py:829} INFO - Processing file /opt/airflow/dags/extract_exchange_rates.py for tasks to queue
[2025-02-27T01:47:31.631+0000] {logging_mixin.py:151} INFO - [2025-02-27T01:47:31.631+0000] {dagbag.py:536} INFO - Filling up the DagBag from /opt/airflow/dags/extract_exchange_rates.py
[2025-02-27T01:47:31.642+0000] {processor.py:839} INFO - DAG(s) dict_keys(['extract_exchange_rates']) retrieved from /opt/airflow/dags/extract_exchange_rates.py
[2025-02-27T01:47:31.656+0000] {logging_mixin.py:151} INFO - [2025-02-27T01:47:31.656+0000] {dag.py:2941} INFO - Sync 1 DAGs
[2025-02-27T01:47:31.666+0000] {logging_mixin.py:151} INFO - [2025-02-27T01:47:31.666+0000] {dag.py:3722} INFO - Setting next_dagrun for extract_exchange_rates to 2025-02-27T00:00:00+00:00, run_after=2025-02-28T00:00:00+00:00
[2025-02-27T01:47:31.673+0000] {processor.py:179} INFO - Processing /opt/airflow/dags/extract_exchange_rates.py took 0.046 seconds
[2025-02-27T01:48:01.998+0000] {processor.py:157} INFO - Started process (PID=1561) to work on /opt/airflow/dags/extract_exchange_rates.py
[2025-02-27T01:48:01.998+0000] {processor.py:829} INFO - Processing file /opt/airflow/dags/extract_exchange_rates.py for tasks to queue
[2025-02-27T01:48:01.999+0000] {logging_mixin.py:151} INFO - [2025-02-27T01:48:01.999+0000] {dagbag.py:536} INFO - Filling up the DagBag from /opt/airflow/dags/extract_exchange_rates.py
[2025-02-27T01:48:02.010+0000] {processor.py:839} INFO - DAG(s) dict_keys(['extract_exchange_rates']) retrieved from /opt/airflow/dags/extract_exchange_rates.py
[2025-02-27T01:48:02.025+0000] {logging_mixin.py:151} INFO - [2025-02-27T01:48:02.025+0000] {dag.py:2941} INFO - Sync 1 DAGs
[2025-02-27T01:48:02.035+0000] {logging_mixin.py:151} INFO - [2025-02-27T01:48:02.035+0000] {dag.py:3722} INFO - Setting next_dagrun for extract_exchange_rates to 2025-02-27T00:00:00+00:00, run_after=2025-02-28T00:00:00+00:00
[2025-02-27T01:48:02.042+0000] {processor.py:179} INFO - Processing /opt/airflow/dags/extract_exchange_rates.py took 0.047 seconds
[2025-02-27T01:48:32.342+0000] {processor.py:157} INFO - Started process (PID=1566) to work on /opt/airflow/dags/extract_exchange_rates.py
[2025-02-27T01:48:32.343+0000] {processor.py:829} INFO - Processing file /opt/airflow/dags/extract_exchange_rates.py for tasks to queue
[2025-02-27T01:48:32.343+0000] {logging_mixin.py:151} INFO - [2025-02-27T01:48:32.343+0000] {dagbag.py:536} INFO - Filling up the DagBag from /opt/airflow/dags/extract_exchange_rates.py
[2025-02-27T01:48:32.357+0000] {processor.py:839} INFO - DAG(s) dict_keys(['extract_exchange_rates']) retrieved from /opt/airflow/dags/extract_exchange_rates.py
[2025-02-27T01:48:32.372+0000] {logging_mixin.py:151} INFO - [2025-02-27T01:48:32.372+0000] {dag.py:2941} INFO - Sync 1 DAGs
[2025-02-27T01:48:32.383+0000] {logging_mixin.py:151} INFO - [2025-02-27T01:48:32.382+0000] {dag.py:3722} INFO - Setting next_dagrun for extract_exchange_rates to 2025-02-27T00:00:00+00:00, run_after=2025-02-28T00:00:00+00:00
[2025-02-27T01:48:32.394+0000] {processor.py:179} INFO - Processing /opt/airflow/dags/extract_exchange_rates.py took 0.056 seconds
[2025-02-27T01:49:02.702+0000] {processor.py:157} INFO - Started process (PID=1571) to work on /opt/airflow/dags/extract_exchange_rates.py
[2025-02-27T01:49:02.703+0000] {processor.py:829} INFO - Processing file /opt/airflow/dags/extract_exchange_rates.py for tasks to queue
[2025-02-27T01:49:02.703+0000] {logging_mixin.py:151} INFO - [2025-02-27T01:49:02.703+0000] {dagbag.py:536} INFO - Filling up the DagBag from /opt/airflow/dags/extract_exchange_rates.py
[2025-02-27T01:49:02.715+0000] {processor.py:839} INFO - DAG(s) dict_keys(['extract_exchange_rates']) retrieved from /opt/airflow/dags/extract_exchange_rates.py
[2025-02-27T01:49:02.731+0000] {logging_mixin.py:151} INFO - [2025-02-27T01:49:02.731+0000] {dag.py:2941} INFO - Sync 1 DAGs
[2025-02-27T01:49:02.741+0000] {logging_mixin.py:151} INFO - [2025-02-27T01:49:02.741+0000] {dag.py:3722} INFO - Setting next_dagrun for extract_exchange_rates to 2025-02-27T00:00:00+00:00, run_after=2025-02-28T00:00:00+00:00
[2025-02-27T01:49:02.748+0000] {processor.py:179} INFO - Processing /opt/airflow/dags/extract_exchange_rates.py took 0.049 seconds
[2025-02-27T01:49:33.004+0000] {processor.py:157} INFO - Started process (PID=1576) to work on /opt/airflow/dags/extract_exchange_rates.py
[2025-02-27T01:49:33.004+0000] {processor.py:829} INFO - Processing file /opt/airflow/dags/extract_exchange_rates.py for tasks to queue
[2025-02-27T01:49:33.005+0000] {logging_mixin.py:151} INFO - [2025-02-27T01:49:33.005+0000] {dagbag.py:536} INFO - Filling up the DagBag from /opt/airflow/dags/extract_exchange_rates.py
[2025-02-27T01:49:33.019+0000] {processor.py:839} INFO - DAG(s) dict_keys(['extract_exchange_rates']) retrieved from /opt/airflow/dags/extract_exchange_rates.py
[2025-02-27T01:49:33.032+0000] {logging_mixin.py:151} INFO - [2025-02-27T01:49:33.032+0000] {dag.py:2941} INFO - Sync 1 DAGs
[2025-02-27T01:49:33.043+0000] {logging_mixin.py:151} INFO - [2025-02-27T01:49:33.043+0000] {dag.py:3722} INFO - Setting next_dagrun for extract_exchange_rates to 2025-02-27T00:00:00+00:00, run_after=2025-02-28T00:00:00+00:00
[2025-02-27T01:49:33.050+0000] {processor.py:179} INFO - Processing /opt/airflow/dags/extract_exchange_rates.py took 0.050 seconds
[2025-02-27T01:50:03.327+0000] {processor.py:157} INFO - Started process (PID=1581) to work on /opt/airflow/dags/extract_exchange_rates.py
[2025-02-27T01:50:03.327+0000] {processor.py:829} INFO - Processing file /opt/airflow/dags/extract_exchange_rates.py for tasks to queue
[2025-02-27T01:50:03.328+0000] {logging_mixin.py:151} INFO - [2025-02-27T01:50:03.327+0000] {dagbag.py:536} INFO - Filling up the DagBag from /opt/airflow/dags/extract_exchange_rates.py
[2025-02-27T01:50:03.335+0000] {processor.py:839} INFO - DAG(s) dict_keys(['extract_exchange_rates']) retrieved from /opt/airflow/dags/extract_exchange_rates.py
[2025-02-27T01:50:03.349+0000] {logging_mixin.py:151} INFO - [2025-02-27T01:50:03.349+0000] {dag.py:2941} INFO - Sync 1 DAGs
[2025-02-27T01:50:03.360+0000] {logging_mixin.py:151} INFO - [2025-02-27T01:50:03.360+0000] {dag.py:3722} INFO - Setting next_dagrun for extract_exchange_rates to 2025-02-27T00:00:00+00:00, run_after=2025-02-28T00:00:00+00:00
[2025-02-27T01:50:03.368+0000] {processor.py:179} INFO - Processing /opt/airflow/dags/extract_exchange_rates.py took 0.043 seconds
[2025-02-27T01:50:33.687+0000] {processor.py:157} INFO - Started process (PID=1586) to work on /opt/airflow/dags/extract_exchange_rates.py
[2025-02-27T01:50:33.688+0000] {processor.py:829} INFO - Processing file /opt/airflow/dags/extract_exchange_rates.py for tasks to queue
[2025-02-27T01:50:33.689+0000] {logging_mixin.py:151} INFO - [2025-02-27T01:50:33.688+0000] {dagbag.py:536} INFO - Filling up the DagBag from /opt/airflow/dags/extract_exchange_rates.py
[2025-02-27T01:50:33.699+0000] {processor.py:839} INFO - DAG(s) dict_keys(['extract_exchange_rates']) retrieved from /opt/airflow/dags/extract_exchange_rates.py
[2025-02-27T01:50:33.717+0000] {logging_mixin.py:151} INFO - [2025-02-27T01:50:33.717+0000] {dag.py:2941} INFO - Sync 1 DAGs
[2025-02-27T01:50:33.728+0000] {logging_mixin.py:151} INFO - [2025-02-27T01:50:33.728+0000] {dag.py:3722} INFO - Setting next_dagrun for extract_exchange_rates to 2025-02-27T00:00:00+00:00, run_after=2025-02-28T00:00:00+00:00
[2025-02-27T01:50:33.738+0000] {processor.py:179} INFO - Processing /opt/airflow/dags/extract_exchange_rates.py took 0.053 seconds
[2025-02-27T01:51:04.035+0000] {processor.py:157} INFO - Started process (PID=1591) to work on /opt/airflow/dags/extract_exchange_rates.py
[2025-02-27T01:51:04.036+0000] {processor.py:829} INFO - Processing file /opt/airflow/dags/extract_exchange_rates.py for tasks to queue
[2025-02-27T01:51:04.036+0000] {logging_mixin.py:151} INFO - [2025-02-27T01:51:04.036+0000] {dagbag.py:536} INFO - Filling up the DagBag from /opt/airflow/dags/extract_exchange_rates.py
[2025-02-27T01:51:04.047+0000] {processor.py:839} INFO - DAG(s) dict_keys(['extract_exchange_rates']) retrieved from /opt/airflow/dags/extract_exchange_rates.py
[2025-02-27T01:51:04.060+0000] {logging_mixin.py:151} INFO - [2025-02-27T01:51:04.060+0000] {dag.py:2941} INFO - Sync 1 DAGs
[2025-02-27T01:51:04.071+0000] {logging_mixin.py:151} INFO - [2025-02-27T01:51:04.071+0000] {dag.py:3722} INFO - Setting next_dagrun for extract_exchange_rates to 2025-02-27T00:00:00+00:00, run_after=2025-02-28T00:00:00+00:00
[2025-02-27T01:51:04.079+0000] {processor.py:179} INFO - Processing /opt/airflow/dags/extract_exchange_rates.py took 0.046 seconds
[2025-02-27T01:51:34.354+0000] {processor.py:157} INFO - Started process (PID=1596) to work on /opt/airflow/dags/extract_exchange_rates.py
[2025-02-27T01:51:34.354+0000] {processor.py:829} INFO - Processing file /opt/airflow/dags/extract_exchange_rates.py for tasks to queue
[2025-02-27T01:51:34.355+0000] {logging_mixin.py:151} INFO - [2025-02-27T01:51:34.355+0000] {dagbag.py:536} INFO - Filling up the DagBag from /opt/airflow/dags/extract_exchange_rates.py
[2025-02-27T01:51:34.365+0000] {processor.py:839} INFO - DAG(s) dict_keys(['extract_exchange_rates']) retrieved from /opt/airflow/dags/extract_exchange_rates.py
[2025-02-27T01:51:34.378+0000] {logging_mixin.py:151} INFO - [2025-02-27T01:51:34.378+0000] {dag.py:2941} INFO - Sync 1 DAGs
[2025-02-27T01:51:34.388+0000] {logging_mixin.py:151} INFO - [2025-02-27T01:51:34.388+0000] {dag.py:3722} INFO - Setting next_dagrun for extract_exchange_rates to 2025-02-27T00:00:00+00:00, run_after=2025-02-28T00:00:00+00:00
[2025-02-27T01:51:34.396+0000] {processor.py:179} INFO - Processing /opt/airflow/dags/extract_exchange_rates.py took 0.045 seconds
[2025-02-27T01:52:04.675+0000] {processor.py:157} INFO - Started process (PID=1601) to work on /opt/airflow/dags/extract_exchange_rates.py
[2025-02-27T01:52:04.676+0000] {processor.py:829} INFO - Processing file /opt/airflow/dags/extract_exchange_rates.py for tasks to queue
[2025-02-27T01:52:04.676+0000] {logging_mixin.py:151} INFO - [2025-02-27T01:52:04.676+0000] {dagbag.py:536} INFO - Filling up the DagBag from /opt/airflow/dags/extract_exchange_rates.py
[2025-02-27T01:52:04.686+0000] {processor.py:839} INFO - DAG(s) dict_keys(['extract_exchange_rates']) retrieved from /opt/airflow/dags/extract_exchange_rates.py
[2025-02-27T01:52:04.701+0000] {logging_mixin.py:151} INFO - [2025-02-27T01:52:04.701+0000] {dag.py:2941} INFO - Sync 1 DAGs
[2025-02-27T01:52:04.711+0000] {logging_mixin.py:151} INFO - [2025-02-27T01:52:04.711+0000] {dag.py:3722} INFO - Setting next_dagrun for extract_exchange_rates to 2025-02-27T00:00:00+00:00, run_after=2025-02-28T00:00:00+00:00
[2025-02-27T01:52:04.719+0000] {processor.py:179} INFO - Processing /opt/airflow/dags/extract_exchange_rates.py took 0.047 seconds
[2025-02-27T01:52:34.985+0000] {processor.py:157} INFO - Started process (PID=1606) to work on /opt/airflow/dags/extract_exchange_rates.py
[2025-02-27T01:52:34.985+0000] {processor.py:829} INFO - Processing file /opt/airflow/dags/extract_exchange_rates.py for tasks to queue
[2025-02-27T01:52:34.986+0000] {logging_mixin.py:151} INFO - [2025-02-27T01:52:34.986+0000] {dagbag.py:536} INFO - Filling up the DagBag from /opt/airflow/dags/extract_exchange_rates.py
[2025-02-27T01:52:34.997+0000] {processor.py:839} INFO - DAG(s) dict_keys(['extract_exchange_rates']) retrieved from /opt/airflow/dags/extract_exchange_rates.py
[2025-02-27T01:52:35.009+0000] {logging_mixin.py:151} INFO - [2025-02-27T01:52:35.009+0000] {dag.py:2941} INFO - Sync 1 DAGs
[2025-02-27T01:52:35.020+0000] {logging_mixin.py:151} INFO - [2025-02-27T01:52:35.020+0000] {dag.py:3722} INFO - Setting next_dagrun for extract_exchange_rates to 2025-02-27T00:00:00+00:00, run_after=2025-02-28T00:00:00+00:00
[2025-02-27T01:52:35.026+0000] {processor.py:179} INFO - Processing /opt/airflow/dags/extract_exchange_rates.py took 0.044 seconds
[2025-02-27T01:53:05.264+0000] {processor.py:157} INFO - Started process (PID=1611) to work on /opt/airflow/dags/extract_exchange_rates.py
[2025-02-27T01:53:05.265+0000] {processor.py:829} INFO - Processing file /opt/airflow/dags/extract_exchange_rates.py for tasks to queue
[2025-02-27T01:53:05.265+0000] {logging_mixin.py:151} INFO - [2025-02-27T01:53:05.265+0000] {dagbag.py:536} INFO - Filling up the DagBag from /opt/airflow/dags/extract_exchange_rates.py
[2025-02-27T01:53:05.273+0000] {processor.py:839} INFO - DAG(s) dict_keys(['extract_exchange_rates']) retrieved from /opt/airflow/dags/extract_exchange_rates.py
[2025-02-27T01:53:05.285+0000] {logging_mixin.py:151} INFO - [2025-02-27T01:53:05.285+0000] {dag.py:2941} INFO - Sync 1 DAGs
[2025-02-27T01:53:05.295+0000] {logging_mixin.py:151} INFO - [2025-02-27T01:53:05.295+0000] {dag.py:3722} INFO - Setting next_dagrun for extract_exchange_rates to 2025-02-27T00:00:00+00:00, run_after=2025-02-28T00:00:00+00:00
[2025-02-27T01:53:05.301+0000] {processor.py:179} INFO - Processing /opt/airflow/dags/extract_exchange_rates.py took 0.039 seconds
[2025-02-27T01:53:35.559+0000] {processor.py:157} INFO - Started process (PID=1616) to work on /opt/airflow/dags/extract_exchange_rates.py
[2025-02-27T01:53:35.560+0000] {processor.py:829} INFO - Processing file /opt/airflow/dags/extract_exchange_rates.py for tasks to queue
[2025-02-27T01:53:35.560+0000] {logging_mixin.py:151} INFO - [2025-02-27T01:53:35.560+0000] {dagbag.py:536} INFO - Filling up the DagBag from /opt/airflow/dags/extract_exchange_rates.py
[2025-02-27T01:53:35.572+0000] {processor.py:839} INFO - DAG(s) dict_keys(['extract_exchange_rates']) retrieved from /opt/airflow/dags/extract_exchange_rates.py
[2025-02-27T01:53:35.584+0000] {logging_mixin.py:151} INFO - [2025-02-27T01:53:35.584+0000] {dag.py:2941} INFO - Sync 1 DAGs
[2025-02-27T01:53:35.594+0000] {logging_mixin.py:151} INFO - [2025-02-27T01:53:35.594+0000] {dag.py:3722} INFO - Setting next_dagrun for extract_exchange_rates to 2025-02-27T00:00:00+00:00, run_after=2025-02-28T00:00:00+00:00
[2025-02-27T01:53:35.601+0000] {processor.py:179} INFO - Processing /opt/airflow/dags/extract_exchange_rates.py took 0.045 seconds
[2025-02-27T01:54:05.924+0000] {processor.py:157} INFO - Started process (PID=1621) to work on /opt/airflow/dags/extract_exchange_rates.py
[2025-02-27T01:54:05.924+0000] {processor.py:829} INFO - Processing file /opt/airflow/dags/extract_exchange_rates.py for tasks to queue
[2025-02-27T01:54:05.925+0000] {logging_mixin.py:151} INFO - [2025-02-27T01:54:05.925+0000] {dagbag.py:536} INFO - Filling up the DagBag from /opt/airflow/dags/extract_exchange_rates.py
[2025-02-27T01:54:05.936+0000] {processor.py:839} INFO - DAG(s) dict_keys(['extract_exchange_rates']) retrieved from /opt/airflow/dags/extract_exchange_rates.py
[2025-02-27T01:54:05.950+0000] {logging_mixin.py:151} INFO - [2025-02-27T01:54:05.950+0000] {dag.py:2941} INFO - Sync 1 DAGs
[2025-02-27T01:54:05.961+0000] {logging_mixin.py:151} INFO - [2025-02-27T01:54:05.960+0000] {dag.py:3722} INFO - Setting next_dagrun for extract_exchange_rates to 2025-02-27T00:00:00+00:00, run_after=2025-02-28T00:00:00+00:00
[2025-02-27T01:54:05.968+0000] {processor.py:179} INFO - Processing /opt/airflow/dags/extract_exchange_rates.py took 0.046 seconds
[2025-02-27T01:54:36.250+0000] {processor.py:157} INFO - Started process (PID=1626) to work on /opt/airflow/dags/extract_exchange_rates.py
[2025-02-27T01:54:36.250+0000] {processor.py:829} INFO - Processing file /opt/airflow/dags/extract_exchange_rates.py for tasks to queue
[2025-02-27T01:54:36.251+0000] {logging_mixin.py:151} INFO - [2025-02-27T01:54:36.251+0000] {dagbag.py:536} INFO - Filling up the DagBag from /opt/airflow/dags/extract_exchange_rates.py
[2025-02-27T01:54:36.260+0000] {processor.py:839} INFO - DAG(s) dict_keys(['extract_exchange_rates']) retrieved from /opt/airflow/dags/extract_exchange_rates.py
[2025-02-27T01:54:36.273+0000] {logging_mixin.py:151} INFO - [2025-02-27T01:54:36.272+0000] {dag.py:2941} INFO - Sync 1 DAGs
[2025-02-27T01:54:36.282+0000] {logging_mixin.py:151} INFO - [2025-02-27T01:54:36.282+0000] {dag.py:3722} INFO - Setting next_dagrun for extract_exchange_rates to 2025-02-27T00:00:00+00:00, run_after=2025-02-28T00:00:00+00:00
[2025-02-27T01:54:36.289+0000] {processor.py:179} INFO - Processing /opt/airflow/dags/extract_exchange_rates.py took 0.040 seconds
[2025-02-27T01:55:06.590+0000] {processor.py:157} INFO - Started process (PID=1631) to work on /opt/airflow/dags/extract_exchange_rates.py
[2025-02-27T01:55:06.591+0000] {processor.py:829} INFO - Processing file /opt/airflow/dags/extract_exchange_rates.py for tasks to queue
[2025-02-27T01:55:06.592+0000] {logging_mixin.py:151} INFO - [2025-02-27T01:55:06.591+0000] {dagbag.py:536} INFO - Filling up the DagBag from /opt/airflow/dags/extract_exchange_rates.py
[2025-02-27T01:55:06.603+0000] {processor.py:839} INFO - DAG(s) dict_keys(['extract_exchange_rates']) retrieved from /opt/airflow/dags/extract_exchange_rates.py
[2025-02-27T01:55:06.619+0000] {logging_mixin.py:151} INFO - [2025-02-27T01:55:06.618+0000] {dag.py:2941} INFO - Sync 1 DAGs
[2025-02-27T01:55:06.628+0000] {logging_mixin.py:151} INFO - [2025-02-27T01:55:06.628+0000] {dag.py:3722} INFO - Setting next_dagrun for extract_exchange_rates to 2025-02-27T00:00:00+00:00, run_after=2025-02-28T00:00:00+00:00
[2025-02-27T01:55:06.636+0000] {processor.py:179} INFO - Processing /opt/airflow/dags/extract_exchange_rates.py took 0.049 seconds
[2025-02-27T01:55:36.935+0000] {processor.py:157} INFO - Started process (PID=1636) to work on /opt/airflow/dags/extract_exchange_rates.py
[2025-02-27T01:55:36.936+0000] {processor.py:829} INFO - Processing file /opt/airflow/dags/extract_exchange_rates.py for tasks to queue
[2025-02-27T01:55:36.937+0000] {logging_mixin.py:151} INFO - [2025-02-27T01:55:36.936+0000] {dagbag.py:536} INFO - Filling up the DagBag from /opt/airflow/dags/extract_exchange_rates.py
[2025-02-27T01:55:36.948+0000] {processor.py:839} INFO - DAG(s) dict_keys(['extract_exchange_rates']) retrieved from /opt/airflow/dags/extract_exchange_rates.py
[2025-02-27T01:55:36.964+0000] {logging_mixin.py:151} INFO - [2025-02-27T01:55:36.964+0000] {dag.py:2941} INFO - Sync 1 DAGs
[2025-02-27T01:55:36.974+0000] {logging_mixin.py:151} INFO - [2025-02-27T01:55:36.974+0000] {dag.py:3722} INFO - Setting next_dagrun for extract_exchange_rates to 2025-02-27T00:00:00+00:00, run_after=2025-02-28T00:00:00+00:00
[2025-02-27T01:55:36.981+0000] {processor.py:179} INFO - Processing /opt/airflow/dags/extract_exchange_rates.py took 0.049 seconds
[2025-02-27T01:56:07.294+0000] {processor.py:157} INFO - Started process (PID=1641) to work on /opt/airflow/dags/extract_exchange_rates.py
[2025-02-27T01:56:07.295+0000] {processor.py:829} INFO - Processing file /opt/airflow/dags/extract_exchange_rates.py for tasks to queue
[2025-02-27T01:56:07.295+0000] {logging_mixin.py:151} INFO - [2025-02-27T01:56:07.295+0000] {dagbag.py:536} INFO - Filling up the DagBag from /opt/airflow/dags/extract_exchange_rates.py
[2025-02-27T01:56:07.306+0000] {processor.py:839} INFO - DAG(s) dict_keys(['extract_exchange_rates']) retrieved from /opt/airflow/dags/extract_exchange_rates.py
[2025-02-27T01:56:07.321+0000] {logging_mixin.py:151} INFO - [2025-02-27T01:56:07.321+0000] {dag.py:2941} INFO - Sync 1 DAGs
[2025-02-27T01:56:07.331+0000] {logging_mixin.py:151} INFO - [2025-02-27T01:56:07.331+0000] {dag.py:3722} INFO - Setting next_dagrun for extract_exchange_rates to 2025-02-27T00:00:00+00:00, run_after=2025-02-28T00:00:00+00:00
[2025-02-27T01:56:07.339+0000] {processor.py:179} INFO - Processing /opt/airflow/dags/extract_exchange_rates.py took 0.047 seconds
[2025-02-27T01:56:37.641+0000] {processor.py:157} INFO - Started process (PID=1646) to work on /opt/airflow/dags/extract_exchange_rates.py
[2025-02-27T01:56:37.641+0000] {processor.py:829} INFO - Processing file /opt/airflow/dags/extract_exchange_rates.py for tasks to queue
[2025-02-27T01:56:37.642+0000] {logging_mixin.py:151} INFO - [2025-02-27T01:56:37.642+0000] {dagbag.py:536} INFO - Filling up the DagBag from /opt/airflow/dags/extract_exchange_rates.py
[2025-02-27T01:56:37.653+0000] {processor.py:839} INFO - DAG(s) dict_keys(['extract_exchange_rates']) retrieved from /opt/airflow/dags/extract_exchange_rates.py
[2025-02-27T01:56:37.667+0000] {logging_mixin.py:151} INFO - [2025-02-27T01:56:37.667+0000] {dag.py:2941} INFO - Sync 1 DAGs
[2025-02-27T01:56:37.677+0000] {logging_mixin.py:151} INFO - [2025-02-27T01:56:37.677+0000] {dag.py:3722} INFO - Setting next_dagrun for extract_exchange_rates to 2025-02-27T00:00:00+00:00, run_after=2025-02-28T00:00:00+00:00
[2025-02-27T01:56:37.685+0000] {processor.py:179} INFO - Processing /opt/airflow/dags/extract_exchange_rates.py took 0.046 seconds
[2025-02-27T01:57:07.980+0000] {processor.py:157} INFO - Started process (PID=1651) to work on /opt/airflow/dags/extract_exchange_rates.py
[2025-02-27T01:57:07.980+0000] {processor.py:829} INFO - Processing file /opt/airflow/dags/extract_exchange_rates.py for tasks to queue
[2025-02-27T01:57:07.981+0000] {logging_mixin.py:151} INFO - [2025-02-27T01:57:07.981+0000] {dagbag.py:536} INFO - Filling up the DagBag from /opt/airflow/dags/extract_exchange_rates.py
[2025-02-27T01:57:07.991+0000] {processor.py:839} INFO - DAG(s) dict_keys(['extract_exchange_rates']) retrieved from /opt/airflow/dags/extract_exchange_rates.py
[2025-02-27T01:57:08.005+0000] {logging_mixin.py:151} INFO - [2025-02-27T01:57:08.005+0000] {dag.py:2941} INFO - Sync 1 DAGs
[2025-02-27T01:57:08.015+0000] {logging_mixin.py:151} INFO - [2025-02-27T01:57:08.015+0000] {dag.py:3722} INFO - Setting next_dagrun for extract_exchange_rates to 2025-02-27T00:00:00+00:00, run_after=2025-02-28T00:00:00+00:00
[2025-02-27T01:57:08.022+0000] {processor.py:179} INFO - Processing /opt/airflow/dags/extract_exchange_rates.py took 0.045 seconds
[2025-02-27T01:57:38.311+0000] {processor.py:157} INFO - Started process (PID=1656) to work on /opt/airflow/dags/extract_exchange_rates.py
[2025-02-27T01:57:38.312+0000] {processor.py:829} INFO - Processing file /opt/airflow/dags/extract_exchange_rates.py for tasks to queue
[2025-02-27T01:57:38.313+0000] {logging_mixin.py:151} INFO - [2025-02-27T01:57:38.313+0000] {dagbag.py:536} INFO - Filling up the DagBag from /opt/airflow/dags/extract_exchange_rates.py
[2025-02-27T01:57:38.323+0000] {processor.py:839} INFO - DAG(s) dict_keys(['extract_exchange_rates']) retrieved from /opt/airflow/dags/extract_exchange_rates.py
[2025-02-27T01:57:38.337+0000] {logging_mixin.py:151} INFO - [2025-02-27T01:57:38.337+0000] {dag.py:2941} INFO - Sync 1 DAGs
[2025-02-27T01:57:38.348+0000] {logging_mixin.py:151} INFO - [2025-02-27T01:57:38.347+0000] {dag.py:3722} INFO - Setting next_dagrun for extract_exchange_rates to 2025-02-27T00:00:00+00:00, run_after=2025-02-28T00:00:00+00:00
[2025-02-27T01:57:38.355+0000] {processor.py:179} INFO - Processing /opt/airflow/dags/extract_exchange_rates.py took 0.047 seconds
[2025-02-27T01:58:08.691+0000] {processor.py:157} INFO - Started process (PID=1661) to work on /opt/airflow/dags/extract_exchange_rates.py
[2025-02-27T01:58:08.692+0000] {processor.py:829} INFO - Processing file /opt/airflow/dags/extract_exchange_rates.py for tasks to queue
[2025-02-27T01:58:08.692+0000] {logging_mixin.py:151} INFO - [2025-02-27T01:58:08.692+0000] {dagbag.py:536} INFO - Filling up the DagBag from /opt/airflow/dags/extract_exchange_rates.py
[2025-02-27T01:58:08.703+0000] {processor.py:839} INFO - DAG(s) dict_keys(['extract_exchange_rates']) retrieved from /opt/airflow/dags/extract_exchange_rates.py
[2025-02-27T01:58:08.717+0000] {logging_mixin.py:151} INFO - [2025-02-27T01:58:08.717+0000] {dag.py:2941} INFO - Sync 1 DAGs
[2025-02-27T01:58:08.727+0000] {logging_mixin.py:151} INFO - [2025-02-27T01:58:08.727+0000] {dag.py:3722} INFO - Setting next_dagrun for extract_exchange_rates to 2025-02-27T00:00:00+00:00, run_after=2025-02-28T00:00:00+00:00
[2025-02-27T01:58:08.735+0000] {processor.py:179} INFO - Processing /opt/airflow/dags/extract_exchange_rates.py took 0.047 seconds
[2025-02-27T01:58:38.996+0000] {processor.py:157} INFO - Started process (PID=1666) to work on /opt/airflow/dags/extract_exchange_rates.py
[2025-02-27T01:58:38.997+0000] {processor.py:829} INFO - Processing file /opt/airflow/dags/extract_exchange_rates.py for tasks to queue
[2025-02-27T01:58:38.998+0000] {logging_mixin.py:151} INFO - [2025-02-27T01:58:38.998+0000] {dagbag.py:536} INFO - Filling up the DagBag from /opt/airflow/dags/extract_exchange_rates.py
[2025-02-27T01:58:39.008+0000] {processor.py:839} INFO - DAG(s) dict_keys(['extract_exchange_rates']) retrieved from /opt/airflow/dags/extract_exchange_rates.py
[2025-02-27T01:58:39.021+0000] {logging_mixin.py:151} INFO - [2025-02-27T01:58:39.021+0000] {dag.py:2941} INFO - Sync 1 DAGs
[2025-02-27T01:58:39.032+0000] {logging_mixin.py:151} INFO - [2025-02-27T01:58:39.032+0000] {dag.py:3722} INFO - Setting next_dagrun for extract_exchange_rates to 2025-02-27T00:00:00+00:00, run_after=2025-02-28T00:00:00+00:00
[2025-02-27T01:58:39.039+0000] {processor.py:179} INFO - Processing /opt/airflow/dags/extract_exchange_rates.py took 0.045 seconds
[2025-02-27T01:59:09.297+0000] {processor.py:157} INFO - Started process (PID=1671) to work on /opt/airflow/dags/extract_exchange_rates.py
[2025-02-27T01:59:09.298+0000] {processor.py:829} INFO - Processing file /opt/airflow/dags/extract_exchange_rates.py for tasks to queue
[2025-02-27T01:59:09.299+0000] {logging_mixin.py:151} INFO - [2025-02-27T01:59:09.299+0000] {dagbag.py:536} INFO - Filling up the DagBag from /opt/airflow/dags/extract_exchange_rates.py
[2025-02-27T01:59:09.310+0000] {processor.py:839} INFO - DAG(s) dict_keys(['extract_exchange_rates']) retrieved from /opt/airflow/dags/extract_exchange_rates.py
[2025-02-27T01:59:09.322+0000] {logging_mixin.py:151} INFO - [2025-02-27T01:59:09.322+0000] {dag.py:2941} INFO - Sync 1 DAGs
[2025-02-27T01:59:09.333+0000] {logging_mixin.py:151} INFO - [2025-02-27T01:59:09.333+0000] {dag.py:3722} INFO - Setting next_dagrun for extract_exchange_rates to 2025-02-27T00:00:00+00:00, run_after=2025-02-28T00:00:00+00:00
[2025-02-27T01:59:09.340+0000] {processor.py:179} INFO - Processing /opt/airflow/dags/extract_exchange_rates.py took 0.045 seconds
[2025-02-27T01:59:39.618+0000] {processor.py:157} INFO - Started process (PID=1676) to work on /opt/airflow/dags/extract_exchange_rates.py
[2025-02-27T01:59:39.619+0000] {processor.py:829} INFO - Processing file /opt/airflow/dags/extract_exchange_rates.py for tasks to queue
[2025-02-27T01:59:39.620+0000] {logging_mixin.py:151} INFO - [2025-02-27T01:59:39.619+0000] {dagbag.py:536} INFO - Filling up the DagBag from /opt/airflow/dags/extract_exchange_rates.py
[2025-02-27T01:59:39.629+0000] {processor.py:839} INFO - DAG(s) dict_keys(['extract_exchange_rates']) retrieved from /opt/airflow/dags/extract_exchange_rates.py
[2025-02-27T01:59:39.642+0000] {logging_mixin.py:151} INFO - [2025-02-27T01:59:39.642+0000] {dag.py:2941} INFO - Sync 1 DAGs
[2025-02-27T01:59:39.651+0000] {logging_mixin.py:151} INFO - [2025-02-27T01:59:39.651+0000] {dag.py:3722} INFO - Setting next_dagrun for extract_exchange_rates to 2025-02-27T00:00:00+00:00, run_after=2025-02-28T00:00:00+00:00
[2025-02-27T01:59:39.659+0000] {processor.py:179} INFO - Processing /opt/airflow/dags/extract_exchange_rates.py took 0.043 seconds
[2025-02-27T02:00:09.954+0000] {processor.py:157} INFO - Started process (PID=1681) to work on /opt/airflow/dags/extract_exchange_rates.py
[2025-02-27T02:00:09.955+0000] {processor.py:829} INFO - Processing file /opt/airflow/dags/extract_exchange_rates.py for tasks to queue
[2025-02-27T02:00:09.955+0000] {logging_mixin.py:151} INFO - [2025-02-27T02:00:09.955+0000] {dagbag.py:536} INFO - Filling up the DagBag from /opt/airflow/dags/extract_exchange_rates.py
[2025-02-27T02:00:09.966+0000] {processor.py:839} INFO - DAG(s) dict_keys(['extract_exchange_rates']) retrieved from /opt/airflow/dags/extract_exchange_rates.py
[2025-02-27T02:00:09.978+0000] {logging_mixin.py:151} INFO - [2025-02-27T02:00:09.978+0000] {dag.py:2941} INFO - Sync 1 DAGs
[2025-02-27T02:00:09.988+0000] {logging_mixin.py:151} INFO - [2025-02-27T02:00:09.988+0000] {dag.py:3722} INFO - Setting next_dagrun for extract_exchange_rates to 2025-02-27T00:00:00+00:00, run_after=2025-02-28T00:00:00+00:00
[2025-02-27T02:00:09.996+0000] {processor.py:179} INFO - Processing /opt/airflow/dags/extract_exchange_rates.py took 0.044 seconds
[2025-02-27T02:00:40.311+0000] {processor.py:157} INFO - Started process (PID=1686) to work on /opt/airflow/dags/extract_exchange_rates.py
[2025-02-27T02:00:40.311+0000] {processor.py:829} INFO - Processing file /opt/airflow/dags/extract_exchange_rates.py for tasks to queue
[2025-02-27T02:00:40.312+0000] {logging_mixin.py:151} INFO - [2025-02-27T02:00:40.312+0000] {dagbag.py:536} INFO - Filling up the DagBag from /opt/airflow/dags/extract_exchange_rates.py
[2025-02-27T02:00:40.322+0000] {processor.py:839} INFO - DAG(s) dict_keys(['extract_exchange_rates']) retrieved from /opt/airflow/dags/extract_exchange_rates.py
[2025-02-27T02:00:40.336+0000] {logging_mixin.py:151} INFO - [2025-02-27T02:00:40.336+0000] {dag.py:2941} INFO - Sync 1 DAGs
[2025-02-27T02:00:40.346+0000] {logging_mixin.py:151} INFO - [2025-02-27T02:00:40.346+0000] {dag.py:3722} INFO - Setting next_dagrun for extract_exchange_rates to 2025-02-27T00:00:00+00:00, run_after=2025-02-28T00:00:00+00:00
[2025-02-27T02:00:40.354+0000] {processor.py:179} INFO - Processing /opt/airflow/dags/extract_exchange_rates.py took 0.046 seconds
[2025-02-27T02:01:10.751+0000] {processor.py:157} INFO - Started process (PID=1691) to work on /opt/airflow/dags/extract_exchange_rates.py
[2025-02-27T02:01:10.752+0000] {processor.py:829} INFO - Processing file /opt/airflow/dags/extract_exchange_rates.py for tasks to queue
[2025-02-27T02:01:10.752+0000] {logging_mixin.py:151} INFO - [2025-02-27T02:01:10.752+0000] {dagbag.py:536} INFO - Filling up the DagBag from /opt/airflow/dags/extract_exchange_rates.py
[2025-02-27T02:01:10.763+0000] {processor.py:839} INFO - DAG(s) dict_keys(['extract_exchange_rates']) retrieved from /opt/airflow/dags/extract_exchange_rates.py
[2025-02-27T02:01:10.777+0000] {logging_mixin.py:151} INFO - [2025-02-27T02:01:10.777+0000] {dag.py:2941} INFO - Sync 1 DAGs
[2025-02-27T02:01:10.788+0000] {logging_mixin.py:151} INFO - [2025-02-27T02:01:10.787+0000] {dag.py:3722} INFO - Setting next_dagrun for extract_exchange_rates to 2025-02-27T00:00:00+00:00, run_after=2025-02-28T00:00:00+00:00
[2025-02-27T02:01:10.795+0000] {processor.py:179} INFO - Processing /opt/airflow/dags/extract_exchange_rates.py took 0.047 seconds
[2025-02-27T02:01:41.206+0000] {processor.py:157} INFO - Started process (PID=1696) to work on /opt/airflow/dags/extract_exchange_rates.py
[2025-02-27T02:01:41.207+0000] {processor.py:829} INFO - Processing file /opt/airflow/dags/extract_exchange_rates.py for tasks to queue
[2025-02-27T02:01:41.207+0000] {logging_mixin.py:151} INFO - [2025-02-27T02:01:41.207+0000] {dagbag.py:536} INFO - Filling up the DagBag from /opt/airflow/dags/extract_exchange_rates.py
[2025-02-27T02:01:41.218+0000] {processor.py:839} INFO - DAG(s) dict_keys(['extract_exchange_rates']) retrieved from /opt/airflow/dags/extract_exchange_rates.py
[2025-02-27T02:01:41.231+0000] {logging_mixin.py:151} INFO - [2025-02-27T02:01:41.230+0000] {dag.py:2941} INFO - Sync 1 DAGs
[2025-02-27T02:01:41.241+0000] {logging_mixin.py:151} INFO - [2025-02-27T02:01:41.241+0000] {dag.py:3722} INFO - Setting next_dagrun for extract_exchange_rates to 2025-02-27T00:00:00+00:00, run_after=2025-02-28T00:00:00+00:00
[2025-02-27T02:01:41.248+0000] {processor.py:179} INFO - Processing /opt/airflow/dags/extract_exchange_rates.py took 0.045 seconds
[2025-02-27T02:02:11.625+0000] {processor.py:157} INFO - Started process (PID=1701) to work on /opt/airflow/dags/extract_exchange_rates.py
[2025-02-27T02:02:11.625+0000] {processor.py:829} INFO - Processing file /opt/airflow/dags/extract_exchange_rates.py for tasks to queue
[2025-02-27T02:02:11.626+0000] {logging_mixin.py:151} INFO - [2025-02-27T02:02:11.626+0000] {dagbag.py:536} INFO - Filling up the DagBag from /opt/airflow/dags/extract_exchange_rates.py
[2025-02-27T02:02:11.637+0000] {processor.py:839} INFO - DAG(s) dict_keys(['extract_exchange_rates']) retrieved from /opt/airflow/dags/extract_exchange_rates.py
[2025-02-27T02:02:11.652+0000] {logging_mixin.py:151} INFO - [2025-02-27T02:02:11.652+0000] {dag.py:2941} INFO - Sync 1 DAGs
[2025-02-27T02:02:11.662+0000] {logging_mixin.py:151} INFO - [2025-02-27T02:02:11.662+0000] {dag.py:3722} INFO - Setting next_dagrun for extract_exchange_rates to 2025-02-27T00:00:00+00:00, run_after=2025-02-28T00:00:00+00:00
[2025-02-27T02:02:11.670+0000] {processor.py:179} INFO - Processing /opt/airflow/dags/extract_exchange_rates.py took 0.047 seconds
[2025-02-27T02:02:42.041+0000] {processor.py:157} INFO - Started process (PID=1706) to work on /opt/airflow/dags/extract_exchange_rates.py
[2025-02-27T02:02:42.042+0000] {processor.py:829} INFO - Processing file /opt/airflow/dags/extract_exchange_rates.py for tasks to queue
[2025-02-27T02:02:42.043+0000] {logging_mixin.py:151} INFO - [2025-02-27T02:02:42.042+0000] {dagbag.py:536} INFO - Filling up the DagBag from /opt/airflow/dags/extract_exchange_rates.py
[2025-02-27T02:02:42.054+0000] {processor.py:839} INFO - DAG(s) dict_keys(['extract_exchange_rates']) retrieved from /opt/airflow/dags/extract_exchange_rates.py
[2025-02-27T02:02:42.068+0000] {logging_mixin.py:151} INFO - [2025-02-27T02:02:42.068+0000] {dag.py:2941} INFO - Sync 1 DAGs
[2025-02-27T02:02:42.078+0000] {logging_mixin.py:151} INFO - [2025-02-27T02:02:42.078+0000] {dag.py:3722} INFO - Setting next_dagrun for extract_exchange_rates to 2025-02-27T00:00:00+00:00, run_after=2025-02-28T00:00:00+00:00
[2025-02-27T02:02:42.085+0000] {processor.py:179} INFO - Processing /opt/airflow/dags/extract_exchange_rates.py took 0.047 seconds
[2025-02-27T02:03:12.411+0000] {processor.py:157} INFO - Started process (PID=1711) to work on /opt/airflow/dags/extract_exchange_rates.py
[2025-02-27T02:03:12.411+0000] {processor.py:829} INFO - Processing file /opt/airflow/dags/extract_exchange_rates.py for tasks to queue
[2025-02-27T02:03:12.412+0000] {logging_mixin.py:151} INFO - [2025-02-27T02:03:12.412+0000] {dagbag.py:536} INFO - Filling up the DagBag from /opt/airflow/dags/extract_exchange_rates.py
[2025-02-27T02:03:12.421+0000] {processor.py:839} INFO - DAG(s) dict_keys(['extract_exchange_rates']) retrieved from /opt/airflow/dags/extract_exchange_rates.py
[2025-02-27T02:03:12.434+0000] {logging_mixin.py:151} INFO - [2025-02-27T02:03:12.434+0000] {dag.py:2941} INFO - Sync 1 DAGs
[2025-02-27T02:03:12.444+0000] {logging_mixin.py:151} INFO - [2025-02-27T02:03:12.444+0000] {dag.py:3722} INFO - Setting next_dagrun for extract_exchange_rates to 2025-02-27T00:00:00+00:00, run_after=2025-02-28T00:00:00+00:00
[2025-02-27T02:03:12.451+0000] {processor.py:179} INFO - Processing /opt/airflow/dags/extract_exchange_rates.py took 0.043 seconds
[2025-02-27T02:03:42.749+0000] {processor.py:157} INFO - Started process (PID=1716) to work on /opt/airflow/dags/extract_exchange_rates.py
[2025-02-27T02:03:42.750+0000] {processor.py:829} INFO - Processing file /opt/airflow/dags/extract_exchange_rates.py for tasks to queue
[2025-02-27T02:03:42.750+0000] {logging_mixin.py:151} INFO - [2025-02-27T02:03:42.750+0000] {dagbag.py:536} INFO - Filling up the DagBag from /opt/airflow/dags/extract_exchange_rates.py
[2025-02-27T02:03:42.760+0000] {processor.py:839} INFO - DAG(s) dict_keys(['extract_exchange_rates']) retrieved from /opt/airflow/dags/extract_exchange_rates.py
[2025-02-27T02:03:42.773+0000] {logging_mixin.py:151} INFO - [2025-02-27T02:03:42.773+0000] {dag.py:2941} INFO - Sync 1 DAGs
[2025-02-27T02:03:42.782+0000] {logging_mixin.py:151} INFO - [2025-02-27T02:03:42.782+0000] {dag.py:3722} INFO - Setting next_dagrun for extract_exchange_rates to 2025-02-27T00:00:00+00:00, run_after=2025-02-28T00:00:00+00:00
[2025-02-27T02:03:42.790+0000] {processor.py:179} INFO - Processing /opt/airflow/dags/extract_exchange_rates.py took 0.044 seconds
[2025-02-27T02:04:13.156+0000] {processor.py:157} INFO - Started process (PID=1721) to work on /opt/airflow/dags/extract_exchange_rates.py
[2025-02-27T02:04:13.157+0000] {processor.py:829} INFO - Processing file /opt/airflow/dags/extract_exchange_rates.py for tasks to queue
[2025-02-27T02:04:13.157+0000] {logging_mixin.py:151} INFO - [2025-02-27T02:04:13.157+0000] {dagbag.py:536} INFO - Filling up the DagBag from /opt/airflow/dags/extract_exchange_rates.py
[2025-02-27T02:04:13.168+0000] {processor.py:839} INFO - DAG(s) dict_keys(['extract_exchange_rates']) retrieved from /opt/airflow/dags/extract_exchange_rates.py
[2025-02-27T02:04:13.183+0000] {logging_mixin.py:151} INFO - [2025-02-27T02:04:13.183+0000] {dag.py:2941} INFO - Sync 1 DAGs
[2025-02-27T02:04:13.193+0000] {logging_mixin.py:151} INFO - [2025-02-27T02:04:13.193+0000] {dag.py:3722} INFO - Setting next_dagrun for extract_exchange_rates to 2025-02-27T00:00:00+00:00, run_after=2025-02-28T00:00:00+00:00
[2025-02-27T02:04:13.201+0000] {processor.py:179} INFO - Processing /opt/airflow/dags/extract_exchange_rates.py took 0.047 seconds
[2025-02-27T02:04:43.532+0000] {processor.py:157} INFO - Started process (PID=1726) to work on /opt/airflow/dags/extract_exchange_rates.py
[2025-02-27T02:04:43.533+0000] {processor.py:829} INFO - Processing file /opt/airflow/dags/extract_exchange_rates.py for tasks to queue
[2025-02-27T02:04:43.533+0000] {logging_mixin.py:151} INFO - [2025-02-27T02:04:43.533+0000] {dagbag.py:536} INFO - Filling up the DagBag from /opt/airflow/dags/extract_exchange_rates.py
[2025-02-27T02:04:43.544+0000] {processor.py:839} INFO - DAG(s) dict_keys(['extract_exchange_rates']) retrieved from /opt/airflow/dags/extract_exchange_rates.py
[2025-02-27T02:04:43.558+0000] {logging_mixin.py:151} INFO - [2025-02-27T02:04:43.558+0000] {dag.py:2941} INFO - Sync 1 DAGs
[2025-02-27T02:04:43.569+0000] {logging_mixin.py:151} INFO - [2025-02-27T02:04:43.569+0000] {dag.py:3722} INFO - Setting next_dagrun for extract_exchange_rates to 2025-02-27T00:00:00+00:00, run_after=2025-02-28T00:00:00+00:00
[2025-02-27T02:04:43.576+0000] {processor.py:179} INFO - Processing /opt/airflow/dags/extract_exchange_rates.py took 0.047 seconds
[2025-02-27T02:05:13.835+0000] {processor.py:157} INFO - Started process (PID=1731) to work on /opt/airflow/dags/extract_exchange_rates.py
[2025-02-27T02:05:13.836+0000] {processor.py:829} INFO - Processing file /opt/airflow/dags/extract_exchange_rates.py for tasks to queue
[2025-02-27T02:05:13.836+0000] {logging_mixin.py:151} INFO - [2025-02-27T02:05:13.836+0000] {dagbag.py:536} INFO - Filling up the DagBag from /opt/airflow/dags/extract_exchange_rates.py
[2025-02-27T02:05:13.847+0000] {processor.py:839} INFO - DAG(s) dict_keys(['extract_exchange_rates']) retrieved from /opt/airflow/dags/extract_exchange_rates.py
[2025-02-27T02:05:13.862+0000] {logging_mixin.py:151} INFO - [2025-02-27T02:05:13.862+0000] {dag.py:2941} INFO - Sync 1 DAGs
[2025-02-27T02:05:13.872+0000] {logging_mixin.py:151} INFO - [2025-02-27T02:05:13.872+0000] {dag.py:3722} INFO - Setting next_dagrun for extract_exchange_rates to 2025-02-27T00:00:00+00:00, run_after=2025-02-28T00:00:00+00:00
[2025-02-27T02:05:13.879+0000] {processor.py:179} INFO - Processing /opt/airflow/dags/extract_exchange_rates.py took 0.047 seconds
[2025-02-27T02:05:44.174+0000] {processor.py:157} INFO - Started process (PID=1736) to work on /opt/airflow/dags/extract_exchange_rates.py
[2025-02-27T02:05:44.174+0000] {processor.py:829} INFO - Processing file /opt/airflow/dags/extract_exchange_rates.py for tasks to queue
[2025-02-27T02:05:44.175+0000] {logging_mixin.py:151} INFO - [2025-02-27T02:05:44.175+0000] {dagbag.py:536} INFO - Filling up the DagBag from /opt/airflow/dags/extract_exchange_rates.py
[2025-02-27T02:05:44.186+0000] {processor.py:839} INFO - DAG(s) dict_keys(['extract_exchange_rates']) retrieved from /opt/airflow/dags/extract_exchange_rates.py
[2025-02-27T02:05:44.200+0000] {logging_mixin.py:151} INFO - [2025-02-27T02:05:44.200+0000] {dag.py:2941} INFO - Sync 1 DAGs
[2025-02-27T02:05:44.210+0000] {logging_mixin.py:151} INFO - [2025-02-27T02:05:44.209+0000] {dag.py:3722} INFO - Setting next_dagrun for extract_exchange_rates to 2025-02-27T00:00:00+00:00, run_after=2025-02-28T00:00:00+00:00
[2025-02-27T02:05:44.217+0000] {processor.py:179} INFO - Processing /opt/airflow/dags/extract_exchange_rates.py took 0.046 seconds
[2025-02-27T02:06:14.517+0000] {processor.py:157} INFO - Started process (PID=1741) to work on /opt/airflow/dags/extract_exchange_rates.py
[2025-02-27T02:06:14.518+0000] {processor.py:829} INFO - Processing file /opt/airflow/dags/extract_exchange_rates.py for tasks to queue
[2025-02-27T02:06:14.518+0000] {logging_mixin.py:151} INFO - [2025-02-27T02:06:14.518+0000] {dagbag.py:536} INFO - Filling up the DagBag from /opt/airflow/dags/extract_exchange_rates.py
[2025-02-27T02:06:14.529+0000] {processor.py:839} INFO - DAG(s) dict_keys(['extract_exchange_rates']) retrieved from /opt/airflow/dags/extract_exchange_rates.py
[2025-02-27T02:06:14.543+0000] {logging_mixin.py:151} INFO - [2025-02-27T02:06:14.543+0000] {dag.py:2941} INFO - Sync 1 DAGs
[2025-02-27T02:06:14.553+0000] {logging_mixin.py:151} INFO - [2025-02-27T02:06:14.553+0000] {dag.py:3722} INFO - Setting next_dagrun for extract_exchange_rates to 2025-02-27T00:00:00+00:00, run_after=2025-02-28T00:00:00+00:00
[2025-02-27T02:06:14.561+0000] {processor.py:179} INFO - Processing /opt/airflow/dags/extract_exchange_rates.py took 0.046 seconds
[2025-02-27T02:06:44.856+0000] {processor.py:157} INFO - Started process (PID=1746) to work on /opt/airflow/dags/extract_exchange_rates.py
[2025-02-27T02:06:44.857+0000] {processor.py:829} INFO - Processing file /opt/airflow/dags/extract_exchange_rates.py for tasks to queue
[2025-02-27T02:06:44.858+0000] {logging_mixin.py:151} INFO - [2025-02-27T02:06:44.857+0000] {dagbag.py:536} INFO - Filling up the DagBag from /opt/airflow/dags/extract_exchange_rates.py
[2025-02-27T02:06:44.868+0000] {processor.py:839} INFO - DAG(s) dict_keys(['extract_exchange_rates']) retrieved from /opt/airflow/dags/extract_exchange_rates.py
[2025-02-27T02:06:44.881+0000] {logging_mixin.py:151} INFO - [2025-02-27T02:06:44.881+0000] {dag.py:2941} INFO - Sync 1 DAGs
[2025-02-27T02:06:44.891+0000] {logging_mixin.py:151} INFO - [2025-02-27T02:06:44.891+0000] {dag.py:3722} INFO - Setting next_dagrun for extract_exchange_rates to 2025-02-27T00:00:00+00:00, run_after=2025-02-28T00:00:00+00:00
[2025-02-27T02:06:44.899+0000] {processor.py:179} INFO - Processing /opt/airflow/dags/extract_exchange_rates.py took 0.045 seconds
[2025-02-27T02:13:06.081+0000] {processor.py:157} INFO - Started process (PID=175) to work on /opt/airflow/dags/extract_exchange_rates.py
[2025-02-27T02:13:06.081+0000] {processor.py:829} INFO - Processing file /opt/airflow/dags/extract_exchange_rates.py for tasks to queue
[2025-02-27T02:13:06.082+0000] {logging_mixin.py:151} INFO - [2025-02-27T02:13:06.082+0000] {dagbag.py:536} INFO - Filling up the DagBag from /opt/airflow/dags/extract_exchange_rates.py
[2025-02-27T02:13:06.090+0000] {processor.py:839} INFO - DAG(s) dict_keys(['extract_exchange_rates']) retrieved from /opt/airflow/dags/extract_exchange_rates.py
[2025-02-27T02:13:06.102+0000] {logging_mixin.py:151} INFO - [2025-02-27T02:13:06.102+0000] {dag.py:2941} INFO - Sync 1 DAGs
[2025-02-27T02:13:06.111+0000] {logging_mixin.py:151} INFO - [2025-02-27T02:13:06.111+0000] {dag.py:3722} INFO - Setting next_dagrun for extract_exchange_rates to 2025-02-27T00:00:00+00:00, run_after=2025-02-28T00:00:00+00:00
[2025-02-27T02:13:06.119+0000] {processor.py:179} INFO - Processing /opt/airflow/dags/extract_exchange_rates.py took 0.040 seconds
[2025-02-27T02:13:36.267+0000] {processor.py:157} INFO - Started process (PID=204) to work on /opt/airflow/dags/extract_exchange_rates.py
[2025-02-27T02:13:36.267+0000] {processor.py:829} INFO - Processing file /opt/airflow/dags/extract_exchange_rates.py for tasks to queue
[2025-02-27T02:13:36.268+0000] {logging_mixin.py:151} INFO - [2025-02-27T02:13:36.268+0000] {dagbag.py:536} INFO - Filling up the DagBag from /opt/airflow/dags/extract_exchange_rates.py
[2025-02-27T02:13:36.278+0000] {processor.py:839} INFO - DAG(s) dict_keys(['extract_exchange_rates']) retrieved from /opt/airflow/dags/extract_exchange_rates.py
[2025-02-27T02:13:36.294+0000] {logging_mixin.py:151} INFO - [2025-02-27T02:13:36.294+0000] {dag.py:2941} INFO - Sync 1 DAGs
[2025-02-27T02:13:36.306+0000] {logging_mixin.py:151} INFO - [2025-02-27T02:13:36.306+0000] {dag.py:3722} INFO - Setting next_dagrun for extract_exchange_rates to 2025-02-27T00:00:00+00:00, run_after=2025-02-28T00:00:00+00:00
[2025-02-27T02:13:36.313+0000] {processor.py:179} INFO - Processing /opt/airflow/dags/extract_exchange_rates.py took 0.049 seconds
[2025-02-27T02:14:06.522+0000] {processor.py:157} INFO - Started process (PID=209) to work on /opt/airflow/dags/extract_exchange_rates.py
[2025-02-27T02:14:06.523+0000] {processor.py:829} INFO - Processing file /opt/airflow/dags/extract_exchange_rates.py for tasks to queue
[2025-02-27T02:14:06.524+0000] {logging_mixin.py:151} INFO - [2025-02-27T02:14:06.523+0000] {dagbag.py:536} INFO - Filling up the DagBag from /opt/airflow/dags/extract_exchange_rates.py
[2025-02-27T02:14:06.534+0000] {processor.py:839} INFO - DAG(s) dict_keys(['extract_exchange_rates']) retrieved from /opt/airflow/dags/extract_exchange_rates.py
[2025-02-27T02:14:06.549+0000] {logging_mixin.py:151} INFO - [2025-02-27T02:14:06.549+0000] {dag.py:2941} INFO - Sync 1 DAGs
[2025-02-27T02:14:06.560+0000] {logging_mixin.py:151} INFO - [2025-02-27T02:14:06.560+0000] {dag.py:3722} INFO - Setting next_dagrun for extract_exchange_rates to 2025-02-27T00:00:00+00:00, run_after=2025-02-28T00:00:00+00:00
[2025-02-27T02:14:06.567+0000] {processor.py:179} INFO - Processing /opt/airflow/dags/extract_exchange_rates.py took 0.048 seconds
[2025-02-27T02:14:36.712+0000] {processor.py:157} INFO - Started process (PID=214) to work on /opt/airflow/dags/extract_exchange_rates.py
[2025-02-27T02:14:36.713+0000] {processor.py:829} INFO - Processing file /opt/airflow/dags/extract_exchange_rates.py for tasks to queue
[2025-02-27T02:14:36.713+0000] {logging_mixin.py:151} INFO - [2025-02-27T02:14:36.713+0000] {dagbag.py:536} INFO - Filling up the DagBag from /opt/airflow/dags/extract_exchange_rates.py
[2025-02-27T02:14:36.720+0000] {processor.py:839} INFO - DAG(s) dict_keys(['extract_exchange_rates']) retrieved from /opt/airflow/dags/extract_exchange_rates.py
[2025-02-27T02:14:36.733+0000] {logging_mixin.py:151} INFO - [2025-02-27T02:14:36.733+0000] {dag.py:2941} INFO - Sync 1 DAGs
[2025-02-27T02:14:36.743+0000] {logging_mixin.py:151} INFO - [2025-02-27T02:14:36.743+0000] {dag.py:3722} INFO - Setting next_dagrun for extract_exchange_rates to 2025-02-27T00:00:00+00:00, run_after=2025-02-28T00:00:00+00:00
[2025-02-27T02:14:36.749+0000] {processor.py:179} INFO - Processing /opt/airflow/dags/extract_exchange_rates.py took 0.039 seconds
[2025-02-27T02:15:06.945+0000] {processor.py:157} INFO - Started process (PID=219) to work on /opt/airflow/dags/extract_exchange_rates.py
[2025-02-27T02:15:06.945+0000] {processor.py:829} INFO - Processing file /opt/airflow/dags/extract_exchange_rates.py for tasks to queue
[2025-02-27T02:15:06.946+0000] {logging_mixin.py:151} INFO - [2025-02-27T02:15:06.946+0000] {dagbag.py:536} INFO - Filling up the DagBag from /opt/airflow/dags/extract_exchange_rates.py
[2025-02-27T02:15:06.958+0000] {processor.py:839} INFO - DAG(s) dict_keys(['extract_exchange_rates']) retrieved from /opt/airflow/dags/extract_exchange_rates.py
[2025-02-27T02:15:06.971+0000] {logging_mixin.py:151} INFO - [2025-02-27T02:15:06.971+0000] {dag.py:2941} INFO - Sync 1 DAGs
[2025-02-27T02:15:06.981+0000] {logging_mixin.py:151} INFO - [2025-02-27T02:15:06.981+0000] {dag.py:3722} INFO - Setting next_dagrun for extract_exchange_rates to 2025-02-27T00:00:00+00:00, run_after=2025-02-28T00:00:00+00:00
[2025-02-27T02:15:06.988+0000] {processor.py:179} INFO - Processing /opt/airflow/dags/extract_exchange_rates.py took 0.046 seconds
[2025-02-27T02:15:37.189+0000] {processor.py:157} INFO - Started process (PID=224) to work on /opt/airflow/dags/extract_exchange_rates.py
[2025-02-27T02:15:37.190+0000] {processor.py:829} INFO - Processing file /opt/airflow/dags/extract_exchange_rates.py for tasks to queue
[2025-02-27T02:15:37.191+0000] {logging_mixin.py:151} INFO - [2025-02-27T02:15:37.190+0000] {dagbag.py:536} INFO - Filling up the DagBag from /opt/airflow/dags/extract_exchange_rates.py
[2025-02-27T02:15:37.200+0000] {processor.py:839} INFO - DAG(s) dict_keys(['extract_exchange_rates']) retrieved from /opt/airflow/dags/extract_exchange_rates.py
[2025-02-27T02:15:37.215+0000] {logging_mixin.py:151} INFO - [2025-02-27T02:15:37.215+0000] {dag.py:2941} INFO - Sync 1 DAGs
[2025-02-27T02:15:37.226+0000] {logging_mixin.py:151} INFO - [2025-02-27T02:15:37.225+0000] {dag.py:3722} INFO - Setting next_dagrun for extract_exchange_rates to 2025-02-27T00:00:00+00:00, run_after=2025-02-28T00:00:00+00:00
[2025-02-27T02:15:37.233+0000] {processor.py:179} INFO - Processing /opt/airflow/dags/extract_exchange_rates.py took 0.046 seconds
[2025-02-27T02:16:07.442+0000] {processor.py:157} INFO - Started process (PID=229) to work on /opt/airflow/dags/extract_exchange_rates.py
[2025-02-27T02:16:07.443+0000] {processor.py:829} INFO - Processing file /opt/airflow/dags/extract_exchange_rates.py for tasks to queue
[2025-02-27T02:16:07.443+0000] {logging_mixin.py:151} INFO - [2025-02-27T02:16:07.443+0000] {dagbag.py:536} INFO - Filling up the DagBag from /opt/airflow/dags/extract_exchange_rates.py
[2025-02-27T02:16:07.451+0000] {processor.py:839} INFO - DAG(s) dict_keys(['extract_exchange_rates']) retrieved from /opt/airflow/dags/extract_exchange_rates.py
[2025-02-27T02:16:07.464+0000] {logging_mixin.py:151} INFO - [2025-02-27T02:16:07.464+0000] {dag.py:2941} INFO - Sync 1 DAGs
[2025-02-27T02:16:07.474+0000] {logging_mixin.py:151} INFO - [2025-02-27T02:16:07.474+0000] {dag.py:3722} INFO - Setting next_dagrun for extract_exchange_rates to 2025-02-27T00:00:00+00:00, run_after=2025-02-28T00:00:00+00:00
[2025-02-27T02:16:07.483+0000] {processor.py:179} INFO - Processing /opt/airflow/dags/extract_exchange_rates.py took 0.044 seconds
[2025-02-27T02:16:37.680+0000] {processor.py:157} INFO - Started process (PID=234) to work on /opt/airflow/dags/extract_exchange_rates.py
[2025-02-27T02:16:37.681+0000] {processor.py:829} INFO - Processing file /opt/airflow/dags/extract_exchange_rates.py for tasks to queue
[2025-02-27T02:16:37.681+0000] {logging_mixin.py:151} INFO - [2025-02-27T02:16:37.681+0000] {dagbag.py:536} INFO - Filling up the DagBag from /opt/airflow/dags/extract_exchange_rates.py
[2025-02-27T02:16:37.692+0000] {processor.py:839} INFO - DAG(s) dict_keys(['extract_exchange_rates']) retrieved from /opt/airflow/dags/extract_exchange_rates.py
[2025-02-27T02:16:37.706+0000] {logging_mixin.py:151} INFO - [2025-02-27T02:16:37.706+0000] {dag.py:2941} INFO - Sync 1 DAGs
[2025-02-27T02:16:37.717+0000] {logging_mixin.py:151} INFO - [2025-02-27T02:16:37.717+0000] {dag.py:3722} INFO - Setting next_dagrun for extract_exchange_rates to 2025-02-27T00:00:00+00:00, run_after=2025-02-28T00:00:00+00:00
[2025-02-27T02:16:37.724+0000] {processor.py:179} INFO - Processing /opt/airflow/dags/extract_exchange_rates.py took 0.047 seconds
[2025-02-27T02:17:07.918+0000] {processor.py:157} INFO - Started process (PID=239) to work on /opt/airflow/dags/extract_exchange_rates.py
[2025-02-27T02:17:07.919+0000] {processor.py:829} INFO - Processing file /opt/airflow/dags/extract_exchange_rates.py for tasks to queue
[2025-02-27T02:17:07.919+0000] {logging_mixin.py:151} INFO - [2025-02-27T02:17:07.919+0000] {dagbag.py:536} INFO - Filling up the DagBag from /opt/airflow/dags/extract_exchange_rates.py
[2025-02-27T02:17:07.926+0000] {processor.py:839} INFO - DAG(s) dict_keys(['extract_exchange_rates']) retrieved from /opt/airflow/dags/extract_exchange_rates.py
[2025-02-27T02:17:07.939+0000] {logging_mixin.py:151} INFO - [2025-02-27T02:17:07.939+0000] {dag.py:2941} INFO - Sync 1 DAGs
[2025-02-27T02:17:07.949+0000] {logging_mixin.py:151} INFO - [2025-02-27T02:17:07.949+0000] {dag.py:3722} INFO - Setting next_dagrun for extract_exchange_rates to 2025-02-27T00:00:00+00:00, run_after=2025-02-28T00:00:00+00:00
[2025-02-27T02:17:07.956+0000] {processor.py:179} INFO - Processing /opt/airflow/dags/extract_exchange_rates.py took 0.039 seconds
[2025-02-27T02:17:38.143+0000] {processor.py:157} INFO - Started process (PID=244) to work on /opt/airflow/dags/extract_exchange_rates.py
[2025-02-27T02:17:38.144+0000] {processor.py:829} INFO - Processing file /opt/airflow/dags/extract_exchange_rates.py for tasks to queue
[2025-02-27T02:17:38.144+0000] {logging_mixin.py:151} INFO - [2025-02-27T02:17:38.144+0000] {dagbag.py:536} INFO - Filling up the DagBag from /opt/airflow/dags/extract_exchange_rates.py
[2025-02-27T02:17:38.152+0000] {processor.py:839} INFO - DAG(s) dict_keys(['extract_exchange_rates']) retrieved from /opt/airflow/dags/extract_exchange_rates.py
[2025-02-27T02:17:38.165+0000] {logging_mixin.py:151} INFO - [2025-02-27T02:17:38.165+0000] {dag.py:2941} INFO - Sync 1 DAGs
[2025-02-27T02:17:38.174+0000] {logging_mixin.py:151} INFO - [2025-02-27T02:17:38.174+0000] {dag.py:3722} INFO - Setting next_dagrun for extract_exchange_rates to 2025-02-27T00:00:00+00:00, run_after=2025-02-28T00:00:00+00:00
[2025-02-27T02:17:38.180+0000] {processor.py:179} INFO - Processing /opt/airflow/dags/extract_exchange_rates.py took 0.039 seconds
[2025-02-27T02:18:08.380+0000] {processor.py:157} INFO - Started process (PID=249) to work on /opt/airflow/dags/extract_exchange_rates.py
[2025-02-27T02:18:08.381+0000] {processor.py:829} INFO - Processing file /opt/airflow/dags/extract_exchange_rates.py for tasks to queue
[2025-02-27T02:18:08.381+0000] {logging_mixin.py:151} INFO - [2025-02-27T02:18:08.381+0000] {dagbag.py:536} INFO - Filling up the DagBag from /opt/airflow/dags/extract_exchange_rates.py
[2025-02-27T02:18:08.388+0000] {processor.py:839} INFO - DAG(s) dict_keys(['extract_exchange_rates']) retrieved from /opt/airflow/dags/extract_exchange_rates.py
[2025-02-27T02:18:08.398+0000] {logging_mixin.py:151} INFO - [2025-02-27T02:18:08.398+0000] {dag.py:2941} INFO - Sync 1 DAGs
[2025-02-27T02:18:08.406+0000] {logging_mixin.py:151} INFO - [2025-02-27T02:18:08.406+0000] {dag.py:3722} INFO - Setting next_dagrun for extract_exchange_rates to 2025-02-27T00:00:00+00:00, run_after=2025-02-28T00:00:00+00:00
[2025-02-27T02:18:08.413+0000] {processor.py:179} INFO - Processing /opt/airflow/dags/extract_exchange_rates.py took 0.034 seconds
[2025-02-27T02:18:38.623+0000] {processor.py:157} INFO - Started process (PID=254) to work on /opt/airflow/dags/extract_exchange_rates.py
[2025-02-27T02:18:38.624+0000] {processor.py:829} INFO - Processing file /opt/airflow/dags/extract_exchange_rates.py for tasks to queue
[2025-02-27T02:18:38.625+0000] {logging_mixin.py:151} INFO - [2025-02-27T02:18:38.624+0000] {dagbag.py:536} INFO - Filling up the DagBag from /opt/airflow/dags/extract_exchange_rates.py
[2025-02-27T02:18:38.634+0000] {processor.py:839} INFO - DAG(s) dict_keys(['extract_exchange_rates']) retrieved from /opt/airflow/dags/extract_exchange_rates.py
[2025-02-27T02:18:38.647+0000] {logging_mixin.py:151} INFO - [2025-02-27T02:18:38.647+0000] {dag.py:2941} INFO - Sync 1 DAGs
[2025-02-27T02:18:38.657+0000] {logging_mixin.py:151} INFO - [2025-02-27T02:18:38.657+0000] {dag.py:3722} INFO - Setting next_dagrun for extract_exchange_rates to 2025-02-27T00:00:00+00:00, run_after=2025-02-28T00:00:00+00:00
[2025-02-27T02:18:38.665+0000] {processor.py:179} INFO - Processing /opt/airflow/dags/extract_exchange_rates.py took 0.044 seconds
[2025-02-27T02:19:08.877+0000] {processor.py:157} INFO - Started process (PID=259) to work on /opt/airflow/dags/extract_exchange_rates.py
[2025-02-27T02:19:08.877+0000] {processor.py:829} INFO - Processing file /opt/airflow/dags/extract_exchange_rates.py for tasks to queue
[2025-02-27T02:19:08.878+0000] {logging_mixin.py:151} INFO - [2025-02-27T02:19:08.878+0000] {dagbag.py:536} INFO - Filling up the DagBag from /opt/airflow/dags/extract_exchange_rates.py
[2025-02-27T02:19:08.888+0000] {processor.py:839} INFO - DAG(s) dict_keys(['extract_exchange_rates']) retrieved from /opt/airflow/dags/extract_exchange_rates.py
[2025-02-27T02:19:08.901+0000] {logging_mixin.py:151} INFO - [2025-02-27T02:19:08.901+0000] {dag.py:2941} INFO - Sync 1 DAGs
[2025-02-27T02:19:08.911+0000] {logging_mixin.py:151} INFO - [2025-02-27T02:19:08.911+0000] {dag.py:3722} INFO - Setting next_dagrun for extract_exchange_rates to 2025-02-27T00:00:00+00:00, run_after=2025-02-28T00:00:00+00:00
[2025-02-27T02:19:08.918+0000] {processor.py:179} INFO - Processing /opt/airflow/dags/extract_exchange_rates.py took 0.044 seconds
[2025-02-27T02:19:39.108+0000] {processor.py:157} INFO - Started process (PID=264) to work on /opt/airflow/dags/extract_exchange_rates.py
[2025-02-27T02:19:39.108+0000] {processor.py:829} INFO - Processing file /opt/airflow/dags/extract_exchange_rates.py for tasks to queue
[2025-02-27T02:19:39.109+0000] {logging_mixin.py:151} INFO - [2025-02-27T02:19:39.109+0000] {dagbag.py:536} INFO - Filling up the DagBag from /opt/airflow/dags/extract_exchange_rates.py
[2025-02-27T02:19:39.119+0000] {processor.py:839} INFO - DAG(s) dict_keys(['extract_exchange_rates']) retrieved from /opt/airflow/dags/extract_exchange_rates.py
[2025-02-27T02:19:39.133+0000] {logging_mixin.py:151} INFO - [2025-02-27T02:19:39.133+0000] {dag.py:2941} INFO - Sync 1 DAGs
[2025-02-27T02:19:39.144+0000] {logging_mixin.py:151} INFO - [2025-02-27T02:19:39.144+0000] {dag.py:3722} INFO - Setting next_dagrun for extract_exchange_rates to 2025-02-27T00:00:00+00:00, run_after=2025-02-28T00:00:00+00:00
[2025-02-27T02:19:39.152+0000] {processor.py:179} INFO - Processing /opt/airflow/dags/extract_exchange_rates.py took 0.046 seconds
[2025-02-27T02:20:09.335+0000] {processor.py:157} INFO - Started process (PID=269) to work on /opt/airflow/dags/extract_exchange_rates.py
[2025-02-27T02:20:09.336+0000] {processor.py:829} INFO - Processing file /opt/airflow/dags/extract_exchange_rates.py for tasks to queue
[2025-02-27T02:20:09.337+0000] {logging_mixin.py:151} INFO - [2025-02-27T02:20:09.337+0000] {dagbag.py:536} INFO - Filling up the DagBag from /opt/airflow/dags/extract_exchange_rates.py
[2025-02-27T02:20:09.346+0000] {processor.py:839} INFO - DAG(s) dict_keys(['extract_exchange_rates']) retrieved from /opt/airflow/dags/extract_exchange_rates.py
[2025-02-27T02:20:09.361+0000] {logging_mixin.py:151} INFO - [2025-02-27T02:20:09.361+0000] {dag.py:2941} INFO - Sync 1 DAGs
[2025-02-27T02:20:09.372+0000] {logging_mixin.py:151} INFO - [2025-02-27T02:20:09.372+0000] {dag.py:3722} INFO - Setting next_dagrun for extract_exchange_rates to 2025-02-27T00:00:00+00:00, run_after=2025-02-28T00:00:00+00:00
[2025-02-27T02:20:09.380+0000] {processor.py:179} INFO - Processing /opt/airflow/dags/extract_exchange_rates.py took 0.046 seconds
[2025-02-27T02:20:39.556+0000] {processor.py:157} INFO - Started process (PID=274) to work on /opt/airflow/dags/extract_exchange_rates.py
[2025-02-27T02:20:39.556+0000] {processor.py:829} INFO - Processing file /opt/airflow/dags/extract_exchange_rates.py for tasks to queue
[2025-02-27T02:20:39.557+0000] {logging_mixin.py:151} INFO - [2025-02-27T02:20:39.557+0000] {dagbag.py:536} INFO - Filling up the DagBag from /opt/airflow/dags/extract_exchange_rates.py
[2025-02-27T02:20:39.568+0000] {processor.py:839} INFO - DAG(s) dict_keys(['extract_exchange_rates']) retrieved from /opt/airflow/dags/extract_exchange_rates.py
[2025-02-27T02:20:39.582+0000] {logging_mixin.py:151} INFO - [2025-02-27T02:20:39.582+0000] {dag.py:2941} INFO - Sync 1 DAGs
[2025-02-27T02:20:39.593+0000] {logging_mixin.py:151} INFO - [2025-02-27T02:20:39.593+0000] {dag.py:3722} INFO - Setting next_dagrun for extract_exchange_rates to 2025-02-27T00:00:00+00:00, run_after=2025-02-28T00:00:00+00:00
[2025-02-27T02:20:39.600+0000] {processor.py:179} INFO - Processing /opt/airflow/dags/extract_exchange_rates.py took 0.046 seconds
[2025-02-27T02:21:09.835+0000] {processor.py:157} INFO - Started process (PID=279) to work on /opt/airflow/dags/extract_exchange_rates.py
[2025-02-27T02:21:09.836+0000] {processor.py:829} INFO - Processing file /opt/airflow/dags/extract_exchange_rates.py for tasks to queue
[2025-02-27T02:21:09.837+0000] {logging_mixin.py:151} INFO - [2025-02-27T02:21:09.837+0000] {dagbag.py:536} INFO - Filling up the DagBag from /opt/airflow/dags/extract_exchange_rates.py
[2025-02-27T02:21:09.846+0000] {processor.py:839} INFO - DAG(s) dict_keys(['extract_exchange_rates']) retrieved from /opt/airflow/dags/extract_exchange_rates.py
[2025-02-27T02:21:09.860+0000] {logging_mixin.py:151} INFO - [2025-02-27T02:21:09.860+0000] {dag.py:2941} INFO - Sync 1 DAGs
[2025-02-27T02:21:09.871+0000] {logging_mixin.py:151} INFO - [2025-02-27T02:21:09.871+0000] {dag.py:3722} INFO - Setting next_dagrun for extract_exchange_rates to 2025-02-27T00:00:00+00:00, run_after=2025-02-28T00:00:00+00:00
[2025-02-27T02:21:09.879+0000] {processor.py:179} INFO - Processing /opt/airflow/dags/extract_exchange_rates.py took 0.046 seconds
[2025-02-27T02:21:40.055+0000] {processor.py:157} INFO - Started process (PID=284) to work on /opt/airflow/dags/extract_exchange_rates.py
[2025-02-27T02:21:40.056+0000] {processor.py:829} INFO - Processing file /opt/airflow/dags/extract_exchange_rates.py for tasks to queue
[2025-02-27T02:21:40.057+0000] {logging_mixin.py:151} INFO - [2025-02-27T02:21:40.057+0000] {dagbag.py:536} INFO - Filling up the DagBag from /opt/airflow/dags/extract_exchange_rates.py
[2025-02-27T02:21:40.069+0000] {processor.py:839} INFO - DAG(s) dict_keys(['extract_exchange_rates']) retrieved from /opt/airflow/dags/extract_exchange_rates.py
[2025-02-27T02:21:40.083+0000] {logging_mixin.py:151} INFO - [2025-02-27T02:21:40.083+0000] {dag.py:2941} INFO - Sync 1 DAGs
[2025-02-27T02:21:40.093+0000] {logging_mixin.py:151} INFO - [2025-02-27T02:21:40.093+0000] {dag.py:3722} INFO - Setting next_dagrun for extract_exchange_rates to 2025-02-27T00:00:00+00:00, run_after=2025-02-28T00:00:00+00:00
[2025-02-27T02:21:40.099+0000] {processor.py:179} INFO - Processing /opt/airflow/dags/extract_exchange_rates.py took 0.047 seconds
[2025-02-27T02:22:10.292+0000] {processor.py:157} INFO - Started process (PID=289) to work on /opt/airflow/dags/extract_exchange_rates.py
[2025-02-27T02:22:10.292+0000] {processor.py:829} INFO - Processing file /opt/airflow/dags/extract_exchange_rates.py for tasks to queue
[2025-02-27T02:22:10.293+0000] {logging_mixin.py:151} INFO - [2025-02-27T02:22:10.293+0000] {dagbag.py:536} INFO - Filling up the DagBag from /opt/airflow/dags/extract_exchange_rates.py
[2025-02-27T02:22:10.301+0000] {processor.py:839} INFO - DAG(s) dict_keys(['extract_exchange_rates']) retrieved from /opt/airflow/dags/extract_exchange_rates.py
[2025-02-27T02:22:10.313+0000] {logging_mixin.py:151} INFO - [2025-02-27T02:22:10.313+0000] {dag.py:2941} INFO - Sync 1 DAGs
[2025-02-27T02:22:10.323+0000] {logging_mixin.py:151} INFO - [2025-02-27T02:22:10.323+0000] {dag.py:3722} INFO - Setting next_dagrun for extract_exchange_rates to 2025-02-27T00:00:00+00:00, run_after=2025-02-28T00:00:00+00:00
[2025-02-27T02:22:10.330+0000] {processor.py:179} INFO - Processing /opt/airflow/dags/extract_exchange_rates.py took 0.040 seconds
[2025-02-27T02:22:40.526+0000] {processor.py:157} INFO - Started process (PID=294) to work on /opt/airflow/dags/extract_exchange_rates.py
[2025-02-27T02:22:40.527+0000] {processor.py:829} INFO - Processing file /opt/airflow/dags/extract_exchange_rates.py for tasks to queue
[2025-02-27T02:22:40.527+0000] {logging_mixin.py:151} INFO - [2025-02-27T02:22:40.527+0000] {dagbag.py:536} INFO - Filling up the DagBag from /opt/airflow/dags/extract_exchange_rates.py
[2025-02-27T02:22:40.537+0000] {processor.py:839} INFO - DAG(s) dict_keys(['extract_exchange_rates']) retrieved from /opt/airflow/dags/extract_exchange_rates.py
[2025-02-27T02:22:40.550+0000] {logging_mixin.py:151} INFO - [2025-02-27T02:22:40.550+0000] {dag.py:2941} INFO - Sync 1 DAGs
[2025-02-27T02:22:40.561+0000] {logging_mixin.py:151} INFO - [2025-02-27T02:22:40.561+0000] {dag.py:3722} INFO - Setting next_dagrun for extract_exchange_rates to 2025-02-27T00:00:00+00:00, run_after=2025-02-28T00:00:00+00:00
[2025-02-27T02:22:40.568+0000] {processor.py:179} INFO - Processing /opt/airflow/dags/extract_exchange_rates.py took 0.044 seconds
[2025-02-27T02:23:10.764+0000] {processor.py:157} INFO - Started process (PID=299) to work on /opt/airflow/dags/extract_exchange_rates.py
[2025-02-27T02:23:10.765+0000] {processor.py:829} INFO - Processing file /opt/airflow/dags/extract_exchange_rates.py for tasks to queue
[2025-02-27T02:23:10.765+0000] {logging_mixin.py:151} INFO - [2025-02-27T02:23:10.765+0000] {dagbag.py:536} INFO - Filling up the DagBag from /opt/airflow/dags/extract_exchange_rates.py
[2025-02-27T02:23:10.775+0000] {processor.py:839} INFO - DAG(s) dict_keys(['extract_exchange_rates']) retrieved from /opt/airflow/dags/extract_exchange_rates.py
[2025-02-27T02:23:10.787+0000] {logging_mixin.py:151} INFO - [2025-02-27T02:23:10.787+0000] {dag.py:2941} INFO - Sync 1 DAGs
[2025-02-27T02:23:10.797+0000] {logging_mixin.py:151} INFO - [2025-02-27T02:23:10.797+0000] {dag.py:3722} INFO - Setting next_dagrun for extract_exchange_rates to 2025-02-27T00:00:00+00:00, run_after=2025-02-28T00:00:00+00:00
[2025-02-27T02:23:10.804+0000] {processor.py:179} INFO - Processing /opt/airflow/dags/extract_exchange_rates.py took 0.042 seconds
[2025-02-27T02:23:40.995+0000] {processor.py:157} INFO - Started process (PID=304) to work on /opt/airflow/dags/extract_exchange_rates.py
[2025-02-27T02:23:40.995+0000] {processor.py:829} INFO - Processing file /opt/airflow/dags/extract_exchange_rates.py for tasks to queue
[2025-02-27T02:23:40.996+0000] {logging_mixin.py:151} INFO - [2025-02-27T02:23:40.996+0000] {dagbag.py:536} INFO - Filling up the DagBag from /opt/airflow/dags/extract_exchange_rates.py
[2025-02-27T02:23:41.005+0000] {processor.py:839} INFO - DAG(s) dict_keys(['extract_exchange_rates']) retrieved from /opt/airflow/dags/extract_exchange_rates.py
[2025-02-27T02:23:41.019+0000] {logging_mixin.py:151} INFO - [2025-02-27T02:23:41.018+0000] {dag.py:2941} INFO - Sync 1 DAGs
[2025-02-27T02:23:41.029+0000] {logging_mixin.py:151} INFO - [2025-02-27T02:23:41.029+0000] {dag.py:3722} INFO - Setting next_dagrun for extract_exchange_rates to 2025-02-27T00:00:00+00:00, run_after=2025-02-28T00:00:00+00:00
[2025-02-27T02:23:41.036+0000] {processor.py:179} INFO - Processing /opt/airflow/dags/extract_exchange_rates.py took 0.044 seconds
[2025-02-27T02:24:11.215+0000] {processor.py:157} INFO - Started process (PID=309) to work on /opt/airflow/dags/extract_exchange_rates.py
[2025-02-27T02:24:11.216+0000] {processor.py:829} INFO - Processing file /opt/airflow/dags/extract_exchange_rates.py for tasks to queue
[2025-02-27T02:24:11.216+0000] {logging_mixin.py:151} INFO - [2025-02-27T02:24:11.216+0000] {dagbag.py:536} INFO - Filling up the DagBag from /opt/airflow/dags/extract_exchange_rates.py
[2025-02-27T02:24:11.225+0000] {processor.py:839} INFO - DAG(s) dict_keys(['extract_exchange_rates']) retrieved from /opt/airflow/dags/extract_exchange_rates.py
[2025-02-27T02:24:11.238+0000] {logging_mixin.py:151} INFO - [2025-02-27T02:24:11.238+0000] {dag.py:2941} INFO - Sync 1 DAGs
[2025-02-27T02:24:11.247+0000] {logging_mixin.py:151} INFO - [2025-02-27T02:24:11.247+0000] {dag.py:3722} INFO - Setting next_dagrun for extract_exchange_rates to 2025-02-27T00:00:00+00:00, run_after=2025-02-28T00:00:00+00:00
[2025-02-27T02:24:11.254+0000] {processor.py:179} INFO - Processing /opt/airflow/dags/extract_exchange_rates.py took 0.041 seconds
[2025-02-27T02:24:41.462+0000] {processor.py:157} INFO - Started process (PID=314) to work on /opt/airflow/dags/extract_exchange_rates.py
[2025-02-27T02:24:41.462+0000] {processor.py:829} INFO - Processing file /opt/airflow/dags/extract_exchange_rates.py for tasks to queue
[2025-02-27T02:24:41.463+0000] {logging_mixin.py:151} INFO - [2025-02-27T02:24:41.463+0000] {dagbag.py:536} INFO - Filling up the DagBag from /opt/airflow/dags/extract_exchange_rates.py
[2025-02-27T02:24:41.473+0000] {processor.py:839} INFO - DAG(s) dict_keys(['extract_exchange_rates']) retrieved from /opt/airflow/dags/extract_exchange_rates.py
[2025-02-27T02:24:41.485+0000] {logging_mixin.py:151} INFO - [2025-02-27T02:24:41.485+0000] {dag.py:2941} INFO - Sync 1 DAGs
[2025-02-27T02:24:41.495+0000] {logging_mixin.py:151} INFO - [2025-02-27T02:24:41.495+0000] {dag.py:3722} INFO - Setting next_dagrun for extract_exchange_rates to 2025-02-27T00:00:00+00:00, run_after=2025-02-28T00:00:00+00:00
[2025-02-27T02:24:41.502+0000] {processor.py:179} INFO - Processing /opt/airflow/dags/extract_exchange_rates.py took 0.043 seconds
[2025-02-27T02:25:11.708+0000] {processor.py:157} INFO - Started process (PID=319) to work on /opt/airflow/dags/extract_exchange_rates.py
[2025-02-27T02:25:11.708+0000] {processor.py:829} INFO - Processing file /opt/airflow/dags/extract_exchange_rates.py for tasks to queue
[2025-02-27T02:25:11.709+0000] {logging_mixin.py:151} INFO - [2025-02-27T02:25:11.709+0000] {dagbag.py:536} INFO - Filling up the DagBag from /opt/airflow/dags/extract_exchange_rates.py
[2025-02-27T02:25:11.719+0000] {processor.py:839} INFO - DAG(s) dict_keys(['extract_exchange_rates']) retrieved from /opt/airflow/dags/extract_exchange_rates.py
[2025-02-27T02:25:11.734+0000] {logging_mixin.py:151} INFO - [2025-02-27T02:25:11.733+0000] {dag.py:2941} INFO - Sync 1 DAGs
[2025-02-27T02:25:11.744+0000] {logging_mixin.py:151} INFO - [2025-02-27T02:25:11.744+0000] {dag.py:3722} INFO - Setting next_dagrun for extract_exchange_rates to 2025-02-27T00:00:00+00:00, run_after=2025-02-28T00:00:00+00:00
[2025-02-27T02:25:11.751+0000] {processor.py:179} INFO - Processing /opt/airflow/dags/extract_exchange_rates.py took 0.046 seconds
[2025-02-27T02:25:41.942+0000] {processor.py:157} INFO - Started process (PID=324) to work on /opt/airflow/dags/extract_exchange_rates.py
[2025-02-27T02:25:41.943+0000] {processor.py:829} INFO - Processing file /opt/airflow/dags/extract_exchange_rates.py for tasks to queue
[2025-02-27T02:25:41.944+0000] {logging_mixin.py:151} INFO - [2025-02-27T02:25:41.943+0000] {dagbag.py:536} INFO - Filling up the DagBag from /opt/airflow/dags/extract_exchange_rates.py
[2025-02-27T02:25:41.954+0000] {processor.py:839} INFO - DAG(s) dict_keys(['extract_exchange_rates']) retrieved from /opt/airflow/dags/extract_exchange_rates.py
[2025-02-27T02:25:41.966+0000] {logging_mixin.py:151} INFO - [2025-02-27T02:25:41.966+0000] {dag.py:2941} INFO - Sync 1 DAGs
[2025-02-27T02:25:41.978+0000] {logging_mixin.py:151} INFO - [2025-02-27T02:25:41.978+0000] {dag.py:3722} INFO - Setting next_dagrun for extract_exchange_rates to 2025-02-27T00:00:00+00:00, run_after=2025-02-28T00:00:00+00:00
[2025-02-27T02:25:41.985+0000] {processor.py:179} INFO - Processing /opt/airflow/dags/extract_exchange_rates.py took 0.046 seconds
[2025-02-27T02:26:12.134+0000] {processor.py:157} INFO - Started process (PID=329) to work on /opt/airflow/dags/extract_exchange_rates.py
[2025-02-27T02:26:12.135+0000] {processor.py:829} INFO - Processing file /opt/airflow/dags/extract_exchange_rates.py for tasks to queue
[2025-02-27T02:26:12.135+0000] {logging_mixin.py:151} INFO - [2025-02-27T02:26:12.135+0000] {dagbag.py:536} INFO - Filling up the DagBag from /opt/airflow/dags/extract_exchange_rates.py
[2025-02-27T02:26:12.145+0000] {processor.py:839} INFO - DAG(s) dict_keys(['extract_exchange_rates']) retrieved from /opt/airflow/dags/extract_exchange_rates.py
[2025-02-27T02:26:12.159+0000] {logging_mixin.py:151} INFO - [2025-02-27T02:26:12.159+0000] {dag.py:2941} INFO - Sync 1 DAGs
[2025-02-27T02:26:12.169+0000] {logging_mixin.py:151} INFO - [2025-02-27T02:26:12.169+0000] {dag.py:3722} INFO - Setting next_dagrun for extract_exchange_rates to 2025-02-27T00:00:00+00:00, run_after=2025-02-28T00:00:00+00:00
[2025-02-27T02:26:12.176+0000] {processor.py:179} INFO - Processing /opt/airflow/dags/extract_exchange_rates.py took 0.044 seconds
[2025-02-27T02:26:42.350+0000] {processor.py:157} INFO - Started process (PID=334) to work on /opt/airflow/dags/extract_exchange_rates.py
[2025-02-27T02:26:42.351+0000] {processor.py:829} INFO - Processing file /opt/airflow/dags/extract_exchange_rates.py for tasks to queue
[2025-02-27T02:26:42.352+0000] {logging_mixin.py:151} INFO - [2025-02-27T02:26:42.352+0000] {dagbag.py:536} INFO - Filling up the DagBag from /opt/airflow/dags/extract_exchange_rates.py
[2025-02-27T02:26:42.363+0000] {processor.py:839} INFO - DAG(s) dict_keys(['extract_exchange_rates']) retrieved from /opt/airflow/dags/extract_exchange_rates.py
[2025-02-27T02:26:42.376+0000] {logging_mixin.py:151} INFO - [2025-02-27T02:26:42.375+0000] {dag.py:2941} INFO - Sync 1 DAGs
[2025-02-27T02:26:42.386+0000] {logging_mixin.py:151} INFO - [2025-02-27T02:26:42.386+0000] {dag.py:3722} INFO - Setting next_dagrun for extract_exchange_rates to 2025-02-27T00:00:00+00:00, run_after=2025-02-28T00:00:00+00:00
[2025-02-27T02:26:42.392+0000] {processor.py:179} INFO - Processing /opt/airflow/dags/extract_exchange_rates.py took 0.044 seconds
[2025-02-27T02:27:12.597+0000] {processor.py:157} INFO - Started process (PID=339) to work on /opt/airflow/dags/extract_exchange_rates.py
[2025-02-27T02:27:12.598+0000] {processor.py:829} INFO - Processing file /opt/airflow/dags/extract_exchange_rates.py for tasks to queue
[2025-02-27T02:27:12.598+0000] {logging_mixin.py:151} INFO - [2025-02-27T02:27:12.598+0000] {dagbag.py:536} INFO - Filling up the DagBag from /opt/airflow/dags/extract_exchange_rates.py
[2025-02-27T02:27:12.608+0000] {processor.py:839} INFO - DAG(s) dict_keys(['extract_exchange_rates']) retrieved from /opt/airflow/dags/extract_exchange_rates.py
[2025-02-27T02:27:12.621+0000] {logging_mixin.py:151} INFO - [2025-02-27T02:27:12.621+0000] {dag.py:2941} INFO - Sync 1 DAGs
[2025-02-27T02:27:12.631+0000] {logging_mixin.py:151} INFO - [2025-02-27T02:27:12.631+0000] {dag.py:3722} INFO - Setting next_dagrun for extract_exchange_rates to 2025-02-27T00:00:00+00:00, run_after=2025-02-28T00:00:00+00:00
[2025-02-27T02:27:12.638+0000] {processor.py:179} INFO - Processing /opt/airflow/dags/extract_exchange_rates.py took 0.043 seconds
[2025-02-27T02:27:42.828+0000] {processor.py:157} INFO - Started process (PID=344) to work on /opt/airflow/dags/extract_exchange_rates.py
[2025-02-27T02:27:42.829+0000] {processor.py:829} INFO - Processing file /opt/airflow/dags/extract_exchange_rates.py for tasks to queue
[2025-02-27T02:27:42.829+0000] {logging_mixin.py:151} INFO - [2025-02-27T02:27:42.829+0000] {dagbag.py:536} INFO - Filling up the DagBag from /opt/airflow/dags/extract_exchange_rates.py
[2025-02-27T02:27:42.838+0000] {processor.py:839} INFO - DAG(s) dict_keys(['extract_exchange_rates']) retrieved from /opt/airflow/dags/extract_exchange_rates.py
[2025-02-27T02:27:42.852+0000] {logging_mixin.py:151} INFO - [2025-02-27T02:27:42.852+0000] {dag.py:2941} INFO - Sync 1 DAGs
[2025-02-27T02:27:42.864+0000] {logging_mixin.py:151} INFO - [2025-02-27T02:27:42.864+0000] {dag.py:3722} INFO - Setting next_dagrun for extract_exchange_rates to 2025-02-27T00:00:00+00:00, run_after=2025-02-28T00:00:00+00:00
[2025-02-27T02:27:42.871+0000] {processor.py:179} INFO - Processing /opt/airflow/dags/extract_exchange_rates.py took 0.046 seconds
[2025-02-27T02:28:13.071+0000] {processor.py:157} INFO - Started process (PID=349) to work on /opt/airflow/dags/extract_exchange_rates.py
[2025-02-27T02:28:13.072+0000] {processor.py:829} INFO - Processing file /opt/airflow/dags/extract_exchange_rates.py for tasks to queue
[2025-02-27T02:28:13.072+0000] {logging_mixin.py:151} INFO - [2025-02-27T02:28:13.072+0000] {dagbag.py:536} INFO - Filling up the DagBag from /opt/airflow/dags/extract_exchange_rates.py
[2025-02-27T02:28:13.081+0000] {processor.py:839} INFO - DAG(s) dict_keys(['extract_exchange_rates']) retrieved from /opt/airflow/dags/extract_exchange_rates.py
[2025-02-27T02:28:13.094+0000] {logging_mixin.py:151} INFO - [2025-02-27T02:28:13.094+0000] {dag.py:2941} INFO - Sync 1 DAGs
[2025-02-27T02:28:13.106+0000] {logging_mixin.py:151} INFO - [2025-02-27T02:28:13.106+0000] {dag.py:3722} INFO - Setting next_dagrun for extract_exchange_rates to 2025-02-27T00:00:00+00:00, run_after=2025-02-28T00:00:00+00:00
[2025-02-27T02:28:13.113+0000] {processor.py:179} INFO - Processing /opt/airflow/dags/extract_exchange_rates.py took 0.044 seconds
[2025-02-27T02:28:43.296+0000] {processor.py:157} INFO - Started process (PID=354) to work on /opt/airflow/dags/extract_exchange_rates.py
[2025-02-27T02:28:43.297+0000] {processor.py:829} INFO - Processing file /opt/airflow/dags/extract_exchange_rates.py for tasks to queue
[2025-02-27T02:28:43.298+0000] {logging_mixin.py:151} INFO - [2025-02-27T02:28:43.297+0000] {dagbag.py:536} INFO - Filling up the DagBag from /opt/airflow/dags/extract_exchange_rates.py
[2025-02-27T02:28:43.308+0000] {processor.py:839} INFO - DAG(s) dict_keys(['extract_exchange_rates']) retrieved from /opt/airflow/dags/extract_exchange_rates.py
[2025-02-27T02:28:43.323+0000] {logging_mixin.py:151} INFO - [2025-02-27T02:28:43.322+0000] {dag.py:2941} INFO - Sync 1 DAGs
[2025-02-27T02:28:43.333+0000] {logging_mixin.py:151} INFO - [2025-02-27T02:28:43.333+0000] {dag.py:3722} INFO - Setting next_dagrun for extract_exchange_rates to 2025-02-27T00:00:00+00:00, run_after=2025-02-28T00:00:00+00:00
[2025-02-27T02:28:43.340+0000] {processor.py:179} INFO - Processing /opt/airflow/dags/extract_exchange_rates.py took 0.047 seconds
[2025-02-27T02:29:13.548+0000] {processor.py:157} INFO - Started process (PID=359) to work on /opt/airflow/dags/extract_exchange_rates.py
[2025-02-27T02:29:13.548+0000] {processor.py:829} INFO - Processing file /opt/airflow/dags/extract_exchange_rates.py for tasks to queue
[2025-02-27T02:29:13.549+0000] {logging_mixin.py:151} INFO - [2025-02-27T02:29:13.549+0000] {dagbag.py:536} INFO - Filling up the DagBag from /opt/airflow/dags/extract_exchange_rates.py
[2025-02-27T02:29:13.558+0000] {processor.py:839} INFO - DAG(s) dict_keys(['extract_exchange_rates']) retrieved from /opt/airflow/dags/extract_exchange_rates.py
[2025-02-27T02:29:13.571+0000] {logging_mixin.py:151} INFO - [2025-02-27T02:29:13.571+0000] {dag.py:2941} INFO - Sync 1 DAGs
[2025-02-27T02:29:13.581+0000] {logging_mixin.py:151} INFO - [2025-02-27T02:29:13.580+0000] {dag.py:3722} INFO - Setting next_dagrun for extract_exchange_rates to 2025-02-27T00:00:00+00:00, run_after=2025-02-28T00:00:00+00:00
[2025-02-27T02:29:13.587+0000] {processor.py:179} INFO - Processing /opt/airflow/dags/extract_exchange_rates.py took 0.041 seconds
[2025-02-27T02:29:43.765+0000] {processor.py:157} INFO - Started process (PID=364) to work on /opt/airflow/dags/extract_exchange_rates.py
[2025-02-27T02:29:43.766+0000] {processor.py:829} INFO - Processing file /opt/airflow/dags/extract_exchange_rates.py for tasks to queue
[2025-02-27T02:29:43.766+0000] {logging_mixin.py:151} INFO - [2025-02-27T02:29:43.766+0000] {dagbag.py:536} INFO - Filling up the DagBag from /opt/airflow/dags/extract_exchange_rates.py
[2025-02-27T02:29:43.775+0000] {processor.py:839} INFO - DAG(s) dict_keys(['extract_exchange_rates']) retrieved from /opt/airflow/dags/extract_exchange_rates.py
[2025-02-27T02:29:43.788+0000] {logging_mixin.py:151} INFO - [2025-02-27T02:29:43.788+0000] {dag.py:2941} INFO - Sync 1 DAGs
[2025-02-27T02:29:43.797+0000] {logging_mixin.py:151} INFO - [2025-02-27T02:29:43.797+0000] {dag.py:3722} INFO - Setting next_dagrun for extract_exchange_rates to 2025-02-27T00:00:00+00:00, run_after=2025-02-28T00:00:00+00:00
[2025-02-27T02:29:43.805+0000] {processor.py:179} INFO - Processing /opt/airflow/dags/extract_exchange_rates.py took 0.042 seconds
[2025-02-27T02:30:13.990+0000] {processor.py:157} INFO - Started process (PID=369) to work on /opt/airflow/dags/extract_exchange_rates.py
[2025-02-27T02:30:13.991+0000] {processor.py:829} INFO - Processing file /opt/airflow/dags/extract_exchange_rates.py for tasks to queue
[2025-02-27T02:30:13.992+0000] {logging_mixin.py:151} INFO - [2025-02-27T02:30:13.992+0000] {dagbag.py:536} INFO - Filling up the DagBag from /opt/airflow/dags/extract_exchange_rates.py
[2025-02-27T02:30:14.000+0000] {processor.py:839} INFO - DAG(s) dict_keys(['extract_exchange_rates']) retrieved from /opt/airflow/dags/extract_exchange_rates.py
[2025-02-27T02:30:14.013+0000] {logging_mixin.py:151} INFO - [2025-02-27T02:30:14.013+0000] {dag.py:2941} INFO - Sync 1 DAGs
[2025-02-27T02:30:14.023+0000] {logging_mixin.py:151} INFO - [2025-02-27T02:30:14.022+0000] {dag.py:3722} INFO - Setting next_dagrun for extract_exchange_rates to 2025-02-27T00:00:00+00:00, run_after=2025-02-28T00:00:00+00:00
[2025-02-27T02:30:14.030+0000] {processor.py:179} INFO - Processing /opt/airflow/dags/extract_exchange_rates.py took 0.042 seconds
[2025-02-27T02:30:44.204+0000] {processor.py:157} INFO - Started process (PID=374) to work on /opt/airflow/dags/extract_exchange_rates.py
[2025-02-27T02:30:44.205+0000] {processor.py:829} INFO - Processing file /opt/airflow/dags/extract_exchange_rates.py for tasks to queue
[2025-02-27T02:30:44.205+0000] {logging_mixin.py:151} INFO - [2025-02-27T02:30:44.205+0000] {dagbag.py:536} INFO - Filling up the DagBag from /opt/airflow/dags/extract_exchange_rates.py
[2025-02-27T02:30:44.213+0000] {processor.py:839} INFO - DAG(s) dict_keys(['extract_exchange_rates']) retrieved from /opt/airflow/dags/extract_exchange_rates.py
[2025-02-27T02:30:44.224+0000] {logging_mixin.py:151} INFO - [2025-02-27T02:30:44.224+0000] {dag.py:2941} INFO - Sync 1 DAGs
[2025-02-27T02:30:44.235+0000] {logging_mixin.py:151} INFO - [2025-02-27T02:30:44.235+0000] {dag.py:3722} INFO - Setting next_dagrun for extract_exchange_rates to 2025-02-27T00:00:00+00:00, run_after=2025-02-28T00:00:00+00:00
[2025-02-27T02:30:44.243+0000] {processor.py:179} INFO - Processing /opt/airflow/dags/extract_exchange_rates.py took 0.040 seconds
[2025-02-27T02:31:14.441+0000] {processor.py:157} INFO - Started process (PID=379) to work on /opt/airflow/dags/extract_exchange_rates.py
[2025-02-27T02:31:14.441+0000] {processor.py:829} INFO - Processing file /opt/airflow/dags/extract_exchange_rates.py for tasks to queue
[2025-02-27T02:31:14.442+0000] {logging_mixin.py:151} INFO - [2025-02-27T02:31:14.442+0000] {dagbag.py:536} INFO - Filling up the DagBag from /opt/airflow/dags/extract_exchange_rates.py
[2025-02-27T02:31:14.449+0000] {processor.py:839} INFO - DAG(s) dict_keys(['extract_exchange_rates']) retrieved from /opt/airflow/dags/extract_exchange_rates.py
[2025-02-27T02:31:14.462+0000] {logging_mixin.py:151} INFO - [2025-02-27T02:31:14.462+0000] {dag.py:2941} INFO - Sync 1 DAGs
[2025-02-27T02:31:14.474+0000] {logging_mixin.py:151} INFO - [2025-02-27T02:31:14.474+0000] {dag.py:3722} INFO - Setting next_dagrun for extract_exchange_rates to 2025-02-27T00:00:00+00:00, run_after=2025-02-28T00:00:00+00:00
[2025-02-27T02:31:14.481+0000] {processor.py:179} INFO - Processing /opt/airflow/dags/extract_exchange_rates.py took 0.042 seconds
[2025-02-27T02:31:44.682+0000] {processor.py:157} INFO - Started process (PID=384) to work on /opt/airflow/dags/extract_exchange_rates.py
[2025-02-27T02:31:44.683+0000] {processor.py:829} INFO - Processing file /opt/airflow/dags/extract_exchange_rates.py for tasks to queue
[2025-02-27T02:31:44.684+0000] {logging_mixin.py:151} INFO - [2025-02-27T02:31:44.683+0000] {dagbag.py:536} INFO - Filling up the DagBag from /opt/airflow/dags/extract_exchange_rates.py
[2025-02-27T02:31:44.694+0000] {processor.py:839} INFO - DAG(s) dict_keys(['extract_exchange_rates']) retrieved from /opt/airflow/dags/extract_exchange_rates.py
[2025-02-27T02:31:44.707+0000] {logging_mixin.py:151} INFO - [2025-02-27T02:31:44.707+0000] {dag.py:2941} INFO - Sync 1 DAGs
[2025-02-27T02:31:44.717+0000] {logging_mixin.py:151} INFO - [2025-02-27T02:31:44.717+0000] {dag.py:3722} INFO - Setting next_dagrun for extract_exchange_rates to 2025-02-27T00:00:00+00:00, run_after=2025-02-28T00:00:00+00:00
[2025-02-27T02:31:44.724+0000] {processor.py:179} INFO - Processing /opt/airflow/dags/extract_exchange_rates.py took 0.044 seconds
[2025-02-27T02:32:14.894+0000] {processor.py:157} INFO - Started process (PID=389) to work on /opt/airflow/dags/extract_exchange_rates.py
[2025-02-27T02:32:14.895+0000] {processor.py:829} INFO - Processing file /opt/airflow/dags/extract_exchange_rates.py for tasks to queue
[2025-02-27T02:32:14.896+0000] {logging_mixin.py:151} INFO - [2025-02-27T02:32:14.895+0000] {dagbag.py:536} INFO - Filling up the DagBag from /opt/airflow/dags/extract_exchange_rates.py
[2025-02-27T02:32:14.906+0000] {processor.py:839} INFO - DAG(s) dict_keys(['extract_exchange_rates']) retrieved from /opt/airflow/dags/extract_exchange_rates.py
[2025-02-27T02:32:14.919+0000] {logging_mixin.py:151} INFO - [2025-02-27T02:32:14.919+0000] {dag.py:2941} INFO - Sync 1 DAGs
[2025-02-27T02:32:14.930+0000] {logging_mixin.py:151} INFO - [2025-02-27T02:32:14.929+0000] {dag.py:3722} INFO - Setting next_dagrun for extract_exchange_rates to 2025-02-27T00:00:00+00:00, run_after=2025-02-28T00:00:00+00:00
[2025-02-27T02:32:14.936+0000] {processor.py:179} INFO - Processing /opt/airflow/dags/extract_exchange_rates.py took 0.044 seconds
[2025-02-27T02:32:45.118+0000] {processor.py:157} INFO - Started process (PID=394) to work on /opt/airflow/dags/extract_exchange_rates.py
[2025-02-27T02:32:45.119+0000] {processor.py:829} INFO - Processing file /opt/airflow/dags/extract_exchange_rates.py for tasks to queue
[2025-02-27T02:32:45.119+0000] {logging_mixin.py:151} INFO - [2025-02-27T02:32:45.119+0000] {dagbag.py:536} INFO - Filling up the DagBag from /opt/airflow/dags/extract_exchange_rates.py
[2025-02-27T02:32:45.129+0000] {processor.py:839} INFO - DAG(s) dict_keys(['extract_exchange_rates']) retrieved from /opt/airflow/dags/extract_exchange_rates.py
[2025-02-27T02:32:45.144+0000] {logging_mixin.py:151} INFO - [2025-02-27T02:32:45.144+0000] {dag.py:2941} INFO - Sync 1 DAGs
[2025-02-27T02:32:45.155+0000] {logging_mixin.py:151} INFO - [2025-02-27T02:32:45.155+0000] {dag.py:3722} INFO - Setting next_dagrun for extract_exchange_rates to 2025-02-27T00:00:00+00:00, run_after=2025-02-28T00:00:00+00:00
[2025-02-27T02:32:45.162+0000] {processor.py:179} INFO - Processing /opt/airflow/dags/extract_exchange_rates.py took 0.047 seconds
[2025-02-27T02:33:15.359+0000] {processor.py:157} INFO - Started process (PID=399) to work on /opt/airflow/dags/extract_exchange_rates.py
[2025-02-27T02:33:15.359+0000] {processor.py:829} INFO - Processing file /opt/airflow/dags/extract_exchange_rates.py for tasks to queue
[2025-02-27T02:33:15.360+0000] {logging_mixin.py:151} INFO - [2025-02-27T02:33:15.360+0000] {dagbag.py:536} INFO - Filling up the DagBag from /opt/airflow/dags/extract_exchange_rates.py
[2025-02-27T02:33:15.369+0000] {processor.py:839} INFO - DAG(s) dict_keys(['extract_exchange_rates']) retrieved from /opt/airflow/dags/extract_exchange_rates.py
[2025-02-27T02:33:15.381+0000] {logging_mixin.py:151} INFO - [2025-02-27T02:33:15.381+0000] {dag.py:2941} INFO - Sync 1 DAGs
[2025-02-27T02:33:15.391+0000] {logging_mixin.py:151} INFO - [2025-02-27T02:33:15.391+0000] {dag.py:3722} INFO - Setting next_dagrun for extract_exchange_rates to 2025-02-27T00:00:00+00:00, run_after=2025-02-28T00:00:00+00:00
[2025-02-27T02:33:15.399+0000] {processor.py:179} INFO - Processing /opt/airflow/dags/extract_exchange_rates.py took 0.042 seconds
[2025-02-27T02:33:45.605+0000] {processor.py:157} INFO - Started process (PID=404) to work on /opt/airflow/dags/extract_exchange_rates.py
[2025-02-27T02:33:45.606+0000] {processor.py:829} INFO - Processing file /opt/airflow/dags/extract_exchange_rates.py for tasks to queue
[2025-02-27T02:33:45.607+0000] {logging_mixin.py:151} INFO - [2025-02-27T02:33:45.606+0000] {dagbag.py:536} INFO - Filling up the DagBag from /opt/airflow/dags/extract_exchange_rates.py
[2025-02-27T02:33:45.616+0000] {processor.py:839} INFO - DAG(s) dict_keys(['extract_exchange_rates']) retrieved from /opt/airflow/dags/extract_exchange_rates.py
[2025-02-27T02:33:45.630+0000] {logging_mixin.py:151} INFO - [2025-02-27T02:33:45.630+0000] {dag.py:2941} INFO - Sync 1 DAGs
[2025-02-27T02:33:45.641+0000] {logging_mixin.py:151} INFO - [2025-02-27T02:33:45.641+0000] {dag.py:3722} INFO - Setting next_dagrun for extract_exchange_rates to 2025-02-27T00:00:00+00:00, run_after=2025-02-28T00:00:00+00:00
[2025-02-27T02:33:45.648+0000] {processor.py:179} INFO - Processing /opt/airflow/dags/extract_exchange_rates.py took 0.046 seconds
[2025-02-27T02:34:15.833+0000] {processor.py:157} INFO - Started process (PID=409) to work on /opt/airflow/dags/extract_exchange_rates.py
[2025-02-27T02:34:15.834+0000] {processor.py:829} INFO - Processing file /opt/airflow/dags/extract_exchange_rates.py for tasks to queue
[2025-02-27T02:34:15.834+0000] {logging_mixin.py:151} INFO - [2025-02-27T02:34:15.834+0000] {dagbag.py:536} INFO - Filling up the DagBag from /opt/airflow/dags/extract_exchange_rates.py
[2025-02-27T02:34:15.841+0000] {processor.py:839} INFO - DAG(s) dict_keys(['extract_exchange_rates']) retrieved from /opt/airflow/dags/extract_exchange_rates.py
[2025-02-27T02:34:15.851+0000] {logging_mixin.py:151} INFO - [2025-02-27T02:34:15.851+0000] {dag.py:2941} INFO - Sync 1 DAGs
[2025-02-27T02:34:15.860+0000] {logging_mixin.py:151} INFO - [2025-02-27T02:34:15.860+0000] {dag.py:3722} INFO - Setting next_dagrun for extract_exchange_rates to 2025-02-27T00:00:00+00:00, run_after=2025-02-28T00:00:00+00:00
[2025-02-27T02:34:15.867+0000] {processor.py:179} INFO - Processing /opt/airflow/dags/extract_exchange_rates.py took 0.035 seconds
[2025-02-27T02:34:46.044+0000] {processor.py:157} INFO - Started process (PID=414) to work on /opt/airflow/dags/extract_exchange_rates.py
[2025-02-27T02:34:46.044+0000] {processor.py:829} INFO - Processing file /opt/airflow/dags/extract_exchange_rates.py for tasks to queue
[2025-02-27T02:34:46.045+0000] {logging_mixin.py:151} INFO - [2025-02-27T02:34:46.045+0000] {dagbag.py:536} INFO - Filling up the DagBag from /opt/airflow/dags/extract_exchange_rates.py
[2025-02-27T02:34:46.054+0000] {processor.py:839} INFO - DAG(s) dict_keys(['extract_exchange_rates']) retrieved from /opt/airflow/dags/extract_exchange_rates.py
[2025-02-27T02:34:46.069+0000] {logging_mixin.py:151} INFO - [2025-02-27T02:34:46.069+0000] {dag.py:2941} INFO - Sync 1 DAGs
[2025-02-27T02:34:46.079+0000] {logging_mixin.py:151} INFO - [2025-02-27T02:34:46.079+0000] {dag.py:3722} INFO - Setting next_dagrun for extract_exchange_rates to 2025-02-27T00:00:00+00:00, run_after=2025-02-28T00:00:00+00:00
[2025-02-27T02:34:46.086+0000] {processor.py:179} INFO - Processing /opt/airflow/dags/extract_exchange_rates.py took 0.044 seconds
[2025-02-27T02:35:16.244+0000] {processor.py:157} INFO - Started process (PID=419) to work on /opt/airflow/dags/extract_exchange_rates.py
[2025-02-27T02:35:16.245+0000] {processor.py:829} INFO - Processing file /opt/airflow/dags/extract_exchange_rates.py for tasks to queue
[2025-02-27T02:35:16.245+0000] {logging_mixin.py:151} INFO - [2025-02-27T02:35:16.245+0000] {dagbag.py:536} INFO - Filling up the DagBag from /opt/airflow/dags/extract_exchange_rates.py
[2025-02-27T02:35:16.255+0000] {processor.py:839} INFO - DAG(s) dict_keys(['extract_exchange_rates']) retrieved from /opt/airflow/dags/extract_exchange_rates.py
[2025-02-27T02:35:16.269+0000] {logging_mixin.py:151} INFO - [2025-02-27T02:35:16.269+0000] {dag.py:2941} INFO - Sync 1 DAGs
[2025-02-27T02:35:16.278+0000] {logging_mixin.py:151} INFO - [2025-02-27T02:35:16.278+0000] {dag.py:3722} INFO - Setting next_dagrun for extract_exchange_rates to 2025-02-27T00:00:00+00:00, run_after=2025-02-28T00:00:00+00:00
[2025-02-27T02:35:16.286+0000] {processor.py:179} INFO - Processing /opt/airflow/dags/extract_exchange_rates.py took 0.044 seconds
[2025-02-27T02:35:46.440+0000] {processor.py:157} INFO - Started process (PID=424) to work on /opt/airflow/dags/extract_exchange_rates.py
[2025-02-27T02:35:46.441+0000] {processor.py:829} INFO - Processing file /opt/airflow/dags/extract_exchange_rates.py for tasks to queue
[2025-02-27T02:35:46.441+0000] {logging_mixin.py:151} INFO - [2025-02-27T02:35:46.441+0000] {dagbag.py:536} INFO - Filling up the DagBag from /opt/airflow/dags/extract_exchange_rates.py
[2025-02-27T02:35:46.450+0000] {processor.py:839} INFO - DAG(s) dict_keys(['extract_exchange_rates']) retrieved from /opt/airflow/dags/extract_exchange_rates.py
[2025-02-27T02:35:46.464+0000] {logging_mixin.py:151} INFO - [2025-02-27T02:35:46.464+0000] {dag.py:2941} INFO - Sync 1 DAGs
[2025-02-27T02:35:46.474+0000] {logging_mixin.py:151} INFO - [2025-02-27T02:35:46.474+0000] {dag.py:3722} INFO - Setting next_dagrun for extract_exchange_rates to 2025-02-27T00:00:00+00:00, run_after=2025-02-28T00:00:00+00:00
[2025-02-27T02:35:46.481+0000] {processor.py:179} INFO - Processing /opt/airflow/dags/extract_exchange_rates.py took 0.043 seconds
[2025-02-27T02:36:16.675+0000] {processor.py:157} INFO - Started process (PID=429) to work on /opt/airflow/dags/extract_exchange_rates.py
[2025-02-27T02:36:16.675+0000] {processor.py:829} INFO - Processing file /opt/airflow/dags/extract_exchange_rates.py for tasks to queue
[2025-02-27T02:36:16.676+0000] {logging_mixin.py:151} INFO - [2025-02-27T02:36:16.676+0000] {dagbag.py:536} INFO - Filling up the DagBag from /opt/airflow/dags/extract_exchange_rates.py
[2025-02-27T02:36:16.686+0000] {processor.py:839} INFO - DAG(s) dict_keys(['extract_exchange_rates']) retrieved from /opt/airflow/dags/extract_exchange_rates.py
[2025-02-27T02:36:16.701+0000] {logging_mixin.py:151} INFO - [2025-02-27T02:36:16.701+0000] {dag.py:2941} INFO - Sync 1 DAGs
[2025-02-27T02:36:16.712+0000] {logging_mixin.py:151} INFO - [2025-02-27T02:36:16.712+0000] {dag.py:3722} INFO - Setting next_dagrun for extract_exchange_rates to 2025-02-27T00:00:00+00:00, run_after=2025-02-28T00:00:00+00:00
[2025-02-27T02:36:16.720+0000] {processor.py:179} INFO - Processing /opt/airflow/dags/extract_exchange_rates.py took 0.048 seconds
[2025-02-27T02:36:46.911+0000] {processor.py:157} INFO - Started process (PID=434) to work on /opt/airflow/dags/extract_exchange_rates.py
[2025-02-27T02:36:46.912+0000] {processor.py:829} INFO - Processing file /opt/airflow/dags/extract_exchange_rates.py for tasks to queue
[2025-02-27T02:36:46.913+0000] {logging_mixin.py:151} INFO - [2025-02-27T02:36:46.913+0000] {dagbag.py:536} INFO - Filling up the DagBag from /opt/airflow/dags/extract_exchange_rates.py
[2025-02-27T02:36:46.923+0000] {processor.py:839} INFO - DAG(s) dict_keys(['extract_exchange_rates']) retrieved from /opt/airflow/dags/extract_exchange_rates.py
[2025-02-27T02:36:46.937+0000] {logging_mixin.py:151} INFO - [2025-02-27T02:36:46.937+0000] {dag.py:2941} INFO - Sync 1 DAGs
[2025-02-27T02:36:46.949+0000] {logging_mixin.py:151} INFO - [2025-02-27T02:36:46.948+0000] {dag.py:3722} INFO - Setting next_dagrun for extract_exchange_rates to 2025-02-27T00:00:00+00:00, run_after=2025-02-28T00:00:00+00:00
[2025-02-27T02:36:46.956+0000] {processor.py:179} INFO - Processing /opt/airflow/dags/extract_exchange_rates.py took 0.047 seconds
[2025-02-27T02:37:17.150+0000] {processor.py:157} INFO - Started process (PID=439) to work on /opt/airflow/dags/extract_exchange_rates.py
[2025-02-27T02:37:17.151+0000] {processor.py:829} INFO - Processing file /opt/airflow/dags/extract_exchange_rates.py for tasks to queue
[2025-02-27T02:37:17.152+0000] {logging_mixin.py:151} INFO - [2025-02-27T02:37:17.152+0000] {dagbag.py:536} INFO - Filling up the DagBag from /opt/airflow/dags/extract_exchange_rates.py
[2025-02-27T02:37:17.161+0000] {processor.py:839} INFO - DAG(s) dict_keys(['extract_exchange_rates']) retrieved from /opt/airflow/dags/extract_exchange_rates.py
[2025-02-27T02:37:17.174+0000] {logging_mixin.py:151} INFO - [2025-02-27T02:37:17.174+0000] {dag.py:2941} INFO - Sync 1 DAGs
[2025-02-27T02:37:17.185+0000] {logging_mixin.py:151} INFO - [2025-02-27T02:37:17.185+0000] {dag.py:3722} INFO - Setting next_dagrun for extract_exchange_rates to 2025-02-27T00:00:00+00:00, run_after=2025-02-28T00:00:00+00:00
[2025-02-27T02:37:17.192+0000] {processor.py:179} INFO - Processing /opt/airflow/dags/extract_exchange_rates.py took 0.044 seconds
[2025-02-27T02:37:47.373+0000] {processor.py:157} INFO - Started process (PID=444) to work on /opt/airflow/dags/extract_exchange_rates.py
[2025-02-27T02:37:47.374+0000] {processor.py:829} INFO - Processing file /opt/airflow/dags/extract_exchange_rates.py for tasks to queue
[2025-02-27T02:37:47.375+0000] {logging_mixin.py:151} INFO - [2025-02-27T02:37:47.375+0000] {dagbag.py:536} INFO - Filling up the DagBag from /opt/airflow/dags/extract_exchange_rates.py
[2025-02-27T02:37:47.385+0000] {processor.py:839} INFO - DAG(s) dict_keys(['extract_exchange_rates']) retrieved from /opt/airflow/dags/extract_exchange_rates.py
[2025-02-27T02:37:47.398+0000] {logging_mixin.py:151} INFO - [2025-02-27T02:37:47.398+0000] {dag.py:2941} INFO - Sync 1 DAGs
[2025-02-27T02:37:47.409+0000] {logging_mixin.py:151} INFO - [2025-02-27T02:37:47.409+0000] {dag.py:3722} INFO - Setting next_dagrun for extract_exchange_rates to 2025-02-27T00:00:00+00:00, run_after=2025-02-28T00:00:00+00:00
[2025-02-27T02:37:47.415+0000] {processor.py:179} INFO - Processing /opt/airflow/dags/extract_exchange_rates.py took 0.045 seconds
[2025-02-27T02:38:17.626+0000] {processor.py:157} INFO - Started process (PID=449) to work on /opt/airflow/dags/extract_exchange_rates.py
[2025-02-27T02:38:17.627+0000] {processor.py:829} INFO - Processing file /opt/airflow/dags/extract_exchange_rates.py for tasks to queue
[2025-02-27T02:38:17.628+0000] {logging_mixin.py:151} INFO - [2025-02-27T02:38:17.627+0000] {dagbag.py:536} INFO - Filling up the DagBag from /opt/airflow/dags/extract_exchange_rates.py
[2025-02-27T02:38:17.638+0000] {processor.py:839} INFO - DAG(s) dict_keys(['extract_exchange_rates']) retrieved from /opt/airflow/dags/extract_exchange_rates.py
[2025-02-27T02:38:17.651+0000] {logging_mixin.py:151} INFO - [2025-02-27T02:38:17.651+0000] {dag.py:2941} INFO - Sync 1 DAGs
[2025-02-27T02:38:17.661+0000] {logging_mixin.py:151} INFO - [2025-02-27T02:38:17.661+0000] {dag.py:3722} INFO - Setting next_dagrun for extract_exchange_rates to 2025-02-27T00:00:00+00:00, run_after=2025-02-28T00:00:00+00:00
[2025-02-27T02:38:17.668+0000] {processor.py:179} INFO - Processing /opt/airflow/dags/extract_exchange_rates.py took 0.044 seconds
[2025-02-27T02:38:47.875+0000] {processor.py:157} INFO - Started process (PID=454) to work on /opt/airflow/dags/extract_exchange_rates.py
[2025-02-27T02:38:47.877+0000] {processor.py:829} INFO - Processing file /opt/airflow/dags/extract_exchange_rates.py for tasks to queue
[2025-02-27T02:38:47.878+0000] {logging_mixin.py:151} INFO - [2025-02-27T02:38:47.877+0000] {dagbag.py:536} INFO - Filling up the DagBag from /opt/airflow/dags/extract_exchange_rates.py
[2025-02-27T02:38:47.886+0000] {processor.py:839} INFO - DAG(s) dict_keys(['extract_exchange_rates']) retrieved from /opt/airflow/dags/extract_exchange_rates.py
[2025-02-27T02:38:47.903+0000] {logging_mixin.py:151} INFO - [2025-02-27T02:38:47.903+0000] {dag.py:2941} INFO - Sync 1 DAGs
[2025-02-27T02:38:47.914+0000] {logging_mixin.py:151} INFO - [2025-02-27T02:38:47.913+0000] {dag.py:3722} INFO - Setting next_dagrun for extract_exchange_rates to 2025-02-27T00:00:00+00:00, run_after=2025-02-28T00:00:00+00:00
[2025-02-27T02:38:47.920+0000] {processor.py:179} INFO - Processing /opt/airflow/dags/extract_exchange_rates.py took 0.047 seconds
[2025-02-27T02:39:18.084+0000] {processor.py:157} INFO - Started process (PID=459) to work on /opt/airflow/dags/extract_exchange_rates.py
[2025-02-27T02:39:18.084+0000] {processor.py:829} INFO - Processing file /opt/airflow/dags/extract_exchange_rates.py for tasks to queue
[2025-02-27T02:39:18.085+0000] {logging_mixin.py:151} INFO - [2025-02-27T02:39:18.085+0000] {dagbag.py:536} INFO - Filling up the DagBag from /opt/airflow/dags/extract_exchange_rates.py
[2025-02-27T02:39:18.096+0000] {processor.py:839} INFO - DAG(s) dict_keys(['extract_exchange_rates']) retrieved from /opt/airflow/dags/extract_exchange_rates.py
[2025-02-27T02:39:18.110+0000] {logging_mixin.py:151} INFO - [2025-02-27T02:39:18.110+0000] {dag.py:2941} INFO - Sync 1 DAGs
[2025-02-27T02:39:18.123+0000] {logging_mixin.py:151} INFO - [2025-02-27T02:39:18.123+0000] {dag.py:3722} INFO - Setting next_dagrun for extract_exchange_rates to 2025-02-27T00:00:00+00:00, run_after=2025-02-28T00:00:00+00:00
[2025-02-27T02:39:18.133+0000] {processor.py:179} INFO - Processing /opt/airflow/dags/extract_exchange_rates.py took 0.052 seconds
[2025-02-27T02:39:48.325+0000] {processor.py:157} INFO - Started process (PID=464) to work on /opt/airflow/dags/extract_exchange_rates.py
[2025-02-27T02:39:48.326+0000] {processor.py:829} INFO - Processing file /opt/airflow/dags/extract_exchange_rates.py for tasks to queue
[2025-02-27T02:39:48.327+0000] {logging_mixin.py:151} INFO - [2025-02-27T02:39:48.326+0000] {dagbag.py:536} INFO - Filling up the DagBag from /opt/airflow/dags/extract_exchange_rates.py
[2025-02-27T02:39:48.335+0000] {processor.py:839} INFO - DAG(s) dict_keys(['extract_exchange_rates']) retrieved from /opt/airflow/dags/extract_exchange_rates.py
[2025-02-27T02:39:48.349+0000] {logging_mixin.py:151} INFO - [2025-02-27T02:39:48.349+0000] {dag.py:2941} INFO - Sync 1 DAGs
[2025-02-27T02:39:48.360+0000] {logging_mixin.py:151} INFO - [2025-02-27T02:39:48.360+0000] {dag.py:3722} INFO - Setting next_dagrun for extract_exchange_rates to 2025-02-27T00:00:00+00:00, run_after=2025-02-28T00:00:00+00:00
[2025-02-27T02:39:48.367+0000] {processor.py:179} INFO - Processing /opt/airflow/dags/extract_exchange_rates.py took 0.044 seconds
[2025-02-27T02:40:18.555+0000] {processor.py:157} INFO - Started process (PID=469) to work on /opt/airflow/dags/extract_exchange_rates.py
[2025-02-27T02:40:18.556+0000] {processor.py:829} INFO - Processing file /opt/airflow/dags/extract_exchange_rates.py for tasks to queue
[2025-02-27T02:40:18.556+0000] {logging_mixin.py:151} INFO - [2025-02-27T02:40:18.556+0000] {dagbag.py:536} INFO - Filling up the DagBag from /opt/airflow/dags/extract_exchange_rates.py
[2025-02-27T02:40:18.565+0000] {processor.py:839} INFO - DAG(s) dict_keys(['extract_exchange_rates']) retrieved from /opt/airflow/dags/extract_exchange_rates.py
[2025-02-27T02:40:18.579+0000] {logging_mixin.py:151} INFO - [2025-02-27T02:40:18.579+0000] {dag.py:2941} INFO - Sync 1 DAGs
[2025-02-27T02:40:18.590+0000] {logging_mixin.py:151} INFO - [2025-02-27T02:40:18.590+0000] {dag.py:3722} INFO - Setting next_dagrun for extract_exchange_rates to 2025-02-27T00:00:00+00:00, run_after=2025-02-28T00:00:00+00:00
[2025-02-27T02:40:18.597+0000] {processor.py:179} INFO - Processing /opt/airflow/dags/extract_exchange_rates.py took 0.044 seconds
[2025-02-27T02:40:48.800+0000] {processor.py:157} INFO - Started process (PID=474) to work on /opt/airflow/dags/extract_exchange_rates.py
[2025-02-27T02:40:48.801+0000] {processor.py:829} INFO - Processing file /opt/airflow/dags/extract_exchange_rates.py for tasks to queue
[2025-02-27T02:40:48.801+0000] {logging_mixin.py:151} INFO - [2025-02-27T02:40:48.801+0000] {dagbag.py:536} INFO - Filling up the DagBag from /opt/airflow/dags/extract_exchange_rates.py
[2025-02-27T02:40:48.809+0000] {processor.py:839} INFO - DAG(s) dict_keys(['extract_exchange_rates']) retrieved from /opt/airflow/dags/extract_exchange_rates.py
[2025-02-27T02:40:48.823+0000] {logging_mixin.py:151} INFO - [2025-02-27T02:40:48.823+0000] {dag.py:2941} INFO - Sync 1 DAGs
[2025-02-27T02:40:48.832+0000] {logging_mixin.py:151} INFO - [2025-02-27T02:40:48.832+0000] {dag.py:3722} INFO - Setting next_dagrun for extract_exchange_rates to 2025-02-27T00:00:00+00:00, run_after=2025-02-28T00:00:00+00:00
[2025-02-27T02:40:48.839+0000] {processor.py:179} INFO - Processing /opt/airflow/dags/extract_exchange_rates.py took 0.041 seconds
[2025-02-27T02:41:19.045+0000] {processor.py:157} INFO - Started process (PID=479) to work on /opt/airflow/dags/extract_exchange_rates.py
[2025-02-27T02:41:19.045+0000] {processor.py:829} INFO - Processing file /opt/airflow/dags/extract_exchange_rates.py for tasks to queue
[2025-02-27T02:41:19.046+0000] {logging_mixin.py:151} INFO - [2025-02-27T02:41:19.046+0000] {dagbag.py:536} INFO - Filling up the DagBag from /opt/airflow/dags/extract_exchange_rates.py
[2025-02-27T02:41:19.054+0000] {processor.py:839} INFO - DAG(s) dict_keys(['extract_exchange_rates']) retrieved from /opt/airflow/dags/extract_exchange_rates.py
[2025-02-27T02:41:19.067+0000] {logging_mixin.py:151} INFO - [2025-02-27T02:41:19.067+0000] {dag.py:2941} INFO - Sync 1 DAGs
[2025-02-27T02:41:19.077+0000] {logging_mixin.py:151} INFO - [2025-02-27T02:41:19.077+0000] {dag.py:3722} INFO - Setting next_dagrun for extract_exchange_rates to 2025-02-27T00:00:00+00:00, run_after=2025-02-28T00:00:00+00:00
[2025-02-27T02:41:19.083+0000] {processor.py:179} INFO - Processing /opt/airflow/dags/extract_exchange_rates.py took 0.040 seconds
[2025-02-27T02:41:49.285+0000] {processor.py:157} INFO - Started process (PID=484) to work on /opt/airflow/dags/extract_exchange_rates.py
[2025-02-27T02:41:49.286+0000] {processor.py:829} INFO - Processing file /opt/airflow/dags/extract_exchange_rates.py for tasks to queue
[2025-02-27T02:41:49.287+0000] {logging_mixin.py:151} INFO - [2025-02-27T02:41:49.286+0000] {dagbag.py:536} INFO - Filling up the DagBag from /opt/airflow/dags/extract_exchange_rates.py
[2025-02-27T02:41:49.298+0000] {processor.py:839} INFO - DAG(s) dict_keys(['extract_exchange_rates']) retrieved from /opt/airflow/dags/extract_exchange_rates.py
[2025-02-27T02:41:49.313+0000] {logging_mixin.py:151} INFO - [2025-02-27T02:41:49.313+0000] {dag.py:2941} INFO - Sync 1 DAGs
[2025-02-27T02:41:49.324+0000] {logging_mixin.py:151} INFO - [2025-02-27T02:41:49.324+0000] {dag.py:3722} INFO - Setting next_dagrun for extract_exchange_rates to 2025-02-27T00:00:00+00:00, run_after=2025-02-28T00:00:00+00:00
[2025-02-27T02:41:49.332+0000] {processor.py:179} INFO - Processing /opt/airflow/dags/extract_exchange_rates.py took 0.050 seconds
[2025-02-27T02:42:19.528+0000] {processor.py:157} INFO - Started process (PID=489) to work on /opt/airflow/dags/extract_exchange_rates.py
[2025-02-27T02:42:19.528+0000] {processor.py:829} INFO - Processing file /opt/airflow/dags/extract_exchange_rates.py for tasks to queue
[2025-02-27T02:42:19.529+0000] {logging_mixin.py:151} INFO - [2025-02-27T02:42:19.529+0000] {dagbag.py:536} INFO - Filling up the DagBag from /opt/airflow/dags/extract_exchange_rates.py
[2025-02-27T02:42:19.539+0000] {processor.py:839} INFO - DAG(s) dict_keys(['extract_exchange_rates']) retrieved from /opt/airflow/dags/extract_exchange_rates.py
[2025-02-27T02:42:19.554+0000] {logging_mixin.py:151} INFO - [2025-02-27T02:42:19.554+0000] {dag.py:2941} INFO - Sync 1 DAGs
[2025-02-27T02:42:19.565+0000] {logging_mixin.py:151} INFO - [2025-02-27T02:42:19.565+0000] {dag.py:3722} INFO - Setting next_dagrun for extract_exchange_rates to 2025-02-27T00:00:00+00:00, run_after=2025-02-28T00:00:00+00:00
[2025-02-27T02:42:19.572+0000] {processor.py:179} INFO - Processing /opt/airflow/dags/extract_exchange_rates.py took 0.047 seconds
[2025-02-27T02:42:49.759+0000] {processor.py:157} INFO - Started process (PID=494) to work on /opt/airflow/dags/extract_exchange_rates.py
[2025-02-27T02:42:49.760+0000] {processor.py:829} INFO - Processing file /opt/airflow/dags/extract_exchange_rates.py for tasks to queue
[2025-02-27T02:42:49.760+0000] {logging_mixin.py:151} INFO - [2025-02-27T02:42:49.760+0000] {dagbag.py:536} INFO - Filling up the DagBag from /opt/airflow/dags/extract_exchange_rates.py
[2025-02-27T02:42:49.770+0000] {processor.py:839} INFO - DAG(s) dict_keys(['extract_exchange_rates']) retrieved from /opt/airflow/dags/extract_exchange_rates.py
[2025-02-27T02:42:49.783+0000] {logging_mixin.py:151} INFO - [2025-02-27T02:42:49.783+0000] {dag.py:2941} INFO - Sync 1 DAGs
[2025-02-27T02:42:49.794+0000] {logging_mixin.py:151} INFO - [2025-02-27T02:42:49.793+0000] {dag.py:3722} INFO - Setting next_dagrun for extract_exchange_rates to 2025-02-27T00:00:00+00:00, run_after=2025-02-28T00:00:00+00:00
[2025-02-27T02:42:49.801+0000] {processor.py:179} INFO - Processing /opt/airflow/dags/extract_exchange_rates.py took 0.044 seconds
[2025-02-27T02:43:20.006+0000] {processor.py:157} INFO - Started process (PID=499) to work on /opt/airflow/dags/extract_exchange_rates.py
[2025-02-27T02:43:20.007+0000] {processor.py:829} INFO - Processing file /opt/airflow/dags/extract_exchange_rates.py for tasks to queue
[2025-02-27T02:43:20.007+0000] {logging_mixin.py:151} INFO - [2025-02-27T02:43:20.007+0000] {dagbag.py:536} INFO - Filling up the DagBag from /opt/airflow/dags/extract_exchange_rates.py
[2025-02-27T02:43:20.017+0000] {processor.py:839} INFO - DAG(s) dict_keys(['extract_exchange_rates']) retrieved from /opt/airflow/dags/extract_exchange_rates.py
[2025-02-27T02:43:20.029+0000] {logging_mixin.py:151} INFO - [2025-02-27T02:43:20.029+0000] {dag.py:2941} INFO - Sync 1 DAGs
[2025-02-27T02:43:20.039+0000] {logging_mixin.py:151} INFO - [2025-02-27T02:43:20.039+0000] {dag.py:3722} INFO - Setting next_dagrun for extract_exchange_rates to 2025-02-27T00:00:00+00:00, run_after=2025-02-28T00:00:00+00:00
[2025-02-27T02:43:20.046+0000] {processor.py:179} INFO - Processing /opt/airflow/dags/extract_exchange_rates.py took 0.042 seconds
[2025-02-27T02:43:50.209+0000] {processor.py:157} INFO - Started process (PID=504) to work on /opt/airflow/dags/extract_exchange_rates.py
[2025-02-27T02:43:50.210+0000] {processor.py:829} INFO - Processing file /opt/airflow/dags/extract_exchange_rates.py for tasks to queue
[2025-02-27T02:43:50.210+0000] {logging_mixin.py:151} INFO - [2025-02-27T02:43:50.210+0000] {dagbag.py:536} INFO - Filling up the DagBag from /opt/airflow/dags/extract_exchange_rates.py
[2025-02-27T02:43:50.218+0000] {processor.py:839} INFO - DAG(s) dict_keys(['extract_exchange_rates']) retrieved from /opt/airflow/dags/extract_exchange_rates.py
[2025-02-27T02:43:50.230+0000] {logging_mixin.py:151} INFO - [2025-02-27T02:43:50.230+0000] {dag.py:2941} INFO - Sync 1 DAGs
[2025-02-27T02:43:50.240+0000] {logging_mixin.py:151} INFO - [2025-02-27T02:43:50.239+0000] {dag.py:3722} INFO - Setting next_dagrun for extract_exchange_rates to 2025-02-27T00:00:00+00:00, run_after=2025-02-28T00:00:00+00:00
[2025-02-27T02:43:50.246+0000] {processor.py:179} INFO - Processing /opt/airflow/dags/extract_exchange_rates.py took 0.039 seconds
[2025-02-27T02:44:20.452+0000] {processor.py:157} INFO - Started process (PID=509) to work on /opt/airflow/dags/extract_exchange_rates.py
[2025-02-27T02:44:20.454+0000] {processor.py:829} INFO - Processing file /opt/airflow/dags/extract_exchange_rates.py for tasks to queue
[2025-02-27T02:44:20.455+0000] {logging_mixin.py:151} INFO - [2025-02-27T02:44:20.455+0000] {dagbag.py:536} INFO - Filling up the DagBag from /opt/airflow/dags/extract_exchange_rates.py
[2025-02-27T02:44:20.465+0000] {processor.py:839} INFO - DAG(s) dict_keys(['extract_exchange_rates']) retrieved from /opt/airflow/dags/extract_exchange_rates.py
[2025-02-27T02:44:20.479+0000] {logging_mixin.py:151} INFO - [2025-02-27T02:44:20.479+0000] {dag.py:2941} INFO - Sync 1 DAGs
[2025-02-27T02:44:20.489+0000] {logging_mixin.py:151} INFO - [2025-02-27T02:44:20.489+0000] {dag.py:3722} INFO - Setting next_dagrun for extract_exchange_rates to 2025-02-27T00:00:00+00:00, run_after=2025-02-28T00:00:00+00:00
[2025-02-27T02:44:20.497+0000] {processor.py:179} INFO - Processing /opt/airflow/dags/extract_exchange_rates.py took 0.047 seconds
[2025-02-27T02:44:50.678+0000] {processor.py:157} INFO - Started process (PID=514) to work on /opt/airflow/dags/extract_exchange_rates.py
[2025-02-27T02:44:50.679+0000] {processor.py:829} INFO - Processing file /opt/airflow/dags/extract_exchange_rates.py for tasks to queue
[2025-02-27T02:44:50.680+0000] {logging_mixin.py:151} INFO - [2025-02-27T02:44:50.679+0000] {dagbag.py:536} INFO - Filling up the DagBag from /opt/airflow/dags/extract_exchange_rates.py
[2025-02-27T02:44:50.688+0000] {processor.py:839} INFO - DAG(s) dict_keys(['extract_exchange_rates']) retrieved from /opt/airflow/dags/extract_exchange_rates.py
[2025-02-27T02:44:50.701+0000] {logging_mixin.py:151} INFO - [2025-02-27T02:44:50.701+0000] {dag.py:2941} INFO - Sync 1 DAGs
[2025-02-27T02:44:50.711+0000] {logging_mixin.py:151} INFO - [2025-02-27T02:44:50.711+0000] {dag.py:3722} INFO - Setting next_dagrun for extract_exchange_rates to 2025-02-27T00:00:00+00:00, run_after=2025-02-28T00:00:00+00:00
[2025-02-27T02:44:50.718+0000] {processor.py:179} INFO - Processing /opt/airflow/dags/extract_exchange_rates.py took 0.042 seconds
[2025-02-27T02:45:20.937+0000] {processor.py:157} INFO - Started process (PID=519) to work on /opt/airflow/dags/extract_exchange_rates.py
[2025-02-27T02:45:20.938+0000] {processor.py:829} INFO - Processing file /opt/airflow/dags/extract_exchange_rates.py for tasks to queue
[2025-02-27T02:45:20.938+0000] {logging_mixin.py:151} INFO - [2025-02-27T02:45:20.938+0000] {dagbag.py:536} INFO - Filling up the DagBag from /opt/airflow/dags/extract_exchange_rates.py
[2025-02-27T02:45:20.946+0000] {processor.py:839} INFO - DAG(s) dict_keys(['extract_exchange_rates']) retrieved from /opt/airflow/dags/extract_exchange_rates.py
[2025-02-27T02:45:20.959+0000] {logging_mixin.py:151} INFO - [2025-02-27T02:45:20.959+0000] {dag.py:2941} INFO - Sync 1 DAGs
[2025-02-27T02:45:20.969+0000] {logging_mixin.py:151} INFO - [2025-02-27T02:45:20.969+0000] {dag.py:3722} INFO - Setting next_dagrun for extract_exchange_rates to 2025-02-27T00:00:00+00:00, run_after=2025-02-28T00:00:00+00:00
[2025-02-27T02:45:20.976+0000] {processor.py:179} INFO - Processing /opt/airflow/dags/extract_exchange_rates.py took 0.042 seconds
[2025-02-27T02:45:51.164+0000] {processor.py:157} INFO - Started process (PID=524) to work on /opt/airflow/dags/extract_exchange_rates.py
[2025-02-27T02:45:51.164+0000] {processor.py:829} INFO - Processing file /opt/airflow/dags/extract_exchange_rates.py for tasks to queue
[2025-02-27T02:45:51.165+0000] {logging_mixin.py:151} INFO - [2025-02-27T02:45:51.165+0000] {dagbag.py:536} INFO - Filling up the DagBag from /opt/airflow/dags/extract_exchange_rates.py
[2025-02-27T02:45:51.174+0000] {processor.py:839} INFO - DAG(s) dict_keys(['extract_exchange_rates']) retrieved from /opt/airflow/dags/extract_exchange_rates.py
[2025-02-27T02:45:51.189+0000] {logging_mixin.py:151} INFO - [2025-02-27T02:45:51.188+0000] {dag.py:2941} INFO - Sync 1 DAGs
[2025-02-27T02:45:51.199+0000] {logging_mixin.py:151} INFO - [2025-02-27T02:45:51.199+0000] {dag.py:3722} INFO - Setting next_dagrun for extract_exchange_rates to 2025-02-27T00:00:00+00:00, run_after=2025-02-28T00:00:00+00:00
[2025-02-27T02:45:51.206+0000] {processor.py:179} INFO - Processing /opt/airflow/dags/extract_exchange_rates.py took 0.044 seconds
[2025-02-27T02:46:21.400+0000] {processor.py:157} INFO - Started process (PID=529) to work on /opt/airflow/dags/extract_exchange_rates.py
[2025-02-27T02:46:21.401+0000] {processor.py:829} INFO - Processing file /opt/airflow/dags/extract_exchange_rates.py for tasks to queue
[2025-02-27T02:46:21.402+0000] {logging_mixin.py:151} INFO - [2025-02-27T02:46:21.402+0000] {dagbag.py:536} INFO - Filling up the DagBag from /opt/airflow/dags/extract_exchange_rates.py
[2025-02-27T02:46:21.410+0000] {processor.py:839} INFO - DAG(s) dict_keys(['extract_exchange_rates']) retrieved from /opt/airflow/dags/extract_exchange_rates.py
[2025-02-27T02:46:21.421+0000] {logging_mixin.py:151} INFO - [2025-02-27T02:46:21.421+0000] {dag.py:2941} INFO - Sync 1 DAGs
[2025-02-27T02:46:21.431+0000] {logging_mixin.py:151} INFO - [2025-02-27T02:46:21.431+0000] {dag.py:3722} INFO - Setting next_dagrun for extract_exchange_rates to 2025-02-27T00:00:00+00:00, run_after=2025-02-28T00:00:00+00:00
[2025-02-27T02:46:21.438+0000] {processor.py:179} INFO - Processing /opt/airflow/dags/extract_exchange_rates.py took 0.040 seconds
[2025-02-27T02:46:51.629+0000] {processor.py:157} INFO - Started process (PID=534) to work on /opt/airflow/dags/extract_exchange_rates.py
[2025-02-27T02:46:51.630+0000] {processor.py:829} INFO - Processing file /opt/airflow/dags/extract_exchange_rates.py for tasks to queue
[2025-02-27T02:46:51.630+0000] {logging_mixin.py:151} INFO - [2025-02-27T02:46:51.630+0000] {dagbag.py:536} INFO - Filling up the DagBag from /opt/airflow/dags/extract_exchange_rates.py
[2025-02-27T02:46:51.637+0000] {processor.py:839} INFO - DAG(s) dict_keys(['extract_exchange_rates']) retrieved from /opt/airflow/dags/extract_exchange_rates.py
[2025-02-27T02:46:51.650+0000] {logging_mixin.py:151} INFO - [2025-02-27T02:46:51.650+0000] {dag.py:2941} INFO - Sync 1 DAGs
[2025-02-27T02:46:51.660+0000] {logging_mixin.py:151} INFO - [2025-02-27T02:46:51.660+0000] {dag.py:3722} INFO - Setting next_dagrun for extract_exchange_rates to 2025-02-27T00:00:00+00:00, run_after=2025-02-28T00:00:00+00:00
[2025-02-27T02:46:51.668+0000] {processor.py:179} INFO - Processing /opt/airflow/dags/extract_exchange_rates.py took 0.040 seconds
[2025-02-27T02:47:21.869+0000] {processor.py:157} INFO - Started process (PID=539) to work on /opt/airflow/dags/extract_exchange_rates.py
[2025-02-27T02:47:21.870+0000] {processor.py:829} INFO - Processing file /opt/airflow/dags/extract_exchange_rates.py for tasks to queue
[2025-02-27T02:47:21.870+0000] {logging_mixin.py:151} INFO - [2025-02-27T02:47:21.870+0000] {dagbag.py:536} INFO - Filling up the DagBag from /opt/airflow/dags/extract_exchange_rates.py
[2025-02-27T02:47:21.879+0000] {processor.py:839} INFO - DAG(s) dict_keys(['extract_exchange_rates']) retrieved from /opt/airflow/dags/extract_exchange_rates.py
[2025-02-27T02:47:21.893+0000] {logging_mixin.py:151} INFO - [2025-02-27T02:47:21.893+0000] {dag.py:2941} INFO - Sync 1 DAGs
[2025-02-27T02:47:21.904+0000] {logging_mixin.py:151} INFO - [2025-02-27T02:47:21.904+0000] {dag.py:3722} INFO - Setting next_dagrun for extract_exchange_rates to 2025-02-27T00:00:00+00:00, run_after=2025-02-28T00:00:00+00:00
[2025-02-27T02:47:21.912+0000] {processor.py:179} INFO - Processing /opt/airflow/dags/extract_exchange_rates.py took 0.045 seconds
[2025-02-27T02:47:52.078+0000] {processor.py:157} INFO - Started process (PID=544) to work on /opt/airflow/dags/extract_exchange_rates.py
[2025-02-27T02:47:52.078+0000] {processor.py:829} INFO - Processing file /opt/airflow/dags/extract_exchange_rates.py for tasks to queue
[2025-02-27T02:47:52.079+0000] {logging_mixin.py:151} INFO - [2025-02-27T02:47:52.079+0000] {dagbag.py:536} INFO - Filling up the DagBag from /opt/airflow/dags/extract_exchange_rates.py
[2025-02-27T02:47:52.089+0000] {processor.py:839} INFO - DAG(s) dict_keys(['extract_exchange_rates']) retrieved from /opt/airflow/dags/extract_exchange_rates.py
[2025-02-27T02:47:52.103+0000] {logging_mixin.py:151} INFO - [2025-02-27T02:47:52.103+0000] {dag.py:2941} INFO - Sync 1 DAGs
[2025-02-27T02:47:52.114+0000] {logging_mixin.py:151} INFO - [2025-02-27T02:47:52.114+0000] {dag.py:3722} INFO - Setting next_dagrun for extract_exchange_rates to 2025-02-27T00:00:00+00:00, run_after=2025-02-28T00:00:00+00:00
[2025-02-27T02:47:52.122+0000] {processor.py:179} INFO - Processing /opt/airflow/dags/extract_exchange_rates.py took 0.046 seconds
[2025-02-27T02:48:22.324+0000] {processor.py:157} INFO - Started process (PID=549) to work on /opt/airflow/dags/extract_exchange_rates.py
[2025-02-27T02:48:22.324+0000] {processor.py:829} INFO - Processing file /opt/airflow/dags/extract_exchange_rates.py for tasks to queue
[2025-02-27T02:48:22.325+0000] {logging_mixin.py:151} INFO - [2025-02-27T02:48:22.325+0000] {dagbag.py:536} INFO - Filling up the DagBag from /opt/airflow/dags/extract_exchange_rates.py
[2025-02-27T02:48:22.335+0000] {processor.py:839} INFO - DAG(s) dict_keys(['extract_exchange_rates']) retrieved from /opt/airflow/dags/extract_exchange_rates.py
[2025-02-27T02:48:22.348+0000] {logging_mixin.py:151} INFO - [2025-02-27T02:48:22.348+0000] {dag.py:2941} INFO - Sync 1 DAGs
[2025-02-27T02:48:22.358+0000] {logging_mixin.py:151} INFO - [2025-02-27T02:48:22.358+0000] {dag.py:3722} INFO - Setting next_dagrun for extract_exchange_rates to 2025-02-27T00:00:00+00:00, run_after=2025-02-28T00:00:00+00:00
[2025-02-27T02:48:22.365+0000] {processor.py:179} INFO - Processing /opt/airflow/dags/extract_exchange_rates.py took 0.044 seconds
[2025-02-27T02:48:52.556+0000] {processor.py:157} INFO - Started process (PID=554) to work on /opt/airflow/dags/extract_exchange_rates.py
[2025-02-27T02:48:52.557+0000] {processor.py:829} INFO - Processing file /opt/airflow/dags/extract_exchange_rates.py for tasks to queue
[2025-02-27T02:48:52.557+0000] {logging_mixin.py:151} INFO - [2025-02-27T02:48:52.557+0000] {dagbag.py:536} INFO - Filling up the DagBag from /opt/airflow/dags/extract_exchange_rates.py
[2025-02-27T02:48:52.566+0000] {processor.py:839} INFO - DAG(s) dict_keys(['extract_exchange_rates']) retrieved from /opt/airflow/dags/extract_exchange_rates.py
[2025-02-27T02:48:52.580+0000] {logging_mixin.py:151} INFO - [2025-02-27T02:48:52.580+0000] {dag.py:2941} INFO - Sync 1 DAGs
[2025-02-27T02:48:52.592+0000] {logging_mixin.py:151} INFO - [2025-02-27T02:48:52.591+0000] {dag.py:3722} INFO - Setting next_dagrun for extract_exchange_rates to 2025-02-27T00:00:00+00:00, run_after=2025-02-28T00:00:00+00:00
[2025-02-27T02:48:52.599+0000] {processor.py:179} INFO - Processing /opt/airflow/dags/extract_exchange_rates.py took 0.044 seconds
[2025-02-27T02:49:22.787+0000] {processor.py:157} INFO - Started process (PID=559) to work on /opt/airflow/dags/extract_exchange_rates.py
[2025-02-27T02:49:22.788+0000] {processor.py:829} INFO - Processing file /opt/airflow/dags/extract_exchange_rates.py for tasks to queue
[2025-02-27T02:49:22.788+0000] {logging_mixin.py:151} INFO - [2025-02-27T02:49:22.788+0000] {dagbag.py:536} INFO - Filling up the DagBag from /opt/airflow/dags/extract_exchange_rates.py
[2025-02-27T02:49:22.798+0000] {processor.py:839} INFO - DAG(s) dict_keys(['extract_exchange_rates']) retrieved from /opt/airflow/dags/extract_exchange_rates.py
[2025-02-27T02:49:22.813+0000] {logging_mixin.py:151} INFO - [2025-02-27T02:49:22.813+0000] {dag.py:2941} INFO - Sync 1 DAGs
[2025-02-27T02:49:22.823+0000] {logging_mixin.py:151} INFO - [2025-02-27T02:49:22.823+0000] {dag.py:3722} INFO - Setting next_dagrun for extract_exchange_rates to 2025-02-27T00:00:00+00:00, run_after=2025-02-28T00:00:00+00:00
[2025-02-27T02:49:22.831+0000] {processor.py:179} INFO - Processing /opt/airflow/dags/extract_exchange_rates.py took 0.046 seconds
[2025-02-27T02:49:53.038+0000] {processor.py:157} INFO - Started process (PID=564) to work on /opt/airflow/dags/extract_exchange_rates.py
[2025-02-27T02:49:53.039+0000] {processor.py:829} INFO - Processing file /opt/airflow/dags/extract_exchange_rates.py for tasks to queue
[2025-02-27T02:49:53.040+0000] {logging_mixin.py:151} INFO - [2025-02-27T02:49:53.040+0000] {dagbag.py:536} INFO - Filling up the DagBag from /opt/airflow/dags/extract_exchange_rates.py
[2025-02-27T02:49:53.049+0000] {processor.py:839} INFO - DAG(s) dict_keys(['extract_exchange_rates']) retrieved from /opt/airflow/dags/extract_exchange_rates.py
[2025-02-27T02:49:53.062+0000] {logging_mixin.py:151} INFO - [2025-02-27T02:49:53.062+0000] {dag.py:2941} INFO - Sync 1 DAGs
[2025-02-27T02:49:53.072+0000] {logging_mixin.py:151} INFO - [2025-02-27T02:49:53.072+0000] {dag.py:3722} INFO - Setting next_dagrun for extract_exchange_rates to 2025-02-27T00:00:00+00:00, run_after=2025-02-28T00:00:00+00:00
[2025-02-27T02:49:53.078+0000] {processor.py:179} INFO - Processing /opt/airflow/dags/extract_exchange_rates.py took 0.042 seconds
[2025-02-27T02:50:23.262+0000] {processor.py:157} INFO - Started process (PID=569) to work on /opt/airflow/dags/extract_exchange_rates.py
[2025-02-27T02:50:23.263+0000] {processor.py:829} INFO - Processing file /opt/airflow/dags/extract_exchange_rates.py for tasks to queue
[2025-02-27T02:50:23.263+0000] {logging_mixin.py:151} INFO - [2025-02-27T02:50:23.263+0000] {dagbag.py:536} INFO - Filling up the DagBag from /opt/airflow/dags/extract_exchange_rates.py
[2025-02-27T02:50:23.272+0000] {processor.py:839} INFO - DAG(s) dict_keys(['extract_exchange_rates']) retrieved from /opt/airflow/dags/extract_exchange_rates.py
[2025-02-27T02:50:23.285+0000] {logging_mixin.py:151} INFO - [2025-02-27T02:50:23.285+0000] {dag.py:2941} INFO - Sync 1 DAGs
[2025-02-27T02:50:23.295+0000] {logging_mixin.py:151} INFO - [2025-02-27T02:50:23.295+0000] {dag.py:3722} INFO - Setting next_dagrun for extract_exchange_rates to 2025-02-27T00:00:00+00:00, run_after=2025-02-28T00:00:00+00:00
[2025-02-27T02:50:23.303+0000] {processor.py:179} INFO - Processing /opt/airflow/dags/extract_exchange_rates.py took 0.042 seconds
[2025-02-27T02:50:53.498+0000] {processor.py:157} INFO - Started process (PID=574) to work on /opt/airflow/dags/extract_exchange_rates.py
[2025-02-27T02:50:53.499+0000] {processor.py:829} INFO - Processing file /opt/airflow/dags/extract_exchange_rates.py for tasks to queue
[2025-02-27T02:50:53.500+0000] {logging_mixin.py:151} INFO - [2025-02-27T02:50:53.499+0000] {dagbag.py:536} INFO - Filling up the DagBag from /opt/airflow/dags/extract_exchange_rates.py
[2025-02-27T02:50:53.509+0000] {processor.py:839} INFO - DAG(s) dict_keys(['extract_exchange_rates']) retrieved from /opt/airflow/dags/extract_exchange_rates.py
[2025-02-27T02:50:53.523+0000] {logging_mixin.py:151} INFO - [2025-02-27T02:50:53.523+0000] {dag.py:2941} INFO - Sync 1 DAGs
[2025-02-27T02:50:53.534+0000] {logging_mixin.py:151} INFO - [2025-02-27T02:50:53.534+0000] {dag.py:3722} INFO - Setting next_dagrun for extract_exchange_rates to 2025-02-27T00:00:00+00:00, run_after=2025-02-28T00:00:00+00:00
[2025-02-27T02:50:53.541+0000] {processor.py:179} INFO - Processing /opt/airflow/dags/extract_exchange_rates.py took 0.045 seconds
[2025-02-27T02:51:23.703+0000] {processor.py:157} INFO - Started process (PID=579) to work on /opt/airflow/dags/extract_exchange_rates.py
[2025-02-27T02:51:23.704+0000] {processor.py:829} INFO - Processing file /opt/airflow/dags/extract_exchange_rates.py for tasks to queue
[2025-02-27T02:51:23.704+0000] {logging_mixin.py:151} INFO - [2025-02-27T02:51:23.704+0000] {dagbag.py:536} INFO - Filling up the DagBag from /opt/airflow/dags/extract_exchange_rates.py
[2025-02-27T02:51:23.711+0000] {processor.py:839} INFO - DAG(s) dict_keys(['extract_exchange_rates']) retrieved from /opt/airflow/dags/extract_exchange_rates.py
[2025-02-27T02:51:23.723+0000] {logging_mixin.py:151} INFO - [2025-02-27T02:51:23.723+0000] {dag.py:2941} INFO - Sync 1 DAGs
[2025-02-27T02:51:23.734+0000] {logging_mixin.py:151} INFO - [2025-02-27T02:51:23.734+0000] {dag.py:3722} INFO - Setting next_dagrun for extract_exchange_rates to 2025-02-27T00:00:00+00:00, run_after=2025-02-28T00:00:00+00:00
[2025-02-27T02:51:23.741+0000] {processor.py:179} INFO - Processing /opt/airflow/dags/extract_exchange_rates.py took 0.040 seconds
[2025-02-27T02:51:53.944+0000] {processor.py:157} INFO - Started process (PID=584) to work on /opt/airflow/dags/extract_exchange_rates.py
[2025-02-27T02:51:53.945+0000] {processor.py:829} INFO - Processing file /opt/airflow/dags/extract_exchange_rates.py for tasks to queue
[2025-02-27T02:51:53.946+0000] {logging_mixin.py:151} INFO - [2025-02-27T02:51:53.945+0000] {dagbag.py:536} INFO - Filling up the DagBag from /opt/airflow/dags/extract_exchange_rates.py
[2025-02-27T02:51:53.955+0000] {processor.py:839} INFO - DAG(s) dict_keys(['extract_exchange_rates']) retrieved from /opt/airflow/dags/extract_exchange_rates.py
[2025-02-27T02:51:53.968+0000] {logging_mixin.py:151} INFO - [2025-02-27T02:51:53.968+0000] {dag.py:2941} INFO - Sync 1 DAGs
[2025-02-27T02:51:53.978+0000] {logging_mixin.py:151} INFO - [2025-02-27T02:51:53.978+0000] {dag.py:3722} INFO - Setting next_dagrun for extract_exchange_rates to 2025-02-27T00:00:00+00:00, run_after=2025-02-28T00:00:00+00:00
[2025-02-27T02:51:53.985+0000] {processor.py:179} INFO - Processing /opt/airflow/dags/extract_exchange_rates.py took 0.042 seconds
[2025-02-27T02:52:24.171+0000] {processor.py:157} INFO - Started process (PID=589) to work on /opt/airflow/dags/extract_exchange_rates.py
[2025-02-27T02:52:24.171+0000] {processor.py:829} INFO - Processing file /opt/airflow/dags/extract_exchange_rates.py for tasks to queue
[2025-02-27T02:52:24.172+0000] {logging_mixin.py:151} INFO - [2025-02-27T02:52:24.171+0000] {dagbag.py:536} INFO - Filling up the DagBag from /opt/airflow/dags/extract_exchange_rates.py
[2025-02-27T02:52:24.179+0000] {processor.py:839} INFO - DAG(s) dict_keys(['extract_exchange_rates']) retrieved from /opt/airflow/dags/extract_exchange_rates.py
[2025-02-27T02:52:24.192+0000] {logging_mixin.py:151} INFO - [2025-02-27T02:52:24.192+0000] {dag.py:2941} INFO - Sync 1 DAGs
[2025-02-27T02:52:24.202+0000] {logging_mixin.py:151} INFO - [2025-02-27T02:52:24.202+0000] {dag.py:3722} INFO - Setting next_dagrun for extract_exchange_rates to 2025-02-27T00:00:00+00:00, run_after=2025-02-28T00:00:00+00:00
[2025-02-27T02:52:24.208+0000] {processor.py:179} INFO - Processing /opt/airflow/dags/extract_exchange_rates.py took 0.039 seconds
[2025-02-27T02:52:54.390+0000] {processor.py:157} INFO - Started process (PID=594) to work on /opt/airflow/dags/extract_exchange_rates.py
[2025-02-27T02:52:54.391+0000] {processor.py:829} INFO - Processing file /opt/airflow/dags/extract_exchange_rates.py for tasks to queue
[2025-02-27T02:52:54.392+0000] {logging_mixin.py:151} INFO - [2025-02-27T02:52:54.392+0000] {dagbag.py:536} INFO - Filling up the DagBag from /opt/airflow/dags/extract_exchange_rates.py
[2025-02-27T02:52:54.402+0000] {processor.py:839} INFO - DAG(s) dict_keys(['extract_exchange_rates']) retrieved from /opt/airflow/dags/extract_exchange_rates.py
[2025-02-27T02:52:54.416+0000] {logging_mixin.py:151} INFO - [2025-02-27T02:52:54.416+0000] {dag.py:2941} INFO - Sync 1 DAGs
[2025-02-27T02:52:54.426+0000] {logging_mixin.py:151} INFO - [2025-02-27T02:52:54.426+0000] {dag.py:3722} INFO - Setting next_dagrun for extract_exchange_rates to 2025-02-27T00:00:00+00:00, run_after=2025-02-28T00:00:00+00:00
[2025-02-27T02:52:54.433+0000] {processor.py:179} INFO - Processing /opt/airflow/dags/extract_exchange_rates.py took 0.046 seconds
[2025-02-27T02:53:24.640+0000] {processor.py:157} INFO - Started process (PID=599) to work on /opt/airflow/dags/extract_exchange_rates.py
[2025-02-27T02:53:24.641+0000] {processor.py:829} INFO - Processing file /opt/airflow/dags/extract_exchange_rates.py for tasks to queue
[2025-02-27T02:53:24.641+0000] {logging_mixin.py:151} INFO - [2025-02-27T02:53:24.641+0000] {dagbag.py:536} INFO - Filling up the DagBag from /opt/airflow/dags/extract_exchange_rates.py
[2025-02-27T02:53:24.651+0000] {processor.py:839} INFO - DAG(s) dict_keys(['extract_exchange_rates']) retrieved from /opt/airflow/dags/extract_exchange_rates.py
[2025-02-27T02:53:24.664+0000] {logging_mixin.py:151} INFO - [2025-02-27T02:53:24.663+0000] {dag.py:2941} INFO - Sync 1 DAGs
[2025-02-27T02:53:24.673+0000] {logging_mixin.py:151} INFO - [2025-02-27T02:53:24.673+0000] {dag.py:3722} INFO - Setting next_dagrun for extract_exchange_rates to 2025-02-27T00:00:00+00:00, run_after=2025-02-28T00:00:00+00:00
[2025-02-27T02:53:24.682+0000] {processor.py:179} INFO - Processing /opt/airflow/dags/extract_exchange_rates.py took 0.044 seconds
[2025-02-27T02:53:54.885+0000] {processor.py:157} INFO - Started process (PID=604) to work on /opt/airflow/dags/extract_exchange_rates.py
[2025-02-27T02:53:54.886+0000] {processor.py:829} INFO - Processing file /opt/airflow/dags/extract_exchange_rates.py for tasks to queue
[2025-02-27T02:53:54.886+0000] {logging_mixin.py:151} INFO - [2025-02-27T02:53:54.886+0000] {dagbag.py:536} INFO - Filling up the DagBag from /opt/airflow/dags/extract_exchange_rates.py
[2025-02-27T02:53:54.895+0000] {processor.py:839} INFO - DAG(s) dict_keys(['extract_exchange_rates']) retrieved from /opt/airflow/dags/extract_exchange_rates.py
[2025-02-27T02:53:54.909+0000] {logging_mixin.py:151} INFO - [2025-02-27T02:53:54.909+0000] {dag.py:2941} INFO - Sync 1 DAGs
[2025-02-27T02:53:54.919+0000] {logging_mixin.py:151} INFO - [2025-02-27T02:53:54.919+0000] {dag.py:3722} INFO - Setting next_dagrun for extract_exchange_rates to 2025-02-27T00:00:00+00:00, run_after=2025-02-28T00:00:00+00:00
[2025-02-27T02:53:54.926+0000] {processor.py:179} INFO - Processing /opt/airflow/dags/extract_exchange_rates.py took 0.043 seconds
[2025-02-27T02:54:25.116+0000] {processor.py:157} INFO - Started process (PID=609) to work on /opt/airflow/dags/extract_exchange_rates.py
[2025-02-27T02:54:25.117+0000] {processor.py:829} INFO - Processing file /opt/airflow/dags/extract_exchange_rates.py for tasks to queue
[2025-02-27T02:54:25.117+0000] {logging_mixin.py:151} INFO - [2025-02-27T02:54:25.117+0000] {dagbag.py:536} INFO - Filling up the DagBag from /opt/airflow/dags/extract_exchange_rates.py
[2025-02-27T02:54:25.127+0000] {processor.py:839} INFO - DAG(s) dict_keys(['extract_exchange_rates']) retrieved from /opt/airflow/dags/extract_exchange_rates.py
[2025-02-27T02:54:25.140+0000] {logging_mixin.py:151} INFO - [2025-02-27T02:54:25.139+0000] {dag.py:2941} INFO - Sync 1 DAGs
[2025-02-27T02:54:25.150+0000] {logging_mixin.py:151} INFO - [2025-02-27T02:54:25.150+0000] {dag.py:3722} INFO - Setting next_dagrun for extract_exchange_rates to 2025-02-27T00:00:00+00:00, run_after=2025-02-28T00:00:00+00:00
[2025-02-27T02:54:25.157+0000] {processor.py:179} INFO - Processing /opt/airflow/dags/extract_exchange_rates.py took 0.044 seconds
[2025-02-27T02:54:55.355+0000] {processor.py:157} INFO - Started process (PID=614) to work on /opt/airflow/dags/extract_exchange_rates.py
[2025-02-27T02:54:55.355+0000] {processor.py:829} INFO - Processing file /opt/airflow/dags/extract_exchange_rates.py for tasks to queue
[2025-02-27T02:54:55.356+0000] {logging_mixin.py:151} INFO - [2025-02-27T02:54:55.356+0000] {dagbag.py:536} INFO - Filling up the DagBag from /opt/airflow/dags/extract_exchange_rates.py
[2025-02-27T02:54:55.365+0000] {processor.py:839} INFO - DAG(s) dict_keys(['extract_exchange_rates']) retrieved from /opt/airflow/dags/extract_exchange_rates.py
[2025-02-27T02:54:55.379+0000] {logging_mixin.py:151} INFO - [2025-02-27T02:54:55.379+0000] {dag.py:2941} INFO - Sync 1 DAGs
[2025-02-27T02:54:55.389+0000] {logging_mixin.py:151} INFO - [2025-02-27T02:54:55.389+0000] {dag.py:3722} INFO - Setting next_dagrun for extract_exchange_rates to 2025-02-27T00:00:00+00:00, run_after=2025-02-28T00:00:00+00:00
[2025-02-27T02:54:55.396+0000] {processor.py:179} INFO - Processing /opt/airflow/dags/extract_exchange_rates.py took 0.044 seconds
[2025-02-27T02:55:25.585+0000] {processor.py:157} INFO - Started process (PID=619) to work on /opt/airflow/dags/extract_exchange_rates.py
[2025-02-27T02:55:25.586+0000] {processor.py:829} INFO - Processing file /opt/airflow/dags/extract_exchange_rates.py for tasks to queue
[2025-02-27T02:55:25.587+0000] {logging_mixin.py:151} INFO - [2025-02-27T02:55:25.586+0000] {dagbag.py:536} INFO - Filling up the DagBag from /opt/airflow/dags/extract_exchange_rates.py
[2025-02-27T02:55:25.595+0000] {processor.py:839} INFO - DAG(s) dict_keys(['extract_exchange_rates']) retrieved from /opt/airflow/dags/extract_exchange_rates.py
[2025-02-27T02:55:25.608+0000] {logging_mixin.py:151} INFO - [2025-02-27T02:55:25.608+0000] {dag.py:2941} INFO - Sync 1 DAGs
[2025-02-27T02:55:25.618+0000] {logging_mixin.py:151} INFO - [2025-02-27T02:55:25.617+0000] {dag.py:3722} INFO - Setting next_dagrun for extract_exchange_rates to 2025-02-27T00:00:00+00:00, run_after=2025-02-28T00:00:00+00:00
[2025-02-27T02:55:25.624+0000] {processor.py:179} INFO - Processing /opt/airflow/dags/extract_exchange_rates.py took 0.041 seconds
[2025-02-27T02:55:55.798+0000] {processor.py:157} INFO - Started process (PID=624) to work on /opt/airflow/dags/extract_exchange_rates.py
[2025-02-27T02:55:55.798+0000] {processor.py:829} INFO - Processing file /opt/airflow/dags/extract_exchange_rates.py for tasks to queue
[2025-02-27T02:55:55.799+0000] {logging_mixin.py:151} INFO - [2025-02-27T02:55:55.799+0000] {dagbag.py:536} INFO - Filling up the DagBag from /opt/airflow/dags/extract_exchange_rates.py
[2025-02-27T02:55:55.806+0000] {processor.py:839} INFO - DAG(s) dict_keys(['extract_exchange_rates']) retrieved from /opt/airflow/dags/extract_exchange_rates.py
[2025-02-27T02:55:55.818+0000] {logging_mixin.py:151} INFO - [2025-02-27T02:55:55.818+0000] {dag.py:2941} INFO - Sync 1 DAGs
[2025-02-27T02:55:55.827+0000] {logging_mixin.py:151} INFO - [2025-02-27T02:55:55.827+0000] {dag.py:3722} INFO - Setting next_dagrun for extract_exchange_rates to 2025-02-27T00:00:00+00:00, run_after=2025-02-28T00:00:00+00:00
[2025-02-27T02:55:55.834+0000] {processor.py:179} INFO - Processing /opt/airflow/dags/extract_exchange_rates.py took 0.038 seconds
[2025-02-27T02:56:26.018+0000] {processor.py:157} INFO - Started process (PID=629) to work on /opt/airflow/dags/extract_exchange_rates.py
[2025-02-27T02:56:26.019+0000] {processor.py:829} INFO - Processing file /opt/airflow/dags/extract_exchange_rates.py for tasks to queue
[2025-02-27T02:56:26.019+0000] {logging_mixin.py:151} INFO - [2025-02-27T02:56:26.019+0000] {dagbag.py:536} INFO - Filling up the DagBag from /opt/airflow/dags/extract_exchange_rates.py
[2025-02-27T02:56:26.029+0000] {processor.py:839} INFO - DAG(s) dict_keys(['extract_exchange_rates']) retrieved from /opt/airflow/dags/extract_exchange_rates.py
[2025-02-27T02:56:26.042+0000] {logging_mixin.py:151} INFO - [2025-02-27T02:56:26.042+0000] {dag.py:2941} INFO - Sync 1 DAGs
[2025-02-27T02:56:26.052+0000] {logging_mixin.py:151} INFO - [2025-02-27T02:56:26.052+0000] {dag.py:3722} INFO - Setting next_dagrun for extract_exchange_rates to 2025-02-27T00:00:00+00:00, run_after=2025-02-28T00:00:00+00:00
[2025-02-27T02:56:26.060+0000] {processor.py:179} INFO - Processing /opt/airflow/dags/extract_exchange_rates.py took 0.044 seconds
[2025-02-27T02:56:56.229+0000] {processor.py:157} INFO - Started process (PID=634) to work on /opt/airflow/dags/extract_exchange_rates.py
[2025-02-27T02:56:56.229+0000] {processor.py:829} INFO - Processing file /opt/airflow/dags/extract_exchange_rates.py for tasks to queue
[2025-02-27T02:56:56.230+0000] {logging_mixin.py:151} INFO - [2025-02-27T02:56:56.230+0000] {dagbag.py:536} INFO - Filling up the DagBag from /opt/airflow/dags/extract_exchange_rates.py
[2025-02-27T02:56:56.236+0000] {processor.py:839} INFO - DAG(s) dict_keys(['extract_exchange_rates']) retrieved from /opt/airflow/dags/extract_exchange_rates.py
[2025-02-27T02:56:56.246+0000] {logging_mixin.py:151} INFO - [2025-02-27T02:56:56.246+0000] {dag.py:2941} INFO - Sync 1 DAGs
[2025-02-27T02:56:56.257+0000] {logging_mixin.py:151} INFO - [2025-02-27T02:56:56.257+0000] {dag.py:3722} INFO - Setting next_dagrun for extract_exchange_rates to 2025-02-27T00:00:00+00:00, run_after=2025-02-28T00:00:00+00:00
[2025-02-27T02:56:56.264+0000] {processor.py:179} INFO - Processing /opt/airflow/dags/extract_exchange_rates.py took 0.037 seconds
[2025-02-27T02:57:26.438+0000] {processor.py:157} INFO - Started process (PID=639) to work on /opt/airflow/dags/extract_exchange_rates.py
[2025-02-27T02:57:26.438+0000] {processor.py:829} INFO - Processing file /opt/airflow/dags/extract_exchange_rates.py for tasks to queue
[2025-02-27T02:57:26.439+0000] {logging_mixin.py:151} INFO - [2025-02-27T02:57:26.438+0000] {dagbag.py:536} INFO - Filling up the DagBag from /opt/airflow/dags/extract_exchange_rates.py
[2025-02-27T02:57:26.445+0000] {processor.py:839} INFO - DAG(s) dict_keys(['extract_exchange_rates']) retrieved from /opt/airflow/dags/extract_exchange_rates.py
[2025-02-27T02:57:26.456+0000] {logging_mixin.py:151} INFO - [2025-02-27T02:57:26.456+0000] {dag.py:2941} INFO - Sync 1 DAGs
[2025-02-27T02:57:26.466+0000] {logging_mixin.py:151} INFO - [2025-02-27T02:57:26.465+0000] {dag.py:3722} INFO - Setting next_dagrun for extract_exchange_rates to 2025-02-27T00:00:00+00:00, run_after=2025-02-28T00:00:00+00:00
[2025-02-27T02:57:26.475+0000] {processor.py:179} INFO - Processing /opt/airflow/dags/extract_exchange_rates.py took 0.040 seconds
[2025-02-27T02:57:56.662+0000] {processor.py:157} INFO - Started process (PID=644) to work on /opt/airflow/dags/extract_exchange_rates.py
[2025-02-27T02:57:56.662+0000] {processor.py:829} INFO - Processing file /opt/airflow/dags/extract_exchange_rates.py for tasks to queue
[2025-02-27T02:57:56.663+0000] {logging_mixin.py:151} INFO - [2025-02-27T02:57:56.662+0000] {dagbag.py:536} INFO - Filling up the DagBag from /opt/airflow/dags/extract_exchange_rates.py
[2025-02-27T02:57:56.670+0000] {processor.py:839} INFO - DAG(s) dict_keys(['extract_exchange_rates']) retrieved from /opt/airflow/dags/extract_exchange_rates.py
[2025-02-27T02:57:56.683+0000] {logging_mixin.py:151} INFO - [2025-02-27T02:57:56.683+0000] {dag.py:2941} INFO - Sync 1 DAGs
[2025-02-27T02:57:56.693+0000] {logging_mixin.py:151} INFO - [2025-02-27T02:57:56.693+0000] {dag.py:3722} INFO - Setting next_dagrun for extract_exchange_rates to 2025-02-27T00:00:00+00:00, run_after=2025-02-28T00:00:00+00:00
[2025-02-27T02:57:56.699+0000] {processor.py:179} INFO - Processing /opt/airflow/dags/extract_exchange_rates.py took 0.040 seconds
[2025-02-27T02:58:26.913+0000] {processor.py:157} INFO - Started process (PID=649) to work on /opt/airflow/dags/extract_exchange_rates.py
[2025-02-27T02:58:26.914+0000] {processor.py:829} INFO - Processing file /opt/airflow/dags/extract_exchange_rates.py for tasks to queue
[2025-02-27T02:58:26.915+0000] {logging_mixin.py:151} INFO - [2025-02-27T02:58:26.914+0000] {dagbag.py:536} INFO - Filling up the DagBag from /opt/airflow/dags/extract_exchange_rates.py
[2025-02-27T02:58:26.928+0000] {processor.py:839} INFO - DAG(s) dict_keys(['extract_exchange_rates']) retrieved from /opt/airflow/dags/extract_exchange_rates.py
[2025-02-27T02:58:26.947+0000] {logging_mixin.py:151} INFO - [2025-02-27T02:58:26.947+0000] {dag.py:2941} INFO - Sync 1 DAGs
[2025-02-27T02:58:26.958+0000] {logging_mixin.py:151} INFO - [2025-02-27T02:58:26.958+0000] {dag.py:3722} INFO - Setting next_dagrun for extract_exchange_rates to 2025-02-27T00:00:00+00:00, run_after=2025-02-28T00:00:00+00:00
[2025-02-27T02:58:26.965+0000] {processor.py:179} INFO - Processing /opt/airflow/dags/extract_exchange_rates.py took 0.055 seconds
[2025-02-27T02:58:57.140+0000] {processor.py:157} INFO - Started process (PID=654) to work on /opt/airflow/dags/extract_exchange_rates.py
[2025-02-27T02:58:57.141+0000] {processor.py:829} INFO - Processing file /opt/airflow/dags/extract_exchange_rates.py for tasks to queue
[2025-02-27T02:58:57.141+0000] {logging_mixin.py:151} INFO - [2025-02-27T02:58:57.141+0000] {dagbag.py:536} INFO - Filling up the DagBag from /opt/airflow/dags/extract_exchange_rates.py
[2025-02-27T02:58:57.151+0000] {processor.py:839} INFO - DAG(s) dict_keys(['extract_exchange_rates']) retrieved from /opt/airflow/dags/extract_exchange_rates.py
[2025-02-27T02:58:57.166+0000] {logging_mixin.py:151} INFO - [2025-02-27T02:58:57.166+0000] {dag.py:2941} INFO - Sync 1 DAGs
[2025-02-27T02:58:57.178+0000] {logging_mixin.py:151} INFO - [2025-02-27T02:58:57.178+0000] {dag.py:3722} INFO - Setting next_dagrun for extract_exchange_rates to 2025-02-27T00:00:00+00:00, run_after=2025-02-28T00:00:00+00:00
[2025-02-27T02:58:57.186+0000] {processor.py:179} INFO - Processing /opt/airflow/dags/extract_exchange_rates.py took 0.048 seconds
[2025-02-27T02:59:27.368+0000] {processor.py:157} INFO - Started process (PID=659) to work on /opt/airflow/dags/extract_exchange_rates.py
[2025-02-27T02:59:27.369+0000] {processor.py:829} INFO - Processing file /opt/airflow/dags/extract_exchange_rates.py for tasks to queue
[2025-02-27T02:59:27.370+0000] {logging_mixin.py:151} INFO - [2025-02-27T02:59:27.369+0000] {dagbag.py:536} INFO - Filling up the DagBag from /opt/airflow/dags/extract_exchange_rates.py
[2025-02-27T02:59:27.380+0000] {processor.py:839} INFO - DAG(s) dict_keys(['extract_exchange_rates']) retrieved from /opt/airflow/dags/extract_exchange_rates.py
[2025-02-27T02:59:27.394+0000] {logging_mixin.py:151} INFO - [2025-02-27T02:59:27.394+0000] {dag.py:2941} INFO - Sync 1 DAGs
[2025-02-27T02:59:27.405+0000] {logging_mixin.py:151} INFO - [2025-02-27T02:59:27.405+0000] {dag.py:3722} INFO - Setting next_dagrun for extract_exchange_rates to 2025-02-27T00:00:00+00:00, run_after=2025-02-28T00:00:00+00:00
[2025-02-27T02:59:27.413+0000] {processor.py:179} INFO - Processing /opt/airflow/dags/extract_exchange_rates.py took 0.047 seconds
[2025-02-27T02:59:57.602+0000] {processor.py:157} INFO - Started process (PID=664) to work on /opt/airflow/dags/extract_exchange_rates.py
[2025-02-27T02:59:57.603+0000] {processor.py:829} INFO - Processing file /opt/airflow/dags/extract_exchange_rates.py for tasks to queue
[2025-02-27T02:59:57.604+0000] {logging_mixin.py:151} INFO - [2025-02-27T02:59:57.603+0000] {dagbag.py:536} INFO - Filling up the DagBag from /opt/airflow/dags/extract_exchange_rates.py
[2025-02-27T02:59:57.614+0000] {processor.py:839} INFO - DAG(s) dict_keys(['extract_exchange_rates']) retrieved from /opt/airflow/dags/extract_exchange_rates.py
[2025-02-27T02:59:57.627+0000] {logging_mixin.py:151} INFO - [2025-02-27T02:59:57.627+0000] {dag.py:2941} INFO - Sync 1 DAGs
[2025-02-27T02:59:57.638+0000] {logging_mixin.py:151} INFO - [2025-02-27T02:59:57.638+0000] {dag.py:3722} INFO - Setting next_dagrun for extract_exchange_rates to 2025-02-27T00:00:00+00:00, run_after=2025-02-28T00:00:00+00:00
[2025-02-27T02:59:57.645+0000] {processor.py:179} INFO - Processing /opt/airflow/dags/extract_exchange_rates.py took 0.046 seconds
[2025-02-27T03:00:27.840+0000] {processor.py:157} INFO - Started process (PID=669) to work on /opt/airflow/dags/extract_exchange_rates.py
[2025-02-27T03:00:27.840+0000] {processor.py:829} INFO - Processing file /opt/airflow/dags/extract_exchange_rates.py for tasks to queue
[2025-02-27T03:00:27.841+0000] {logging_mixin.py:151} INFO - [2025-02-27T03:00:27.841+0000] {dagbag.py:536} INFO - Filling up the DagBag from /opt/airflow/dags/extract_exchange_rates.py
[2025-02-27T03:00:27.849+0000] {processor.py:839} INFO - DAG(s) dict_keys(['extract_exchange_rates']) retrieved from /opt/airflow/dags/extract_exchange_rates.py
[2025-02-27T03:00:27.862+0000] {logging_mixin.py:151} INFO - [2025-02-27T03:00:27.862+0000] {dag.py:2941} INFO - Sync 1 DAGs
[2025-02-27T03:00:27.872+0000] {logging_mixin.py:151} INFO - [2025-02-27T03:00:27.872+0000] {dag.py:3722} INFO - Setting next_dagrun for extract_exchange_rates to 2025-02-27T00:00:00+00:00, run_after=2025-02-28T00:00:00+00:00
[2025-02-27T03:00:27.880+0000] {processor.py:179} INFO - Processing /opt/airflow/dags/extract_exchange_rates.py took 0.042 seconds
[2025-02-27T03:00:58.066+0000] {processor.py:157} INFO - Started process (PID=674) to work on /opt/airflow/dags/extract_exchange_rates.py
[2025-02-27T03:00:58.067+0000] {processor.py:829} INFO - Processing file /opt/airflow/dags/extract_exchange_rates.py for tasks to queue
[2025-02-27T03:00:58.068+0000] {logging_mixin.py:151} INFO - [2025-02-27T03:00:58.067+0000] {dagbag.py:536} INFO - Filling up the DagBag from /opt/airflow/dags/extract_exchange_rates.py
[2025-02-27T03:00:58.077+0000] {processor.py:839} INFO - DAG(s) dict_keys(['extract_exchange_rates']) retrieved from /opt/airflow/dags/extract_exchange_rates.py
[2025-02-27T03:00:58.090+0000] {logging_mixin.py:151} INFO - [2025-02-27T03:00:58.090+0000] {dag.py:2941} INFO - Sync 1 DAGs
[2025-02-27T03:00:58.101+0000] {logging_mixin.py:151} INFO - [2025-02-27T03:00:58.101+0000] {dag.py:3722} INFO - Setting next_dagrun for extract_exchange_rates to 2025-02-27T00:00:00+00:00, run_after=2025-02-28T00:00:00+00:00
[2025-02-27T03:00:58.109+0000] {processor.py:179} INFO - Processing /opt/airflow/dags/extract_exchange_rates.py took 0.045 seconds
[2025-02-27T03:01:28.299+0000] {processor.py:157} INFO - Started process (PID=679) to work on /opt/airflow/dags/extract_exchange_rates.py
[2025-02-27T03:01:28.300+0000] {processor.py:829} INFO - Processing file /opt/airflow/dags/extract_exchange_rates.py for tasks to queue
[2025-02-27T03:01:28.300+0000] {logging_mixin.py:151} INFO - [2025-02-27T03:01:28.300+0000] {dagbag.py:536} INFO - Filling up the DagBag from /opt/airflow/dags/extract_exchange_rates.py
[2025-02-27T03:01:28.309+0000] {processor.py:839} INFO - DAG(s) dict_keys(['extract_exchange_rates']) retrieved from /opt/airflow/dags/extract_exchange_rates.py
[2025-02-27T03:01:28.322+0000] {logging_mixin.py:151} INFO - [2025-02-27T03:01:28.322+0000] {dag.py:2941} INFO - Sync 1 DAGs
[2025-02-27T03:01:28.331+0000] {logging_mixin.py:151} INFO - [2025-02-27T03:01:28.331+0000] {dag.py:3722} INFO - Setting next_dagrun for extract_exchange_rates to 2025-02-27T00:00:00+00:00, run_after=2025-02-28T00:00:00+00:00
[2025-02-27T03:01:28.338+0000] {processor.py:179} INFO - Processing /opt/airflow/dags/extract_exchange_rates.py took 0.042 seconds
[2025-02-27T03:01:58.475+0000] {processor.py:157} INFO - Started process (PID=684) to work on /opt/airflow/dags/extract_exchange_rates.py
[2025-02-27T03:01:58.476+0000] {processor.py:829} INFO - Processing file /opt/airflow/dags/extract_exchange_rates.py for tasks to queue
[2025-02-27T03:01:58.476+0000] {logging_mixin.py:151} INFO - [2025-02-27T03:01:58.476+0000] {dagbag.py:536} INFO - Filling up the DagBag from /opt/airflow/dags/extract_exchange_rates.py
[2025-02-27T03:01:58.485+0000] {processor.py:839} INFO - DAG(s) dict_keys(['extract_exchange_rates']) retrieved from /opt/airflow/dags/extract_exchange_rates.py
[2025-02-27T03:01:58.498+0000] {logging_mixin.py:151} INFO - [2025-02-27T03:01:58.498+0000] {dag.py:2941} INFO - Sync 1 DAGs
[2025-02-27T03:01:58.508+0000] {logging_mixin.py:151} INFO - [2025-02-27T03:01:58.508+0000] {dag.py:3722} INFO - Setting next_dagrun for extract_exchange_rates to 2025-02-27T00:00:00+00:00, run_after=2025-02-28T00:00:00+00:00
[2025-02-27T03:01:58.514+0000] {processor.py:179} INFO - Processing /opt/airflow/dags/extract_exchange_rates.py took 0.041 seconds
[2025-02-27T03:02:28.722+0000] {processor.py:157} INFO - Started process (PID=689) to work on /opt/airflow/dags/extract_exchange_rates.py
[2025-02-27T03:02:28.722+0000] {processor.py:829} INFO - Processing file /opt/airflow/dags/extract_exchange_rates.py for tasks to queue
[2025-02-27T03:02:28.723+0000] {logging_mixin.py:151} INFO - [2025-02-27T03:02:28.723+0000] {dagbag.py:536} INFO - Filling up the DagBag from /opt/airflow/dags/extract_exchange_rates.py
[2025-02-27T03:02:28.731+0000] {processor.py:839} INFO - DAG(s) dict_keys(['extract_exchange_rates']) retrieved from /opt/airflow/dags/extract_exchange_rates.py
[2025-02-27T03:02:28.744+0000] {logging_mixin.py:151} INFO - [2025-02-27T03:02:28.744+0000] {dag.py:2941} INFO - Sync 1 DAGs
[2025-02-27T03:02:28.754+0000] {logging_mixin.py:151} INFO - [2025-02-27T03:02:28.754+0000] {dag.py:3722} INFO - Setting next_dagrun for extract_exchange_rates to 2025-02-27T00:00:00+00:00, run_after=2025-02-28T00:00:00+00:00
[2025-02-27T03:02:28.761+0000] {processor.py:179} INFO - Processing /opt/airflow/dags/extract_exchange_rates.py took 0.041 seconds
[2025-02-27T03:02:58.946+0000] {processor.py:157} INFO - Started process (PID=694) to work on /opt/airflow/dags/extract_exchange_rates.py
[2025-02-27T03:02:58.946+0000] {processor.py:829} INFO - Processing file /opt/airflow/dags/extract_exchange_rates.py for tasks to queue
[2025-02-27T03:02:58.947+0000] {logging_mixin.py:151} INFO - [2025-02-27T03:02:58.947+0000] {dagbag.py:536} INFO - Filling up the DagBag from /opt/airflow/dags/extract_exchange_rates.py
[2025-02-27T03:02:58.955+0000] {processor.py:839} INFO - DAG(s) dict_keys(['extract_exchange_rates']) retrieved from /opt/airflow/dags/extract_exchange_rates.py
[2025-02-27T03:02:58.968+0000] {logging_mixin.py:151} INFO - [2025-02-27T03:02:58.968+0000] {dag.py:2941} INFO - Sync 1 DAGs
[2025-02-27T03:02:58.978+0000] {logging_mixin.py:151} INFO - [2025-02-27T03:02:58.978+0000] {dag.py:3722} INFO - Setting next_dagrun for extract_exchange_rates to 2025-02-27T00:00:00+00:00, run_after=2025-02-28T00:00:00+00:00
[2025-02-27T03:02:58.985+0000] {processor.py:179} INFO - Processing /opt/airflow/dags/extract_exchange_rates.py took 0.041 seconds
[2025-02-27T03:03:29.197+0000] {processor.py:157} INFO - Started process (PID=699) to work on /opt/airflow/dags/extract_exchange_rates.py
[2025-02-27T03:03:29.197+0000] {processor.py:829} INFO - Processing file /opt/airflow/dags/extract_exchange_rates.py for tasks to queue
[2025-02-27T03:03:29.198+0000] {logging_mixin.py:151} INFO - [2025-02-27T03:03:29.198+0000] {dagbag.py:536} INFO - Filling up the DagBag from /opt/airflow/dags/extract_exchange_rates.py
[2025-02-27T03:03:29.207+0000] {processor.py:839} INFO - DAG(s) dict_keys(['extract_exchange_rates']) retrieved from /opt/airflow/dags/extract_exchange_rates.py
[2025-02-27T03:03:29.220+0000] {logging_mixin.py:151} INFO - [2025-02-27T03:03:29.219+0000] {dag.py:2941} INFO - Sync 1 DAGs
[2025-02-27T03:03:29.229+0000] {logging_mixin.py:151} INFO - [2025-02-27T03:03:29.229+0000] {dag.py:3722} INFO - Setting next_dagrun for extract_exchange_rates to 2025-02-27T00:00:00+00:00, run_after=2025-02-28T00:00:00+00:00
[2025-02-27T03:03:29.236+0000] {processor.py:179} INFO - Processing /opt/airflow/dags/extract_exchange_rates.py took 0.041 seconds
[2025-02-27T03:03:59.439+0000] {processor.py:157} INFO - Started process (PID=704) to work on /opt/airflow/dags/extract_exchange_rates.py
[2025-02-27T03:03:59.440+0000] {processor.py:829} INFO - Processing file /opt/airflow/dags/extract_exchange_rates.py for tasks to queue
[2025-02-27T03:03:59.440+0000] {logging_mixin.py:151} INFO - [2025-02-27T03:03:59.440+0000] {dagbag.py:536} INFO - Filling up the DagBag from /opt/airflow/dags/extract_exchange_rates.py
[2025-02-27T03:03:59.449+0000] {processor.py:839} INFO - DAG(s) dict_keys(['extract_exchange_rates']) retrieved from /opt/airflow/dags/extract_exchange_rates.py
[2025-02-27T03:03:59.461+0000] {logging_mixin.py:151} INFO - [2025-02-27T03:03:59.461+0000] {dag.py:2941} INFO - Sync 1 DAGs
[2025-02-27T03:03:59.471+0000] {logging_mixin.py:151} INFO - [2025-02-27T03:03:59.471+0000] {dag.py:3722} INFO - Setting next_dagrun for extract_exchange_rates to 2025-02-27T00:00:00+00:00, run_after=2025-02-28T00:00:00+00:00
[2025-02-27T03:03:59.478+0000] {processor.py:179} INFO - Processing /opt/airflow/dags/extract_exchange_rates.py took 0.041 seconds
[2025-02-27T03:04:29.681+0000] {processor.py:157} INFO - Started process (PID=709) to work on /opt/airflow/dags/extract_exchange_rates.py
[2025-02-27T03:04:29.681+0000] {processor.py:829} INFO - Processing file /opt/airflow/dags/extract_exchange_rates.py for tasks to queue
[2025-02-27T03:04:29.682+0000] {logging_mixin.py:151} INFO - [2025-02-27T03:04:29.682+0000] {dagbag.py:536} INFO - Filling up the DagBag from /opt/airflow/dags/extract_exchange_rates.py
[2025-02-27T03:04:29.690+0000] {processor.py:839} INFO - DAG(s) dict_keys(['extract_exchange_rates']) retrieved from /opt/airflow/dags/extract_exchange_rates.py
[2025-02-27T03:04:29.703+0000] {logging_mixin.py:151} INFO - [2025-02-27T03:04:29.703+0000] {dag.py:2941} INFO - Sync 1 DAGs
[2025-02-27T03:04:29.712+0000] {logging_mixin.py:151} INFO - [2025-02-27T03:04:29.712+0000] {dag.py:3722} INFO - Setting next_dagrun for extract_exchange_rates to 2025-02-27T00:00:00+00:00, run_after=2025-02-28T00:00:00+00:00
[2025-02-27T03:04:29.719+0000] {processor.py:179} INFO - Processing /opt/airflow/dags/extract_exchange_rates.py took 0.040 seconds
[2025-02-27T03:04:59.906+0000] {processor.py:157} INFO - Started process (PID=714) to work on /opt/airflow/dags/extract_exchange_rates.py
[2025-02-27T03:04:59.907+0000] {processor.py:829} INFO - Processing file /opt/airflow/dags/extract_exchange_rates.py for tasks to queue
[2025-02-27T03:04:59.908+0000] {logging_mixin.py:151} INFO - [2025-02-27T03:04:59.908+0000] {dagbag.py:536} INFO - Filling up the DagBag from /opt/airflow/dags/extract_exchange_rates.py
[2025-02-27T03:04:59.917+0000] {processor.py:839} INFO - DAG(s) dict_keys(['extract_exchange_rates']) retrieved from /opt/airflow/dags/extract_exchange_rates.py
[2025-02-27T03:04:59.929+0000] {logging_mixin.py:151} INFO - [2025-02-27T03:04:59.929+0000] {dag.py:2941} INFO - Sync 1 DAGs
[2025-02-27T03:04:59.939+0000] {logging_mixin.py:151} INFO - [2025-02-27T03:04:59.939+0000] {dag.py:3722} INFO - Setting next_dagrun for extract_exchange_rates to 2025-02-27T00:00:00+00:00, run_after=2025-02-28T00:00:00+00:00
[2025-02-27T03:04:59.947+0000] {processor.py:179} INFO - Processing /opt/airflow/dags/extract_exchange_rates.py took 0.043 seconds
[2025-02-27T03:05:30.143+0000] {processor.py:157} INFO - Started process (PID=719) to work on /opt/airflow/dags/extract_exchange_rates.py
[2025-02-27T03:05:30.143+0000] {processor.py:829} INFO - Processing file /opt/airflow/dags/extract_exchange_rates.py for tasks to queue
[2025-02-27T03:05:30.144+0000] {logging_mixin.py:151} INFO - [2025-02-27T03:05:30.144+0000] {dagbag.py:536} INFO - Filling up the DagBag from /opt/airflow/dags/extract_exchange_rates.py
[2025-02-27T03:05:30.152+0000] {processor.py:839} INFO - DAG(s) dict_keys(['extract_exchange_rates']) retrieved from /opt/airflow/dags/extract_exchange_rates.py
[2025-02-27T03:05:30.165+0000] {logging_mixin.py:151} INFO - [2025-02-27T03:05:30.165+0000] {dag.py:2941} INFO - Sync 1 DAGs
[2025-02-27T03:05:30.175+0000] {logging_mixin.py:151} INFO - [2025-02-27T03:05:30.175+0000] {dag.py:3722} INFO - Setting next_dagrun for extract_exchange_rates to 2025-02-27T00:00:00+00:00, run_after=2025-02-28T00:00:00+00:00
[2025-02-27T03:05:30.182+0000] {processor.py:179} INFO - Processing /opt/airflow/dags/extract_exchange_rates.py took 0.041 seconds
[2025-02-27T03:06:00.379+0000] {processor.py:157} INFO - Started process (PID=724) to work on /opt/airflow/dags/extract_exchange_rates.py
[2025-02-27T03:06:00.379+0000] {processor.py:829} INFO - Processing file /opt/airflow/dags/extract_exchange_rates.py for tasks to queue
[2025-02-27T03:06:00.380+0000] {logging_mixin.py:151} INFO - [2025-02-27T03:06:00.380+0000] {dagbag.py:536} INFO - Filling up the DagBag from /opt/airflow/dags/extract_exchange_rates.py
[2025-02-27T03:06:00.388+0000] {processor.py:839} INFO - DAG(s) dict_keys(['extract_exchange_rates']) retrieved from /opt/airflow/dags/extract_exchange_rates.py
[2025-02-27T03:06:00.400+0000] {logging_mixin.py:151} INFO - [2025-02-27T03:06:00.400+0000] {dag.py:2941} INFO - Sync 1 DAGs
[2025-02-27T03:06:00.410+0000] {logging_mixin.py:151} INFO - [2025-02-27T03:06:00.410+0000] {dag.py:3722} INFO - Setting next_dagrun for extract_exchange_rates to 2025-02-27T00:00:00+00:00, run_after=2025-02-28T00:00:00+00:00
[2025-02-27T03:06:00.417+0000] {processor.py:179} INFO - Processing /opt/airflow/dags/extract_exchange_rates.py took 0.040 seconds
[2025-02-27T03:06:30.624+0000] {processor.py:157} INFO - Started process (PID=729) to work on /opt/airflow/dags/extract_exchange_rates.py
[2025-02-27T03:06:30.624+0000] {processor.py:829} INFO - Processing file /opt/airflow/dags/extract_exchange_rates.py for tasks to queue
[2025-02-27T03:06:30.625+0000] {logging_mixin.py:151} INFO - [2025-02-27T03:06:30.625+0000] {dagbag.py:536} INFO - Filling up the DagBag from /opt/airflow/dags/extract_exchange_rates.py
[2025-02-27T03:06:30.633+0000] {processor.py:839} INFO - DAG(s) dict_keys(['extract_exchange_rates']) retrieved from /opt/airflow/dags/extract_exchange_rates.py
[2025-02-27T03:06:30.646+0000] {logging_mixin.py:151} INFO - [2025-02-27T03:06:30.646+0000] {dag.py:2941} INFO - Sync 1 DAGs
[2025-02-27T03:06:30.655+0000] {logging_mixin.py:151} INFO - [2025-02-27T03:06:30.655+0000] {dag.py:3722} INFO - Setting next_dagrun for extract_exchange_rates to 2025-02-27T00:00:00+00:00, run_after=2025-02-28T00:00:00+00:00
[2025-02-27T03:06:30.662+0000] {processor.py:179} INFO - Processing /opt/airflow/dags/extract_exchange_rates.py took 0.040 seconds
[2025-02-27T03:07:00.877+0000] {processor.py:157} INFO - Started process (PID=734) to work on /opt/airflow/dags/extract_exchange_rates.py
[2025-02-27T03:07:00.878+0000] {processor.py:829} INFO - Processing file /opt/airflow/dags/extract_exchange_rates.py for tasks to queue
[2025-02-27T03:07:00.879+0000] {logging_mixin.py:151} INFO - [2025-02-27T03:07:00.878+0000] {dagbag.py:536} INFO - Filling up the DagBag from /opt/airflow/dags/extract_exchange_rates.py
[2025-02-27T03:07:00.888+0000] {processor.py:839} INFO - DAG(s) dict_keys(['extract_exchange_rates']) retrieved from /opt/airflow/dags/extract_exchange_rates.py
[2025-02-27T03:07:00.900+0000] {logging_mixin.py:151} INFO - [2025-02-27T03:07:00.900+0000] {dag.py:2941} INFO - Sync 1 DAGs
[2025-02-27T03:07:00.910+0000] {logging_mixin.py:151} INFO - [2025-02-27T03:07:00.910+0000] {dag.py:3722} INFO - Setting next_dagrun for extract_exchange_rates to 2025-02-27T00:00:00+00:00, run_after=2025-02-28T00:00:00+00:00
[2025-02-27T03:07:00.917+0000] {processor.py:179} INFO - Processing /opt/airflow/dags/extract_exchange_rates.py took 0.042 seconds
[2025-02-27T03:07:31.128+0000] {processor.py:157} INFO - Started process (PID=739) to work on /opt/airflow/dags/extract_exchange_rates.py
[2025-02-27T03:07:31.129+0000] {processor.py:829} INFO - Processing file /opt/airflow/dags/extract_exchange_rates.py for tasks to queue
[2025-02-27T03:07:31.129+0000] {logging_mixin.py:151} INFO - [2025-02-27T03:07:31.129+0000] {dagbag.py:536} INFO - Filling up the DagBag from /opt/airflow/dags/extract_exchange_rates.py
[2025-02-27T03:07:31.138+0000] {processor.py:839} INFO - DAG(s) dict_keys(['extract_exchange_rates']) retrieved from /opt/airflow/dags/extract_exchange_rates.py
[2025-02-27T03:07:31.150+0000] {logging_mixin.py:151} INFO - [2025-02-27T03:07:31.150+0000] {dag.py:2941} INFO - Sync 1 DAGs
[2025-02-27T03:07:31.160+0000] {logging_mixin.py:151} INFO - [2025-02-27T03:07:31.160+0000] {dag.py:3722} INFO - Setting next_dagrun for extract_exchange_rates to 2025-02-27T00:00:00+00:00, run_after=2025-02-28T00:00:00+00:00
[2025-02-27T03:07:31.167+0000] {processor.py:179} INFO - Processing /opt/airflow/dags/extract_exchange_rates.py took 0.041 seconds
[2025-02-27T03:08:01.381+0000] {processor.py:157} INFO - Started process (PID=744) to work on /opt/airflow/dags/extract_exchange_rates.py
[2025-02-27T03:08:01.382+0000] {processor.py:829} INFO - Processing file /opt/airflow/dags/extract_exchange_rates.py for tasks to queue
[2025-02-27T03:08:01.382+0000] {logging_mixin.py:151} INFO - [2025-02-27T03:08:01.382+0000] {dagbag.py:536} INFO - Filling up the DagBag from /opt/airflow/dags/extract_exchange_rates.py
[2025-02-27T03:08:01.390+0000] {processor.py:839} INFO - DAG(s) dict_keys(['extract_exchange_rates']) retrieved from /opt/airflow/dags/extract_exchange_rates.py
[2025-02-27T03:08:01.403+0000] {logging_mixin.py:151} INFO - [2025-02-27T03:08:01.402+0000] {dag.py:2941} INFO - Sync 1 DAGs
[2025-02-27T03:08:01.413+0000] {logging_mixin.py:151} INFO - [2025-02-27T03:08:01.412+0000] {dag.py:3722} INFO - Setting next_dagrun for extract_exchange_rates to 2025-02-27T00:00:00+00:00, run_after=2025-02-28T00:00:00+00:00
[2025-02-27T03:08:01.420+0000] {processor.py:179} INFO - Processing /opt/airflow/dags/extract_exchange_rates.py took 0.041 seconds
[2025-02-27T03:08:31.641+0000] {processor.py:157} INFO - Started process (PID=749) to work on /opt/airflow/dags/extract_exchange_rates.py
[2025-02-27T03:08:31.641+0000] {processor.py:829} INFO - Processing file /opt/airflow/dags/extract_exchange_rates.py for tasks to queue
[2025-02-27T03:08:31.642+0000] {logging_mixin.py:151} INFO - [2025-02-27T03:08:31.642+0000] {dagbag.py:536} INFO - Filling up the DagBag from /opt/airflow/dags/extract_exchange_rates.py
[2025-02-27T03:08:31.650+0000] {processor.py:839} INFO - DAG(s) dict_keys(['extract_exchange_rates']) retrieved from /opt/airflow/dags/extract_exchange_rates.py
[2025-02-27T03:08:31.662+0000] {logging_mixin.py:151} INFO - [2025-02-27T03:08:31.662+0000] {dag.py:2941} INFO - Sync 1 DAGs
[2025-02-27T03:08:31.672+0000] {logging_mixin.py:151} INFO - [2025-02-27T03:08:31.672+0000] {dag.py:3722} INFO - Setting next_dagrun for extract_exchange_rates to 2025-02-27T00:00:00+00:00, run_after=2025-02-28T00:00:00+00:00
[2025-02-27T03:08:31.679+0000] {processor.py:179} INFO - Processing /opt/airflow/dags/extract_exchange_rates.py took 0.040 seconds
[2025-02-27T03:09:01.892+0000] {processor.py:157} INFO - Started process (PID=754) to work on /opt/airflow/dags/extract_exchange_rates.py
[2025-02-27T03:09:01.893+0000] {processor.py:829} INFO - Processing file /opt/airflow/dags/extract_exchange_rates.py for tasks to queue
[2025-02-27T03:09:01.894+0000] {logging_mixin.py:151} INFO - [2025-02-27T03:09:01.893+0000] {dagbag.py:536} INFO - Filling up the DagBag from /opt/airflow/dags/extract_exchange_rates.py
[2025-02-27T03:09:01.902+0000] {processor.py:839} INFO - DAG(s) dict_keys(['extract_exchange_rates']) retrieved from /opt/airflow/dags/extract_exchange_rates.py
[2025-02-27T03:09:01.914+0000] {logging_mixin.py:151} INFO - [2025-02-27T03:09:01.914+0000] {dag.py:2941} INFO - Sync 1 DAGs
[2025-02-27T03:09:01.924+0000] {logging_mixin.py:151} INFO - [2025-02-27T03:09:01.924+0000] {dag.py:3722} INFO - Setting next_dagrun for extract_exchange_rates to 2025-02-27T00:00:00+00:00, run_after=2025-02-28T00:00:00+00:00
[2025-02-27T03:09:01.931+0000] {processor.py:179} INFO - Processing /opt/airflow/dags/extract_exchange_rates.py took 0.041 seconds
[2025-02-27T03:09:32.125+0000] {processor.py:157} INFO - Started process (PID=759) to work on /opt/airflow/dags/extract_exchange_rates.py
[2025-02-27T03:09:32.125+0000] {processor.py:829} INFO - Processing file /opt/airflow/dags/extract_exchange_rates.py for tasks to queue
[2025-02-27T03:09:32.126+0000] {logging_mixin.py:151} INFO - [2025-02-27T03:09:32.126+0000] {dagbag.py:536} INFO - Filling up the DagBag from /opt/airflow/dags/extract_exchange_rates.py
[2025-02-27T03:09:32.134+0000] {processor.py:839} INFO - DAG(s) dict_keys(['extract_exchange_rates']) retrieved from /opt/airflow/dags/extract_exchange_rates.py
[2025-02-27T03:09:32.147+0000] {logging_mixin.py:151} INFO - [2025-02-27T03:09:32.147+0000] {dag.py:2941} INFO - Sync 1 DAGs
[2025-02-27T03:09:32.157+0000] {logging_mixin.py:151} INFO - [2025-02-27T03:09:32.156+0000] {dag.py:3722} INFO - Setting next_dagrun for extract_exchange_rates to 2025-02-27T00:00:00+00:00, run_after=2025-02-28T00:00:00+00:00
[2025-02-27T03:09:32.163+0000] {processor.py:179} INFO - Processing /opt/airflow/dags/extract_exchange_rates.py took 0.041 seconds
[2025-02-27T03:10:02.392+0000] {processor.py:157} INFO - Started process (PID=764) to work on /opt/airflow/dags/extract_exchange_rates.py
[2025-02-27T03:10:02.393+0000] {processor.py:829} INFO - Processing file /opt/airflow/dags/extract_exchange_rates.py for tasks to queue
[2025-02-27T03:10:02.394+0000] {logging_mixin.py:151} INFO - [2025-02-27T03:10:02.393+0000] {dagbag.py:536} INFO - Filling up the DagBag from /opt/airflow/dags/extract_exchange_rates.py
[2025-02-27T03:10:02.402+0000] {processor.py:839} INFO - DAG(s) dict_keys(['extract_exchange_rates']) retrieved from /opt/airflow/dags/extract_exchange_rates.py
[2025-02-27T03:10:02.415+0000] {logging_mixin.py:151} INFO - [2025-02-27T03:10:02.415+0000] {dag.py:2941} INFO - Sync 1 DAGs
[2025-02-27T03:10:02.424+0000] {logging_mixin.py:151} INFO - [2025-02-27T03:10:02.424+0000] {dag.py:3722} INFO - Setting next_dagrun for extract_exchange_rates to 2025-02-27T00:00:00+00:00, run_after=2025-02-28T00:00:00+00:00
[2025-02-27T03:10:02.431+0000] {processor.py:179} INFO - Processing /opt/airflow/dags/extract_exchange_rates.py took 0.042 seconds
[2025-02-27T03:10:32.647+0000] {processor.py:157} INFO - Started process (PID=769) to work on /opt/airflow/dags/extract_exchange_rates.py
[2025-02-27T03:10:32.648+0000] {processor.py:829} INFO - Processing file /opt/airflow/dags/extract_exchange_rates.py for tasks to queue
[2025-02-27T03:10:32.649+0000] {logging_mixin.py:151} INFO - [2025-02-27T03:10:32.648+0000] {dagbag.py:536} INFO - Filling up the DagBag from /opt/airflow/dags/extract_exchange_rates.py
[2025-02-27T03:10:32.657+0000] {processor.py:839} INFO - DAG(s) dict_keys(['extract_exchange_rates']) retrieved from /opt/airflow/dags/extract_exchange_rates.py
[2025-02-27T03:10:32.669+0000] {logging_mixin.py:151} INFO - [2025-02-27T03:10:32.669+0000] {dag.py:2941} INFO - Sync 1 DAGs
[2025-02-27T03:10:32.679+0000] {logging_mixin.py:151} INFO - [2025-02-27T03:10:32.679+0000] {dag.py:3722} INFO - Setting next_dagrun for extract_exchange_rates to 2025-02-27T00:00:00+00:00, run_after=2025-02-28T00:00:00+00:00
[2025-02-27T03:10:32.685+0000] {processor.py:179} INFO - Processing /opt/airflow/dags/extract_exchange_rates.py took 0.040 seconds
[2025-02-27T03:11:02.889+0000] {processor.py:157} INFO - Started process (PID=774) to work on /opt/airflow/dags/extract_exchange_rates.py
[2025-02-27T03:11:02.890+0000] {processor.py:829} INFO - Processing file /opt/airflow/dags/extract_exchange_rates.py for tasks to queue
[2025-02-27T03:11:02.890+0000] {logging_mixin.py:151} INFO - [2025-02-27T03:11:02.890+0000] {dagbag.py:536} INFO - Filling up the DagBag from /opt/airflow/dags/extract_exchange_rates.py
[2025-02-27T03:11:02.898+0000] {processor.py:839} INFO - DAG(s) dict_keys(['extract_exchange_rates']) retrieved from /opt/airflow/dags/extract_exchange_rates.py
[2025-02-27T03:11:02.910+0000] {logging_mixin.py:151} INFO - [2025-02-27T03:11:02.910+0000] {dag.py:2941} INFO - Sync 1 DAGs
[2025-02-27T03:11:02.919+0000] {logging_mixin.py:151} INFO - [2025-02-27T03:11:02.919+0000] {dag.py:3722} INFO - Setting next_dagrun for extract_exchange_rates to 2025-02-27T00:00:00+00:00, run_after=2025-02-28T00:00:00+00:00
[2025-02-27T03:11:02.927+0000] {processor.py:179} INFO - Processing /opt/airflow/dags/extract_exchange_rates.py took 0.039 seconds
[2025-02-27T03:11:33.138+0000] {processor.py:157} INFO - Started process (PID=779) to work on /opt/airflow/dags/extract_exchange_rates.py
[2025-02-27T03:11:33.138+0000] {processor.py:829} INFO - Processing file /opt/airflow/dags/extract_exchange_rates.py for tasks to queue
[2025-02-27T03:11:33.139+0000] {logging_mixin.py:151} INFO - [2025-02-27T03:11:33.139+0000] {dagbag.py:536} INFO - Filling up the DagBag from /opt/airflow/dags/extract_exchange_rates.py
[2025-02-27T03:11:33.147+0000] {processor.py:839} INFO - DAG(s) dict_keys(['extract_exchange_rates']) retrieved from /opt/airflow/dags/extract_exchange_rates.py
[2025-02-27T03:11:33.159+0000] {logging_mixin.py:151} INFO - [2025-02-27T03:11:33.159+0000] {dag.py:2941} INFO - Sync 1 DAGs
[2025-02-27T03:11:33.169+0000] {logging_mixin.py:151} INFO - [2025-02-27T03:11:33.169+0000] {dag.py:3722} INFO - Setting next_dagrun for extract_exchange_rates to 2025-02-27T00:00:00+00:00, run_after=2025-02-28T00:00:00+00:00
[2025-02-27T03:11:33.176+0000] {processor.py:179} INFO - Processing /opt/airflow/dags/extract_exchange_rates.py took 0.040 seconds
[2025-02-27T03:12:03.396+0000] {processor.py:157} INFO - Started process (PID=784) to work on /opt/airflow/dags/extract_exchange_rates.py
[2025-02-27T03:12:03.396+0000] {processor.py:829} INFO - Processing file /opt/airflow/dags/extract_exchange_rates.py for tasks to queue
[2025-02-27T03:12:03.397+0000] {logging_mixin.py:151} INFO - [2025-02-27T03:12:03.397+0000] {dagbag.py:536} INFO - Filling up the DagBag from /opt/airflow/dags/extract_exchange_rates.py
[2025-02-27T03:12:03.406+0000] {processor.py:839} INFO - DAG(s) dict_keys(['extract_exchange_rates']) retrieved from /opt/airflow/dags/extract_exchange_rates.py
[2025-02-27T03:12:03.419+0000] {logging_mixin.py:151} INFO - [2025-02-27T03:12:03.419+0000] {dag.py:2941} INFO - Sync 1 DAGs
[2025-02-27T03:12:03.429+0000] {logging_mixin.py:151} INFO - [2025-02-27T03:12:03.429+0000] {dag.py:3722} INFO - Setting next_dagrun for extract_exchange_rates to 2025-02-27T00:00:00+00:00, run_after=2025-02-28T00:00:00+00:00
[2025-02-27T03:12:03.436+0000] {processor.py:179} INFO - Processing /opt/airflow/dags/extract_exchange_rates.py took 0.042 seconds
[2025-02-27T03:12:33.669+0000] {processor.py:157} INFO - Started process (PID=789) to work on /opt/airflow/dags/extract_exchange_rates.py
[2025-02-27T03:12:33.669+0000] {processor.py:829} INFO - Processing file /opt/airflow/dags/extract_exchange_rates.py for tasks to queue
[2025-02-27T03:12:33.670+0000] {logging_mixin.py:151} INFO - [2025-02-27T03:12:33.670+0000] {dagbag.py:536} INFO - Filling up the DagBag from /opt/airflow/dags/extract_exchange_rates.py
[2025-02-27T03:12:33.677+0000] {processor.py:839} INFO - DAG(s) dict_keys(['extract_exchange_rates']) retrieved from /opt/airflow/dags/extract_exchange_rates.py
[2025-02-27T03:12:33.690+0000] {logging_mixin.py:151} INFO - [2025-02-27T03:12:33.690+0000] {dag.py:2941} INFO - Sync 1 DAGs
[2025-02-27T03:12:33.700+0000] {logging_mixin.py:151} INFO - [2025-02-27T03:12:33.700+0000] {dag.py:3722} INFO - Setting next_dagrun for extract_exchange_rates to 2025-02-27T00:00:00+00:00, run_after=2025-02-28T00:00:00+00:00
[2025-02-27T03:12:33.706+0000] {processor.py:179} INFO - Processing /opt/airflow/dags/extract_exchange_rates.py took 0.040 seconds
[2025-02-27T03:13:03.923+0000] {processor.py:157} INFO - Started process (PID=794) to work on /opt/airflow/dags/extract_exchange_rates.py
[2025-02-27T03:13:03.925+0000] {processor.py:829} INFO - Processing file /opt/airflow/dags/extract_exchange_rates.py for tasks to queue
[2025-02-27T03:13:03.926+0000] {logging_mixin.py:151} INFO - [2025-02-27T03:13:03.925+0000] {dagbag.py:536} INFO - Filling up the DagBag from /opt/airflow/dags/extract_exchange_rates.py
[2025-02-27T03:13:03.935+0000] {processor.py:839} INFO - DAG(s) dict_keys(['extract_exchange_rates']) retrieved from /opt/airflow/dags/extract_exchange_rates.py
[2025-02-27T03:13:03.947+0000] {logging_mixin.py:151} INFO - [2025-02-27T03:13:03.947+0000] {dag.py:2941} INFO - Sync 1 DAGs
[2025-02-27T03:13:03.957+0000] {logging_mixin.py:151} INFO - [2025-02-27T03:13:03.957+0000] {dag.py:3722} INFO - Setting next_dagrun for extract_exchange_rates to 2025-02-27T00:00:00+00:00, run_after=2025-02-28T00:00:00+00:00
[2025-02-27T03:13:03.964+0000] {processor.py:179} INFO - Processing /opt/airflow/dags/extract_exchange_rates.py took 0.043 seconds
[2025-02-27T03:13:34.164+0000] {processor.py:157} INFO - Started process (PID=799) to work on /opt/airflow/dags/extract_exchange_rates.py
[2025-02-27T03:13:34.164+0000] {processor.py:829} INFO - Processing file /opt/airflow/dags/extract_exchange_rates.py for tasks to queue
[2025-02-27T03:13:34.165+0000] {logging_mixin.py:151} INFO - [2025-02-27T03:13:34.165+0000] {dagbag.py:536} INFO - Filling up the DagBag from /opt/airflow/dags/extract_exchange_rates.py
[2025-02-27T03:13:34.171+0000] {processor.py:839} INFO - DAG(s) dict_keys(['extract_exchange_rates']) retrieved from /opt/airflow/dags/extract_exchange_rates.py
[2025-02-27T03:13:34.180+0000] {logging_mixin.py:151} INFO - [2025-02-27T03:13:34.180+0000] {dag.py:2941} INFO - Sync 1 DAGs
[2025-02-27T03:13:34.188+0000] {logging_mixin.py:151} INFO - [2025-02-27T03:13:34.188+0000] {dag.py:3722} INFO - Setting next_dagrun for extract_exchange_rates to 2025-02-27T00:00:00+00:00, run_after=2025-02-28T00:00:00+00:00
[2025-02-27T03:13:34.194+0000] {processor.py:179} INFO - Processing /opt/airflow/dags/extract_exchange_rates.py took 0.031 seconds
[2025-02-27T03:14:04.376+0000] {processor.py:157} INFO - Started process (PID=804) to work on /opt/airflow/dags/extract_exchange_rates.py
[2025-02-27T03:14:04.376+0000] {processor.py:829} INFO - Processing file /opt/airflow/dags/extract_exchange_rates.py for tasks to queue
[2025-02-27T03:14:04.377+0000] {logging_mixin.py:151} INFO - [2025-02-27T03:14:04.377+0000] {dagbag.py:536} INFO - Filling up the DagBag from /opt/airflow/dags/extract_exchange_rates.py
[2025-02-27T03:14:04.385+0000] {processor.py:839} INFO - DAG(s) dict_keys(['extract_exchange_rates']) retrieved from /opt/airflow/dags/extract_exchange_rates.py
[2025-02-27T03:14:04.398+0000] {logging_mixin.py:151} INFO - [2025-02-27T03:14:04.398+0000] {dag.py:2941} INFO - Sync 1 DAGs
[2025-02-27T03:14:04.419+0000] {logging_mixin.py:151} INFO - [2025-02-27T03:14:04.419+0000] {dag.py:3722} INFO - Setting next_dagrun for extract_exchange_rates to 2025-02-27T00:00:00+00:00, run_after=2025-02-28T00:00:00+00:00
[2025-02-27T03:14:04.430+0000] {processor.py:179} INFO - Processing /opt/airflow/dags/extract_exchange_rates.py took 0.056 seconds
[2025-02-27T03:14:34.635+0000] {processor.py:157} INFO - Started process (PID=809) to work on /opt/airflow/dags/extract_exchange_rates.py
[2025-02-27T03:14:34.636+0000] {processor.py:829} INFO - Processing file /opt/airflow/dags/extract_exchange_rates.py for tasks to queue
[2025-02-27T03:14:34.637+0000] {logging_mixin.py:151} INFO - [2025-02-27T03:14:34.637+0000] {dagbag.py:536} INFO - Filling up the DagBag from /opt/airflow/dags/extract_exchange_rates.py
[2025-02-27T03:14:34.645+0000] {processor.py:839} INFO - DAG(s) dict_keys(['extract_exchange_rates']) retrieved from /opt/airflow/dags/extract_exchange_rates.py
[2025-02-27T03:14:34.658+0000] {logging_mixin.py:151} INFO - [2025-02-27T03:14:34.657+0000] {dag.py:2941} INFO - Sync 1 DAGs
[2025-02-27T03:14:34.667+0000] {logging_mixin.py:151} INFO - [2025-02-27T03:14:34.667+0000] {dag.py:3722} INFO - Setting next_dagrun for extract_exchange_rates to 2025-02-27T00:00:00+00:00, run_after=2025-02-28T00:00:00+00:00
[2025-02-27T03:14:34.674+0000] {processor.py:179} INFO - Processing /opt/airflow/dags/extract_exchange_rates.py took 0.041 seconds
[2025-02-27T03:15:04.902+0000] {processor.py:157} INFO - Started process (PID=814) to work on /opt/airflow/dags/extract_exchange_rates.py
[2025-02-27T03:15:04.903+0000] {processor.py:829} INFO - Processing file /opt/airflow/dags/extract_exchange_rates.py for tasks to queue
[2025-02-27T03:15:04.904+0000] {logging_mixin.py:151} INFO - [2025-02-27T03:15:04.903+0000] {dagbag.py:536} INFO - Filling up the DagBag from /opt/airflow/dags/extract_exchange_rates.py
[2025-02-27T03:15:04.913+0000] {processor.py:839} INFO - DAG(s) dict_keys(['extract_exchange_rates']) retrieved from /opt/airflow/dags/extract_exchange_rates.py
[2025-02-27T03:15:04.925+0000] {logging_mixin.py:151} INFO - [2025-02-27T03:15:04.925+0000] {dag.py:2941} INFO - Sync 1 DAGs
[2025-02-27T03:15:04.935+0000] {logging_mixin.py:151} INFO - [2025-02-27T03:15:04.935+0000] {dag.py:3722} INFO - Setting next_dagrun for extract_exchange_rates to 2025-02-27T00:00:00+00:00, run_after=2025-02-28T00:00:00+00:00
[2025-02-27T03:15:04.942+0000] {processor.py:179} INFO - Processing /opt/airflow/dags/extract_exchange_rates.py took 0.043 seconds
[2025-02-27T03:15:35.163+0000] {processor.py:157} INFO - Started process (PID=819) to work on /opt/airflow/dags/extract_exchange_rates.py
[2025-02-27T03:15:35.164+0000] {processor.py:829} INFO - Processing file /opt/airflow/dags/extract_exchange_rates.py for tasks to queue
[2025-02-27T03:15:35.165+0000] {logging_mixin.py:151} INFO - [2025-02-27T03:15:35.165+0000] {dagbag.py:536} INFO - Filling up the DagBag from /opt/airflow/dags/extract_exchange_rates.py
[2025-02-27T03:15:35.174+0000] {processor.py:839} INFO - DAG(s) dict_keys(['extract_exchange_rates']) retrieved from /opt/airflow/dags/extract_exchange_rates.py
[2025-02-27T03:15:35.187+0000] {logging_mixin.py:151} INFO - [2025-02-27T03:15:35.186+0000] {dag.py:2941} INFO - Sync 1 DAGs
[2025-02-27T03:15:35.196+0000] {logging_mixin.py:151} INFO - [2025-02-27T03:15:35.196+0000] {dag.py:3722} INFO - Setting next_dagrun for extract_exchange_rates to 2025-02-27T00:00:00+00:00, run_after=2025-02-28T00:00:00+00:00
[2025-02-27T03:15:35.204+0000] {processor.py:179} INFO - Processing /opt/airflow/dags/extract_exchange_rates.py took 0.043 seconds
[2025-02-27T03:16:05.420+0000] {processor.py:157} INFO - Started process (PID=824) to work on /opt/airflow/dags/extract_exchange_rates.py
[2025-02-27T03:16:05.421+0000] {processor.py:829} INFO - Processing file /opt/airflow/dags/extract_exchange_rates.py for tasks to queue
[2025-02-27T03:16:05.422+0000] {logging_mixin.py:151} INFO - [2025-02-27T03:16:05.421+0000] {dagbag.py:536} INFO - Filling up the DagBag from /opt/airflow/dags/extract_exchange_rates.py
[2025-02-27T03:16:05.431+0000] {processor.py:839} INFO - DAG(s) dict_keys(['extract_exchange_rates']) retrieved from /opt/airflow/dags/extract_exchange_rates.py
[2025-02-27T03:16:05.444+0000] {logging_mixin.py:151} INFO - [2025-02-27T03:16:05.444+0000] {dag.py:2941} INFO - Sync 1 DAGs
[2025-02-27T03:16:05.454+0000] {logging_mixin.py:151} INFO - [2025-02-27T03:16:05.454+0000] {dag.py:3722} INFO - Setting next_dagrun for extract_exchange_rates to 2025-02-27T00:00:00+00:00, run_after=2025-02-28T00:00:00+00:00
[2025-02-27T03:16:05.461+0000] {processor.py:179} INFO - Processing /opt/airflow/dags/extract_exchange_rates.py took 0.042 seconds
[2025-02-27T03:16:35.665+0000] {processor.py:157} INFO - Started process (PID=829) to work on /opt/airflow/dags/extract_exchange_rates.py
[2025-02-27T03:16:35.666+0000] {processor.py:829} INFO - Processing file /opt/airflow/dags/extract_exchange_rates.py for tasks to queue
[2025-02-27T03:16:35.666+0000] {logging_mixin.py:151} INFO - [2025-02-27T03:16:35.666+0000] {dagbag.py:536} INFO - Filling up the DagBag from /opt/airflow/dags/extract_exchange_rates.py
[2025-02-27T03:16:35.675+0000] {processor.py:839} INFO - DAG(s) dict_keys(['extract_exchange_rates']) retrieved from /opt/airflow/dags/extract_exchange_rates.py
[2025-02-27T03:16:35.688+0000] {logging_mixin.py:151} INFO - [2025-02-27T03:16:35.688+0000] {dag.py:2941} INFO - Sync 1 DAGs
[2025-02-27T03:16:35.698+0000] {logging_mixin.py:151} INFO - [2025-02-27T03:16:35.698+0000] {dag.py:3722} INFO - Setting next_dagrun for extract_exchange_rates to 2025-02-27T00:00:00+00:00, run_after=2025-02-28T00:00:00+00:00
[2025-02-27T03:16:35.705+0000] {processor.py:179} INFO - Processing /opt/airflow/dags/extract_exchange_rates.py took 0.042 seconds
[2025-02-27T03:17:05.920+0000] {processor.py:157} INFO - Started process (PID=834) to work on /opt/airflow/dags/extract_exchange_rates.py
[2025-02-27T03:17:05.921+0000] {processor.py:829} INFO - Processing file /opt/airflow/dags/extract_exchange_rates.py for tasks to queue
[2025-02-27T03:17:05.922+0000] {logging_mixin.py:151} INFO - [2025-02-27T03:17:05.922+0000] {dagbag.py:536} INFO - Filling up the DagBag from /opt/airflow/dags/extract_exchange_rates.py
[2025-02-27T03:17:05.930+0000] {processor.py:839} INFO - DAG(s) dict_keys(['extract_exchange_rates']) retrieved from /opt/airflow/dags/extract_exchange_rates.py
[2025-02-27T03:17:05.944+0000] {logging_mixin.py:151} INFO - [2025-02-27T03:17:05.943+0000] {dag.py:2941} INFO - Sync 1 DAGs
[2025-02-27T03:17:05.954+0000] {logging_mixin.py:151} INFO - [2025-02-27T03:17:05.954+0000] {dag.py:3722} INFO - Setting next_dagrun for extract_exchange_rates to 2025-02-27T00:00:00+00:00, run_after=2025-02-28T00:00:00+00:00
[2025-02-27T03:17:05.961+0000] {processor.py:179} INFO - Processing /opt/airflow/dags/extract_exchange_rates.py took 0.042 seconds
[2025-02-27T03:17:36.168+0000] {processor.py:157} INFO - Started process (PID=839) to work on /opt/airflow/dags/extract_exchange_rates.py
[2025-02-27T03:17:36.169+0000] {processor.py:829} INFO - Processing file /opt/airflow/dags/extract_exchange_rates.py for tasks to queue
[2025-02-27T03:17:36.170+0000] {logging_mixin.py:151} INFO - [2025-02-27T03:17:36.170+0000] {dagbag.py:536} INFO - Filling up the DagBag from /opt/airflow/dags/extract_exchange_rates.py
[2025-02-27T03:17:36.178+0000] {processor.py:839} INFO - DAG(s) dict_keys(['extract_exchange_rates']) retrieved from /opt/airflow/dags/extract_exchange_rates.py
[2025-02-27T03:17:36.191+0000] {logging_mixin.py:151} INFO - [2025-02-27T03:17:36.191+0000] {dag.py:2941} INFO - Sync 1 DAGs
[2025-02-27T03:17:36.201+0000] {logging_mixin.py:151} INFO - [2025-02-27T03:17:36.201+0000] {dag.py:3722} INFO - Setting next_dagrun for extract_exchange_rates to 2025-02-27T00:00:00+00:00, run_after=2025-02-28T00:00:00+00:00
[2025-02-27T03:17:36.208+0000] {processor.py:179} INFO - Processing /opt/airflow/dags/extract_exchange_rates.py took 0.042 seconds
[2025-02-27T03:18:06.434+0000] {processor.py:157} INFO - Started process (PID=844) to work on /opt/airflow/dags/extract_exchange_rates.py
[2025-02-27T03:18:06.435+0000] {processor.py:829} INFO - Processing file /opt/airflow/dags/extract_exchange_rates.py for tasks to queue
[2025-02-27T03:18:06.436+0000] {logging_mixin.py:151} INFO - [2025-02-27T03:18:06.436+0000] {dagbag.py:536} INFO - Filling up the DagBag from /opt/airflow/dags/extract_exchange_rates.py
[2025-02-27T03:18:06.445+0000] {processor.py:839} INFO - DAG(s) dict_keys(['extract_exchange_rates']) retrieved from /opt/airflow/dags/extract_exchange_rates.py
[2025-02-27T03:18:06.458+0000] {logging_mixin.py:151} INFO - [2025-02-27T03:18:06.458+0000] {dag.py:2941} INFO - Sync 1 DAGs
[2025-02-27T03:18:06.467+0000] {logging_mixin.py:151} INFO - [2025-02-27T03:18:06.467+0000] {dag.py:3722} INFO - Setting next_dagrun for extract_exchange_rates to 2025-02-27T00:00:00+00:00, run_after=2025-02-28T00:00:00+00:00
[2025-02-27T03:18:06.475+0000] {processor.py:179} INFO - Processing /opt/airflow/dags/extract_exchange_rates.py took 0.042 seconds
[2025-02-27T03:18:36.717+0000] {processor.py:157} INFO - Started process (PID=849) to work on /opt/airflow/dags/extract_exchange_rates.py
[2025-02-27T03:18:36.719+0000] {processor.py:829} INFO - Processing file /opt/airflow/dags/extract_exchange_rates.py for tasks to queue
[2025-02-27T03:18:36.719+0000] {logging_mixin.py:151} INFO - [2025-02-27T03:18:36.719+0000] {dagbag.py:536} INFO - Filling up the DagBag from /opt/airflow/dags/extract_exchange_rates.py
[2025-02-27T03:18:36.729+0000] {processor.py:839} INFO - DAG(s) dict_keys(['extract_exchange_rates']) retrieved from /opt/airflow/dags/extract_exchange_rates.py
[2025-02-27T03:18:36.741+0000] {logging_mixin.py:151} INFO - [2025-02-27T03:18:36.741+0000] {dag.py:2941} INFO - Sync 1 DAGs
[2025-02-27T03:18:36.750+0000] {logging_mixin.py:151} INFO - [2025-02-27T03:18:36.750+0000] {dag.py:3722} INFO - Setting next_dagrun for extract_exchange_rates to 2025-02-27T00:00:00+00:00, run_after=2025-02-28T00:00:00+00:00
[2025-02-27T03:18:36.757+0000] {processor.py:179} INFO - Processing /opt/airflow/dags/extract_exchange_rates.py took 0.042 seconds
[2025-02-27T03:19:06.972+0000] {processor.py:157} INFO - Started process (PID=854) to work on /opt/airflow/dags/extract_exchange_rates.py
[2025-02-27T03:19:06.972+0000] {processor.py:829} INFO - Processing file /opt/airflow/dags/extract_exchange_rates.py for tasks to queue
[2025-02-27T03:19:06.973+0000] {logging_mixin.py:151} INFO - [2025-02-27T03:19:06.973+0000] {dagbag.py:536} INFO - Filling up the DagBag from /opt/airflow/dags/extract_exchange_rates.py
[2025-02-27T03:19:06.980+0000] {processor.py:839} INFO - DAG(s) dict_keys(['extract_exchange_rates']) retrieved from /opt/airflow/dags/extract_exchange_rates.py
[2025-02-27T03:19:06.991+0000] {logging_mixin.py:151} INFO - [2025-02-27T03:19:06.991+0000] {dag.py:2941} INFO - Sync 1 DAGs
[2025-02-27T03:19:07.000+0000] {logging_mixin.py:151} INFO - [2025-02-27T03:19:07.000+0000] {dag.py:3722} INFO - Setting next_dagrun for extract_exchange_rates to 2025-02-27T00:00:00+00:00, run_after=2025-02-28T00:00:00+00:00
[2025-02-27T03:19:07.007+0000] {processor.py:179} INFO - Processing /opt/airflow/dags/extract_exchange_rates.py took 0.037 seconds
[2025-02-27T03:19:37.236+0000] {processor.py:157} INFO - Started process (PID=859) to work on /opt/airflow/dags/extract_exchange_rates.py
[2025-02-27T03:19:37.237+0000] {processor.py:829} INFO - Processing file /opt/airflow/dags/extract_exchange_rates.py for tasks to queue
[2025-02-27T03:19:37.238+0000] {logging_mixin.py:151} INFO - [2025-02-27T03:19:37.237+0000] {dagbag.py:536} INFO - Filling up the DagBag from /opt/airflow/dags/extract_exchange_rates.py
[2025-02-27T03:19:37.246+0000] {processor.py:839} INFO - DAG(s) dict_keys(['extract_exchange_rates']) retrieved from /opt/airflow/dags/extract_exchange_rates.py
[2025-02-27T03:19:37.259+0000] {logging_mixin.py:151} INFO - [2025-02-27T03:19:37.259+0000] {dag.py:2941} INFO - Sync 1 DAGs
[2025-02-27T03:19:37.268+0000] {logging_mixin.py:151} INFO - [2025-02-27T03:19:37.268+0000] {dag.py:3722} INFO - Setting next_dagrun for extract_exchange_rates to 2025-02-27T00:00:00+00:00, run_after=2025-02-28T00:00:00+00:00
[2025-02-27T03:19:37.276+0000] {processor.py:179} INFO - Processing /opt/airflow/dags/extract_exchange_rates.py took 0.042 seconds
[2025-02-27T03:20:07.496+0000] {processor.py:157} INFO - Started process (PID=864) to work on /opt/airflow/dags/extract_exchange_rates.py
[2025-02-27T03:20:07.497+0000] {processor.py:829} INFO - Processing file /opt/airflow/dags/extract_exchange_rates.py for tasks to queue
[2025-02-27T03:20:07.498+0000] {logging_mixin.py:151} INFO - [2025-02-27T03:20:07.498+0000] {dagbag.py:536} INFO - Filling up the DagBag from /opt/airflow/dags/extract_exchange_rates.py
[2025-02-27T03:20:07.507+0000] {processor.py:839} INFO - DAG(s) dict_keys(['extract_exchange_rates']) retrieved from /opt/airflow/dags/extract_exchange_rates.py
[2025-02-27T03:20:07.519+0000] {logging_mixin.py:151} INFO - [2025-02-27T03:20:07.519+0000] {dag.py:2941} INFO - Sync 1 DAGs
[2025-02-27T03:20:07.529+0000] {logging_mixin.py:151} INFO - [2025-02-27T03:20:07.529+0000] {dag.py:3722} INFO - Setting next_dagrun for extract_exchange_rates to 2025-02-27T00:00:00+00:00, run_after=2025-02-28T00:00:00+00:00
[2025-02-27T03:20:07.536+0000] {processor.py:179} INFO - Processing /opt/airflow/dags/extract_exchange_rates.py took 0.042 seconds
[2025-02-27T03:20:37.760+0000] {processor.py:157} INFO - Started process (PID=869) to work on /opt/airflow/dags/extract_exchange_rates.py
[2025-02-27T03:20:37.760+0000] {processor.py:829} INFO - Processing file /opt/airflow/dags/extract_exchange_rates.py for tasks to queue
[2025-02-27T03:20:37.761+0000] {logging_mixin.py:151} INFO - [2025-02-27T03:20:37.761+0000] {dagbag.py:536} INFO - Filling up the DagBag from /opt/airflow/dags/extract_exchange_rates.py
[2025-02-27T03:20:37.769+0000] {processor.py:839} INFO - DAG(s) dict_keys(['extract_exchange_rates']) retrieved from /opt/airflow/dags/extract_exchange_rates.py
[2025-02-27T03:20:37.781+0000] {logging_mixin.py:151} INFO - [2025-02-27T03:20:37.781+0000] {dag.py:2941} INFO - Sync 1 DAGs
[2025-02-27T03:20:37.791+0000] {logging_mixin.py:151} INFO - [2025-02-27T03:20:37.791+0000] {dag.py:3722} INFO - Setting next_dagrun for extract_exchange_rates to 2025-02-27T00:00:00+00:00, run_after=2025-02-28T00:00:00+00:00
[2025-02-27T03:20:37.798+0000] {processor.py:179} INFO - Processing /opt/airflow/dags/extract_exchange_rates.py took 0.040 seconds
[2025-02-27T03:21:08.003+0000] {processor.py:157} INFO - Started process (PID=874) to work on /opt/airflow/dags/extract_exchange_rates.py
[2025-02-27T03:21:08.004+0000] {processor.py:829} INFO - Processing file /opt/airflow/dags/extract_exchange_rates.py for tasks to queue
[2025-02-27T03:21:08.004+0000] {logging_mixin.py:151} INFO - [2025-02-27T03:21:08.004+0000] {dagbag.py:536} INFO - Filling up the DagBag from /opt/airflow/dags/extract_exchange_rates.py
[2025-02-27T03:21:08.013+0000] {processor.py:839} INFO - DAG(s) dict_keys(['extract_exchange_rates']) retrieved from /opt/airflow/dags/extract_exchange_rates.py
[2025-02-27T03:21:08.026+0000] {logging_mixin.py:151} INFO - [2025-02-27T03:21:08.026+0000] {dag.py:2941} INFO - Sync 1 DAGs
[2025-02-27T03:21:08.036+0000] {logging_mixin.py:151} INFO - [2025-02-27T03:21:08.036+0000] {dag.py:3722} INFO - Setting next_dagrun for extract_exchange_rates to 2025-02-27T00:00:00+00:00, run_after=2025-02-28T00:00:00+00:00
[2025-02-27T03:21:08.043+0000] {processor.py:179} INFO - Processing /opt/airflow/dags/extract_exchange_rates.py took 0.042 seconds
[2025-02-27T03:21:38.230+0000] {processor.py:157} INFO - Started process (PID=879) to work on /opt/airflow/dags/extract_exchange_rates.py
[2025-02-27T03:21:38.231+0000] {processor.py:829} INFO - Processing file /opt/airflow/dags/extract_exchange_rates.py for tasks to queue
[2025-02-27T03:21:38.232+0000] {logging_mixin.py:151} INFO - [2025-02-27T03:21:38.232+0000] {dagbag.py:536} INFO - Filling up the DagBag from /opt/airflow/dags/extract_exchange_rates.py
[2025-02-27T03:21:38.240+0000] {processor.py:839} INFO - DAG(s) dict_keys(['extract_exchange_rates']) retrieved from /opt/airflow/dags/extract_exchange_rates.py
[2025-02-27T03:21:38.253+0000] {logging_mixin.py:151} INFO - [2025-02-27T03:21:38.253+0000] {dag.py:2941} INFO - Sync 1 DAGs
[2025-02-27T03:21:38.263+0000] {logging_mixin.py:151} INFO - [2025-02-27T03:21:38.262+0000] {dag.py:3722} INFO - Setting next_dagrun for extract_exchange_rates to 2025-02-27T00:00:00+00:00, run_after=2025-02-28T00:00:00+00:00
[2025-02-27T03:21:38.269+0000] {processor.py:179} INFO - Processing /opt/airflow/dags/extract_exchange_rates.py took 0.041 seconds
[2025-02-27T03:22:08.501+0000] {processor.py:157} INFO - Started process (PID=884) to work on /opt/airflow/dags/extract_exchange_rates.py
[2025-02-27T03:22:08.502+0000] {processor.py:829} INFO - Processing file /opt/airflow/dags/extract_exchange_rates.py for tasks to queue
[2025-02-27T03:22:08.503+0000] {logging_mixin.py:151} INFO - [2025-02-27T03:22:08.502+0000] {dagbag.py:536} INFO - Filling up the DagBag from /opt/airflow/dags/extract_exchange_rates.py
[2025-02-27T03:22:08.512+0000] {processor.py:839} INFO - DAG(s) dict_keys(['extract_exchange_rates']) retrieved from /opt/airflow/dags/extract_exchange_rates.py
[2025-02-27T03:22:08.524+0000] {logging_mixin.py:151} INFO - [2025-02-27T03:22:08.524+0000] {dag.py:2941} INFO - Sync 1 DAGs
[2025-02-27T03:22:08.534+0000] {logging_mixin.py:151} INFO - [2025-02-27T03:22:08.534+0000] {dag.py:3722} INFO - Setting next_dagrun for extract_exchange_rates to 2025-02-27T00:00:00+00:00, run_after=2025-02-28T00:00:00+00:00
[2025-02-27T03:22:08.540+0000] {processor.py:179} INFO - Processing /opt/airflow/dags/extract_exchange_rates.py took 0.042 seconds
[2025-02-27T03:22:38.758+0000] {processor.py:157} INFO - Started process (PID=889) to work on /opt/airflow/dags/extract_exchange_rates.py
[2025-02-27T03:22:38.759+0000] {processor.py:829} INFO - Processing file /opt/airflow/dags/extract_exchange_rates.py for tasks to queue
[2025-02-27T03:22:38.760+0000] {logging_mixin.py:151} INFO - [2025-02-27T03:22:38.760+0000] {dagbag.py:536} INFO - Filling up the DagBag from /opt/airflow/dags/extract_exchange_rates.py
[2025-02-27T03:22:38.770+0000] {processor.py:839} INFO - DAG(s) dict_keys(['extract_exchange_rates']) retrieved from /opt/airflow/dags/extract_exchange_rates.py
[2025-02-27T03:22:38.785+0000] {logging_mixin.py:151} INFO - [2025-02-27T03:22:38.785+0000] {dag.py:2941} INFO - Sync 1 DAGs
[2025-02-27T03:22:38.794+0000] {logging_mixin.py:151} INFO - [2025-02-27T03:22:38.794+0000] {dag.py:3722} INFO - Setting next_dagrun for extract_exchange_rates to 2025-02-27T00:00:00+00:00, run_after=2025-02-28T00:00:00+00:00
[2025-02-27T03:22:38.802+0000] {processor.py:179} INFO - Processing /opt/airflow/dags/extract_exchange_rates.py took 0.046 seconds
[2025-02-27T03:23:09.020+0000] {processor.py:157} INFO - Started process (PID=894) to work on /opt/airflow/dags/extract_exchange_rates.py
[2025-02-27T03:23:09.021+0000] {processor.py:829} INFO - Processing file /opt/airflow/dags/extract_exchange_rates.py for tasks to queue
[2025-02-27T03:23:09.021+0000] {logging_mixin.py:151} INFO - [2025-02-27T03:23:09.021+0000] {dagbag.py:536} INFO - Filling up the DagBag from /opt/airflow/dags/extract_exchange_rates.py
[2025-02-27T03:23:09.031+0000] {processor.py:839} INFO - DAG(s) dict_keys(['extract_exchange_rates']) retrieved from /opt/airflow/dags/extract_exchange_rates.py
[2025-02-27T03:23:09.043+0000] {logging_mixin.py:151} INFO - [2025-02-27T03:23:09.043+0000] {dag.py:2941} INFO - Sync 1 DAGs
[2025-02-27T03:23:09.054+0000] {logging_mixin.py:151} INFO - [2025-02-27T03:23:09.054+0000] {dag.py:3722} INFO - Setting next_dagrun for extract_exchange_rates to 2025-02-27T00:00:00+00:00, run_after=2025-02-28T00:00:00+00:00
[2025-02-27T03:23:09.060+0000] {processor.py:179} INFO - Processing /opt/airflow/dags/extract_exchange_rates.py took 0.043 seconds
[2025-02-27T03:23:39.282+0000] {processor.py:157} INFO - Started process (PID=899) to work on /opt/airflow/dags/extract_exchange_rates.py
[2025-02-27T03:23:39.282+0000] {processor.py:829} INFO - Processing file /opt/airflow/dags/extract_exchange_rates.py for tasks to queue
[2025-02-27T03:23:39.283+0000] {logging_mixin.py:151} INFO - [2025-02-27T03:23:39.283+0000] {dagbag.py:536} INFO - Filling up the DagBag from /opt/airflow/dags/extract_exchange_rates.py
[2025-02-27T03:23:39.292+0000] {processor.py:839} INFO - DAG(s) dict_keys(['extract_exchange_rates']) retrieved from /opt/airflow/dags/extract_exchange_rates.py
[2025-02-27T03:23:39.305+0000] {logging_mixin.py:151} INFO - [2025-02-27T03:23:39.305+0000] {dag.py:2941} INFO - Sync 1 DAGs
[2025-02-27T03:23:39.315+0000] {logging_mixin.py:151} INFO - [2025-02-27T03:23:39.315+0000] {dag.py:3722} INFO - Setting next_dagrun for extract_exchange_rates to 2025-02-27T00:00:00+00:00, run_after=2025-02-28T00:00:00+00:00
[2025-02-27T03:23:39.321+0000] {processor.py:179} INFO - Processing /opt/airflow/dags/extract_exchange_rates.py took 0.042 seconds
[2025-02-27T03:24:09.539+0000] {processor.py:157} INFO - Started process (PID=904) to work on /opt/airflow/dags/extract_exchange_rates.py
[2025-02-27T03:24:09.540+0000] {processor.py:829} INFO - Processing file /opt/airflow/dags/extract_exchange_rates.py for tasks to queue
[2025-02-27T03:24:09.541+0000] {logging_mixin.py:151} INFO - [2025-02-27T03:24:09.541+0000] {dagbag.py:536} INFO - Filling up the DagBag from /opt/airflow/dags/extract_exchange_rates.py
[2025-02-27T03:24:09.550+0000] {processor.py:839} INFO - DAG(s) dict_keys(['extract_exchange_rates']) retrieved from /opt/airflow/dags/extract_exchange_rates.py
[2025-02-27T03:24:09.563+0000] {logging_mixin.py:151} INFO - [2025-02-27T03:24:09.563+0000] {dag.py:2941} INFO - Sync 1 DAGs
[2025-02-27T03:24:09.573+0000] {logging_mixin.py:151} INFO - [2025-02-27T03:24:09.573+0000] {dag.py:3722} INFO - Setting next_dagrun for extract_exchange_rates to 2025-02-27T00:00:00+00:00, run_after=2025-02-28T00:00:00+00:00
[2025-02-27T03:24:09.580+0000] {processor.py:179} INFO - Processing /opt/airflow/dags/extract_exchange_rates.py took 0.043 seconds
[2025-02-27T03:24:39.797+0000] {processor.py:157} INFO - Started process (PID=909) to work on /opt/airflow/dags/extract_exchange_rates.py
[2025-02-27T03:24:39.797+0000] {processor.py:829} INFO - Processing file /opt/airflow/dags/extract_exchange_rates.py for tasks to queue
[2025-02-27T03:24:39.798+0000] {logging_mixin.py:151} INFO - [2025-02-27T03:24:39.798+0000] {dagbag.py:536} INFO - Filling up the DagBag from /opt/airflow/dags/extract_exchange_rates.py
[2025-02-27T03:24:39.807+0000] {processor.py:839} INFO - DAG(s) dict_keys(['extract_exchange_rates']) retrieved from /opt/airflow/dags/extract_exchange_rates.py
[2025-02-27T03:24:39.820+0000] {logging_mixin.py:151} INFO - [2025-02-27T03:24:39.820+0000] {dag.py:2941} INFO - Sync 1 DAGs
[2025-02-27T03:24:39.829+0000] {logging_mixin.py:151} INFO - [2025-02-27T03:24:39.829+0000] {dag.py:3722} INFO - Setting next_dagrun for extract_exchange_rates to 2025-02-27T00:00:00+00:00, run_after=2025-02-28T00:00:00+00:00
[2025-02-27T03:24:39.836+0000] {processor.py:179} INFO - Processing /opt/airflow/dags/extract_exchange_rates.py took 0.042 seconds
[2025-02-27T03:25:10.027+0000] {processor.py:157} INFO - Started process (PID=914) to work on /opt/airflow/dags/extract_exchange_rates.py
[2025-02-27T03:25:10.028+0000] {processor.py:829} INFO - Processing file /opt/airflow/dags/extract_exchange_rates.py for tasks to queue
[2025-02-27T03:25:10.028+0000] {logging_mixin.py:151} INFO - [2025-02-27T03:25:10.028+0000] {dagbag.py:536} INFO - Filling up the DagBag from /opt/airflow/dags/extract_exchange_rates.py
[2025-02-27T03:25:10.037+0000] {processor.py:839} INFO - DAG(s) dict_keys(['extract_exchange_rates']) retrieved from /opt/airflow/dags/extract_exchange_rates.py
[2025-02-27T03:25:10.050+0000] {logging_mixin.py:151} INFO - [2025-02-27T03:25:10.049+0000] {dag.py:2941} INFO - Sync 1 DAGs
[2025-02-27T03:25:10.059+0000] {logging_mixin.py:151} INFO - [2025-02-27T03:25:10.059+0000] {dag.py:3722} INFO - Setting next_dagrun for extract_exchange_rates to 2025-02-27T00:00:00+00:00, run_after=2025-02-28T00:00:00+00:00
[2025-02-27T03:25:10.066+0000] {processor.py:179} INFO - Processing /opt/airflow/dags/extract_exchange_rates.py took 0.041 seconds
[2025-02-27T03:25:40.258+0000] {processor.py:157} INFO - Started process (PID=919) to work on /opt/airflow/dags/extract_exchange_rates.py
[2025-02-27T03:25:40.259+0000] {processor.py:829} INFO - Processing file /opt/airflow/dags/extract_exchange_rates.py for tasks to queue
[2025-02-27T03:25:40.260+0000] {logging_mixin.py:151} INFO - [2025-02-27T03:25:40.260+0000] {dagbag.py:536} INFO - Filling up the DagBag from /opt/airflow/dags/extract_exchange_rates.py
[2025-02-27T03:25:40.269+0000] {processor.py:839} INFO - DAG(s) dict_keys(['extract_exchange_rates']) retrieved from /opt/airflow/dags/extract_exchange_rates.py
[2025-02-27T03:25:40.282+0000] {logging_mixin.py:151} INFO - [2025-02-27T03:25:40.282+0000] {dag.py:2941} INFO - Sync 1 DAGs
[2025-02-27T03:25:40.291+0000] {logging_mixin.py:151} INFO - [2025-02-27T03:25:40.291+0000] {dag.py:3722} INFO - Setting next_dagrun for extract_exchange_rates to 2025-02-27T00:00:00+00:00, run_after=2025-02-28T00:00:00+00:00
[2025-02-27T03:25:40.299+0000] {processor.py:179} INFO - Processing /opt/airflow/dags/extract_exchange_rates.py took 0.042 seconds
[2025-02-27T03:26:10.508+0000] {processor.py:157} INFO - Started process (PID=924) to work on /opt/airflow/dags/extract_exchange_rates.py
[2025-02-27T03:26:10.509+0000] {processor.py:829} INFO - Processing file /opt/airflow/dags/extract_exchange_rates.py for tasks to queue
[2025-02-27T03:26:10.510+0000] {logging_mixin.py:151} INFO - [2025-02-27T03:26:10.509+0000] {dagbag.py:536} INFO - Filling up the DagBag from /opt/airflow/dags/extract_exchange_rates.py
[2025-02-27T03:26:10.520+0000] {processor.py:839} INFO - DAG(s) dict_keys(['extract_exchange_rates']) retrieved from /opt/airflow/dags/extract_exchange_rates.py
[2025-02-27T03:26:10.534+0000] {logging_mixin.py:151} INFO - [2025-02-27T03:26:10.534+0000] {dag.py:2941} INFO - Sync 1 DAGs
[2025-02-27T03:26:10.544+0000] {logging_mixin.py:151} INFO - [2025-02-27T03:26:10.544+0000] {dag.py:3722} INFO - Setting next_dagrun for extract_exchange_rates to 2025-02-27T00:00:00+00:00, run_after=2025-02-28T00:00:00+00:00
[2025-02-27T03:26:10.552+0000] {processor.py:179} INFO - Processing /opt/airflow/dags/extract_exchange_rates.py took 0.046 seconds
[2025-02-27T03:26:40.753+0000] {processor.py:157} INFO - Started process (PID=929) to work on /opt/airflow/dags/extract_exchange_rates.py
[2025-02-27T03:26:40.753+0000] {processor.py:829} INFO - Processing file /opt/airflow/dags/extract_exchange_rates.py for tasks to queue
[2025-02-27T03:26:40.754+0000] {logging_mixin.py:151} INFO - [2025-02-27T03:26:40.754+0000] {dagbag.py:536} INFO - Filling up the DagBag from /opt/airflow/dags/extract_exchange_rates.py
[2025-02-27T03:26:40.764+0000] {processor.py:839} INFO - DAG(s) dict_keys(['extract_exchange_rates']) retrieved from /opt/airflow/dags/extract_exchange_rates.py
[2025-02-27T03:26:40.777+0000] {logging_mixin.py:151} INFO - [2025-02-27T03:26:40.777+0000] {dag.py:2941} INFO - Sync 1 DAGs
[2025-02-27T03:26:40.787+0000] {logging_mixin.py:151} INFO - [2025-02-27T03:26:40.787+0000] {dag.py:3722} INFO - Setting next_dagrun for extract_exchange_rates to 2025-02-27T00:00:00+00:00, run_after=2025-02-28T00:00:00+00:00
[2025-02-27T03:26:40.794+0000] {processor.py:179} INFO - Processing /opt/airflow/dags/extract_exchange_rates.py took 0.044 seconds
[2025-02-27T03:27:11.022+0000] {processor.py:157} INFO - Started process (PID=934) to work on /opt/airflow/dags/extract_exchange_rates.py
[2025-02-27T03:27:11.023+0000] {processor.py:829} INFO - Processing file /opt/airflow/dags/extract_exchange_rates.py for tasks to queue
[2025-02-27T03:27:11.024+0000] {logging_mixin.py:151} INFO - [2025-02-27T03:27:11.024+0000] {dagbag.py:536} INFO - Filling up the DagBag from /opt/airflow/dags/extract_exchange_rates.py
[2025-02-27T03:27:11.035+0000] {processor.py:839} INFO - DAG(s) dict_keys(['extract_exchange_rates']) retrieved from /opt/airflow/dags/extract_exchange_rates.py
[2025-02-27T03:27:11.048+0000] {logging_mixin.py:151} INFO - [2025-02-27T03:27:11.048+0000] {dag.py:2941} INFO - Sync 1 DAGs
[2025-02-27T03:27:11.057+0000] {logging_mixin.py:151} INFO - [2025-02-27T03:27:11.057+0000] {dag.py:3722} INFO - Setting next_dagrun for extract_exchange_rates to 2025-02-27T00:00:00+00:00, run_after=2025-02-28T00:00:00+00:00
[2025-02-27T03:27:11.064+0000] {processor.py:179} INFO - Processing /opt/airflow/dags/extract_exchange_rates.py took 0.045 seconds
[2025-02-27T03:27:41.264+0000] {processor.py:157} INFO - Started process (PID=939) to work on /opt/airflow/dags/extract_exchange_rates.py
[2025-02-27T03:27:41.265+0000] {processor.py:829} INFO - Processing file /opt/airflow/dags/extract_exchange_rates.py for tasks to queue
[2025-02-27T03:27:41.266+0000] {logging_mixin.py:151} INFO - [2025-02-27T03:27:41.266+0000] {dagbag.py:536} INFO - Filling up the DagBag from /opt/airflow/dags/extract_exchange_rates.py
[2025-02-27T03:27:41.276+0000] {processor.py:839} INFO - DAG(s) dict_keys(['extract_exchange_rates']) retrieved from /opt/airflow/dags/extract_exchange_rates.py
[2025-02-27T03:27:41.288+0000] {logging_mixin.py:151} INFO - [2025-02-27T03:27:41.288+0000] {dag.py:2941} INFO - Sync 1 DAGs
[2025-02-27T03:27:41.298+0000] {logging_mixin.py:151} INFO - [2025-02-27T03:27:41.298+0000] {dag.py:3722} INFO - Setting next_dagrun for extract_exchange_rates to 2025-02-27T00:00:00+00:00, run_after=2025-02-28T00:00:00+00:00
[2025-02-27T03:27:41.304+0000] {processor.py:179} INFO - Processing /opt/airflow/dags/extract_exchange_rates.py took 0.042 seconds
[2025-02-27T03:28:11.549+0000] {processor.py:157} INFO - Started process (PID=944) to work on /opt/airflow/dags/extract_exchange_rates.py
[2025-02-27T03:28:11.550+0000] {processor.py:829} INFO - Processing file /opt/airflow/dags/extract_exchange_rates.py for tasks to queue
[2025-02-27T03:28:11.550+0000] {logging_mixin.py:151} INFO - [2025-02-27T03:28:11.550+0000] {dagbag.py:536} INFO - Filling up the DagBag from /opt/airflow/dags/extract_exchange_rates.py
[2025-02-27T03:28:11.558+0000] {processor.py:839} INFO - DAG(s) dict_keys(['extract_exchange_rates']) retrieved from /opt/airflow/dags/extract_exchange_rates.py
[2025-02-27T03:28:11.569+0000] {logging_mixin.py:151} INFO - [2025-02-27T03:28:11.569+0000] {dag.py:2941} INFO - Sync 1 DAGs
[2025-02-27T03:28:11.578+0000] {logging_mixin.py:151} INFO - [2025-02-27T03:28:11.578+0000] {dag.py:3722} INFO - Setting next_dagrun for extract_exchange_rates to 2025-02-27T00:00:00+00:00, run_after=2025-02-28T00:00:00+00:00
[2025-02-27T03:28:11.585+0000] {processor.py:179} INFO - Processing /opt/airflow/dags/extract_exchange_rates.py took 0.038 seconds
[2025-02-27T03:28:41.816+0000] {processor.py:157} INFO - Started process (PID=949) to work on /opt/airflow/dags/extract_exchange_rates.py
[2025-02-27T03:28:41.817+0000] {processor.py:829} INFO - Processing file /opt/airflow/dags/extract_exchange_rates.py for tasks to queue
[2025-02-27T03:28:41.817+0000] {logging_mixin.py:151} INFO - [2025-02-27T03:28:41.817+0000] {dagbag.py:536} INFO - Filling up the DagBag from /opt/airflow/dags/extract_exchange_rates.py
[2025-02-27T03:28:41.827+0000] {processor.py:839} INFO - DAG(s) dict_keys(['extract_exchange_rates']) retrieved from /opt/airflow/dags/extract_exchange_rates.py
[2025-02-27T03:28:41.838+0000] {logging_mixin.py:151} INFO - [2025-02-27T03:28:41.838+0000] {dag.py:2941} INFO - Sync 1 DAGs
[2025-02-27T03:28:41.849+0000] {logging_mixin.py:151} INFO - [2025-02-27T03:28:41.849+0000] {dag.py:3722} INFO - Setting next_dagrun for extract_exchange_rates to 2025-02-27T00:00:00+00:00, run_after=2025-02-28T00:00:00+00:00
[2025-02-27T03:28:41.856+0000] {processor.py:179} INFO - Processing /opt/airflow/dags/extract_exchange_rates.py took 0.042 seconds
[2025-02-27T03:29:12.033+0000] {processor.py:157} INFO - Started process (PID=954) to work on /opt/airflow/dags/extract_exchange_rates.py
[2025-02-27T03:29:12.034+0000] {processor.py:829} INFO - Processing file /opt/airflow/dags/extract_exchange_rates.py for tasks to queue
[2025-02-27T03:29:12.035+0000] {logging_mixin.py:151} INFO - [2025-02-27T03:29:12.034+0000] {dagbag.py:536} INFO - Filling up the DagBag from /opt/airflow/dags/extract_exchange_rates.py
[2025-02-27T03:29:12.042+0000] {processor.py:839} INFO - DAG(s) dict_keys(['extract_exchange_rates']) retrieved from /opt/airflow/dags/extract_exchange_rates.py
[2025-02-27T03:29:12.055+0000] {logging_mixin.py:151} INFO - [2025-02-27T03:29:12.055+0000] {dag.py:2941} INFO - Sync 1 DAGs
[2025-02-27T03:29:12.064+0000] {logging_mixin.py:151} INFO - [2025-02-27T03:29:12.064+0000] {dag.py:3722} INFO - Setting next_dagrun for extract_exchange_rates to 2025-02-27T00:00:00+00:00, run_after=2025-02-28T00:00:00+00:00
[2025-02-27T03:29:12.071+0000] {processor.py:179} INFO - Processing /opt/airflow/dags/extract_exchange_rates.py took 0.039 seconds
[2025-02-27T03:29:42.284+0000] {processor.py:157} INFO - Started process (PID=959) to work on /opt/airflow/dags/extract_exchange_rates.py
[2025-02-27T03:29:42.285+0000] {processor.py:829} INFO - Processing file /opt/airflow/dags/extract_exchange_rates.py for tasks to queue
[2025-02-27T03:29:42.285+0000] {logging_mixin.py:151} INFO - [2025-02-27T03:29:42.285+0000] {dagbag.py:536} INFO - Filling up the DagBag from /opt/airflow/dags/extract_exchange_rates.py
[2025-02-27T03:29:42.293+0000] {processor.py:839} INFO - DAG(s) dict_keys(['extract_exchange_rates']) retrieved from /opt/airflow/dags/extract_exchange_rates.py
[2025-02-27T03:29:42.306+0000] {logging_mixin.py:151} INFO - [2025-02-27T03:29:42.306+0000] {dag.py:2941} INFO - Sync 1 DAGs
[2025-02-27T03:29:42.316+0000] {logging_mixin.py:151} INFO - [2025-02-27T03:29:42.316+0000] {dag.py:3722} INFO - Setting next_dagrun for extract_exchange_rates to 2025-02-27T00:00:00+00:00, run_after=2025-02-28T00:00:00+00:00
[2025-02-27T03:29:42.323+0000] {processor.py:179} INFO - Processing /opt/airflow/dags/extract_exchange_rates.py took 0.040 seconds
[2025-02-27T03:30:12.538+0000] {processor.py:157} INFO - Started process (PID=964) to work on /opt/airflow/dags/extract_exchange_rates.py
[2025-02-27T03:30:12.539+0000] {processor.py:829} INFO - Processing file /opt/airflow/dags/extract_exchange_rates.py for tasks to queue
[2025-02-27T03:30:12.540+0000] {logging_mixin.py:151} INFO - [2025-02-27T03:30:12.539+0000] {dagbag.py:536} INFO - Filling up the DagBag from /opt/airflow/dags/extract_exchange_rates.py
[2025-02-27T03:30:12.548+0000] {processor.py:839} INFO - DAG(s) dict_keys(['extract_exchange_rates']) retrieved from /opt/airflow/dags/extract_exchange_rates.py
[2025-02-27T03:30:12.561+0000] {logging_mixin.py:151} INFO - [2025-02-27T03:30:12.561+0000] {dag.py:2941} INFO - Sync 1 DAGs
[2025-02-27T03:30:12.570+0000] {logging_mixin.py:151} INFO - [2025-02-27T03:30:12.570+0000] {dag.py:3722} INFO - Setting next_dagrun for extract_exchange_rates to 2025-02-27T00:00:00+00:00, run_after=2025-02-28T00:00:00+00:00
[2025-02-27T03:30:12.577+0000] {processor.py:179} INFO - Processing /opt/airflow/dags/extract_exchange_rates.py took 0.041 seconds
[2025-02-27T03:30:42.811+0000] {processor.py:157} INFO - Started process (PID=969) to work on /opt/airflow/dags/extract_exchange_rates.py
[2025-02-27T03:30:42.811+0000] {processor.py:829} INFO - Processing file /opt/airflow/dags/extract_exchange_rates.py for tasks to queue
[2025-02-27T03:30:42.812+0000] {logging_mixin.py:151} INFO - [2025-02-27T03:30:42.812+0000] {dagbag.py:536} INFO - Filling up the DagBag from /opt/airflow/dags/extract_exchange_rates.py
[2025-02-27T03:30:42.820+0000] {processor.py:839} INFO - DAG(s) dict_keys(['extract_exchange_rates']) retrieved from /opt/airflow/dags/extract_exchange_rates.py
[2025-02-27T03:30:42.833+0000] {logging_mixin.py:151} INFO - [2025-02-27T03:30:42.832+0000] {dag.py:2941} INFO - Sync 1 DAGs
[2025-02-27T03:30:42.842+0000] {logging_mixin.py:151} INFO - [2025-02-27T03:30:42.842+0000] {dag.py:3722} INFO - Setting next_dagrun for extract_exchange_rates to 2025-02-27T00:00:00+00:00, run_after=2025-02-28T00:00:00+00:00
[2025-02-27T03:30:42.849+0000] {processor.py:179} INFO - Processing /opt/airflow/dags/extract_exchange_rates.py took 0.040 seconds
[2025-02-27T03:31:13.067+0000] {processor.py:157} INFO - Started process (PID=974) to work on /opt/airflow/dags/extract_exchange_rates.py
[2025-02-27T03:31:13.068+0000] {processor.py:829} INFO - Processing file /opt/airflow/dags/extract_exchange_rates.py for tasks to queue
[2025-02-27T03:31:13.069+0000] {logging_mixin.py:151} INFO - [2025-02-27T03:31:13.068+0000] {dagbag.py:536} INFO - Filling up the DagBag from /opt/airflow/dags/extract_exchange_rates.py
[2025-02-27T03:31:13.078+0000] {processor.py:839} INFO - DAG(s) dict_keys(['extract_exchange_rates']) retrieved from /opt/airflow/dags/extract_exchange_rates.py
[2025-02-27T03:31:13.091+0000] {logging_mixin.py:151} INFO - [2025-02-27T03:31:13.091+0000] {dag.py:2941} INFO - Sync 1 DAGs
[2025-02-27T03:31:13.101+0000] {logging_mixin.py:151} INFO - [2025-02-27T03:31:13.101+0000] {dag.py:3722} INFO - Setting next_dagrun for extract_exchange_rates to 2025-02-27T00:00:00+00:00, run_after=2025-02-28T00:00:00+00:00
[2025-02-27T03:31:13.108+0000] {processor.py:179} INFO - Processing /opt/airflow/dags/extract_exchange_rates.py took 0.043 seconds
[2025-02-27T03:31:43.341+0000] {processor.py:157} INFO - Started process (PID=979) to work on /opt/airflow/dags/extract_exchange_rates.py
[2025-02-27T03:31:43.342+0000] {processor.py:829} INFO - Processing file /opt/airflow/dags/extract_exchange_rates.py for tasks to queue
[2025-02-27T03:31:43.342+0000] {logging_mixin.py:151} INFO - [2025-02-27T03:31:43.342+0000] {dagbag.py:536} INFO - Filling up the DagBag from /opt/airflow/dags/extract_exchange_rates.py
[2025-02-27T03:31:43.352+0000] {processor.py:839} INFO - DAG(s) dict_keys(['extract_exchange_rates']) retrieved from /opt/airflow/dags/extract_exchange_rates.py
[2025-02-27T03:31:43.363+0000] {logging_mixin.py:151} INFO - [2025-02-27T03:31:43.363+0000] {dag.py:2941} INFO - Sync 1 DAGs
[2025-02-27T03:31:43.374+0000] {logging_mixin.py:151} INFO - [2025-02-27T03:31:43.374+0000] {dag.py:3722} INFO - Setting next_dagrun for extract_exchange_rates to 2025-02-27T00:00:00+00:00, run_after=2025-02-28T00:00:00+00:00
[2025-02-27T03:31:43.381+0000] {processor.py:179} INFO - Processing /opt/airflow/dags/extract_exchange_rates.py took 0.043 seconds
[2025-02-27T03:32:13.612+0000] {processor.py:157} INFO - Started process (PID=984) to work on /opt/airflow/dags/extract_exchange_rates.py
[2025-02-27T03:32:13.612+0000] {processor.py:829} INFO - Processing file /opt/airflow/dags/extract_exchange_rates.py for tasks to queue
[2025-02-27T03:32:13.613+0000] {logging_mixin.py:151} INFO - [2025-02-27T03:32:13.613+0000] {dagbag.py:536} INFO - Filling up the DagBag from /opt/airflow/dags/extract_exchange_rates.py
[2025-02-27T03:32:13.623+0000] {processor.py:839} INFO - DAG(s) dict_keys(['extract_exchange_rates']) retrieved from /opt/airflow/dags/extract_exchange_rates.py
[2025-02-27T03:32:13.635+0000] {logging_mixin.py:151} INFO - [2025-02-27T03:32:13.635+0000] {dag.py:2941} INFO - Sync 1 DAGs
[2025-02-27T03:32:13.645+0000] {logging_mixin.py:151} INFO - [2025-02-27T03:32:13.645+0000] {dag.py:3722} INFO - Setting next_dagrun for extract_exchange_rates to 2025-02-27T00:00:00+00:00, run_after=2025-02-28T00:00:00+00:00
[2025-02-27T03:32:13.652+0000] {processor.py:179} INFO - Processing /opt/airflow/dags/extract_exchange_rates.py took 0.042 seconds
[2025-02-27T03:32:43.860+0000] {processor.py:157} INFO - Started process (PID=989) to work on /opt/airflow/dags/extract_exchange_rates.py
[2025-02-27T03:32:43.861+0000] {processor.py:829} INFO - Processing file /opt/airflow/dags/extract_exchange_rates.py for tasks to queue
[2025-02-27T03:32:43.862+0000] {logging_mixin.py:151} INFO - [2025-02-27T03:32:43.861+0000] {dagbag.py:536} INFO - Filling up the DagBag from /opt/airflow/dags/extract_exchange_rates.py
[2025-02-27T03:32:43.870+0000] {processor.py:839} INFO - DAG(s) dict_keys(['extract_exchange_rates']) retrieved from /opt/airflow/dags/extract_exchange_rates.py
[2025-02-27T03:32:43.883+0000] {logging_mixin.py:151} INFO - [2025-02-27T03:32:43.883+0000] {dag.py:2941} INFO - Sync 1 DAGs
[2025-02-27T03:32:43.892+0000] {logging_mixin.py:151} INFO - [2025-02-27T03:32:43.892+0000] {dag.py:3722} INFO - Setting next_dagrun for extract_exchange_rates to 2025-02-27T00:00:00+00:00, run_after=2025-02-28T00:00:00+00:00
[2025-02-27T03:32:43.899+0000] {processor.py:179} INFO - Processing /opt/airflow/dags/extract_exchange_rates.py took 0.041 seconds
[2025-02-27T03:33:14.106+0000] {processor.py:157} INFO - Started process (PID=994) to work on /opt/airflow/dags/extract_exchange_rates.py
[2025-02-27T03:33:14.107+0000] {processor.py:829} INFO - Processing file /opt/airflow/dags/extract_exchange_rates.py for tasks to queue
[2025-02-27T03:33:14.107+0000] {logging_mixin.py:151} INFO - [2025-02-27T03:33:14.107+0000] {dagbag.py:536} INFO - Filling up the DagBag from /opt/airflow/dags/extract_exchange_rates.py
[2025-02-27T03:33:14.116+0000] {processor.py:839} INFO - DAG(s) dict_keys(['extract_exchange_rates']) retrieved from /opt/airflow/dags/extract_exchange_rates.py
[2025-02-27T03:33:14.129+0000] {logging_mixin.py:151} INFO - [2025-02-27T03:33:14.129+0000] {dag.py:2941} INFO - Sync 1 DAGs
[2025-02-27T03:33:14.139+0000] {logging_mixin.py:151} INFO - [2025-02-27T03:33:14.139+0000] {dag.py:3722} INFO - Setting next_dagrun for extract_exchange_rates to 2025-02-27T00:00:00+00:00, run_after=2025-02-28T00:00:00+00:00
[2025-02-27T03:33:14.146+0000] {processor.py:179} INFO - Processing /opt/airflow/dags/extract_exchange_rates.py took 0.042 seconds
[2025-02-27T03:33:44.356+0000] {processor.py:157} INFO - Started process (PID=999) to work on /opt/airflow/dags/extract_exchange_rates.py
[2025-02-27T03:33:44.356+0000] {processor.py:829} INFO - Processing file /opt/airflow/dags/extract_exchange_rates.py for tasks to queue
[2025-02-27T03:33:44.357+0000] {logging_mixin.py:151} INFO - [2025-02-27T03:33:44.357+0000] {dagbag.py:536} INFO - Filling up the DagBag from /opt/airflow/dags/extract_exchange_rates.py
[2025-02-27T03:33:44.365+0000] {processor.py:839} INFO - DAG(s) dict_keys(['extract_exchange_rates']) retrieved from /opt/airflow/dags/extract_exchange_rates.py
[2025-02-27T03:33:44.379+0000] {logging_mixin.py:151} INFO - [2025-02-27T03:33:44.379+0000] {dag.py:2941} INFO - Sync 1 DAGs
[2025-02-27T03:33:44.390+0000] {logging_mixin.py:151} INFO - [2025-02-27T03:33:44.390+0000] {dag.py:3722} INFO - Setting next_dagrun for extract_exchange_rates to 2025-02-27T00:00:00+00:00, run_after=2025-02-28T00:00:00+00:00
[2025-02-27T03:33:44.396+0000] {processor.py:179} INFO - Processing /opt/airflow/dags/extract_exchange_rates.py took 0.043 seconds
[2025-02-27T03:34:14.584+0000] {processor.py:157} INFO - Started process (PID=1004) to work on /opt/airflow/dags/extract_exchange_rates.py
[2025-02-27T03:34:14.585+0000] {processor.py:829} INFO - Processing file /opt/airflow/dags/extract_exchange_rates.py for tasks to queue
[2025-02-27T03:34:14.586+0000] {logging_mixin.py:151} INFO - [2025-02-27T03:34:14.585+0000] {dagbag.py:536} INFO - Filling up the DagBag from /opt/airflow/dags/extract_exchange_rates.py
[2025-02-27T03:34:14.595+0000] {processor.py:839} INFO - DAG(s) dict_keys(['extract_exchange_rates']) retrieved from /opt/airflow/dags/extract_exchange_rates.py
[2025-02-27T03:34:14.608+0000] {logging_mixin.py:151} INFO - [2025-02-27T03:34:14.608+0000] {dag.py:2941} INFO - Sync 1 DAGs
[2025-02-27T03:34:14.619+0000] {logging_mixin.py:151} INFO - [2025-02-27T03:34:14.619+0000] {dag.py:3722} INFO - Setting next_dagrun for extract_exchange_rates to 2025-02-27T00:00:00+00:00, run_after=2025-02-28T00:00:00+00:00
[2025-02-27T03:34:14.627+0000] {processor.py:179} INFO - Processing /opt/airflow/dags/extract_exchange_rates.py took 0.045 seconds
[2025-02-27T03:34:44.809+0000] {processor.py:157} INFO - Started process (PID=1009) to work on /opt/airflow/dags/extract_exchange_rates.py
[2025-02-27T03:34:44.810+0000] {processor.py:829} INFO - Processing file /opt/airflow/dags/extract_exchange_rates.py for tasks to queue
[2025-02-27T03:34:44.811+0000] {logging_mixin.py:151} INFO - [2025-02-27T03:34:44.811+0000] {dagbag.py:536} INFO - Filling up the DagBag from /opt/airflow/dags/extract_exchange_rates.py
[2025-02-27T03:34:44.821+0000] {processor.py:839} INFO - DAG(s) dict_keys(['extract_exchange_rates']) retrieved from /opt/airflow/dags/extract_exchange_rates.py
[2025-02-27T03:34:44.836+0000] {logging_mixin.py:151} INFO - [2025-02-27T03:34:44.836+0000] {dag.py:2941} INFO - Sync 1 DAGs
[2025-02-27T03:34:44.846+0000] {logging_mixin.py:151} INFO - [2025-02-27T03:34:44.846+0000] {dag.py:3722} INFO - Setting next_dagrun for extract_exchange_rates to 2025-02-27T00:00:00+00:00, run_after=2025-02-28T00:00:00+00:00
[2025-02-27T03:34:44.852+0000] {processor.py:179} INFO - Processing /opt/airflow/dags/extract_exchange_rates.py took 0.045 seconds
[2025-02-27T03:35:15.068+0000] {processor.py:157} INFO - Started process (PID=1014) to work on /opt/airflow/dags/extract_exchange_rates.py
[2025-02-27T03:35:15.068+0000] {processor.py:829} INFO - Processing file /opt/airflow/dags/extract_exchange_rates.py for tasks to queue
[2025-02-27T03:35:15.069+0000] {logging_mixin.py:151} INFO - [2025-02-27T03:35:15.069+0000] {dagbag.py:536} INFO - Filling up the DagBag from /opt/airflow/dags/extract_exchange_rates.py
[2025-02-27T03:35:15.076+0000] {processor.py:839} INFO - DAG(s) dict_keys(['extract_exchange_rates']) retrieved from /opt/airflow/dags/extract_exchange_rates.py
[2025-02-27T03:35:15.089+0000] {logging_mixin.py:151} INFO - [2025-02-27T03:35:15.089+0000] {dag.py:2941} INFO - Sync 1 DAGs
[2025-02-27T03:35:15.098+0000] {logging_mixin.py:151} INFO - [2025-02-27T03:35:15.098+0000] {dag.py:3722} INFO - Setting next_dagrun for extract_exchange_rates to 2025-02-27T00:00:00+00:00, run_after=2025-02-28T00:00:00+00:00
[2025-02-27T03:35:15.105+0000] {processor.py:179} INFO - Processing /opt/airflow/dags/extract_exchange_rates.py took 0.039 seconds
[2025-02-27T03:35:45.346+0000] {processor.py:157} INFO - Started process (PID=1019) to work on /opt/airflow/dags/extract_exchange_rates.py
[2025-02-27T03:35:45.346+0000] {processor.py:829} INFO - Processing file /opt/airflow/dags/extract_exchange_rates.py for tasks to queue
[2025-02-27T03:35:45.347+0000] {logging_mixin.py:151} INFO - [2025-02-27T03:35:45.347+0000] {dagbag.py:536} INFO - Filling up the DagBag from /opt/airflow/dags/extract_exchange_rates.py
[2025-02-27T03:35:45.355+0000] {processor.py:839} INFO - DAG(s) dict_keys(['extract_exchange_rates']) retrieved from /opt/airflow/dags/extract_exchange_rates.py
[2025-02-27T03:35:45.369+0000] {logging_mixin.py:151} INFO - [2025-02-27T03:35:45.369+0000] {dag.py:2941} INFO - Sync 1 DAGs
[2025-02-27T03:35:45.378+0000] {logging_mixin.py:151} INFO - [2025-02-27T03:35:45.378+0000] {dag.py:3722} INFO - Setting next_dagrun for extract_exchange_rates to 2025-02-27T00:00:00+00:00, run_after=2025-02-28T00:00:00+00:00
[2025-02-27T03:35:45.385+0000] {processor.py:179} INFO - Processing /opt/airflow/dags/extract_exchange_rates.py took 0.042 seconds
[2025-02-27T03:36:15.609+0000] {processor.py:157} INFO - Started process (PID=1024) to work on /opt/airflow/dags/extract_exchange_rates.py
[2025-02-27T03:36:15.610+0000] {processor.py:829} INFO - Processing file /opt/airflow/dags/extract_exchange_rates.py for tasks to queue
[2025-02-27T03:36:15.610+0000] {logging_mixin.py:151} INFO - [2025-02-27T03:36:15.610+0000] {dagbag.py:536} INFO - Filling up the DagBag from /opt/airflow/dags/extract_exchange_rates.py
[2025-02-27T03:36:15.618+0000] {processor.py:839} INFO - DAG(s) dict_keys(['extract_exchange_rates']) retrieved from /opt/airflow/dags/extract_exchange_rates.py
[2025-02-27T03:36:15.630+0000] {logging_mixin.py:151} INFO - [2025-02-27T03:36:15.630+0000] {dag.py:2941} INFO - Sync 1 DAGs
[2025-02-27T03:36:15.639+0000] {logging_mixin.py:151} INFO - [2025-02-27T03:36:15.639+0000] {dag.py:3722} INFO - Setting next_dagrun for extract_exchange_rates to 2025-02-27T00:00:00+00:00, run_after=2025-02-28T00:00:00+00:00
[2025-02-27T03:36:15.645+0000] {processor.py:179} INFO - Processing /opt/airflow/dags/extract_exchange_rates.py took 0.038 seconds
[2025-02-27T03:36:45.877+0000] {processor.py:157} INFO - Started process (PID=1029) to work on /opt/airflow/dags/extract_exchange_rates.py
[2025-02-27T03:36:45.878+0000] {processor.py:829} INFO - Processing file /opt/airflow/dags/extract_exchange_rates.py for tasks to queue
[2025-02-27T03:36:45.878+0000] {logging_mixin.py:151} INFO - [2025-02-27T03:36:45.878+0000] {dagbag.py:536} INFO - Filling up the DagBag from /opt/airflow/dags/extract_exchange_rates.py
[2025-02-27T03:36:45.888+0000] {processor.py:839} INFO - DAG(s) dict_keys(['extract_exchange_rates']) retrieved from /opt/airflow/dags/extract_exchange_rates.py
[2025-02-27T03:36:45.901+0000] {logging_mixin.py:151} INFO - [2025-02-27T03:36:45.901+0000] {dag.py:2941} INFO - Sync 1 DAGs
[2025-02-27T03:36:45.911+0000] {logging_mixin.py:151} INFO - [2025-02-27T03:36:45.911+0000] {dag.py:3722} INFO - Setting next_dagrun for extract_exchange_rates to 2025-02-27T00:00:00+00:00, run_after=2025-02-28T00:00:00+00:00
[2025-02-27T03:36:45.918+0000] {processor.py:179} INFO - Processing /opt/airflow/dags/extract_exchange_rates.py took 0.043 seconds
[2025-02-27T03:37:16.137+0000] {processor.py:157} INFO - Started process (PID=1034) to work on /opt/airflow/dags/extract_exchange_rates.py
[2025-02-27T03:37:16.138+0000] {processor.py:829} INFO - Processing file /opt/airflow/dags/extract_exchange_rates.py for tasks to queue
[2025-02-27T03:37:16.138+0000] {logging_mixin.py:151} INFO - [2025-02-27T03:37:16.138+0000] {dagbag.py:536} INFO - Filling up the DagBag from /opt/airflow/dags/extract_exchange_rates.py
[2025-02-27T03:37:16.147+0000] {processor.py:839} INFO - DAG(s) dict_keys(['extract_exchange_rates']) retrieved from /opt/airflow/dags/extract_exchange_rates.py
[2025-02-27T03:37:16.160+0000] {logging_mixin.py:151} INFO - [2025-02-27T03:37:16.160+0000] {dag.py:2941} INFO - Sync 1 DAGs
[2025-02-27T03:37:16.170+0000] {logging_mixin.py:151} INFO - [2025-02-27T03:37:16.170+0000] {dag.py:3722} INFO - Setting next_dagrun for extract_exchange_rates to 2025-02-27T00:00:00+00:00, run_after=2025-02-28T00:00:00+00:00
[2025-02-27T03:37:16.177+0000] {processor.py:179} INFO - Processing /opt/airflow/dags/extract_exchange_rates.py took 0.043 seconds
[2025-02-27T03:37:46.396+0000] {processor.py:157} INFO - Started process (PID=1039) to work on /opt/airflow/dags/extract_exchange_rates.py
[2025-02-27T03:37:46.397+0000] {processor.py:829} INFO - Processing file /opt/airflow/dags/extract_exchange_rates.py for tasks to queue
[2025-02-27T03:37:46.397+0000] {logging_mixin.py:151} INFO - [2025-02-27T03:37:46.397+0000] {dagbag.py:536} INFO - Filling up the DagBag from /opt/airflow/dags/extract_exchange_rates.py
[2025-02-27T03:37:46.405+0000] {processor.py:839} INFO - DAG(s) dict_keys(['extract_exchange_rates']) retrieved from /opt/airflow/dags/extract_exchange_rates.py
[2025-02-27T03:37:46.418+0000] {logging_mixin.py:151} INFO - [2025-02-27T03:37:46.418+0000] {dag.py:2941} INFO - Sync 1 DAGs
[2025-02-27T03:37:46.428+0000] {logging_mixin.py:151} INFO - [2025-02-27T03:37:46.428+0000] {dag.py:3722} INFO - Setting next_dagrun for extract_exchange_rates to 2025-02-27T00:00:00+00:00, run_after=2025-02-28T00:00:00+00:00
[2025-02-27T03:37:46.435+0000] {processor.py:179} INFO - Processing /opt/airflow/dags/extract_exchange_rates.py took 0.041 seconds
[2025-02-27T10:11:00.738+0000] {processor.py:157} INFO - Started process (PID=176) to work on /opt/airflow/dags/extract_exchange_rates.py
[2025-02-27T10:11:00.741+0000] {processor.py:829} INFO - Processing file /opt/airflow/dags/extract_exchange_rates.py for tasks to queue
[2025-02-27T10:11:00.741+0000] {logging_mixin.py:151} INFO - [2025-02-27T10:11:00.741+0000] {dagbag.py:536} INFO - Filling up the DagBag from /opt/airflow/dags/extract_exchange_rates.py
[2025-02-27T10:11:00.747+0000] {processor.py:839} INFO - DAG(s) dict_keys(['extract_exchange_rates']) retrieved from /opt/airflow/dags/extract_exchange_rates.py
[2025-02-27T10:11:00.758+0000] {logging_mixin.py:151} INFO - [2025-02-27T10:11:00.758+0000] {dag.py:2941} INFO - Sync 1 DAGs
[2025-02-27T10:11:00.767+0000] {logging_mixin.py:151} INFO - [2025-02-27T10:11:00.767+0000] {dag.py:3722} INFO - Setting next_dagrun for extract_exchange_rates to 2025-02-27T00:00:00+00:00, run_after=2025-02-28T00:00:00+00:00
[2025-02-27T10:11:00.774+0000] {processor.py:179} INFO - Processing /opt/airflow/dags/extract_exchange_rates.py took 0.037 seconds
