[2025-04-07T23:12:12.322+0000] {processor.py:157} INFO - Started process (PID=174) to work on /opt/airflow/dags/extract_exchange_rates.py
[2025-04-07T23:12:12.323+0000] {processor.py:829} INFO - Processing file /opt/airflow/dags/extract_exchange_rates.py for tasks to queue
[2025-04-07T23:12:12.323+0000] {logging_mixin.py:151} INFO - [2025-04-07T23:12:12.323+0000] {dagbag.py:536} INFO - Filling up the DagBag from /opt/airflow/dags/extract_exchange_rates.py
[2025-04-07T23:12:12.334+0000] {processor.py:839} INFO - DAG(s) dict_keys(['extract_exchange_rates']) retrieved from /opt/airflow/dags/extract_exchange_rates.py
[2025-04-07T23:12:12.349+0000] {logging_mixin.py:151} INFO - [2025-04-07T23:12:12.348+0000] {dag.py:2941} INFO - Sync 1 DAGs
[2025-04-07T23:12:12.361+0000] {logging_mixin.py:151} INFO - [2025-04-07T23:12:12.361+0000] {dag.py:3722} INFO - Setting next_dagrun for extract_exchange_rates to 2025-04-07T00:00:00+00:00, run_after=2025-04-08T00:00:00+00:00
[2025-04-07T23:12:12.373+0000] {processor.py:179} INFO - Processing /opt/airflow/dags/extract_exchange_rates.py took 0.053 seconds
[2025-04-07T23:12:42.515+0000] {processor.py:157} INFO - Started process (PID=212) to work on /opt/airflow/dags/extract_exchange_rates.py
[2025-04-07T23:12:42.515+0000] {processor.py:829} INFO - Processing file /opt/airflow/dags/extract_exchange_rates.py for tasks to queue
[2025-04-07T23:12:42.516+0000] {logging_mixin.py:151} INFO - [2025-04-07T23:12:42.516+0000] {dagbag.py:536} INFO - Filling up the DagBag from /opt/airflow/dags/extract_exchange_rates.py
[2025-04-07T23:12:42.525+0000] {processor.py:839} INFO - DAG(s) dict_keys(['extract_exchange_rates']) retrieved from /opt/airflow/dags/extract_exchange_rates.py
[2025-04-07T23:12:42.537+0000] {logging_mixin.py:151} INFO - [2025-04-07T23:12:42.537+0000] {dag.py:2941} INFO - Sync 1 DAGs
[2025-04-07T23:12:42.548+0000] {logging_mixin.py:151} INFO - [2025-04-07T23:12:42.547+0000] {dag.py:3722} INFO - Setting next_dagrun for extract_exchange_rates to 2025-04-07T00:00:00+00:00, run_after=2025-04-08T00:00:00+00:00
[2025-04-07T23:12:42.555+0000] {processor.py:179} INFO - Processing /opt/airflow/dags/extract_exchange_rates.py took 0.042 seconds
[2025-04-07T23:13:12.720+0000] {processor.py:157} INFO - Started process (PID=217) to work on /opt/airflow/dags/extract_exchange_rates.py
[2025-04-07T23:13:12.720+0000] {processor.py:829} INFO - Processing file /opt/airflow/dags/extract_exchange_rates.py for tasks to queue
[2025-04-07T23:13:12.720+0000] {logging_mixin.py:151} INFO - [2025-04-07T23:13:12.720+0000] {dagbag.py:536} INFO - Filling up the DagBag from /opt/airflow/dags/extract_exchange_rates.py
[2025-04-07T23:13:12.728+0000] {processor.py:839} INFO - DAG(s) dict_keys(['extract_exchange_rates']) retrieved from /opt/airflow/dags/extract_exchange_rates.py
[2025-04-07T23:13:12.740+0000] {logging_mixin.py:151} INFO - [2025-04-07T23:13:12.740+0000] {dag.py:2941} INFO - Sync 1 DAGs
[2025-04-07T23:13:12.749+0000] {logging_mixin.py:151} INFO - [2025-04-07T23:13:12.748+0000] {dag.py:3722} INFO - Setting next_dagrun for extract_exchange_rates to 2025-04-07T00:00:00+00:00, run_after=2025-04-08T00:00:00+00:00
[2025-04-07T23:13:12.755+0000] {processor.py:179} INFO - Processing /opt/airflow/dags/extract_exchange_rates.py took 0.037 seconds
[2025-04-07T23:13:42.959+0000] {processor.py:157} INFO - Started process (PID=222) to work on /opt/airflow/dags/extract_exchange_rates.py
[2025-04-07T23:13:42.960+0000] {processor.py:829} INFO - Processing file /opt/airflow/dags/extract_exchange_rates.py for tasks to queue
[2025-04-07T23:13:42.961+0000] {logging_mixin.py:151} INFO - [2025-04-07T23:13:42.961+0000] {dagbag.py:536} INFO - Filling up the DagBag from /opt/airflow/dags/extract_exchange_rates.py
[2025-04-07T23:13:42.971+0000] {processor.py:839} INFO - DAG(s) dict_keys(['extract_exchange_rates']) retrieved from /opt/airflow/dags/extract_exchange_rates.py
[2025-04-07T23:13:42.983+0000] {logging_mixin.py:151} INFO - [2025-04-07T23:13:42.983+0000] {dag.py:2941} INFO - Sync 1 DAGs
[2025-04-07T23:13:42.993+0000] {logging_mixin.py:151} INFO - [2025-04-07T23:13:42.993+0000] {dag.py:3722} INFO - Setting next_dagrun for extract_exchange_rates to 2025-04-07T00:00:00+00:00, run_after=2025-04-08T00:00:00+00:00
[2025-04-07T23:13:43.000+0000] {processor.py:179} INFO - Processing /opt/airflow/dags/extract_exchange_rates.py took 0.043 seconds
[2025-04-07T23:14:13.211+0000] {processor.py:157} INFO - Started process (PID=227) to work on /opt/airflow/dags/extract_exchange_rates.py
[2025-04-07T23:14:13.212+0000] {processor.py:829} INFO - Processing file /opt/airflow/dags/extract_exchange_rates.py for tasks to queue
[2025-04-07T23:14:13.213+0000] {logging_mixin.py:151} INFO - [2025-04-07T23:14:13.213+0000] {dagbag.py:536} INFO - Filling up the DagBag from /opt/airflow/dags/extract_exchange_rates.py
[2025-04-07T23:14:13.223+0000] {processor.py:839} INFO - DAG(s) dict_keys(['extract_exchange_rates']) retrieved from /opt/airflow/dags/extract_exchange_rates.py
[2025-04-07T23:14:13.236+0000] {logging_mixin.py:151} INFO - [2025-04-07T23:14:13.236+0000] {dag.py:2941} INFO - Sync 1 DAGs
[2025-04-07T23:14:13.245+0000] {logging_mixin.py:151} INFO - [2025-04-07T23:14:13.245+0000] {dag.py:3722} INFO - Setting next_dagrun for extract_exchange_rates to 2025-04-07T00:00:00+00:00, run_after=2025-04-08T00:00:00+00:00
[2025-04-07T23:14:13.253+0000] {processor.py:179} INFO - Processing /opt/airflow/dags/extract_exchange_rates.py took 0.045 seconds
[2025-04-07T23:14:43.467+0000] {processor.py:157} INFO - Started process (PID=232) to work on /opt/airflow/dags/extract_exchange_rates.py
[2025-04-07T23:14:43.467+0000] {processor.py:829} INFO - Processing file /opt/airflow/dags/extract_exchange_rates.py for tasks to queue
[2025-04-07T23:14:43.468+0000] {logging_mixin.py:151} INFO - [2025-04-07T23:14:43.468+0000] {dagbag.py:536} INFO - Filling up the DagBag from /opt/airflow/dags/extract_exchange_rates.py
[2025-04-07T23:14:43.479+0000] {processor.py:839} INFO - DAG(s) dict_keys(['extract_exchange_rates']) retrieved from /opt/airflow/dags/extract_exchange_rates.py
[2025-04-07T23:14:43.494+0000] {logging_mixin.py:151} INFO - [2025-04-07T23:14:43.494+0000] {dag.py:2941} INFO - Sync 1 DAGs
[2025-04-07T23:14:43.503+0000] {logging_mixin.py:151} INFO - [2025-04-07T23:14:43.503+0000] {dag.py:3722} INFO - Setting next_dagrun for extract_exchange_rates to 2025-04-07T00:00:00+00:00, run_after=2025-04-08T00:00:00+00:00
[2025-04-07T23:14:43.511+0000] {processor.py:179} INFO - Processing /opt/airflow/dags/extract_exchange_rates.py took 0.046 seconds
[2025-04-07T23:15:13.722+0000] {processor.py:157} INFO - Started process (PID=237) to work on /opt/airflow/dags/extract_exchange_rates.py
[2025-04-07T23:15:13.723+0000] {processor.py:829} INFO - Processing file /opt/airflow/dags/extract_exchange_rates.py for tasks to queue
[2025-04-07T23:15:13.724+0000] {logging_mixin.py:151} INFO - [2025-04-07T23:15:13.723+0000] {dagbag.py:536} INFO - Filling up the DagBag from /opt/airflow/dags/extract_exchange_rates.py
[2025-04-07T23:15:13.734+0000] {processor.py:839} INFO - DAG(s) dict_keys(['extract_exchange_rates']) retrieved from /opt/airflow/dags/extract_exchange_rates.py
[2025-04-07T23:15:13.747+0000] {logging_mixin.py:151} INFO - [2025-04-07T23:15:13.747+0000] {dag.py:2941} INFO - Sync 1 DAGs
[2025-04-07T23:15:13.757+0000] {logging_mixin.py:151} INFO - [2025-04-07T23:15:13.757+0000] {dag.py:3722} INFO - Setting next_dagrun for extract_exchange_rates to 2025-04-07T00:00:00+00:00, run_after=2025-04-08T00:00:00+00:00
[2025-04-07T23:15:13.764+0000] {processor.py:179} INFO - Processing /opt/airflow/dags/extract_exchange_rates.py took 0.045 seconds
[2025-04-07T23:15:43.961+0000] {processor.py:157} INFO - Started process (PID=242) to work on /opt/airflow/dags/extract_exchange_rates.py
[2025-04-07T23:15:43.961+0000] {processor.py:829} INFO - Processing file /opt/airflow/dags/extract_exchange_rates.py for tasks to queue
[2025-04-07T23:15:43.962+0000] {logging_mixin.py:151} INFO - [2025-04-07T23:15:43.962+0000] {dagbag.py:536} INFO - Filling up the DagBag from /opt/airflow/dags/extract_exchange_rates.py
[2025-04-07T23:15:43.971+0000] {processor.py:839} INFO - DAG(s) dict_keys(['extract_exchange_rates']) retrieved from /opt/airflow/dags/extract_exchange_rates.py
[2025-04-07T23:15:43.985+0000] {logging_mixin.py:151} INFO - [2025-04-07T23:15:43.985+0000] {dag.py:2941} INFO - Sync 1 DAGs
[2025-04-07T23:15:43.995+0000] {logging_mixin.py:151} INFO - [2025-04-07T23:15:43.995+0000] {dag.py:3722} INFO - Setting next_dagrun for extract_exchange_rates to 2025-04-07T00:00:00+00:00, run_after=2025-04-08T00:00:00+00:00
[2025-04-07T23:15:44.002+0000] {processor.py:179} INFO - Processing /opt/airflow/dags/extract_exchange_rates.py took 0.044 seconds
[2025-04-07T23:16:14.210+0000] {processor.py:157} INFO - Started process (PID=247) to work on /opt/airflow/dags/extract_exchange_rates.py
[2025-04-07T23:16:14.211+0000] {processor.py:829} INFO - Processing file /opt/airflow/dags/extract_exchange_rates.py for tasks to queue
[2025-04-07T23:16:14.212+0000] {logging_mixin.py:151} INFO - [2025-04-07T23:16:14.212+0000] {dagbag.py:536} INFO - Filling up the DagBag from /opt/airflow/dags/extract_exchange_rates.py
[2025-04-07T23:16:14.222+0000] {processor.py:839} INFO - DAG(s) dict_keys(['extract_exchange_rates']) retrieved from /opt/airflow/dags/extract_exchange_rates.py
[2025-04-07T23:16:14.234+0000] {logging_mixin.py:151} INFO - [2025-04-07T23:16:14.234+0000] {dag.py:2941} INFO - Sync 1 DAGs
[2025-04-07T23:16:14.244+0000] {logging_mixin.py:151} INFO - [2025-04-07T23:16:14.244+0000] {dag.py:3722} INFO - Setting next_dagrun for extract_exchange_rates to 2025-04-07T00:00:00+00:00, run_after=2025-04-08T00:00:00+00:00
[2025-04-07T23:16:14.251+0000] {processor.py:179} INFO - Processing /opt/airflow/dags/extract_exchange_rates.py took 0.043 seconds
[2025-04-07T23:16:44.468+0000] {processor.py:157} INFO - Started process (PID=252) to work on /opt/airflow/dags/extract_exchange_rates.py
[2025-04-07T23:16:44.469+0000] {processor.py:829} INFO - Processing file /opt/airflow/dags/extract_exchange_rates.py for tasks to queue
[2025-04-07T23:16:44.470+0000] {logging_mixin.py:151} INFO - [2025-04-07T23:16:44.470+0000] {dagbag.py:536} INFO - Filling up the DagBag from /opt/airflow/dags/extract_exchange_rates.py
[2025-04-07T23:16:44.481+0000] {processor.py:839} INFO - DAG(s) dict_keys(['extract_exchange_rates']) retrieved from /opt/airflow/dags/extract_exchange_rates.py
[2025-04-07T23:16:44.496+0000] {logging_mixin.py:151} INFO - [2025-04-07T23:16:44.496+0000] {dag.py:2941} INFO - Sync 1 DAGs
[2025-04-07T23:16:44.506+0000] {logging_mixin.py:151} INFO - [2025-04-07T23:16:44.506+0000] {dag.py:3722} INFO - Setting next_dagrun for extract_exchange_rates to 2025-04-07T00:00:00+00:00, run_after=2025-04-08T00:00:00+00:00
[2025-04-07T23:16:44.512+0000] {processor.py:179} INFO - Processing /opt/airflow/dags/extract_exchange_rates.py took 0.046 seconds
[2025-04-07T23:17:14.710+0000] {processor.py:157} INFO - Started process (PID=257) to work on /opt/airflow/dags/extract_exchange_rates.py
[2025-04-07T23:17:14.710+0000] {processor.py:829} INFO - Processing file /opt/airflow/dags/extract_exchange_rates.py for tasks to queue
[2025-04-07T23:17:14.711+0000] {logging_mixin.py:151} INFO - [2025-04-07T23:17:14.710+0000] {dagbag.py:536} INFO - Filling up the DagBag from /opt/airflow/dags/extract_exchange_rates.py
[2025-04-07T23:17:14.719+0000] {processor.py:839} INFO - DAG(s) dict_keys(['extract_exchange_rates']) retrieved from /opt/airflow/dags/extract_exchange_rates.py
[2025-04-07T23:17:14.730+0000] {logging_mixin.py:151} INFO - [2025-04-07T23:17:14.730+0000] {dag.py:2941} INFO - Sync 1 DAGs
[2025-04-07T23:17:14.740+0000] {logging_mixin.py:151} INFO - [2025-04-07T23:17:14.740+0000] {dag.py:3722} INFO - Setting next_dagrun for extract_exchange_rates to 2025-04-07T00:00:00+00:00, run_after=2025-04-08T00:00:00+00:00
[2025-04-07T23:17:14.747+0000] {processor.py:179} INFO - Processing /opt/airflow/dags/extract_exchange_rates.py took 0.039 seconds
[2025-04-07T23:17:44.933+0000] {processor.py:157} INFO - Started process (PID=264) to work on /opt/airflow/dags/extract_exchange_rates.py
[2025-04-07T23:17:44.934+0000] {processor.py:829} INFO - Processing file /opt/airflow/dags/extract_exchange_rates.py for tasks to queue
[2025-04-07T23:17:44.934+0000] {logging_mixin.py:151} INFO - [2025-04-07T23:17:44.934+0000] {dagbag.py:536} INFO - Filling up the DagBag from /opt/airflow/dags/extract_exchange_rates.py
[2025-04-07T23:17:44.944+0000] {processor.py:839} INFO - DAG(s) dict_keys(['extract_exchange_rates']) retrieved from /opt/airflow/dags/extract_exchange_rates.py
[2025-04-07T23:17:44.957+0000] {logging_mixin.py:151} INFO - [2025-04-07T23:17:44.957+0000] {dag.py:2941} INFO - Sync 1 DAGs
[2025-04-07T23:17:44.967+0000] {logging_mixin.py:151} INFO - [2025-04-07T23:17:44.967+0000] {dag.py:3722} INFO - Setting next_dagrun for extract_exchange_rates to 2025-04-07T00:00:00+00:00, run_after=2025-04-08T00:00:00+00:00
[2025-04-07T23:17:44.974+0000] {processor.py:179} INFO - Processing /opt/airflow/dags/extract_exchange_rates.py took 0.044 seconds
[2025-04-07T23:18:15.486+0000] {processor.py:157} INFO - Started process (PID=269) to work on /opt/airflow/dags/extract_exchange_rates.py
[2025-04-07T23:18:15.487+0000] {processor.py:829} INFO - Processing file /opt/airflow/dags/extract_exchange_rates.py for tasks to queue
[2025-04-07T23:18:15.487+0000] {logging_mixin.py:151} INFO - [2025-04-07T23:18:15.487+0000] {dagbag.py:536} INFO - Filling up the DagBag from /opt/airflow/dags/extract_exchange_rates.py
[2025-04-07T23:18:15.500+0000] {processor.py:839} INFO - DAG(s) dict_keys(['extract_exchange_rates']) retrieved from /opt/airflow/dags/extract_exchange_rates.py
[2025-04-07T23:18:15.518+0000] {logging_mixin.py:151} INFO - [2025-04-07T23:18:15.518+0000] {dag.py:2941} INFO - Sync 1 DAGs
[2025-04-07T23:18:15.531+0000] {logging_mixin.py:151} INFO - [2025-04-07T23:18:15.531+0000] {dag.py:3722} INFO - Setting next_dagrun for extract_exchange_rates to 2025-04-07T00:00:00+00:00, run_after=2025-04-08T00:00:00+00:00
[2025-04-07T23:18:15.539+0000] {processor.py:179} INFO - Processing /opt/airflow/dags/extract_exchange_rates.py took 0.056 seconds
[2025-04-07T23:18:45.703+0000] {processor.py:157} INFO - Started process (PID=274) to work on /opt/airflow/dags/extract_exchange_rates.py
[2025-04-07T23:18:45.704+0000] {processor.py:829} INFO - Processing file /opt/airflow/dags/extract_exchange_rates.py for tasks to queue
[2025-04-07T23:18:45.704+0000] {logging_mixin.py:151} INFO - [2025-04-07T23:18:45.704+0000] {dagbag.py:536} INFO - Filling up the DagBag from /opt/airflow/dags/extract_exchange_rates.py
[2025-04-07T23:18:45.715+0000] {processor.py:839} INFO - DAG(s) dict_keys(['extract_exchange_rates']) retrieved from /opt/airflow/dags/extract_exchange_rates.py
[2025-04-07T23:18:45.731+0000] {logging_mixin.py:151} INFO - [2025-04-07T23:18:45.731+0000] {dag.py:2941} INFO - Sync 1 DAGs
[2025-04-07T23:18:45.741+0000] {logging_mixin.py:151} INFO - [2025-04-07T23:18:45.741+0000] {dag.py:3722} INFO - Setting next_dagrun for extract_exchange_rates to 2025-04-07T00:00:00+00:00, run_after=2025-04-08T00:00:00+00:00
[2025-04-07T23:18:45.749+0000] {processor.py:179} INFO - Processing /opt/airflow/dags/extract_exchange_rates.py took 0.049 seconds
[2025-04-07T23:19:15.938+0000] {processor.py:157} INFO - Started process (PID=279) to work on /opt/airflow/dags/extract_exchange_rates.py
[2025-04-07T23:19:15.939+0000] {processor.py:829} INFO - Processing file /opt/airflow/dags/extract_exchange_rates.py for tasks to queue
[2025-04-07T23:19:15.940+0000] {logging_mixin.py:151} INFO - [2025-04-07T23:19:15.939+0000] {dagbag.py:536} INFO - Filling up the DagBag from /opt/airflow/dags/extract_exchange_rates.py
[2025-04-07T23:19:15.950+0000] {processor.py:839} INFO - DAG(s) dict_keys(['extract_exchange_rates']) retrieved from /opt/airflow/dags/extract_exchange_rates.py
[2025-04-07T23:19:15.964+0000] {logging_mixin.py:151} INFO - [2025-04-07T23:19:15.964+0000] {dag.py:2941} INFO - Sync 1 DAGs
[2025-04-07T23:19:15.974+0000] {logging_mixin.py:151} INFO - [2025-04-07T23:19:15.973+0000] {dag.py:3722} INFO - Setting next_dagrun for extract_exchange_rates to 2025-04-07T00:00:00+00:00, run_after=2025-04-08T00:00:00+00:00
[2025-04-07T23:19:15.981+0000] {processor.py:179} INFO - Processing /opt/airflow/dags/extract_exchange_rates.py took 0.045 seconds
[2025-04-07T23:19:46.185+0000] {processor.py:157} INFO - Started process (PID=284) to work on /opt/airflow/dags/extract_exchange_rates.py
[2025-04-07T23:19:46.186+0000] {processor.py:829} INFO - Processing file /opt/airflow/dags/extract_exchange_rates.py for tasks to queue
[2025-04-07T23:19:46.186+0000] {logging_mixin.py:151} INFO - [2025-04-07T23:19:46.186+0000] {dagbag.py:536} INFO - Filling up the DagBag from /opt/airflow/dags/extract_exchange_rates.py
[2025-04-07T23:19:46.197+0000] {processor.py:839} INFO - DAG(s) dict_keys(['extract_exchange_rates']) retrieved from /opt/airflow/dags/extract_exchange_rates.py
[2025-04-07T23:19:46.212+0000] {logging_mixin.py:151} INFO - [2025-04-07T23:19:46.212+0000] {dag.py:2941} INFO - Sync 1 DAGs
[2025-04-07T23:19:46.222+0000] {logging_mixin.py:151} INFO - [2025-04-07T23:19:46.222+0000] {dag.py:3722} INFO - Setting next_dagrun for extract_exchange_rates to 2025-04-07T00:00:00+00:00, run_after=2025-04-08T00:00:00+00:00
[2025-04-07T23:19:46.229+0000] {processor.py:179} INFO - Processing /opt/airflow/dags/extract_exchange_rates.py took 0.047 seconds
[2025-04-07T23:20:16.406+0000] {processor.py:157} INFO - Started process (PID=289) to work on /opt/airflow/dags/extract_exchange_rates.py
[2025-04-07T23:20:16.406+0000] {processor.py:829} INFO - Processing file /opt/airflow/dags/extract_exchange_rates.py for tasks to queue
[2025-04-07T23:20:16.407+0000] {logging_mixin.py:151} INFO - [2025-04-07T23:20:16.407+0000] {dagbag.py:536} INFO - Filling up the DagBag from /opt/airflow/dags/extract_exchange_rates.py
[2025-04-07T23:20:16.417+0000] {processor.py:839} INFO - DAG(s) dict_keys(['extract_exchange_rates']) retrieved from /opt/airflow/dags/extract_exchange_rates.py
[2025-04-07T23:20:16.432+0000] {logging_mixin.py:151} INFO - [2025-04-07T23:20:16.432+0000] {dag.py:2941} INFO - Sync 1 DAGs
[2025-04-07T23:20:16.443+0000] {logging_mixin.py:151} INFO - [2025-04-07T23:20:16.443+0000] {dag.py:3722} INFO - Setting next_dagrun for extract_exchange_rates to 2025-04-07T00:00:00+00:00, run_after=2025-04-08T00:00:00+00:00
[2025-04-07T23:20:16.451+0000] {processor.py:179} INFO - Processing /opt/airflow/dags/extract_exchange_rates.py took 0.048 seconds
[2025-04-07T23:20:46.630+0000] {processor.py:157} INFO - Started process (PID=294) to work on /opt/airflow/dags/extract_exchange_rates.py
[2025-04-07T23:20:46.630+0000] {processor.py:829} INFO - Processing file /opt/airflow/dags/extract_exchange_rates.py for tasks to queue
[2025-04-07T23:20:46.631+0000] {logging_mixin.py:151} INFO - [2025-04-07T23:20:46.630+0000] {dagbag.py:536} INFO - Filling up the DagBag from /opt/airflow/dags/extract_exchange_rates.py
[2025-04-07T23:20:46.639+0000] {processor.py:839} INFO - DAG(s) dict_keys(['extract_exchange_rates']) retrieved from /opt/airflow/dags/extract_exchange_rates.py
[2025-04-07T23:20:46.651+0000] {logging_mixin.py:151} INFO - [2025-04-07T23:20:46.650+0000] {dag.py:2941} INFO - Sync 1 DAGs
[2025-04-07T23:20:46.661+0000] {logging_mixin.py:151} INFO - [2025-04-07T23:20:46.661+0000] {dag.py:3722} INFO - Setting next_dagrun for extract_exchange_rates to 2025-04-07T00:00:00+00:00, run_after=2025-04-08T00:00:00+00:00
[2025-04-07T23:20:46.667+0000] {processor.py:179} INFO - Processing /opt/airflow/dags/extract_exchange_rates.py took 0.039 seconds
[2025-04-07T23:21:16.846+0000] {processor.py:157} INFO - Started process (PID=299) to work on /opt/airflow/dags/extract_exchange_rates.py
[2025-04-07T23:21:16.847+0000] {processor.py:829} INFO - Processing file /opt/airflow/dags/extract_exchange_rates.py for tasks to queue
[2025-04-07T23:21:16.848+0000] {logging_mixin.py:151} INFO - [2025-04-07T23:21:16.848+0000] {dagbag.py:536} INFO - Filling up the DagBag from /opt/airflow/dags/extract_exchange_rates.py
[2025-04-07T23:21:16.859+0000] {processor.py:839} INFO - DAG(s) dict_keys(['extract_exchange_rates']) retrieved from /opt/airflow/dags/extract_exchange_rates.py
[2025-04-07T23:21:16.875+0000] {logging_mixin.py:151} INFO - [2025-04-07T23:21:16.875+0000] {dag.py:2941} INFO - Sync 1 DAGs
[2025-04-07T23:21:16.886+0000] {logging_mixin.py:151} INFO - [2025-04-07T23:21:16.886+0000] {dag.py:3722} INFO - Setting next_dagrun for extract_exchange_rates to 2025-04-07T00:00:00+00:00, run_after=2025-04-08T00:00:00+00:00
[2025-04-07T23:21:16.893+0000] {processor.py:179} INFO - Processing /opt/airflow/dags/extract_exchange_rates.py took 0.050 seconds
[2025-04-07T23:21:47.038+0000] {processor.py:157} INFO - Started process (PID=304) to work on /opt/airflow/dags/extract_exchange_rates.py
[2025-04-07T23:21:47.040+0000] {processor.py:829} INFO - Processing file /opt/airflow/dags/extract_exchange_rates.py for tasks to queue
[2025-04-07T23:21:47.041+0000] {logging_mixin.py:151} INFO - [2025-04-07T23:21:47.040+0000] {dagbag.py:536} INFO - Filling up the DagBag from /opt/airflow/dags/extract_exchange_rates.py
[2025-04-07T23:21:47.052+0000] {processor.py:839} INFO - DAG(s) dict_keys(['extract_exchange_rates']) retrieved from /opt/airflow/dags/extract_exchange_rates.py
[2025-04-07T23:21:47.068+0000] {logging_mixin.py:151} INFO - [2025-04-07T23:21:47.068+0000] {dag.py:2941} INFO - Sync 1 DAGs
[2025-04-07T23:21:47.078+0000] {logging_mixin.py:151} INFO - [2025-04-07T23:21:47.078+0000] {dag.py:3722} INFO - Setting next_dagrun for extract_exchange_rates to 2025-04-07T00:00:00+00:00, run_after=2025-04-08T00:00:00+00:00
[2025-04-07T23:21:47.085+0000] {processor.py:179} INFO - Processing /opt/airflow/dags/extract_exchange_rates.py took 0.050 seconds
[2025-04-07T23:22:17.269+0000] {processor.py:157} INFO - Started process (PID=309) to work on /opt/airflow/dags/extract_exchange_rates.py
[2025-04-07T23:22:17.270+0000] {processor.py:829} INFO - Processing file /opt/airflow/dags/extract_exchange_rates.py for tasks to queue
[2025-04-07T23:22:17.271+0000] {logging_mixin.py:151} INFO - [2025-04-07T23:22:17.270+0000] {dagbag.py:536} INFO - Filling up the DagBag from /opt/airflow/dags/extract_exchange_rates.py
[2025-04-07T23:22:17.281+0000] {processor.py:839} INFO - DAG(s) dict_keys(['extract_exchange_rates']) retrieved from /opt/airflow/dags/extract_exchange_rates.py
[2025-04-07T23:22:17.294+0000] {logging_mixin.py:151} INFO - [2025-04-07T23:22:17.294+0000] {dag.py:2941} INFO - Sync 1 DAGs
[2025-04-07T23:22:17.304+0000] {logging_mixin.py:151} INFO - [2025-04-07T23:22:17.304+0000] {dag.py:3722} INFO - Setting next_dagrun for extract_exchange_rates to 2025-04-07T00:00:00+00:00, run_after=2025-04-08T00:00:00+00:00
[2025-04-07T23:22:17.311+0000] {processor.py:179} INFO - Processing /opt/airflow/dags/extract_exchange_rates.py took 0.045 seconds
[2025-04-07T23:22:47.468+0000] {processor.py:157} INFO - Started process (PID=314) to work on /opt/airflow/dags/extract_exchange_rates.py
[2025-04-07T23:22:47.469+0000] {processor.py:829} INFO - Processing file /opt/airflow/dags/extract_exchange_rates.py for tasks to queue
[2025-04-07T23:22:47.470+0000] {logging_mixin.py:151} INFO - [2025-04-07T23:22:47.469+0000] {dagbag.py:536} INFO - Filling up the DagBag from /opt/airflow/dags/extract_exchange_rates.py
[2025-04-07T23:22:47.480+0000] {processor.py:839} INFO - DAG(s) dict_keys(['extract_exchange_rates']) retrieved from /opt/airflow/dags/extract_exchange_rates.py
[2025-04-07T23:22:47.492+0000] {logging_mixin.py:151} INFO - [2025-04-07T23:22:47.492+0000] {dag.py:2941} INFO - Sync 1 DAGs
[2025-04-07T23:22:47.502+0000] {logging_mixin.py:151} INFO - [2025-04-07T23:22:47.502+0000] {dag.py:3722} INFO - Setting next_dagrun for extract_exchange_rates to 2025-04-07T00:00:00+00:00, run_after=2025-04-08T00:00:00+00:00
[2025-04-07T23:22:47.510+0000] {processor.py:179} INFO - Processing /opt/airflow/dags/extract_exchange_rates.py took 0.044 seconds
[2025-04-07T23:23:17.657+0000] {processor.py:157} INFO - Started process (PID=319) to work on /opt/airflow/dags/extract_exchange_rates.py
[2025-04-07T23:23:17.658+0000] {processor.py:829} INFO - Processing file /opt/airflow/dags/extract_exchange_rates.py for tasks to queue
[2025-04-07T23:23:17.658+0000] {logging_mixin.py:151} INFO - [2025-04-07T23:23:17.658+0000] {dagbag.py:536} INFO - Filling up the DagBag from /opt/airflow/dags/extract_exchange_rates.py
[2025-04-07T23:23:17.669+0000] {processor.py:839} INFO - DAG(s) dict_keys(['extract_exchange_rates']) retrieved from /opt/airflow/dags/extract_exchange_rates.py
[2025-04-07T23:23:17.681+0000] {logging_mixin.py:151} INFO - [2025-04-07T23:23:17.681+0000] {dag.py:2941} INFO - Sync 1 DAGs
[2025-04-07T23:23:17.691+0000] {logging_mixin.py:151} INFO - [2025-04-07T23:23:17.691+0000] {dag.py:3722} INFO - Setting next_dagrun for extract_exchange_rates to 2025-04-07T00:00:00+00:00, run_after=2025-04-08T00:00:00+00:00
[2025-04-07T23:23:17.699+0000] {processor.py:179} INFO - Processing /opt/airflow/dags/extract_exchange_rates.py took 0.044 seconds
[2025-04-07T23:23:47.870+0000] {processor.py:157} INFO - Started process (PID=324) to work on /opt/airflow/dags/extract_exchange_rates.py
[2025-04-07T23:23:47.871+0000] {processor.py:829} INFO - Processing file /opt/airflow/dags/extract_exchange_rates.py for tasks to queue
[2025-04-07T23:23:47.872+0000] {logging_mixin.py:151} INFO - [2025-04-07T23:23:47.871+0000] {dagbag.py:536} INFO - Filling up the DagBag from /opt/airflow/dags/extract_exchange_rates.py
[2025-04-07T23:23:47.882+0000] {processor.py:839} INFO - DAG(s) dict_keys(['extract_exchange_rates']) retrieved from /opt/airflow/dags/extract_exchange_rates.py
[2025-04-07T23:23:47.896+0000] {logging_mixin.py:151} INFO - [2025-04-07T23:23:47.896+0000] {dag.py:2941} INFO - Sync 1 DAGs
[2025-04-07T23:23:47.907+0000] {logging_mixin.py:151} INFO - [2025-04-07T23:23:47.907+0000] {dag.py:3722} INFO - Setting next_dagrun for extract_exchange_rates to 2025-04-07T00:00:00+00:00, run_after=2025-04-08T00:00:00+00:00
[2025-04-07T23:23:47.914+0000] {processor.py:179} INFO - Processing /opt/airflow/dags/extract_exchange_rates.py took 0.047 seconds
[2025-04-07T23:24:18.115+0000] {processor.py:157} INFO - Started process (PID=329) to work on /opt/airflow/dags/extract_exchange_rates.py
[2025-04-07T23:24:18.116+0000] {processor.py:829} INFO - Processing file /opt/airflow/dags/extract_exchange_rates.py for tasks to queue
[2025-04-07T23:24:18.116+0000] {logging_mixin.py:151} INFO - [2025-04-07T23:24:18.116+0000] {dagbag.py:536} INFO - Filling up the DagBag from /opt/airflow/dags/extract_exchange_rates.py
[2025-04-07T23:24:18.126+0000] {processor.py:839} INFO - DAG(s) dict_keys(['extract_exchange_rates']) retrieved from /opt/airflow/dags/extract_exchange_rates.py
[2025-04-07T23:24:18.141+0000] {logging_mixin.py:151} INFO - [2025-04-07T23:24:18.141+0000] {dag.py:2941} INFO - Sync 1 DAGs
[2025-04-07T23:24:18.150+0000] {logging_mixin.py:151} INFO - [2025-04-07T23:24:18.150+0000] {dag.py:3722} INFO - Setting next_dagrun for extract_exchange_rates to 2025-04-07T00:00:00+00:00, run_after=2025-04-08T00:00:00+00:00
[2025-04-07T23:24:18.158+0000] {processor.py:179} INFO - Processing /opt/airflow/dags/extract_exchange_rates.py took 0.045 seconds
[2025-04-07T23:24:48.360+0000] {processor.py:157} INFO - Started process (PID=334) to work on /opt/airflow/dags/extract_exchange_rates.py
[2025-04-07T23:24:48.361+0000] {processor.py:829} INFO - Processing file /opt/airflow/dags/extract_exchange_rates.py for tasks to queue
[2025-04-07T23:24:48.362+0000] {logging_mixin.py:151} INFO - [2025-04-07T23:24:48.362+0000] {dagbag.py:536} INFO - Filling up the DagBag from /opt/airflow/dags/extract_exchange_rates.py
[2025-04-07T23:24:48.372+0000] {processor.py:839} INFO - DAG(s) dict_keys(['extract_exchange_rates']) retrieved from /opt/airflow/dags/extract_exchange_rates.py
[2025-04-07T23:24:48.384+0000] {logging_mixin.py:151} INFO - [2025-04-07T23:24:48.384+0000] {dag.py:2941} INFO - Sync 1 DAGs
[2025-04-07T23:24:48.394+0000] {logging_mixin.py:151} INFO - [2025-04-07T23:24:48.394+0000] {dag.py:3722} INFO - Setting next_dagrun for extract_exchange_rates to 2025-04-07T00:00:00+00:00, run_after=2025-04-08T00:00:00+00:00
[2025-04-07T23:24:48.401+0000] {processor.py:179} INFO - Processing /opt/airflow/dags/extract_exchange_rates.py took 0.044 seconds
[2025-04-07T23:25:18.566+0000] {processor.py:157} INFO - Started process (PID=339) to work on /opt/airflow/dags/extract_exchange_rates.py
[2025-04-07T23:25:18.567+0000] {processor.py:829} INFO - Processing file /opt/airflow/dags/extract_exchange_rates.py for tasks to queue
[2025-04-07T23:25:18.568+0000] {logging_mixin.py:151} INFO - [2025-04-07T23:25:18.568+0000] {dagbag.py:536} INFO - Filling up the DagBag from /opt/airflow/dags/extract_exchange_rates.py
[2025-04-07T23:25:18.578+0000] {processor.py:839} INFO - DAG(s) dict_keys(['extract_exchange_rates']) retrieved from /opt/airflow/dags/extract_exchange_rates.py
[2025-04-07T23:25:18.594+0000] {logging_mixin.py:151} INFO - [2025-04-07T23:25:18.594+0000] {dag.py:2941} INFO - Sync 1 DAGs
[2025-04-07T23:25:18.603+0000] {logging_mixin.py:151} INFO - [2025-04-07T23:25:18.603+0000] {dag.py:3722} INFO - Setting next_dagrun for extract_exchange_rates to 2025-04-07T00:00:00+00:00, run_after=2025-04-08T00:00:00+00:00
[2025-04-07T23:25:18.610+0000] {processor.py:179} INFO - Processing /opt/airflow/dags/extract_exchange_rates.py took 0.046 seconds
[2025-04-07T23:25:48.771+0000] {processor.py:157} INFO - Started process (PID=344) to work on /opt/airflow/dags/extract_exchange_rates.py
[2025-04-07T23:25:48.771+0000] {processor.py:829} INFO - Processing file /opt/airflow/dags/extract_exchange_rates.py for tasks to queue
[2025-04-07T23:25:48.772+0000] {logging_mixin.py:151} INFO - [2025-04-07T23:25:48.772+0000] {dagbag.py:536} INFO - Filling up the DagBag from /opt/airflow/dags/extract_exchange_rates.py
[2025-04-07T23:25:48.783+0000] {processor.py:839} INFO - DAG(s) dict_keys(['extract_exchange_rates']) retrieved from /opt/airflow/dags/extract_exchange_rates.py
[2025-04-07T23:25:48.796+0000] {logging_mixin.py:151} INFO - [2025-04-07T23:25:48.796+0000] {dag.py:2941} INFO - Sync 1 DAGs
[2025-04-07T23:25:48.806+0000] {logging_mixin.py:151} INFO - [2025-04-07T23:25:48.806+0000] {dag.py:3722} INFO - Setting next_dagrun for extract_exchange_rates to 2025-04-07T00:00:00+00:00, run_after=2025-04-08T00:00:00+00:00
[2025-04-07T23:25:48.813+0000] {processor.py:179} INFO - Processing /opt/airflow/dags/extract_exchange_rates.py took 0.046 seconds
[2025-04-07T23:26:18.979+0000] {processor.py:157} INFO - Started process (PID=349) to work on /opt/airflow/dags/extract_exchange_rates.py
[2025-04-07T23:26:18.979+0000] {processor.py:829} INFO - Processing file /opt/airflow/dags/extract_exchange_rates.py for tasks to queue
[2025-04-07T23:26:18.979+0000] {logging_mixin.py:151} INFO - [2025-04-07T23:26:18.979+0000] {dagbag.py:536} INFO - Filling up the DagBag from /opt/airflow/dags/extract_exchange_rates.py
[2025-04-07T23:26:18.986+0000] {processor.py:839} INFO - DAG(s) dict_keys(['extract_exchange_rates']) retrieved from /opt/airflow/dags/extract_exchange_rates.py
[2025-04-07T23:26:18.998+0000] {logging_mixin.py:151} INFO - [2025-04-07T23:26:18.998+0000] {dag.py:2941} INFO - Sync 1 DAGs
[2025-04-07T23:26:19.007+0000] {logging_mixin.py:151} INFO - [2025-04-07T23:26:19.007+0000] {dag.py:3722} INFO - Setting next_dagrun for extract_exchange_rates to 2025-04-07T00:00:00+00:00, run_after=2025-04-08T00:00:00+00:00
[2025-04-07T23:26:19.014+0000] {processor.py:179} INFO - Processing /opt/airflow/dags/extract_exchange_rates.py took 0.037 seconds
[2025-04-07T23:26:49.195+0000] {processor.py:157} INFO - Started process (PID=354) to work on /opt/airflow/dags/extract_exchange_rates.py
[2025-04-07T23:26:49.196+0000] {processor.py:829} INFO - Processing file /opt/airflow/dags/extract_exchange_rates.py for tasks to queue
[2025-04-07T23:26:49.196+0000] {logging_mixin.py:151} INFO - [2025-04-07T23:26:49.196+0000] {dagbag.py:536} INFO - Filling up the DagBag from /opt/airflow/dags/extract_exchange_rates.py
[2025-04-07T23:26:49.206+0000] {processor.py:839} INFO - DAG(s) dict_keys(['extract_exchange_rates']) retrieved from /opt/airflow/dags/extract_exchange_rates.py
[2025-04-07T23:26:49.221+0000] {logging_mixin.py:151} INFO - [2025-04-07T23:26:49.221+0000] {dag.py:2941} INFO - Sync 1 DAGs
[2025-04-07T23:26:49.231+0000] {logging_mixin.py:151} INFO - [2025-04-07T23:26:49.231+0000] {dag.py:3722} INFO - Setting next_dagrun for extract_exchange_rates to 2025-04-07T00:00:00+00:00, run_after=2025-04-08T00:00:00+00:00
[2025-04-07T23:26:49.239+0000] {processor.py:179} INFO - Processing /opt/airflow/dags/extract_exchange_rates.py took 0.046 seconds
[2025-04-07T23:27:19.433+0000] {processor.py:157} INFO - Started process (PID=359) to work on /opt/airflow/dags/extract_exchange_rates.py
[2025-04-07T23:27:19.434+0000] {processor.py:829} INFO - Processing file /opt/airflow/dags/extract_exchange_rates.py for tasks to queue
[2025-04-07T23:27:19.434+0000] {logging_mixin.py:151} INFO - [2025-04-07T23:27:19.434+0000] {dagbag.py:536} INFO - Filling up the DagBag from /opt/airflow/dags/extract_exchange_rates.py
[2025-04-07T23:27:19.448+0000] {processor.py:839} INFO - DAG(s) dict_keys(['extract_exchange_rates']) retrieved from /opt/airflow/dags/extract_exchange_rates.py
[2025-04-07T23:27:19.463+0000] {logging_mixin.py:151} INFO - [2025-04-07T23:27:19.463+0000] {dag.py:2941} INFO - Sync 1 DAGs
[2025-04-07T23:27:19.473+0000] {logging_mixin.py:151} INFO - [2025-04-07T23:27:19.473+0000] {dag.py:3722} INFO - Setting next_dagrun for extract_exchange_rates to 2025-04-07T00:00:00+00:00, run_after=2025-04-08T00:00:00+00:00
[2025-04-07T23:27:19.480+0000] {processor.py:179} INFO - Processing /opt/airflow/dags/extract_exchange_rates.py took 0.050 seconds
[2025-04-07T23:27:49.662+0000] {processor.py:157} INFO - Started process (PID=364) to work on /opt/airflow/dags/extract_exchange_rates.py
[2025-04-07T23:27:49.663+0000] {processor.py:829} INFO - Processing file /opt/airflow/dags/extract_exchange_rates.py for tasks to queue
[2025-04-07T23:27:49.664+0000] {logging_mixin.py:151} INFO - [2025-04-07T23:27:49.663+0000] {dagbag.py:536} INFO - Filling up the DagBag from /opt/airflow/dags/extract_exchange_rates.py
[2025-04-07T23:27:49.674+0000] {processor.py:839} INFO - DAG(s) dict_keys(['extract_exchange_rates']) retrieved from /opt/airflow/dags/extract_exchange_rates.py
[2025-04-07T23:27:49.687+0000] {logging_mixin.py:151} INFO - [2025-04-07T23:27:49.687+0000] {dag.py:2941} INFO - Sync 1 DAGs
[2025-04-07T23:27:49.697+0000] {logging_mixin.py:151} INFO - [2025-04-07T23:27:49.697+0000] {dag.py:3722} INFO - Setting next_dagrun for extract_exchange_rates to 2025-04-07T00:00:00+00:00, run_after=2025-04-08T00:00:00+00:00
[2025-04-07T23:27:49.705+0000] {processor.py:179} INFO - Processing /opt/airflow/dags/extract_exchange_rates.py took 0.045 seconds
[2025-04-07T23:28:19.870+0000] {processor.py:157} INFO - Started process (PID=369) to work on /opt/airflow/dags/extract_exchange_rates.py
[2025-04-07T23:28:19.871+0000] {processor.py:829} INFO - Processing file /opt/airflow/dags/extract_exchange_rates.py for tasks to queue
[2025-04-07T23:28:19.872+0000] {logging_mixin.py:151} INFO - [2025-04-07T23:28:19.872+0000] {dagbag.py:536} INFO - Filling up the DagBag from /opt/airflow/dags/extract_exchange_rates.py
[2025-04-07T23:28:19.880+0000] {processor.py:839} INFO - DAG(s) dict_keys(['extract_exchange_rates']) retrieved from /opt/airflow/dags/extract_exchange_rates.py
[2025-04-07T23:28:19.894+0000] {logging_mixin.py:151} INFO - [2025-04-07T23:28:19.894+0000] {dag.py:2941} INFO - Sync 1 DAGs
[2025-04-07T23:28:19.904+0000] {logging_mixin.py:151} INFO - [2025-04-07T23:28:19.904+0000] {dag.py:3722} INFO - Setting next_dagrun for extract_exchange_rates to 2025-04-07T00:00:00+00:00, run_after=2025-04-08T00:00:00+00:00
[2025-04-07T23:28:19.912+0000] {processor.py:179} INFO - Processing /opt/airflow/dags/extract_exchange_rates.py took 0.044 seconds
[2025-04-07T23:28:50.099+0000] {processor.py:157} INFO - Started process (PID=374) to work on /opt/airflow/dags/extract_exchange_rates.py
[2025-04-07T23:28:50.100+0000] {processor.py:829} INFO - Processing file /opt/airflow/dags/extract_exchange_rates.py for tasks to queue
[2025-04-07T23:28:50.100+0000] {logging_mixin.py:151} INFO - [2025-04-07T23:28:50.100+0000] {dagbag.py:536} INFO - Filling up the DagBag from /opt/airflow/dags/extract_exchange_rates.py
[2025-04-07T23:28:50.112+0000] {processor.py:839} INFO - DAG(s) dict_keys(['extract_exchange_rates']) retrieved from /opt/airflow/dags/extract_exchange_rates.py
[2025-04-07T23:28:50.126+0000] {logging_mixin.py:151} INFO - [2025-04-07T23:28:50.126+0000] {dag.py:2941} INFO - Sync 1 DAGs
[2025-04-07T23:28:50.136+0000] {logging_mixin.py:151} INFO - [2025-04-07T23:28:50.136+0000] {dag.py:3722} INFO - Setting next_dagrun for extract_exchange_rates to 2025-04-07T00:00:00+00:00, run_after=2025-04-08T00:00:00+00:00
[2025-04-07T23:28:50.143+0000] {processor.py:179} INFO - Processing /opt/airflow/dags/extract_exchange_rates.py took 0.047 seconds
[2025-04-07T23:29:20.348+0000] {processor.py:157} INFO - Started process (PID=379) to work on /opt/airflow/dags/extract_exchange_rates.py
[2025-04-07T23:29:20.349+0000] {processor.py:829} INFO - Processing file /opt/airflow/dags/extract_exchange_rates.py for tasks to queue
[2025-04-07T23:29:20.350+0000] {logging_mixin.py:151} INFO - [2025-04-07T23:29:20.349+0000] {dagbag.py:536} INFO - Filling up the DagBag from /opt/airflow/dags/extract_exchange_rates.py
[2025-04-07T23:29:20.360+0000] {processor.py:839} INFO - DAG(s) dict_keys(['extract_exchange_rates']) retrieved from /opt/airflow/dags/extract_exchange_rates.py
[2025-04-07T23:29:20.374+0000] {logging_mixin.py:151} INFO - [2025-04-07T23:29:20.373+0000] {dag.py:2941} INFO - Sync 1 DAGs
[2025-04-07T23:29:20.386+0000] {logging_mixin.py:151} INFO - [2025-04-07T23:29:20.386+0000] {dag.py:3722} INFO - Setting next_dagrun for extract_exchange_rates to 2025-04-07T00:00:00+00:00, run_after=2025-04-08T00:00:00+00:00
[2025-04-07T23:29:20.393+0000] {processor.py:179} INFO - Processing /opt/airflow/dags/extract_exchange_rates.py took 0.047 seconds
[2025-04-07T23:29:50.570+0000] {processor.py:157} INFO - Started process (PID=384) to work on /opt/airflow/dags/extract_exchange_rates.py
[2025-04-07T23:29:50.571+0000] {processor.py:829} INFO - Processing file /opt/airflow/dags/extract_exchange_rates.py for tasks to queue
[2025-04-07T23:29:50.571+0000] {logging_mixin.py:151} INFO - [2025-04-07T23:29:50.571+0000] {dagbag.py:536} INFO - Filling up the DagBag from /opt/airflow/dags/extract_exchange_rates.py
[2025-04-07T23:29:50.582+0000] {processor.py:839} INFO - DAG(s) dict_keys(['extract_exchange_rates']) retrieved from /opt/airflow/dags/extract_exchange_rates.py
[2025-04-07T23:29:50.597+0000] {logging_mixin.py:151} INFO - [2025-04-07T23:29:50.597+0000] {dag.py:2941} INFO - Sync 1 DAGs
[2025-04-07T23:29:50.607+0000] {logging_mixin.py:151} INFO - [2025-04-07T23:29:50.607+0000] {dag.py:3722} INFO - Setting next_dagrun for extract_exchange_rates to 2025-04-07T00:00:00+00:00, run_after=2025-04-08T00:00:00+00:00
[2025-04-07T23:29:50.614+0000] {processor.py:179} INFO - Processing /opt/airflow/dags/extract_exchange_rates.py took 0.047 seconds
[2025-04-07T23:30:20.786+0000] {processor.py:157} INFO - Started process (PID=389) to work on /opt/airflow/dags/extract_exchange_rates.py
[2025-04-07T23:30:20.786+0000] {processor.py:829} INFO - Processing file /opt/airflow/dags/extract_exchange_rates.py for tasks to queue
[2025-04-07T23:30:20.787+0000] {logging_mixin.py:151} INFO - [2025-04-07T23:30:20.787+0000] {dagbag.py:536} INFO - Filling up the DagBag from /opt/airflow/dags/extract_exchange_rates.py
[2025-04-07T23:30:20.795+0000] {processor.py:839} INFO - DAG(s) dict_keys(['extract_exchange_rates']) retrieved from /opt/airflow/dags/extract_exchange_rates.py
[2025-04-07T23:30:20.808+0000] {logging_mixin.py:151} INFO - [2025-04-07T23:30:20.808+0000] {dag.py:2941} INFO - Sync 1 DAGs
[2025-04-07T23:30:20.818+0000] {logging_mixin.py:151} INFO - [2025-04-07T23:30:20.818+0000] {dag.py:3722} INFO - Setting next_dagrun for extract_exchange_rates to 2025-04-07T00:00:00+00:00, run_after=2025-04-08T00:00:00+00:00
[2025-04-07T23:30:20.825+0000] {processor.py:179} INFO - Processing /opt/airflow/dags/extract_exchange_rates.py took 0.041 seconds
[2025-04-07T23:30:51.003+0000] {processor.py:157} INFO - Started process (PID=394) to work on /opt/airflow/dags/extract_exchange_rates.py
[2025-04-07T23:30:51.004+0000] {processor.py:829} INFO - Processing file /opt/airflow/dags/extract_exchange_rates.py for tasks to queue
[2025-04-07T23:30:51.005+0000] {logging_mixin.py:151} INFO - [2025-04-07T23:30:51.004+0000] {dagbag.py:536} INFO - Filling up the DagBag from /opt/airflow/dags/extract_exchange_rates.py
[2025-04-07T23:30:51.016+0000] {processor.py:839} INFO - DAG(s) dict_keys(['extract_exchange_rates']) retrieved from /opt/airflow/dags/extract_exchange_rates.py
[2025-04-07T23:30:51.030+0000] {logging_mixin.py:151} INFO - [2025-04-07T23:30:51.030+0000] {dag.py:2941} INFO - Sync 1 DAGs
[2025-04-07T23:30:51.040+0000] {logging_mixin.py:151} INFO - [2025-04-07T23:30:51.039+0000] {dag.py:3722} INFO - Setting next_dagrun for extract_exchange_rates to 2025-04-07T00:00:00+00:00, run_after=2025-04-08T00:00:00+00:00
[2025-04-07T23:30:51.047+0000] {processor.py:179} INFO - Processing /opt/airflow/dags/extract_exchange_rates.py took 0.047 seconds
[2025-04-07T23:31:21.220+0000] {processor.py:157} INFO - Started process (PID=399) to work on /opt/airflow/dags/extract_exchange_rates.py
[2025-04-07T23:31:21.220+0000] {processor.py:829} INFO - Processing file /opt/airflow/dags/extract_exchange_rates.py for tasks to queue
[2025-04-07T23:31:21.221+0000] {logging_mixin.py:151} INFO - [2025-04-07T23:31:21.221+0000] {dagbag.py:536} INFO - Filling up the DagBag from /opt/airflow/dags/extract_exchange_rates.py
[2025-04-07T23:31:21.228+0000] {processor.py:839} INFO - DAG(s) dict_keys(['extract_exchange_rates']) retrieved from /opt/airflow/dags/extract_exchange_rates.py
[2025-04-07T23:31:21.241+0000] {logging_mixin.py:151} INFO - [2025-04-07T23:31:21.241+0000] {dag.py:2941} INFO - Sync 1 DAGs
[2025-04-07T23:31:21.252+0000] {logging_mixin.py:151} INFO - [2025-04-07T23:31:21.252+0000] {dag.py:3722} INFO - Setting next_dagrun for extract_exchange_rates to 2025-04-07T00:00:00+00:00, run_after=2025-04-08T00:00:00+00:00
[2025-04-07T23:31:21.261+0000] {processor.py:179} INFO - Processing /opt/airflow/dags/extract_exchange_rates.py took 0.043 seconds
[2025-04-07T23:31:51.447+0000] {processor.py:157} INFO - Started process (PID=404) to work on /opt/airflow/dags/extract_exchange_rates.py
[2025-04-07T23:31:51.447+0000] {processor.py:829} INFO - Processing file /opt/airflow/dags/extract_exchange_rates.py for tasks to queue
[2025-04-07T23:31:51.448+0000] {logging_mixin.py:151} INFO - [2025-04-07T23:31:51.447+0000] {dagbag.py:536} INFO - Filling up the DagBag from /opt/airflow/dags/extract_exchange_rates.py
[2025-04-07T23:31:51.457+0000] {processor.py:839} INFO - DAG(s) dict_keys(['extract_exchange_rates']) retrieved from /opt/airflow/dags/extract_exchange_rates.py
[2025-04-07T23:31:51.472+0000] {logging_mixin.py:151} INFO - [2025-04-07T23:31:51.472+0000] {dag.py:2941} INFO - Sync 1 DAGs
[2025-04-07T23:31:51.483+0000] {logging_mixin.py:151} INFO - [2025-04-07T23:31:51.483+0000] {dag.py:3722} INFO - Setting next_dagrun for extract_exchange_rates to 2025-04-07T00:00:00+00:00, run_after=2025-04-08T00:00:00+00:00
[2025-04-07T23:31:51.491+0000] {processor.py:179} INFO - Processing /opt/airflow/dags/extract_exchange_rates.py took 0.047 seconds
[2025-04-07T23:32:21.679+0000] {processor.py:157} INFO - Started process (PID=409) to work on /opt/airflow/dags/extract_exchange_rates.py
[2025-04-07T23:32:21.680+0000] {processor.py:829} INFO - Processing file /opt/airflow/dags/extract_exchange_rates.py for tasks to queue
[2025-04-07T23:32:21.681+0000] {logging_mixin.py:151} INFO - [2025-04-07T23:32:21.680+0000] {dagbag.py:536} INFO - Filling up the DagBag from /opt/airflow/dags/extract_exchange_rates.py
[2025-04-07T23:32:21.691+0000] {processor.py:839} INFO - DAG(s) dict_keys(['extract_exchange_rates']) retrieved from /opt/airflow/dags/extract_exchange_rates.py
[2025-04-07T23:32:21.704+0000] {logging_mixin.py:151} INFO - [2025-04-07T23:32:21.704+0000] {dag.py:2941} INFO - Sync 1 DAGs
[2025-04-07T23:32:21.714+0000] {logging_mixin.py:151} INFO - [2025-04-07T23:32:21.714+0000] {dag.py:3722} INFO - Setting next_dagrun for extract_exchange_rates to 2025-04-07T00:00:00+00:00, run_after=2025-04-08T00:00:00+00:00
[2025-04-07T23:32:21.721+0000] {processor.py:179} INFO - Processing /opt/airflow/dags/extract_exchange_rates.py took 0.045 seconds
[2025-04-07T23:32:51.912+0000] {processor.py:157} INFO - Started process (PID=414) to work on /opt/airflow/dags/extract_exchange_rates.py
[2025-04-07T23:32:51.913+0000] {processor.py:829} INFO - Processing file /opt/airflow/dags/extract_exchange_rates.py for tasks to queue
[2025-04-07T23:32:51.913+0000] {logging_mixin.py:151} INFO - [2025-04-07T23:32:51.913+0000] {dagbag.py:536} INFO - Filling up the DagBag from /opt/airflow/dags/extract_exchange_rates.py
[2025-04-07T23:32:51.924+0000] {processor.py:839} INFO - DAG(s) dict_keys(['extract_exchange_rates']) retrieved from /opt/airflow/dags/extract_exchange_rates.py
[2025-04-07T23:32:51.937+0000] {logging_mixin.py:151} INFO - [2025-04-07T23:32:51.937+0000] {dag.py:2941} INFO - Sync 1 DAGs
[2025-04-07T23:32:51.947+0000] {logging_mixin.py:151} INFO - [2025-04-07T23:32:51.947+0000] {dag.py:3722} INFO - Setting next_dagrun for extract_exchange_rates to 2025-04-07T00:00:00+00:00, run_after=2025-04-08T00:00:00+00:00
[2025-04-07T23:32:51.955+0000] {processor.py:179} INFO - Processing /opt/airflow/dags/extract_exchange_rates.py took 0.045 seconds
[2025-04-07T23:33:22.157+0000] {processor.py:157} INFO - Started process (PID=419) to work on /opt/airflow/dags/extract_exchange_rates.py
[2025-04-07T23:33:22.158+0000] {processor.py:829} INFO - Processing file /opt/airflow/dags/extract_exchange_rates.py for tasks to queue
[2025-04-07T23:33:22.158+0000] {logging_mixin.py:151} INFO - [2025-04-07T23:33:22.158+0000] {dagbag.py:536} INFO - Filling up the DagBag from /opt/airflow/dags/extract_exchange_rates.py
[2025-04-07T23:33:22.169+0000] {processor.py:839} INFO - DAG(s) dict_keys(['extract_exchange_rates']) retrieved from /opt/airflow/dags/extract_exchange_rates.py
[2025-04-07T23:33:22.182+0000] {logging_mixin.py:151} INFO - [2025-04-07T23:33:22.182+0000] {dag.py:2941} INFO - Sync 1 DAGs
[2025-04-07T23:33:22.192+0000] {logging_mixin.py:151} INFO - [2025-04-07T23:33:22.192+0000] {dag.py:3722} INFO - Setting next_dagrun for extract_exchange_rates to 2025-04-07T00:00:00+00:00, run_after=2025-04-08T00:00:00+00:00
[2025-04-07T23:33:22.199+0000] {processor.py:179} INFO - Processing /opt/airflow/dags/extract_exchange_rates.py took 0.044 seconds
[2025-04-07T23:33:52.385+0000] {processor.py:157} INFO - Started process (PID=424) to work on /opt/airflow/dags/extract_exchange_rates.py
[2025-04-07T23:33:52.386+0000] {processor.py:829} INFO - Processing file /opt/airflow/dags/extract_exchange_rates.py for tasks to queue
[2025-04-07T23:33:52.387+0000] {logging_mixin.py:151} INFO - [2025-04-07T23:33:52.387+0000] {dagbag.py:536} INFO - Filling up the DagBag from /opt/airflow/dags/extract_exchange_rates.py
[2025-04-07T23:33:52.398+0000] {processor.py:839} INFO - DAG(s) dict_keys(['extract_exchange_rates']) retrieved from /opt/airflow/dags/extract_exchange_rates.py
[2025-04-07T23:33:52.412+0000] {logging_mixin.py:151} INFO - [2025-04-07T23:33:52.412+0000] {dag.py:2941} INFO - Sync 1 DAGs
[2025-04-07T23:33:52.422+0000] {logging_mixin.py:151} INFO - [2025-04-07T23:33:52.422+0000] {dag.py:3722} INFO - Setting next_dagrun for extract_exchange_rates to 2025-04-07T00:00:00+00:00, run_after=2025-04-08T00:00:00+00:00
[2025-04-07T23:33:52.430+0000] {processor.py:179} INFO - Processing /opt/airflow/dags/extract_exchange_rates.py took 0.047 seconds
[2025-04-07T23:34:22.597+0000] {processor.py:157} INFO - Started process (PID=429) to work on /opt/airflow/dags/extract_exchange_rates.py
[2025-04-07T23:34:22.598+0000] {processor.py:829} INFO - Processing file /opt/airflow/dags/extract_exchange_rates.py for tasks to queue
[2025-04-07T23:34:22.598+0000] {logging_mixin.py:151} INFO - [2025-04-07T23:34:22.598+0000] {dagbag.py:536} INFO - Filling up the DagBag from /opt/airflow/dags/extract_exchange_rates.py
[2025-04-07T23:34:22.609+0000] {processor.py:839} INFO - DAG(s) dict_keys(['extract_exchange_rates']) retrieved from /opt/airflow/dags/extract_exchange_rates.py
[2025-04-07T23:34:22.622+0000] {logging_mixin.py:151} INFO - [2025-04-07T23:34:22.622+0000] {dag.py:2941} INFO - Sync 1 DAGs
[2025-04-07T23:34:22.632+0000] {logging_mixin.py:151} INFO - [2025-04-07T23:34:22.632+0000] {dag.py:3722} INFO - Setting next_dagrun for extract_exchange_rates to 2025-04-07T00:00:00+00:00, run_after=2025-04-08T00:00:00+00:00
[2025-04-07T23:34:22.639+0000] {processor.py:179} INFO - Processing /opt/airflow/dags/extract_exchange_rates.py took 0.044 seconds
[2025-04-07T23:34:52.825+0000] {processor.py:157} INFO - Started process (PID=434) to work on /opt/airflow/dags/extract_exchange_rates.py
[2025-04-07T23:34:52.826+0000] {processor.py:829} INFO - Processing file /opt/airflow/dags/extract_exchange_rates.py for tasks to queue
[2025-04-07T23:34:52.827+0000] {logging_mixin.py:151} INFO - [2025-04-07T23:34:52.826+0000] {dagbag.py:536} INFO - Filling up the DagBag from /opt/airflow/dags/extract_exchange_rates.py
[2025-04-07T23:34:52.836+0000] {processor.py:839} INFO - DAG(s) dict_keys(['extract_exchange_rates']) retrieved from /opt/airflow/dags/extract_exchange_rates.py
[2025-04-07T23:34:52.849+0000] {logging_mixin.py:151} INFO - [2025-04-07T23:34:52.849+0000] {dag.py:2941} INFO - Sync 1 DAGs
[2025-04-07T23:34:52.860+0000] {logging_mixin.py:151} INFO - [2025-04-07T23:34:52.860+0000] {dag.py:3722} INFO - Setting next_dagrun for extract_exchange_rates to 2025-04-07T00:00:00+00:00, run_after=2025-04-08T00:00:00+00:00
[2025-04-07T23:34:52.867+0000] {processor.py:179} INFO - Processing /opt/airflow/dags/extract_exchange_rates.py took 0.044 seconds
[2025-04-07T23:35:23.052+0000] {processor.py:157} INFO - Started process (PID=439) to work on /opt/airflow/dags/extract_exchange_rates.py
[2025-04-07T23:35:23.053+0000] {processor.py:829} INFO - Processing file /opt/airflow/dags/extract_exchange_rates.py for tasks to queue
[2025-04-07T23:35:23.053+0000] {logging_mixin.py:151} INFO - [2025-04-07T23:35:23.053+0000] {dagbag.py:536} INFO - Filling up the DagBag from /opt/airflow/dags/extract_exchange_rates.py
[2025-04-07T23:35:23.062+0000] {processor.py:839} INFO - DAG(s) dict_keys(['extract_exchange_rates']) retrieved from /opt/airflow/dags/extract_exchange_rates.py
[2025-04-07T23:35:23.075+0000] {logging_mixin.py:151} INFO - [2025-04-07T23:35:23.075+0000] {dag.py:2941} INFO - Sync 1 DAGs
[2025-04-07T23:35:23.085+0000] {logging_mixin.py:151} INFO - [2025-04-07T23:35:23.085+0000] {dag.py:3722} INFO - Setting next_dagrun for extract_exchange_rates to 2025-04-07T00:00:00+00:00, run_after=2025-04-08T00:00:00+00:00
[2025-04-07T23:35:23.092+0000] {processor.py:179} INFO - Processing /opt/airflow/dags/extract_exchange_rates.py took 0.042 seconds
[2025-04-07T23:35:53.292+0000] {processor.py:157} INFO - Started process (PID=444) to work on /opt/airflow/dags/extract_exchange_rates.py
[2025-04-07T23:35:53.293+0000] {processor.py:829} INFO - Processing file /opt/airflow/dags/extract_exchange_rates.py for tasks to queue
[2025-04-07T23:35:53.294+0000] {logging_mixin.py:151} INFO - [2025-04-07T23:35:53.293+0000] {dagbag.py:536} INFO - Filling up the DagBag from /opt/airflow/dags/extract_exchange_rates.py
[2025-04-07T23:35:53.304+0000] {processor.py:839} INFO - DAG(s) dict_keys(['extract_exchange_rates']) retrieved from /opt/airflow/dags/extract_exchange_rates.py
[2025-04-07T23:35:53.319+0000] {logging_mixin.py:151} INFO - [2025-04-07T23:35:53.319+0000] {dag.py:2941} INFO - Sync 1 DAGs
[2025-04-07T23:35:53.329+0000] {logging_mixin.py:151} INFO - [2025-04-07T23:35:53.329+0000] {dag.py:3722} INFO - Setting next_dagrun for extract_exchange_rates to 2025-04-07T00:00:00+00:00, run_after=2025-04-08T00:00:00+00:00
[2025-04-07T23:35:53.336+0000] {processor.py:179} INFO - Processing /opt/airflow/dags/extract_exchange_rates.py took 0.047 seconds
[2025-04-07T23:36:23.516+0000] {processor.py:157} INFO - Started process (PID=449) to work on /opt/airflow/dags/extract_exchange_rates.py
[2025-04-07T23:36:23.516+0000] {processor.py:829} INFO - Processing file /opt/airflow/dags/extract_exchange_rates.py for tasks to queue
[2025-04-07T23:36:23.517+0000] {logging_mixin.py:151} INFO - [2025-04-07T23:36:23.517+0000] {dagbag.py:536} INFO - Filling up the DagBag from /opt/airflow/dags/extract_exchange_rates.py
[2025-04-07T23:36:23.527+0000] {processor.py:839} INFO - DAG(s) dict_keys(['extract_exchange_rates']) retrieved from /opt/airflow/dags/extract_exchange_rates.py
[2025-04-07T23:36:23.540+0000] {logging_mixin.py:151} INFO - [2025-04-07T23:36:23.539+0000] {dag.py:2941} INFO - Sync 1 DAGs
[2025-04-07T23:36:23.550+0000] {logging_mixin.py:151} INFO - [2025-04-07T23:36:23.549+0000] {dag.py:3722} INFO - Setting next_dagrun for extract_exchange_rates to 2025-04-07T00:00:00+00:00, run_after=2025-04-08T00:00:00+00:00
[2025-04-07T23:36:23.557+0000] {processor.py:179} INFO - Processing /opt/airflow/dags/extract_exchange_rates.py took 0.044 seconds
[2025-04-07T23:36:53.758+0000] {processor.py:157} INFO - Started process (PID=454) to work on /opt/airflow/dags/extract_exchange_rates.py
[2025-04-07T23:36:53.759+0000] {processor.py:829} INFO - Processing file /opt/airflow/dags/extract_exchange_rates.py for tasks to queue
[2025-04-07T23:36:53.759+0000] {logging_mixin.py:151} INFO - [2025-04-07T23:36:53.759+0000] {dagbag.py:536} INFO - Filling up the DagBag from /opt/airflow/dags/extract_exchange_rates.py
[2025-04-07T23:36:53.770+0000] {processor.py:839} INFO - DAG(s) dict_keys(['extract_exchange_rates']) retrieved from /opt/airflow/dags/extract_exchange_rates.py
[2025-04-07T23:36:53.784+0000] {logging_mixin.py:151} INFO - [2025-04-07T23:36:53.784+0000] {dag.py:2941} INFO - Sync 1 DAGs
[2025-04-07T23:36:53.794+0000] {logging_mixin.py:151} INFO - [2025-04-07T23:36:53.794+0000] {dag.py:3722} INFO - Setting next_dagrun for extract_exchange_rates to 2025-04-07T00:00:00+00:00, run_after=2025-04-08T00:00:00+00:00
[2025-04-07T23:36:53.801+0000] {processor.py:179} INFO - Processing /opt/airflow/dags/extract_exchange_rates.py took 0.046 seconds
[2025-04-07T23:37:23.996+0000] {processor.py:157} INFO - Started process (PID=459) to work on /opt/airflow/dags/extract_exchange_rates.py
[2025-04-07T23:37:23.996+0000] {processor.py:829} INFO - Processing file /opt/airflow/dags/extract_exchange_rates.py for tasks to queue
[2025-04-07T23:37:23.997+0000] {logging_mixin.py:151} INFO - [2025-04-07T23:37:23.997+0000] {dagbag.py:536} INFO - Filling up the DagBag from /opt/airflow/dags/extract_exchange_rates.py
[2025-04-07T23:37:24.004+0000] {processor.py:839} INFO - DAG(s) dict_keys(['extract_exchange_rates']) retrieved from /opt/airflow/dags/extract_exchange_rates.py
[2025-04-07T23:37:24.015+0000] {logging_mixin.py:151} INFO - [2025-04-07T23:37:24.015+0000] {dag.py:2941} INFO - Sync 1 DAGs
[2025-04-07T23:37:24.024+0000] {logging_mixin.py:151} INFO - [2025-04-07T23:37:24.024+0000] {dag.py:3722} INFO - Setting next_dagrun for extract_exchange_rates to 2025-04-07T00:00:00+00:00, run_after=2025-04-08T00:00:00+00:00
[2025-04-07T23:37:24.031+0000] {processor.py:179} INFO - Processing /opt/airflow/dags/extract_exchange_rates.py took 0.037 seconds
[2025-04-07T23:37:54.227+0000] {processor.py:157} INFO - Started process (PID=464) to work on /opt/airflow/dags/extract_exchange_rates.py
[2025-04-07T23:37:54.228+0000] {processor.py:829} INFO - Processing file /opt/airflow/dags/extract_exchange_rates.py for tasks to queue
[2025-04-07T23:37:54.229+0000] {logging_mixin.py:151} INFO - [2025-04-07T23:37:54.228+0000] {dagbag.py:536} INFO - Filling up the DagBag from /opt/airflow/dags/extract_exchange_rates.py
[2025-04-07T23:37:54.240+0000] {processor.py:839} INFO - DAG(s) dict_keys(['extract_exchange_rates']) retrieved from /opt/airflow/dags/extract_exchange_rates.py
[2025-04-07T23:37:54.254+0000] {logging_mixin.py:151} INFO - [2025-04-07T23:37:54.254+0000] {dag.py:2941} INFO - Sync 1 DAGs
[2025-04-07T23:37:54.265+0000] {logging_mixin.py:151} INFO - [2025-04-07T23:37:54.265+0000] {dag.py:3722} INFO - Setting next_dagrun for extract_exchange_rates to 2025-04-07T00:00:00+00:00, run_after=2025-04-08T00:00:00+00:00
[2025-04-07T23:37:54.273+0000] {processor.py:179} INFO - Processing /opt/airflow/dags/extract_exchange_rates.py took 0.048 seconds
[2025-04-07T23:38:24.453+0000] {processor.py:157} INFO - Started process (PID=469) to work on /opt/airflow/dags/extract_exchange_rates.py
[2025-04-07T23:38:24.454+0000] {processor.py:829} INFO - Processing file /opt/airflow/dags/extract_exchange_rates.py for tasks to queue
[2025-04-07T23:38:24.455+0000] {logging_mixin.py:151} INFO - [2025-04-07T23:38:24.454+0000] {dagbag.py:536} INFO - Filling up the DagBag from /opt/airflow/dags/extract_exchange_rates.py
[2025-04-07T23:38:24.465+0000] {processor.py:839} INFO - DAG(s) dict_keys(['extract_exchange_rates']) retrieved from /opt/airflow/dags/extract_exchange_rates.py
[2025-04-07T23:38:24.479+0000] {logging_mixin.py:151} INFO - [2025-04-07T23:38:24.479+0000] {dag.py:2941} INFO - Sync 1 DAGs
[2025-04-07T23:38:24.489+0000] {logging_mixin.py:151} INFO - [2025-04-07T23:38:24.489+0000] {dag.py:3722} INFO - Setting next_dagrun for extract_exchange_rates to 2025-04-07T00:00:00+00:00, run_after=2025-04-08T00:00:00+00:00
[2025-04-07T23:38:24.497+0000] {processor.py:179} INFO - Processing /opt/airflow/dags/extract_exchange_rates.py took 0.047 seconds
[2025-04-07T23:38:54.677+0000] {processor.py:157} INFO - Started process (PID=474) to work on /opt/airflow/dags/extract_exchange_rates.py
[2025-04-07T23:38:54.678+0000] {processor.py:829} INFO - Processing file /opt/airflow/dags/extract_exchange_rates.py for tasks to queue
[2025-04-07T23:38:54.679+0000] {logging_mixin.py:151} INFO - [2025-04-07T23:38:54.678+0000] {dagbag.py:536} INFO - Filling up the DagBag from /opt/airflow/dags/extract_exchange_rates.py
[2025-04-07T23:38:54.690+0000] {processor.py:839} INFO - DAG(s) dict_keys(['extract_exchange_rates']) retrieved from /opt/airflow/dags/extract_exchange_rates.py
[2025-04-07T23:38:54.705+0000] {logging_mixin.py:151} INFO - [2025-04-07T23:38:54.705+0000] {dag.py:2941} INFO - Sync 1 DAGs
[2025-04-07T23:38:54.715+0000] {logging_mixin.py:151} INFO - [2025-04-07T23:38:54.715+0000] {dag.py:3722} INFO - Setting next_dagrun for extract_exchange_rates to 2025-04-07T00:00:00+00:00, run_after=2025-04-08T00:00:00+00:00
[2025-04-07T23:38:54.723+0000] {processor.py:179} INFO - Processing /opt/airflow/dags/extract_exchange_rates.py took 0.048 seconds
[2025-04-07T23:39:24.896+0000] {processor.py:157} INFO - Started process (PID=479) to work on /opt/airflow/dags/extract_exchange_rates.py
[2025-04-07T23:39:24.897+0000] {processor.py:829} INFO - Processing file /opt/airflow/dags/extract_exchange_rates.py for tasks to queue
[2025-04-07T23:39:24.898+0000] {logging_mixin.py:151} INFO - [2025-04-07T23:39:24.897+0000] {dagbag.py:536} INFO - Filling up the DagBag from /opt/airflow/dags/extract_exchange_rates.py
[2025-04-07T23:39:24.909+0000] {processor.py:839} INFO - DAG(s) dict_keys(['extract_exchange_rates']) retrieved from /opt/airflow/dags/extract_exchange_rates.py
[2025-04-07T23:39:24.922+0000] {logging_mixin.py:151} INFO - [2025-04-07T23:39:24.922+0000] {dag.py:2941} INFO - Sync 1 DAGs
[2025-04-07T23:39:24.933+0000] {logging_mixin.py:151} INFO - [2025-04-07T23:39:24.933+0000] {dag.py:3722} INFO - Setting next_dagrun for extract_exchange_rates to 2025-04-07T00:00:00+00:00, run_after=2025-04-08T00:00:00+00:00
[2025-04-07T23:39:24.940+0000] {processor.py:179} INFO - Processing /opt/airflow/dags/extract_exchange_rates.py took 0.047 seconds
[2025-04-07T23:39:55.130+0000] {processor.py:157} INFO - Started process (PID=484) to work on /opt/airflow/dags/extract_exchange_rates.py
[2025-04-07T23:39:55.131+0000] {processor.py:829} INFO - Processing file /opt/airflow/dags/extract_exchange_rates.py for tasks to queue
[2025-04-07T23:39:55.132+0000] {logging_mixin.py:151} INFO - [2025-04-07T23:39:55.131+0000] {dagbag.py:536} INFO - Filling up the DagBag from /opt/airflow/dags/extract_exchange_rates.py
[2025-04-07T23:39:55.142+0000] {processor.py:839} INFO - DAG(s) dict_keys(['extract_exchange_rates']) retrieved from /opt/airflow/dags/extract_exchange_rates.py
[2025-04-07T23:39:55.155+0000] {logging_mixin.py:151} INFO - [2025-04-07T23:39:55.155+0000] {dag.py:2941} INFO - Sync 1 DAGs
[2025-04-07T23:39:55.165+0000] {logging_mixin.py:151} INFO - [2025-04-07T23:39:55.165+0000] {dag.py:3722} INFO - Setting next_dagrun for extract_exchange_rates to 2025-04-07T00:00:00+00:00, run_after=2025-04-08T00:00:00+00:00
[2025-04-07T23:39:55.172+0000] {processor.py:179} INFO - Processing /opt/airflow/dags/extract_exchange_rates.py took 0.044 seconds
[2025-04-07T23:40:25.390+0000] {processor.py:157} INFO - Started process (PID=489) to work on /opt/airflow/dags/extract_exchange_rates.py
[2025-04-07T23:40:25.391+0000] {processor.py:829} INFO - Processing file /opt/airflow/dags/extract_exchange_rates.py for tasks to queue
[2025-04-07T23:40:25.391+0000] {logging_mixin.py:151} INFO - [2025-04-07T23:40:25.391+0000] {dagbag.py:536} INFO - Filling up the DagBag from /opt/airflow/dags/extract_exchange_rates.py
[2025-04-07T23:40:25.403+0000] {processor.py:839} INFO - DAG(s) dict_keys(['extract_exchange_rates']) retrieved from /opt/airflow/dags/extract_exchange_rates.py
[2025-04-07T23:40:25.423+0000] {logging_mixin.py:151} INFO - [2025-04-07T23:40:25.423+0000] {dag.py:2941} INFO - Sync 1 DAGs
[2025-04-07T23:40:25.433+0000] {logging_mixin.py:151} INFO - [2025-04-07T23:40:25.433+0000] {dag.py:3722} INFO - Setting next_dagrun for extract_exchange_rates to 2025-04-07T00:00:00+00:00, run_after=2025-04-08T00:00:00+00:00
[2025-04-07T23:40:25.441+0000] {processor.py:179} INFO - Processing /opt/airflow/dags/extract_exchange_rates.py took 0.054 seconds
[2025-04-07T23:40:55.613+0000] {processor.py:157} INFO - Started process (PID=494) to work on /opt/airflow/dags/extract_exchange_rates.py
[2025-04-07T23:40:55.614+0000] {processor.py:829} INFO - Processing file /opt/airflow/dags/extract_exchange_rates.py for tasks to queue
[2025-04-07T23:40:55.615+0000] {logging_mixin.py:151} INFO - [2025-04-07T23:40:55.614+0000] {dagbag.py:536} INFO - Filling up the DagBag from /opt/airflow/dags/extract_exchange_rates.py
[2025-04-07T23:40:55.626+0000] {processor.py:839} INFO - DAG(s) dict_keys(['extract_exchange_rates']) retrieved from /opt/airflow/dags/extract_exchange_rates.py
[2025-04-07T23:40:55.640+0000] {logging_mixin.py:151} INFO - [2025-04-07T23:40:55.640+0000] {dag.py:2941} INFO - Sync 1 DAGs
[2025-04-07T23:40:55.650+0000] {logging_mixin.py:151} INFO - [2025-04-07T23:40:55.650+0000] {dag.py:3722} INFO - Setting next_dagrun for extract_exchange_rates to 2025-04-07T00:00:00+00:00, run_after=2025-04-08T00:00:00+00:00
[2025-04-07T23:40:55.658+0000] {processor.py:179} INFO - Processing /opt/airflow/dags/extract_exchange_rates.py took 0.049 seconds
[2025-04-07T23:41:25.866+0000] {processor.py:157} INFO - Started process (PID=499) to work on /opt/airflow/dags/extract_exchange_rates.py
[2025-04-07T23:41:25.867+0000] {processor.py:829} INFO - Processing file /opt/airflow/dags/extract_exchange_rates.py for tasks to queue
[2025-04-07T23:41:25.868+0000] {logging_mixin.py:151} INFO - [2025-04-07T23:41:25.867+0000] {dagbag.py:536} INFO - Filling up the DagBag from /opt/airflow/dags/extract_exchange_rates.py
[2025-04-07T23:41:25.879+0000] {processor.py:839} INFO - DAG(s) dict_keys(['extract_exchange_rates']) retrieved from /opt/airflow/dags/extract_exchange_rates.py
[2025-04-07T23:41:25.892+0000] {logging_mixin.py:151} INFO - [2025-04-07T23:41:25.892+0000] {dag.py:2941} INFO - Sync 1 DAGs
[2025-04-07T23:41:25.902+0000] {logging_mixin.py:151} INFO - [2025-04-07T23:41:25.902+0000] {dag.py:3722} INFO - Setting next_dagrun for extract_exchange_rates to 2025-04-07T00:00:00+00:00, run_after=2025-04-08T00:00:00+00:00
[2025-04-07T23:41:25.910+0000] {processor.py:179} INFO - Processing /opt/airflow/dags/extract_exchange_rates.py took 0.046 seconds
[2025-04-07T23:41:56.117+0000] {processor.py:157} INFO - Started process (PID=504) to work on /opt/airflow/dags/extract_exchange_rates.py
[2025-04-07T23:41:56.118+0000] {processor.py:829} INFO - Processing file /opt/airflow/dags/extract_exchange_rates.py for tasks to queue
[2025-04-07T23:41:56.119+0000] {logging_mixin.py:151} INFO - [2025-04-07T23:41:56.119+0000] {dagbag.py:536} INFO - Filling up the DagBag from /opt/airflow/dags/extract_exchange_rates.py
[2025-04-07T23:41:56.131+0000] {processor.py:839} INFO - DAG(s) dict_keys(['extract_exchange_rates']) retrieved from /opt/airflow/dags/extract_exchange_rates.py
[2025-04-07T23:41:56.147+0000] {logging_mixin.py:151} INFO - [2025-04-07T23:41:56.147+0000] {dag.py:2941} INFO - Sync 1 DAGs
[2025-04-07T23:41:56.158+0000] {logging_mixin.py:151} INFO - [2025-04-07T23:41:56.158+0000] {dag.py:3722} INFO - Setting next_dagrun for extract_exchange_rates to 2025-04-07T00:00:00+00:00, run_after=2025-04-08T00:00:00+00:00
[2025-04-07T23:41:56.166+0000] {processor.py:179} INFO - Processing /opt/airflow/dags/extract_exchange_rates.py took 0.051 seconds
[2025-04-07T23:42:26.376+0000] {processor.py:157} INFO - Started process (PID=509) to work on /opt/airflow/dags/extract_exchange_rates.py
[2025-04-07T23:42:26.377+0000] {processor.py:829} INFO - Processing file /opt/airflow/dags/extract_exchange_rates.py for tasks to queue
[2025-04-07T23:42:26.378+0000] {logging_mixin.py:151} INFO - [2025-04-07T23:42:26.377+0000] {dagbag.py:536} INFO - Filling up the DagBag from /opt/airflow/dags/extract_exchange_rates.py
[2025-04-07T23:42:26.388+0000] {processor.py:839} INFO - DAG(s) dict_keys(['extract_exchange_rates']) retrieved from /opt/airflow/dags/extract_exchange_rates.py
[2025-04-07T23:42:26.401+0000] {logging_mixin.py:151} INFO - [2025-04-07T23:42:26.401+0000] {dag.py:2941} INFO - Sync 1 DAGs
[2025-04-07T23:42:26.411+0000] {logging_mixin.py:151} INFO - [2025-04-07T23:42:26.411+0000] {dag.py:3722} INFO - Setting next_dagrun for extract_exchange_rates to 2025-04-07T00:00:00+00:00, run_after=2025-04-08T00:00:00+00:00
[2025-04-07T23:42:26.418+0000] {processor.py:179} INFO - Processing /opt/airflow/dags/extract_exchange_rates.py took 0.044 seconds
[2025-04-07T23:42:56.622+0000] {processor.py:157} INFO - Started process (PID=514) to work on /opt/airflow/dags/extract_exchange_rates.py
[2025-04-07T23:42:56.623+0000] {processor.py:829} INFO - Processing file /opt/airflow/dags/extract_exchange_rates.py for tasks to queue
[2025-04-07T23:42:56.623+0000] {logging_mixin.py:151} INFO - [2025-04-07T23:42:56.623+0000] {dagbag.py:536} INFO - Filling up the DagBag from /opt/airflow/dags/extract_exchange_rates.py
[2025-04-07T23:42:56.634+0000] {processor.py:839} INFO - DAG(s) dict_keys(['extract_exchange_rates']) retrieved from /opt/airflow/dags/extract_exchange_rates.py
[2025-04-07T23:42:56.647+0000] {logging_mixin.py:151} INFO - [2025-04-07T23:42:56.647+0000] {dag.py:2941} INFO - Sync 1 DAGs
[2025-04-07T23:42:56.657+0000] {logging_mixin.py:151} INFO - [2025-04-07T23:42:56.657+0000] {dag.py:3722} INFO - Setting next_dagrun for extract_exchange_rates to 2025-04-07T00:00:00+00:00, run_after=2025-04-08T00:00:00+00:00
[2025-04-07T23:42:56.664+0000] {processor.py:179} INFO - Processing /opt/airflow/dags/extract_exchange_rates.py took 0.044 seconds
[2025-04-07T23:43:26.868+0000] {processor.py:157} INFO - Started process (PID=519) to work on /opt/airflow/dags/extract_exchange_rates.py
[2025-04-07T23:43:26.869+0000] {processor.py:829} INFO - Processing file /opt/airflow/dags/extract_exchange_rates.py for tasks to queue
[2025-04-07T23:43:26.870+0000] {logging_mixin.py:151} INFO - [2025-04-07T23:43:26.869+0000] {dagbag.py:536} INFO - Filling up the DagBag from /opt/airflow/dags/extract_exchange_rates.py
[2025-04-07T23:43:26.880+0000] {processor.py:839} INFO - DAG(s) dict_keys(['extract_exchange_rates']) retrieved from /opt/airflow/dags/extract_exchange_rates.py
[2025-04-07T23:43:26.895+0000] {logging_mixin.py:151} INFO - [2025-04-07T23:43:26.895+0000] {dag.py:2941} INFO - Sync 1 DAGs
[2025-04-07T23:43:26.907+0000] {logging_mixin.py:151} INFO - [2025-04-07T23:43:26.907+0000] {dag.py:3722} INFO - Setting next_dagrun for extract_exchange_rates to 2025-04-07T00:00:00+00:00, run_after=2025-04-08T00:00:00+00:00
[2025-04-07T23:43:26.917+0000] {processor.py:179} INFO - Processing /opt/airflow/dags/extract_exchange_rates.py took 0.051 seconds
[2025-04-07T23:43:57.094+0000] {processor.py:157} INFO - Started process (PID=524) to work on /opt/airflow/dags/extract_exchange_rates.py
[2025-04-07T23:43:57.094+0000] {processor.py:829} INFO - Processing file /opt/airflow/dags/extract_exchange_rates.py for tasks to queue
[2025-04-07T23:43:57.096+0000] {logging_mixin.py:151} INFO - [2025-04-07T23:43:57.095+0000] {dagbag.py:536} INFO - Filling up the DagBag from /opt/airflow/dags/extract_exchange_rates.py
[2025-04-07T23:43:57.107+0000] {processor.py:839} INFO - DAG(s) dict_keys(['extract_exchange_rates']) retrieved from /opt/airflow/dags/extract_exchange_rates.py
[2025-04-07T23:43:57.122+0000] {logging_mixin.py:151} INFO - [2025-04-07T23:43:57.122+0000] {dag.py:2941} INFO - Sync 1 DAGs
[2025-04-07T23:43:57.132+0000] {logging_mixin.py:151} INFO - [2025-04-07T23:43:57.132+0000] {dag.py:3722} INFO - Setting next_dagrun for extract_exchange_rates to 2025-04-07T00:00:00+00:00, run_after=2025-04-08T00:00:00+00:00
[2025-04-07T23:43:57.139+0000] {processor.py:179} INFO - Processing /opt/airflow/dags/extract_exchange_rates.py took 0.049 seconds
[2025-04-07T23:44:27.326+0000] {processor.py:157} INFO - Started process (PID=529) to work on /opt/airflow/dags/extract_exchange_rates.py
[2025-04-07T23:44:27.327+0000] {processor.py:829} INFO - Processing file /opt/airflow/dags/extract_exchange_rates.py for tasks to queue
[2025-04-07T23:44:27.327+0000] {logging_mixin.py:151} INFO - [2025-04-07T23:44:27.327+0000] {dagbag.py:536} INFO - Filling up the DagBag from /opt/airflow/dags/extract_exchange_rates.py
[2025-04-07T23:44:27.337+0000] {processor.py:839} INFO - DAG(s) dict_keys(['extract_exchange_rates']) retrieved from /opt/airflow/dags/extract_exchange_rates.py
[2025-04-07T23:44:27.352+0000] {logging_mixin.py:151} INFO - [2025-04-07T23:44:27.352+0000] {dag.py:2941} INFO - Sync 1 DAGs
[2025-04-07T23:44:27.363+0000] {logging_mixin.py:151} INFO - [2025-04-07T23:44:27.363+0000] {dag.py:3722} INFO - Setting next_dagrun for extract_exchange_rates to 2025-04-07T00:00:00+00:00, run_after=2025-04-08T00:00:00+00:00
[2025-04-07T23:44:27.372+0000] {processor.py:179} INFO - Processing /opt/airflow/dags/extract_exchange_rates.py took 0.048 seconds
[2025-04-07T23:44:57.564+0000] {processor.py:157} INFO - Started process (PID=534) to work on /opt/airflow/dags/extract_exchange_rates.py
[2025-04-07T23:44:57.565+0000] {processor.py:829} INFO - Processing file /opt/airflow/dags/extract_exchange_rates.py for tasks to queue
[2025-04-07T23:44:57.566+0000] {logging_mixin.py:151} INFO - [2025-04-07T23:44:57.566+0000] {dagbag.py:536} INFO - Filling up the DagBag from /opt/airflow/dags/extract_exchange_rates.py
[2025-04-07T23:44:57.579+0000] {processor.py:839} INFO - DAG(s) dict_keys(['extract_exchange_rates']) retrieved from /opt/airflow/dags/extract_exchange_rates.py
[2025-04-07T23:44:57.595+0000] {logging_mixin.py:151} INFO - [2025-04-07T23:44:57.595+0000] {dag.py:2941} INFO - Sync 1 DAGs
[2025-04-07T23:44:57.605+0000] {logging_mixin.py:151} INFO - [2025-04-07T23:44:57.605+0000] {dag.py:3722} INFO - Setting next_dagrun for extract_exchange_rates to 2025-04-07T00:00:00+00:00, run_after=2025-04-08T00:00:00+00:00
[2025-04-07T23:44:57.612+0000] {processor.py:179} INFO - Processing /opt/airflow/dags/extract_exchange_rates.py took 0.051 seconds
[2025-04-07T23:45:27.785+0000] {processor.py:157} INFO - Started process (PID=539) to work on /opt/airflow/dags/extract_exchange_rates.py
[2025-04-07T23:45:27.786+0000] {processor.py:829} INFO - Processing file /opt/airflow/dags/extract_exchange_rates.py for tasks to queue
[2025-04-07T23:45:27.787+0000] {logging_mixin.py:151} INFO - [2025-04-07T23:45:27.786+0000] {dagbag.py:536} INFO - Filling up the DagBag from /opt/airflow/dags/extract_exchange_rates.py
[2025-04-07T23:45:27.797+0000] {processor.py:839} INFO - DAG(s) dict_keys(['extract_exchange_rates']) retrieved from /opt/airflow/dags/extract_exchange_rates.py
[2025-04-07T23:45:27.810+0000] {logging_mixin.py:151} INFO - [2025-04-07T23:45:27.810+0000] {dag.py:2941} INFO - Sync 1 DAGs
[2025-04-07T23:45:27.820+0000] {logging_mixin.py:151} INFO - [2025-04-07T23:45:27.819+0000] {dag.py:3722} INFO - Setting next_dagrun for extract_exchange_rates to 2025-04-07T00:00:00+00:00, run_after=2025-04-08T00:00:00+00:00
[2025-04-07T23:45:27.827+0000] {processor.py:179} INFO - Processing /opt/airflow/dags/extract_exchange_rates.py took 0.044 seconds
[2025-04-07T23:45:58.026+0000] {processor.py:157} INFO - Started process (PID=544) to work on /opt/airflow/dags/extract_exchange_rates.py
[2025-04-07T23:45:58.026+0000] {processor.py:829} INFO - Processing file /opt/airflow/dags/extract_exchange_rates.py for tasks to queue
[2025-04-07T23:45:58.027+0000] {logging_mixin.py:151} INFO - [2025-04-07T23:45:58.027+0000] {dagbag.py:536} INFO - Filling up the DagBag from /opt/airflow/dags/extract_exchange_rates.py
[2025-04-07T23:45:58.037+0000] {processor.py:839} INFO - DAG(s) dict_keys(['extract_exchange_rates']) retrieved from /opt/airflow/dags/extract_exchange_rates.py
[2025-04-07T23:45:58.051+0000] {logging_mixin.py:151} INFO - [2025-04-07T23:45:58.051+0000] {dag.py:2941} INFO - Sync 1 DAGs
[2025-04-07T23:45:58.062+0000] {logging_mixin.py:151} INFO - [2025-04-07T23:45:58.062+0000] {dag.py:3722} INFO - Setting next_dagrun for extract_exchange_rates to 2025-04-07T00:00:00+00:00, run_after=2025-04-08T00:00:00+00:00
[2025-04-07T23:45:58.071+0000] {processor.py:179} INFO - Processing /opt/airflow/dags/extract_exchange_rates.py took 0.048 seconds
[2025-04-07T23:46:28.260+0000] {processor.py:157} INFO - Started process (PID=549) to work on /opt/airflow/dags/extract_exchange_rates.py
[2025-04-07T23:46:28.260+0000] {processor.py:829} INFO - Processing file /opt/airflow/dags/extract_exchange_rates.py for tasks to queue
[2025-04-07T23:46:28.261+0000] {logging_mixin.py:151} INFO - [2025-04-07T23:46:28.261+0000] {dagbag.py:536} INFO - Filling up the DagBag from /opt/airflow/dags/extract_exchange_rates.py
[2025-04-07T23:46:28.271+0000] {processor.py:839} INFO - DAG(s) dict_keys(['extract_exchange_rates']) retrieved from /opt/airflow/dags/extract_exchange_rates.py
[2025-04-07T23:46:28.286+0000] {logging_mixin.py:151} INFO - [2025-04-07T23:46:28.286+0000] {dag.py:2941} INFO - Sync 1 DAGs
[2025-04-07T23:46:28.297+0000] {logging_mixin.py:151} INFO - [2025-04-07T23:46:28.297+0000] {dag.py:3722} INFO - Setting next_dagrun for extract_exchange_rates to 2025-04-07T00:00:00+00:00, run_after=2025-04-08T00:00:00+00:00
[2025-04-07T23:46:28.304+0000] {processor.py:179} INFO - Processing /opt/airflow/dags/extract_exchange_rates.py took 0.047 seconds
[2025-04-07T23:46:58.486+0000] {processor.py:157} INFO - Started process (PID=554) to work on /opt/airflow/dags/extract_exchange_rates.py
[2025-04-07T23:46:58.486+0000] {processor.py:829} INFO - Processing file /opt/airflow/dags/extract_exchange_rates.py for tasks to queue
[2025-04-07T23:46:58.487+0000] {logging_mixin.py:151} INFO - [2025-04-07T23:46:58.487+0000] {dagbag.py:536} INFO - Filling up the DagBag from /opt/airflow/dags/extract_exchange_rates.py
[2025-04-07T23:46:58.497+0000] {processor.py:839} INFO - DAG(s) dict_keys(['extract_exchange_rates']) retrieved from /opt/airflow/dags/extract_exchange_rates.py
[2025-04-07T23:46:58.511+0000] {logging_mixin.py:151} INFO - [2025-04-07T23:46:58.511+0000] {dag.py:2941} INFO - Sync 1 DAGs
[2025-04-07T23:46:58.522+0000] {logging_mixin.py:151} INFO - [2025-04-07T23:46:58.522+0000] {dag.py:3722} INFO - Setting next_dagrun for extract_exchange_rates to 2025-04-07T00:00:00+00:00, run_after=2025-04-08T00:00:00+00:00
[2025-04-07T23:46:58.530+0000] {processor.py:179} INFO - Processing /opt/airflow/dags/extract_exchange_rates.py took 0.047 seconds
[2025-04-07T23:47:28.716+0000] {processor.py:157} INFO - Started process (PID=559) to work on /opt/airflow/dags/extract_exchange_rates.py
[2025-04-07T23:47:28.718+0000] {processor.py:829} INFO - Processing file /opt/airflow/dags/extract_exchange_rates.py for tasks to queue
[2025-04-07T23:47:28.718+0000] {logging_mixin.py:151} INFO - [2025-04-07T23:47:28.718+0000] {dagbag.py:536} INFO - Filling up the DagBag from /opt/airflow/dags/extract_exchange_rates.py
[2025-04-07T23:47:28.730+0000] {processor.py:839} INFO - DAG(s) dict_keys(['extract_exchange_rates']) retrieved from /opt/airflow/dags/extract_exchange_rates.py
[2025-04-07T23:47:28.744+0000] {logging_mixin.py:151} INFO - [2025-04-07T23:47:28.744+0000] {dag.py:2941} INFO - Sync 1 DAGs
[2025-04-07T23:47:28.754+0000] {logging_mixin.py:151} INFO - [2025-04-07T23:47:28.754+0000] {dag.py:3722} INFO - Setting next_dagrun for extract_exchange_rates to 2025-04-07T00:00:00+00:00, run_after=2025-04-08T00:00:00+00:00
[2025-04-07T23:47:28.761+0000] {processor.py:179} INFO - Processing /opt/airflow/dags/extract_exchange_rates.py took 0.048 seconds
[2025-04-07T23:47:58.943+0000] {processor.py:157} INFO - Started process (PID=564) to work on /opt/airflow/dags/extract_exchange_rates.py
[2025-04-07T23:47:58.944+0000] {processor.py:829} INFO - Processing file /opt/airflow/dags/extract_exchange_rates.py for tasks to queue
[2025-04-07T23:47:58.945+0000] {logging_mixin.py:151} INFO - [2025-04-07T23:47:58.945+0000] {dagbag.py:536} INFO - Filling up the DagBag from /opt/airflow/dags/extract_exchange_rates.py
[2025-04-07T23:47:58.956+0000] {processor.py:839} INFO - DAG(s) dict_keys(['extract_exchange_rates']) retrieved from /opt/airflow/dags/extract_exchange_rates.py
[2025-04-07T23:47:58.968+0000] {logging_mixin.py:151} INFO - [2025-04-07T23:47:58.968+0000] {dag.py:2941} INFO - Sync 1 DAGs
[2025-04-07T23:47:58.978+0000] {logging_mixin.py:151} INFO - [2025-04-07T23:47:58.978+0000] {dag.py:3722} INFO - Setting next_dagrun for extract_exchange_rates to 2025-04-07T00:00:00+00:00, run_after=2025-04-08T00:00:00+00:00
[2025-04-07T23:47:58.985+0000] {processor.py:179} INFO - Processing /opt/airflow/dags/extract_exchange_rates.py took 0.045 seconds
[2025-04-07T23:48:29.205+0000] {processor.py:157} INFO - Started process (PID=569) to work on /opt/airflow/dags/extract_exchange_rates.py
[2025-04-07T23:48:29.206+0000] {processor.py:829} INFO - Processing file /opt/airflow/dags/extract_exchange_rates.py for tasks to queue
[2025-04-07T23:48:29.207+0000] {logging_mixin.py:151} INFO - [2025-04-07T23:48:29.206+0000] {dagbag.py:536} INFO - Filling up the DagBag from /opt/airflow/dags/extract_exchange_rates.py
[2025-04-07T23:48:29.217+0000] {processor.py:839} INFO - DAG(s) dict_keys(['extract_exchange_rates']) retrieved from /opt/airflow/dags/extract_exchange_rates.py
[2025-04-07T23:48:29.232+0000] {logging_mixin.py:151} INFO - [2025-04-07T23:48:29.232+0000] {dag.py:2941} INFO - Sync 1 DAGs
[2025-04-07T23:48:29.243+0000] {logging_mixin.py:151} INFO - [2025-04-07T23:48:29.243+0000] {dag.py:3722} INFO - Setting next_dagrun for extract_exchange_rates to 2025-04-07T00:00:00+00:00, run_after=2025-04-08T00:00:00+00:00
[2025-04-07T23:48:29.251+0000] {processor.py:179} INFO - Processing /opt/airflow/dags/extract_exchange_rates.py took 0.049 seconds
[2025-04-07T23:48:59.444+0000] {processor.py:157} INFO - Started process (PID=574) to work on /opt/airflow/dags/extract_exchange_rates.py
[2025-04-07T23:48:59.445+0000] {processor.py:829} INFO - Processing file /opt/airflow/dags/extract_exchange_rates.py for tasks to queue
[2025-04-07T23:48:59.446+0000] {logging_mixin.py:151} INFO - [2025-04-07T23:48:59.446+0000] {dagbag.py:536} INFO - Filling up the DagBag from /opt/airflow/dags/extract_exchange_rates.py
[2025-04-07T23:48:59.456+0000] {processor.py:839} INFO - DAG(s) dict_keys(['extract_exchange_rates']) retrieved from /opt/airflow/dags/extract_exchange_rates.py
[2025-04-07T23:48:59.472+0000] {logging_mixin.py:151} INFO - [2025-04-07T23:48:59.472+0000] {dag.py:2941} INFO - Sync 1 DAGs
[2025-04-07T23:48:59.481+0000] {logging_mixin.py:151} INFO - [2025-04-07T23:48:59.481+0000] {dag.py:3722} INFO - Setting next_dagrun for extract_exchange_rates to 2025-04-07T00:00:00+00:00, run_after=2025-04-08T00:00:00+00:00
[2025-04-07T23:48:59.489+0000] {processor.py:179} INFO - Processing /opt/airflow/dags/extract_exchange_rates.py took 0.047 seconds
[2025-04-07T23:49:29.675+0000] {processor.py:157} INFO - Started process (PID=579) to work on /opt/airflow/dags/extract_exchange_rates.py
[2025-04-07T23:49:29.675+0000] {processor.py:829} INFO - Processing file /opt/airflow/dags/extract_exchange_rates.py for tasks to queue
[2025-04-07T23:49:29.676+0000] {logging_mixin.py:151} INFO - [2025-04-07T23:49:29.676+0000] {dagbag.py:536} INFO - Filling up the DagBag from /opt/airflow/dags/extract_exchange_rates.py
[2025-04-07T23:49:29.686+0000] {processor.py:839} INFO - DAG(s) dict_keys(['extract_exchange_rates']) retrieved from /opt/airflow/dags/extract_exchange_rates.py
[2025-04-07T23:49:29.701+0000] {logging_mixin.py:151} INFO - [2025-04-07T23:49:29.701+0000] {dag.py:2941} INFO - Sync 1 DAGs
[2025-04-07T23:49:29.711+0000] {logging_mixin.py:151} INFO - [2025-04-07T23:49:29.711+0000] {dag.py:3722} INFO - Setting next_dagrun for extract_exchange_rates to 2025-04-07T00:00:00+00:00, run_after=2025-04-08T00:00:00+00:00
[2025-04-07T23:49:29.719+0000] {processor.py:179} INFO - Processing /opt/airflow/dags/extract_exchange_rates.py took 0.046 seconds
[2025-04-07T23:49:59.907+0000] {processor.py:157} INFO - Started process (PID=584) to work on /opt/airflow/dags/extract_exchange_rates.py
[2025-04-07T23:49:59.907+0000] {processor.py:829} INFO - Processing file /opt/airflow/dags/extract_exchange_rates.py for tasks to queue
[2025-04-07T23:49:59.908+0000] {logging_mixin.py:151} INFO - [2025-04-07T23:49:59.908+0000] {dagbag.py:536} INFO - Filling up the DagBag from /opt/airflow/dags/extract_exchange_rates.py
[2025-04-07T23:49:59.918+0000] {processor.py:839} INFO - DAG(s) dict_keys(['extract_exchange_rates']) retrieved from /opt/airflow/dags/extract_exchange_rates.py
[2025-04-07T23:49:59.933+0000] {logging_mixin.py:151} INFO - [2025-04-07T23:49:59.933+0000] {dag.py:2941} INFO - Sync 1 DAGs
[2025-04-07T23:49:59.943+0000] {logging_mixin.py:151} INFO - [2025-04-07T23:49:59.943+0000] {dag.py:3722} INFO - Setting next_dagrun for extract_exchange_rates to 2025-04-07T00:00:00+00:00, run_after=2025-04-08T00:00:00+00:00
[2025-04-07T23:49:59.950+0000] {processor.py:179} INFO - Processing /opt/airflow/dags/extract_exchange_rates.py took 0.046 seconds
[2025-04-07T23:50:30.145+0000] {processor.py:157} INFO - Started process (PID=589) to work on /opt/airflow/dags/extract_exchange_rates.py
[2025-04-07T23:50:30.146+0000] {processor.py:829} INFO - Processing file /opt/airflow/dags/extract_exchange_rates.py for tasks to queue
[2025-04-07T23:50:30.147+0000] {logging_mixin.py:151} INFO - [2025-04-07T23:50:30.147+0000] {dagbag.py:536} INFO - Filling up the DagBag from /opt/airflow/dags/extract_exchange_rates.py
[2025-04-07T23:50:30.158+0000] {processor.py:839} INFO - DAG(s) dict_keys(['extract_exchange_rates']) retrieved from /opt/airflow/dags/extract_exchange_rates.py
[2025-04-07T23:50:30.170+0000] {logging_mixin.py:151} INFO - [2025-04-07T23:50:30.170+0000] {dag.py:2941} INFO - Sync 1 DAGs
[2025-04-07T23:50:30.179+0000] {logging_mixin.py:151} INFO - [2025-04-07T23:50:30.179+0000] {dag.py:3722} INFO - Setting next_dagrun for extract_exchange_rates to 2025-04-07T00:00:00+00:00, run_after=2025-04-08T00:00:00+00:00
[2025-04-07T23:50:30.187+0000] {processor.py:179} INFO - Processing /opt/airflow/dags/extract_exchange_rates.py took 0.044 seconds
[2025-04-07T23:51:00.368+0000] {processor.py:157} INFO - Started process (PID=594) to work on /opt/airflow/dags/extract_exchange_rates.py
[2025-04-07T23:51:00.369+0000] {processor.py:829} INFO - Processing file /opt/airflow/dags/extract_exchange_rates.py for tasks to queue
[2025-04-07T23:51:00.369+0000] {logging_mixin.py:151} INFO - [2025-04-07T23:51:00.369+0000] {dagbag.py:536} INFO - Filling up the DagBag from /opt/airflow/dags/extract_exchange_rates.py
[2025-04-07T23:51:00.377+0000] {processor.py:839} INFO - DAG(s) dict_keys(['extract_exchange_rates']) retrieved from /opt/airflow/dags/extract_exchange_rates.py
[2025-04-07T23:51:00.388+0000] {logging_mixin.py:151} INFO - [2025-04-07T23:51:00.388+0000] {dag.py:2941} INFO - Sync 1 DAGs
[2025-04-07T23:51:00.396+0000] {logging_mixin.py:151} INFO - [2025-04-07T23:51:00.396+0000] {dag.py:3722} INFO - Setting next_dagrun for extract_exchange_rates to 2025-04-07T00:00:00+00:00, run_after=2025-04-08T00:00:00+00:00
[2025-04-07T23:51:00.403+0000] {processor.py:179} INFO - Processing /opt/airflow/dags/extract_exchange_rates.py took 0.036 seconds
[2025-04-07T23:51:30.601+0000] {processor.py:157} INFO - Started process (PID=599) to work on /opt/airflow/dags/extract_exchange_rates.py
[2025-04-07T23:51:30.602+0000] {processor.py:829} INFO - Processing file /opt/airflow/dags/extract_exchange_rates.py for tasks to queue
[2025-04-07T23:51:30.603+0000] {logging_mixin.py:151} INFO - [2025-04-07T23:51:30.602+0000] {dagbag.py:536} INFO - Filling up the DagBag from /opt/airflow/dags/extract_exchange_rates.py
[2025-04-07T23:51:30.613+0000] {processor.py:839} INFO - DAG(s) dict_keys(['extract_exchange_rates']) retrieved from /opt/airflow/dags/extract_exchange_rates.py
[2025-04-07T23:51:30.627+0000] {logging_mixin.py:151} INFO - [2025-04-07T23:51:30.627+0000] {dag.py:2941} INFO - Sync 1 DAGs
[2025-04-07T23:51:30.636+0000] {logging_mixin.py:151} INFO - [2025-04-07T23:51:30.636+0000] {dag.py:3722} INFO - Setting next_dagrun for extract_exchange_rates to 2025-04-07T00:00:00+00:00, run_after=2025-04-08T00:00:00+00:00
[2025-04-07T23:51:30.644+0000] {processor.py:179} INFO - Processing /opt/airflow/dags/extract_exchange_rates.py took 0.045 seconds
[2025-04-07T23:52:00.822+0000] {processor.py:157} INFO - Started process (PID=604) to work on /opt/airflow/dags/extract_exchange_rates.py
[2025-04-07T23:52:00.822+0000] {processor.py:829} INFO - Processing file /opt/airflow/dags/extract_exchange_rates.py for tasks to queue
[2025-04-07T23:52:00.822+0000] {logging_mixin.py:151} INFO - [2025-04-07T23:52:00.822+0000] {dagbag.py:536} INFO - Filling up the DagBag from /opt/airflow/dags/extract_exchange_rates.py
[2025-04-07T23:52:00.829+0000] {processor.py:839} INFO - DAG(s) dict_keys(['extract_exchange_rates']) retrieved from /opt/airflow/dags/extract_exchange_rates.py
[2025-04-07T23:52:00.840+0000] {logging_mixin.py:151} INFO - [2025-04-07T23:52:00.840+0000] {dag.py:2941} INFO - Sync 1 DAGs
[2025-04-07T23:52:00.849+0000] {logging_mixin.py:151} INFO - [2025-04-07T23:52:00.849+0000] {dag.py:3722} INFO - Setting next_dagrun for extract_exchange_rates to 2025-04-07T00:00:00+00:00, run_after=2025-04-08T00:00:00+00:00
[2025-04-07T23:52:00.856+0000] {processor.py:179} INFO - Processing /opt/airflow/dags/extract_exchange_rates.py took 0.036 seconds
[2025-04-07T23:52:31.045+0000] {processor.py:157} INFO - Started process (PID=609) to work on /opt/airflow/dags/extract_exchange_rates.py
[2025-04-07T23:52:31.046+0000] {processor.py:829} INFO - Processing file /opt/airflow/dags/extract_exchange_rates.py for tasks to queue
[2025-04-07T23:52:31.046+0000] {logging_mixin.py:151} INFO - [2025-04-07T23:52:31.046+0000] {dagbag.py:536} INFO - Filling up the DagBag from /opt/airflow/dags/extract_exchange_rates.py
[2025-04-07T23:52:31.059+0000] {processor.py:839} INFO - DAG(s) dict_keys(['extract_exchange_rates']) retrieved from /opt/airflow/dags/extract_exchange_rates.py
[2025-04-07T23:52:31.073+0000] {logging_mixin.py:151} INFO - [2025-04-07T23:52:31.073+0000] {dag.py:2941} INFO - Sync 1 DAGs
[2025-04-07T23:52:31.083+0000] {logging_mixin.py:151} INFO - [2025-04-07T23:52:31.083+0000] {dag.py:3722} INFO - Setting next_dagrun for extract_exchange_rates to 2025-04-07T00:00:00+00:00, run_after=2025-04-08T00:00:00+00:00
[2025-04-07T23:52:31.090+0000] {processor.py:179} INFO - Processing /opt/airflow/dags/extract_exchange_rates.py took 0.047 seconds
[2025-04-07T23:53:01.284+0000] {processor.py:157} INFO - Started process (PID=614) to work on /opt/airflow/dags/extract_exchange_rates.py
[2025-04-07T23:53:01.285+0000] {processor.py:829} INFO - Processing file /opt/airflow/dags/extract_exchange_rates.py for tasks to queue
[2025-04-07T23:53:01.285+0000] {logging_mixin.py:151} INFO - [2025-04-07T23:53:01.285+0000] {dagbag.py:536} INFO - Filling up the DagBag from /opt/airflow/dags/extract_exchange_rates.py
[2025-04-07T23:53:01.295+0000] {processor.py:839} INFO - DAG(s) dict_keys(['extract_exchange_rates']) retrieved from /opt/airflow/dags/extract_exchange_rates.py
[2025-04-07T23:53:01.310+0000] {logging_mixin.py:151} INFO - [2025-04-07T23:53:01.310+0000] {dag.py:2941} INFO - Sync 1 DAGs
[2025-04-07T23:53:01.321+0000] {logging_mixin.py:151} INFO - [2025-04-07T23:53:01.321+0000] {dag.py:3722} INFO - Setting next_dagrun for extract_exchange_rates to 2025-04-07T00:00:00+00:00, run_after=2025-04-08T00:00:00+00:00
[2025-04-07T23:53:01.328+0000] {processor.py:179} INFO - Processing /opt/airflow/dags/extract_exchange_rates.py took 0.046 seconds
[2025-04-07T23:53:31.535+0000] {processor.py:157} INFO - Started process (PID=619) to work on /opt/airflow/dags/extract_exchange_rates.py
[2025-04-07T23:53:31.537+0000] {processor.py:829} INFO - Processing file /opt/airflow/dags/extract_exchange_rates.py for tasks to queue
[2025-04-07T23:53:31.537+0000] {logging_mixin.py:151} INFO - [2025-04-07T23:53:31.537+0000] {dagbag.py:536} INFO - Filling up the DagBag from /opt/airflow/dags/extract_exchange_rates.py
[2025-04-07T23:53:31.548+0000] {processor.py:839} INFO - DAG(s) dict_keys(['extract_exchange_rates']) retrieved from /opt/airflow/dags/extract_exchange_rates.py
[2025-04-07T23:53:31.563+0000] {logging_mixin.py:151} INFO - [2025-04-07T23:53:31.563+0000] {dag.py:2941} INFO - Sync 1 DAGs
[2025-04-07T23:53:31.573+0000] {logging_mixin.py:151} INFO - [2025-04-07T23:53:31.573+0000] {dag.py:3722} INFO - Setting next_dagrun for extract_exchange_rates to 2025-04-07T00:00:00+00:00, run_after=2025-04-08T00:00:00+00:00
[2025-04-07T23:53:31.579+0000] {processor.py:179} INFO - Processing /opt/airflow/dags/extract_exchange_rates.py took 0.048 seconds
[2025-04-07T23:54:01.776+0000] {processor.py:157} INFO - Started process (PID=624) to work on /opt/airflow/dags/extract_exchange_rates.py
[2025-04-07T23:54:01.777+0000] {processor.py:829} INFO - Processing file /opt/airflow/dags/extract_exchange_rates.py for tasks to queue
[2025-04-07T23:54:01.778+0000] {logging_mixin.py:151} INFO - [2025-04-07T23:54:01.777+0000] {dagbag.py:536} INFO - Filling up the DagBag from /opt/airflow/dags/extract_exchange_rates.py
[2025-04-07T23:54:01.789+0000] {processor.py:839} INFO - DAG(s) dict_keys(['extract_exchange_rates']) retrieved from /opt/airflow/dags/extract_exchange_rates.py
[2025-04-07T23:54:01.802+0000] {logging_mixin.py:151} INFO - [2025-04-07T23:54:01.802+0000] {dag.py:2941} INFO - Sync 1 DAGs
[2025-04-07T23:54:01.811+0000] {logging_mixin.py:151} INFO - [2025-04-07T23:54:01.811+0000] {dag.py:3722} INFO - Setting next_dagrun for extract_exchange_rates to 2025-04-07T00:00:00+00:00, run_after=2025-04-08T00:00:00+00:00
[2025-04-07T23:54:01.819+0000] {processor.py:179} INFO - Processing /opt/airflow/dags/extract_exchange_rates.py took 0.045 seconds
[2025-04-07T23:54:31.999+0000] {processor.py:157} INFO - Started process (PID=629) to work on /opt/airflow/dags/extract_exchange_rates.py
[2025-04-07T23:54:32.000+0000] {processor.py:829} INFO - Processing file /opt/airflow/dags/extract_exchange_rates.py for tasks to queue
[2025-04-07T23:54:32.000+0000] {logging_mixin.py:151} INFO - [2025-04-07T23:54:32.000+0000] {dagbag.py:536} INFO - Filling up the DagBag from /opt/airflow/dags/extract_exchange_rates.py
[2025-04-07T23:54:32.011+0000] {processor.py:839} INFO - DAG(s) dict_keys(['extract_exchange_rates']) retrieved from /opt/airflow/dags/extract_exchange_rates.py
[2025-04-07T23:54:32.027+0000] {logging_mixin.py:151} INFO - [2025-04-07T23:54:32.027+0000] {dag.py:2941} INFO - Sync 1 DAGs
[2025-04-07T23:54:32.037+0000] {logging_mixin.py:151} INFO - [2025-04-07T23:54:32.037+0000] {dag.py:3722} INFO - Setting next_dagrun for extract_exchange_rates to 2025-04-07T00:00:00+00:00, run_after=2025-04-08T00:00:00+00:00
[2025-04-07T23:54:32.044+0000] {processor.py:179} INFO - Processing /opt/airflow/dags/extract_exchange_rates.py took 0.049 seconds
[2025-04-07T23:55:02.248+0000] {processor.py:157} INFO - Started process (PID=634) to work on /opt/airflow/dags/extract_exchange_rates.py
[2025-04-07T23:55:02.249+0000] {processor.py:829} INFO - Processing file /opt/airflow/dags/extract_exchange_rates.py for tasks to queue
[2025-04-07T23:55:02.249+0000] {logging_mixin.py:151} INFO - [2025-04-07T23:55:02.249+0000] {dagbag.py:536} INFO - Filling up the DagBag from /opt/airflow/dags/extract_exchange_rates.py
[2025-04-07T23:55:02.260+0000] {processor.py:839} INFO - DAG(s) dict_keys(['extract_exchange_rates']) retrieved from /opt/airflow/dags/extract_exchange_rates.py
[2025-04-07T23:55:02.273+0000] {logging_mixin.py:151} INFO - [2025-04-07T23:55:02.272+0000] {dag.py:2941} INFO - Sync 1 DAGs
[2025-04-07T23:55:02.282+0000] {logging_mixin.py:151} INFO - [2025-04-07T23:55:02.282+0000] {dag.py:3722} INFO - Setting next_dagrun for extract_exchange_rates to 2025-04-07T00:00:00+00:00, run_after=2025-04-08T00:00:00+00:00
[2025-04-07T23:55:02.290+0000] {processor.py:179} INFO - Processing /opt/airflow/dags/extract_exchange_rates.py took 0.045 seconds
[2025-04-07T23:55:32.489+0000] {processor.py:157} INFO - Started process (PID=639) to work on /opt/airflow/dags/extract_exchange_rates.py
[2025-04-07T23:55:32.489+0000] {processor.py:829} INFO - Processing file /opt/airflow/dags/extract_exchange_rates.py for tasks to queue
[2025-04-07T23:55:32.490+0000] {logging_mixin.py:151} INFO - [2025-04-07T23:55:32.490+0000] {dagbag.py:536} INFO - Filling up the DagBag from /opt/airflow/dags/extract_exchange_rates.py
[2025-04-07T23:55:32.499+0000] {processor.py:839} INFO - DAG(s) dict_keys(['extract_exchange_rates']) retrieved from /opt/airflow/dags/extract_exchange_rates.py
[2025-04-07T23:55:32.512+0000] {logging_mixin.py:151} INFO - [2025-04-07T23:55:32.512+0000] {dag.py:2941} INFO - Sync 1 DAGs
[2025-04-07T23:55:32.523+0000] {logging_mixin.py:151} INFO - [2025-04-07T23:55:32.523+0000] {dag.py:3722} INFO - Setting next_dagrun for extract_exchange_rates to 2025-04-07T00:00:00+00:00, run_after=2025-04-08T00:00:00+00:00
[2025-04-07T23:55:32.531+0000] {processor.py:179} INFO - Processing /opt/airflow/dags/extract_exchange_rates.py took 0.044 seconds
[2025-04-07T23:56:02.720+0000] {processor.py:157} INFO - Started process (PID=644) to work on /opt/airflow/dags/extract_exchange_rates.py
[2025-04-07T23:56:02.720+0000] {processor.py:829} INFO - Processing file /opt/airflow/dags/extract_exchange_rates.py for tasks to queue
[2025-04-07T23:56:02.721+0000] {logging_mixin.py:151} INFO - [2025-04-07T23:56:02.721+0000] {dagbag.py:536} INFO - Filling up the DagBag from /opt/airflow/dags/extract_exchange_rates.py
[2025-04-07T23:56:02.732+0000] {processor.py:839} INFO - DAG(s) dict_keys(['extract_exchange_rates']) retrieved from /opt/airflow/dags/extract_exchange_rates.py
[2025-04-07T23:56:02.747+0000] {logging_mixin.py:151} INFO - [2025-04-07T23:56:02.746+0000] {dag.py:2941} INFO - Sync 1 DAGs
[2025-04-07T23:56:02.762+0000] {logging_mixin.py:151} INFO - [2025-04-07T23:56:02.762+0000] {dag.py:3722} INFO - Setting next_dagrun for extract_exchange_rates to 2025-04-07T00:00:00+00:00, run_after=2025-04-08T00:00:00+00:00
[2025-04-07T23:56:02.772+0000] {processor.py:179} INFO - Processing /opt/airflow/dags/extract_exchange_rates.py took 0.055 seconds
[2025-04-07T23:56:33.001+0000] {processor.py:157} INFO - Started process (PID=649) to work on /opt/airflow/dags/extract_exchange_rates.py
[2025-04-07T23:56:33.002+0000] {processor.py:829} INFO - Processing file /opt/airflow/dags/extract_exchange_rates.py for tasks to queue
[2025-04-07T23:56:33.003+0000] {logging_mixin.py:151} INFO - [2025-04-07T23:56:33.002+0000] {dagbag.py:536} INFO - Filling up the DagBag from /opt/airflow/dags/extract_exchange_rates.py
[2025-04-07T23:56:33.014+0000] {processor.py:839} INFO - DAG(s) dict_keys(['extract_exchange_rates']) retrieved from /opt/airflow/dags/extract_exchange_rates.py
[2025-04-07T23:56:33.030+0000] {logging_mixin.py:151} INFO - [2025-04-07T23:56:33.030+0000] {dag.py:2941} INFO - Sync 1 DAGs
[2025-04-07T23:56:33.040+0000] {logging_mixin.py:151} INFO - [2025-04-07T23:56:33.040+0000] {dag.py:3722} INFO - Setting next_dagrun for extract_exchange_rates to 2025-04-07T00:00:00+00:00, run_after=2025-04-08T00:00:00+00:00
[2025-04-07T23:56:33.047+0000] {processor.py:179} INFO - Processing /opt/airflow/dags/extract_exchange_rates.py took 0.048 seconds
[2025-04-07T23:57:03.270+0000] {processor.py:157} INFO - Started process (PID=654) to work on /opt/airflow/dags/extract_exchange_rates.py
[2025-04-07T23:57:03.271+0000] {processor.py:829} INFO - Processing file /opt/airflow/dags/extract_exchange_rates.py for tasks to queue
[2025-04-07T23:57:03.272+0000] {logging_mixin.py:151} INFO - [2025-04-07T23:57:03.272+0000] {dagbag.py:536} INFO - Filling up the DagBag from /opt/airflow/dags/extract_exchange_rates.py
[2025-04-07T23:57:03.283+0000] {processor.py:839} INFO - DAG(s) dict_keys(['extract_exchange_rates']) retrieved from /opt/airflow/dags/extract_exchange_rates.py
[2025-04-07T23:57:03.297+0000] {logging_mixin.py:151} INFO - [2025-04-07T23:57:03.297+0000] {dag.py:2941} INFO - Sync 1 DAGs
[2025-04-07T23:57:03.307+0000] {logging_mixin.py:151} INFO - [2025-04-07T23:57:03.307+0000] {dag.py:3722} INFO - Setting next_dagrun for extract_exchange_rates to 2025-04-07T00:00:00+00:00, run_after=2025-04-08T00:00:00+00:00
[2025-04-07T23:57:03.314+0000] {processor.py:179} INFO - Processing /opt/airflow/dags/extract_exchange_rates.py took 0.047 seconds
[2025-04-07T23:57:33.525+0000] {processor.py:157} INFO - Started process (PID=659) to work on /opt/airflow/dags/extract_exchange_rates.py
[2025-04-07T23:57:33.525+0000] {processor.py:829} INFO - Processing file /opt/airflow/dags/extract_exchange_rates.py for tasks to queue
[2025-04-07T23:57:33.526+0000] {logging_mixin.py:151} INFO - [2025-04-07T23:57:33.526+0000] {dagbag.py:536} INFO - Filling up the DagBag from /opt/airflow/dags/extract_exchange_rates.py
[2025-04-07T23:57:33.535+0000] {processor.py:839} INFO - DAG(s) dict_keys(['extract_exchange_rates']) retrieved from /opt/airflow/dags/extract_exchange_rates.py
[2025-04-07T23:57:33.545+0000] {logging_mixin.py:151} INFO - [2025-04-07T23:57:33.545+0000] {dag.py:2941} INFO - Sync 1 DAGs
[2025-04-07T23:57:33.553+0000] {logging_mixin.py:151} INFO - [2025-04-07T23:57:33.553+0000] {dag.py:3722} INFO - Setting next_dagrun for extract_exchange_rates to 2025-04-07T00:00:00+00:00, run_after=2025-04-08T00:00:00+00:00
[2025-04-07T23:57:33.560+0000] {processor.py:179} INFO - Processing /opt/airflow/dags/extract_exchange_rates.py took 0.036 seconds
[2025-04-07T23:58:03.735+0000] {processor.py:157} INFO - Started process (PID=664) to work on /opt/airflow/dags/extract_exchange_rates.py
[2025-04-07T23:58:03.735+0000] {processor.py:829} INFO - Processing file /opt/airflow/dags/extract_exchange_rates.py for tasks to queue
[2025-04-07T23:58:03.736+0000] {logging_mixin.py:151} INFO - [2025-04-07T23:58:03.736+0000] {dagbag.py:536} INFO - Filling up the DagBag from /opt/airflow/dags/extract_exchange_rates.py
[2025-04-07T23:58:03.744+0000] {processor.py:839} INFO - DAG(s) dict_keys(['extract_exchange_rates']) retrieved from /opt/airflow/dags/extract_exchange_rates.py
[2025-04-07T23:58:03.758+0000] {logging_mixin.py:151} INFO - [2025-04-07T23:58:03.758+0000] {dag.py:2941} INFO - Sync 1 DAGs
[2025-04-07T23:58:03.769+0000] {logging_mixin.py:151} INFO - [2025-04-07T23:58:03.769+0000] {dag.py:3722} INFO - Setting next_dagrun for extract_exchange_rates to 2025-04-07T00:00:00+00:00, run_after=2025-04-08T00:00:00+00:00
[2025-04-07T23:58:03.777+0000] {processor.py:179} INFO - Processing /opt/airflow/dags/extract_exchange_rates.py took 0.045 seconds
[2025-04-07T23:58:33.960+0000] {processor.py:157} INFO - Started process (PID=669) to work on /opt/airflow/dags/extract_exchange_rates.py
[2025-04-07T23:58:33.960+0000] {processor.py:829} INFO - Processing file /opt/airflow/dags/extract_exchange_rates.py for tasks to queue
[2025-04-07T23:58:33.961+0000] {logging_mixin.py:151} INFO - [2025-04-07T23:58:33.961+0000] {dagbag.py:536} INFO - Filling up the DagBag from /opt/airflow/dags/extract_exchange_rates.py
[2025-04-07T23:58:33.972+0000] {processor.py:839} INFO - DAG(s) dict_keys(['extract_exchange_rates']) retrieved from /opt/airflow/dags/extract_exchange_rates.py
[2025-04-07T23:58:33.988+0000] {logging_mixin.py:151} INFO - [2025-04-07T23:58:33.988+0000] {dag.py:2941} INFO - Sync 1 DAGs
[2025-04-07T23:58:33.998+0000] {logging_mixin.py:151} INFO - [2025-04-07T23:58:33.998+0000] {dag.py:3722} INFO - Setting next_dagrun for extract_exchange_rates to 2025-04-07T00:00:00+00:00, run_after=2025-04-08T00:00:00+00:00
[2025-04-07T23:58:34.006+0000] {processor.py:179} INFO - Processing /opt/airflow/dags/extract_exchange_rates.py took 0.049 seconds
[2025-04-07T23:59:04.169+0000] {processor.py:157} INFO - Started process (PID=674) to work on /opt/airflow/dags/extract_exchange_rates.py
[2025-04-07T23:59:04.170+0000] {processor.py:829} INFO - Processing file /opt/airflow/dags/extract_exchange_rates.py for tasks to queue
[2025-04-07T23:59:04.171+0000] {logging_mixin.py:151} INFO - [2025-04-07T23:59:04.170+0000] {dagbag.py:536} INFO - Filling up the DagBag from /opt/airflow/dags/extract_exchange_rates.py
[2025-04-07T23:59:04.179+0000] {processor.py:839} INFO - DAG(s) dict_keys(['extract_exchange_rates']) retrieved from /opt/airflow/dags/extract_exchange_rates.py
[2025-04-07T23:59:04.193+0000] {logging_mixin.py:151} INFO - [2025-04-07T23:59:04.193+0000] {dag.py:2941} INFO - Sync 1 DAGs
[2025-04-07T23:59:04.203+0000] {logging_mixin.py:151} INFO - [2025-04-07T23:59:04.203+0000] {dag.py:3722} INFO - Setting next_dagrun for extract_exchange_rates to 2025-04-07T00:00:00+00:00, run_after=2025-04-08T00:00:00+00:00
[2025-04-07T23:59:04.211+0000] {processor.py:179} INFO - Processing /opt/airflow/dags/extract_exchange_rates.py took 0.044 seconds
[2025-04-07T23:59:34.415+0000] {processor.py:157} INFO - Started process (PID=679) to work on /opt/airflow/dags/extract_exchange_rates.py
[2025-04-07T23:59:34.416+0000] {processor.py:829} INFO - Processing file /opt/airflow/dags/extract_exchange_rates.py for tasks to queue
[2025-04-07T23:59:34.417+0000] {logging_mixin.py:151} INFO - [2025-04-07T23:59:34.417+0000] {dagbag.py:536} INFO - Filling up the DagBag from /opt/airflow/dags/extract_exchange_rates.py
[2025-04-07T23:59:34.428+0000] {processor.py:839} INFO - DAG(s) dict_keys(['extract_exchange_rates']) retrieved from /opt/airflow/dags/extract_exchange_rates.py
[2025-04-07T23:59:34.444+0000] {logging_mixin.py:151} INFO - [2025-04-07T23:59:34.443+0000] {dag.py:2941} INFO - Sync 1 DAGs
[2025-04-07T23:59:34.455+0000] {logging_mixin.py:151} INFO - [2025-04-07T23:59:34.454+0000] {dag.py:3722} INFO - Setting next_dagrun for extract_exchange_rates to 2025-04-07T00:00:00+00:00, run_after=2025-04-08T00:00:00+00:00
[2025-04-07T23:59:34.462+0000] {processor.py:179} INFO - Processing /opt/airflow/dags/extract_exchange_rates.py took 0.050 seconds
