[2025-04-10T00:40:47.961+0000] {processor.py:157} INFO - Started process (PID=378) to work on /opt/airflow/dags/extract_exchange_rates.py
[2025-04-10T00:40:47.962+0000] {processor.py:829} INFO - Processing file /opt/airflow/dags/extract_exchange_rates.py for tasks to queue
[2025-04-10T00:40:47.962+0000] {logging_mixin.py:151} INFO - [2025-04-10T00:40:47.962+0000] {dagbag.py:536} INFO - Filling up the DagBag from /opt/airflow/dags/extract_exchange_rates.py
[2025-04-10T00:40:47.970+0000] {processor.py:839} INFO - DAG(s) dict_keys(['extract_exchange_rates']) retrieved from /opt/airflow/dags/extract_exchange_rates.py
[2025-04-10T00:40:47.982+0000] {logging_mixin.py:151} INFO - [2025-04-10T00:40:47.982+0000] {dag.py:2941} INFO - Sync 1 DAGs
[2025-04-10T00:40:47.991+0000] {logging_mixin.py:151} INFO - [2025-04-10T00:40:47.991+0000] {dag.py:3722} INFO - Setting next_dagrun for extract_exchange_rates to 2025-04-10T00:00:00+00:00, run_after=2025-04-11T00:00:00+00:00
[2025-04-10T00:40:47.998+0000] {processor.py:179} INFO - Processing /opt/airflow/dags/extract_exchange_rates.py took 0.038 seconds
[2025-04-10T01:29:56.903+0000] {processor.py:157} INFO - Started process (PID=383) to work on /opt/airflow/dags/extract_exchange_rates.py
[2025-04-10T01:29:56.903+0000] {processor.py:829} INFO - Processing file /opt/airflow/dags/extract_exchange_rates.py for tasks to queue
[2025-04-10T01:29:56.904+0000] {logging_mixin.py:151} INFO - [2025-04-10T01:29:56.903+0000] {dagbag.py:536} INFO - Filling up the DagBag from /opt/airflow/dags/extract_exchange_rates.py
[2025-04-10T01:29:56.912+0000] {processor.py:839} INFO - DAG(s) dict_keys(['extract_exchange_rates']) retrieved from /opt/airflow/dags/extract_exchange_rates.py
[2025-04-10T01:29:56.925+0000] {logging_mixin.py:151} INFO - [2025-04-10T01:29:56.925+0000] {dag.py:2941} INFO - Sync 1 DAGs
[2025-04-10T01:29:56.934+0000] {logging_mixin.py:151} INFO - [2025-04-10T01:29:56.934+0000] {dag.py:3722} INFO - Setting next_dagrun for extract_exchange_rates to 2025-04-10T00:00:00+00:00, run_after=2025-04-11T00:00:00+00:00
[2025-04-10T01:29:56.941+0000] {processor.py:179} INFO - Processing /opt/airflow/dags/extract_exchange_rates.py took 0.040 seconds
[2025-04-10T02:14:58.687+0000] {processor.py:157} INFO - Started process (PID=390) to work on /opt/airflow/dags/extract_exchange_rates.py
[2025-04-10T02:14:58.687+0000] {processor.py:829} INFO - Processing file /opt/airflow/dags/extract_exchange_rates.py for tasks to queue
[2025-04-10T02:14:58.688+0000] {logging_mixin.py:151} INFO - [2025-04-10T02:14:58.688+0000] {dagbag.py:536} INFO - Filling up the DagBag from /opt/airflow/dags/extract_exchange_rates.py
[2025-04-10T02:14:58.695+0000] {processor.py:839} INFO - DAG(s) dict_keys(['extract_exchange_rates']) retrieved from /opt/airflow/dags/extract_exchange_rates.py
[2025-04-10T02:14:58.706+0000] {logging_mixin.py:151} INFO - [2025-04-10T02:14:58.706+0000] {dag.py:2941} INFO - Sync 1 DAGs
[2025-04-10T02:14:58.716+0000] {logging_mixin.py:151} INFO - [2025-04-10T02:14:58.716+0000] {dag.py:3722} INFO - Setting next_dagrun for extract_exchange_rates to 2025-04-10T00:00:00+00:00, run_after=2025-04-11T00:00:00+00:00
[2025-04-10T02:14:58.722+0000] {processor.py:179} INFO - Processing /opt/airflow/dags/extract_exchange_rates.py took 0.037 seconds
[2025-04-10T02:59:55.434+0000] {processor.py:157} INFO - Started process (PID=395) to work on /opt/airflow/dags/extract_exchange_rates.py
[2025-04-10T02:59:55.435+0000] {processor.py:829} INFO - Processing file /opt/airflow/dags/extract_exchange_rates.py for tasks to queue
[2025-04-10T02:59:55.435+0000] {logging_mixin.py:151} INFO - [2025-04-10T02:59:55.435+0000] {dagbag.py:536} INFO - Filling up the DagBag from /opt/airflow/dags/extract_exchange_rates.py
[2025-04-10T02:59:55.443+0000] {processor.py:839} INFO - DAG(s) dict_keys(['extract_exchange_rates']) retrieved from /opt/airflow/dags/extract_exchange_rates.py
[2025-04-10T02:59:55.454+0000] {logging_mixin.py:151} INFO - [2025-04-10T02:59:55.454+0000] {dag.py:2941} INFO - Sync 1 DAGs
[2025-04-10T02:59:55.463+0000] {logging_mixin.py:151} INFO - [2025-04-10T02:59:55.463+0000] {dag.py:3722} INFO - Setting next_dagrun for extract_exchange_rates to 2025-04-10T00:00:00+00:00, run_after=2025-04-11T00:00:00+00:00
[2025-04-10T02:59:55.470+0000] {processor.py:179} INFO - Processing /opt/airflow/dags/extract_exchange_rates.py took 0.037 seconds
[2025-04-10T03:43:59.940+0000] {processor.py:157} INFO - Started process (PID=402) to work on /opt/airflow/dags/extract_exchange_rates.py
[2025-04-10T03:43:59.940+0000] {processor.py:829} INFO - Processing file /opt/airflow/dags/extract_exchange_rates.py for tasks to queue
[2025-04-10T03:43:59.941+0000] {logging_mixin.py:151} INFO - [2025-04-10T03:43:59.941+0000] {dagbag.py:536} INFO - Filling up the DagBag from /opt/airflow/dags/extract_exchange_rates.py
[2025-04-10T03:43:59.949+0000] {processor.py:839} INFO - DAG(s) dict_keys(['extract_exchange_rates']) retrieved from /opt/airflow/dags/extract_exchange_rates.py
[2025-04-10T03:43:59.960+0000] {logging_mixin.py:151} INFO - [2025-04-10T03:43:59.960+0000] {dag.py:2941} INFO - Sync 1 DAGs
[2025-04-10T03:43:59.969+0000] {logging_mixin.py:151} INFO - [2025-04-10T03:43:59.969+0000] {dag.py:3722} INFO - Setting next_dagrun for extract_exchange_rates to 2025-04-10T00:00:00+00:00, run_after=2025-04-11T00:00:00+00:00
[2025-04-10T03:43:59.976+0000] {processor.py:179} INFO - Processing /opt/airflow/dags/extract_exchange_rates.py took 0.037 seconds
[2025-04-10T04:44:54.210+0000] {processor.py:157} INFO - Started process (PID=407) to work on /opt/airflow/dags/extract_exchange_rates.py
[2025-04-10T04:44:54.211+0000] {processor.py:829} INFO - Processing file /opt/airflow/dags/extract_exchange_rates.py for tasks to queue
[2025-04-10T04:44:54.211+0000] {logging_mixin.py:151} INFO - [2025-04-10T04:44:54.211+0000] {dagbag.py:536} INFO - Filling up the DagBag from /opt/airflow/dags/extract_exchange_rates.py
[2025-04-10T04:44:54.223+0000] {processor.py:839} INFO - DAG(s) dict_keys(['extract_exchange_rates']) retrieved from /opt/airflow/dags/extract_exchange_rates.py
[2025-04-10T04:44:54.235+0000] {logging_mixin.py:151} INFO - [2025-04-10T04:44:54.235+0000] {dag.py:2941} INFO - Sync 1 DAGs
[2025-04-10T04:44:54.244+0000] {logging_mixin.py:151} INFO - [2025-04-10T04:44:54.244+0000] {dag.py:3722} INFO - Setting next_dagrun for extract_exchange_rates to 2025-04-10T00:00:00+00:00, run_after=2025-04-11T00:00:00+00:00
[2025-04-10T04:44:54.251+0000] {processor.py:179} INFO - Processing /opt/airflow/dags/extract_exchange_rates.py took 0.043 seconds
[2025-04-10T04:51:09.931+0000] {processor.py:157} INFO - Started process (PID=413) to work on /opt/airflow/dags/extract_exchange_rates.py
[2025-04-10T04:51:09.932+0000] {processor.py:829} INFO - Processing file /opt/airflow/dags/extract_exchange_rates.py for tasks to queue
[2025-04-10T04:51:09.932+0000] {logging_mixin.py:151} INFO - [2025-04-10T04:51:09.932+0000] {dagbag.py:536} INFO - Filling up the DagBag from /opt/airflow/dags/extract_exchange_rates.py
[2025-04-10T04:51:09.940+0000] {processor.py:839} INFO - DAG(s) dict_keys(['extract_exchange_rates']) retrieved from /opt/airflow/dags/extract_exchange_rates.py
[2025-04-10T04:51:09.951+0000] {logging_mixin.py:151} INFO - [2025-04-10T04:51:09.951+0000] {dag.py:2941} INFO - Sync 1 DAGs
[2025-04-10T04:51:09.960+0000] {logging_mixin.py:151} INFO - [2025-04-10T04:51:09.960+0000] {dag.py:3722} INFO - Setting next_dagrun for extract_exchange_rates to 2025-04-10T00:00:00+00:00, run_after=2025-04-11T00:00:00+00:00
[2025-04-10T04:51:09.967+0000] {processor.py:179} INFO - Processing /opt/airflow/dags/extract_exchange_rates.py took 0.037 seconds
[2025-04-10T05:25:50.499+0000] {processor.py:157} INFO - Started process (PID=419) to work on /opt/airflow/dags/extract_exchange_rates.py
[2025-04-10T05:25:50.500+0000] {processor.py:829} INFO - Processing file /opt/airflow/dags/extract_exchange_rates.py for tasks to queue
[2025-04-10T05:25:50.500+0000] {logging_mixin.py:151} INFO - [2025-04-10T05:25:50.500+0000] {dagbag.py:536} INFO - Filling up the DagBag from /opt/airflow/dags/extract_exchange_rates.py
[2025-04-10T05:25:50.509+0000] {processor.py:839} INFO - DAG(s) dict_keys(['extract_exchange_rates']) retrieved from /opt/airflow/dags/extract_exchange_rates.py
[2025-04-10T05:25:50.523+0000] {logging_mixin.py:151} INFO - [2025-04-10T05:25:50.522+0000] {dag.py:2941} INFO - Sync 1 DAGs
[2025-04-10T05:25:50.534+0000] {logging_mixin.py:151} INFO - [2025-04-10T05:25:50.534+0000] {dag.py:3722} INFO - Setting next_dagrun for extract_exchange_rates to 2025-04-10T00:00:00+00:00, run_after=2025-04-11T00:00:00+00:00
[2025-04-10T05:25:50.542+0000] {processor.py:179} INFO - Processing /opt/airflow/dags/extract_exchange_rates.py took 0.048 seconds
[2025-04-10T06:03:46.830+0000] {processor.py:157} INFO - Started process (PID=424) to work on /opt/airflow/dags/extract_exchange_rates.py
[2025-04-10T06:03:46.831+0000] {processor.py:829} INFO - Processing file /opt/airflow/dags/extract_exchange_rates.py for tasks to queue
[2025-04-10T06:03:46.831+0000] {logging_mixin.py:151} INFO - [2025-04-10T06:03:46.831+0000] {dagbag.py:536} INFO - Filling up the DagBag from /opt/airflow/dags/extract_exchange_rates.py
[2025-04-10T06:03:46.838+0000] {processor.py:839} INFO - DAG(s) dict_keys(['extract_exchange_rates']) retrieved from /opt/airflow/dags/extract_exchange_rates.py
[2025-04-10T06:03:46.849+0000] {logging_mixin.py:151} INFO - [2025-04-10T06:03:46.849+0000] {dag.py:2941} INFO - Sync 1 DAGs
[2025-04-10T06:03:46.858+0000] {logging_mixin.py:151} INFO - [2025-04-10T06:03:46.858+0000] {dag.py:3722} INFO - Setting next_dagrun for extract_exchange_rates to 2025-04-10T00:00:00+00:00, run_after=2025-04-11T00:00:00+00:00
[2025-04-10T06:03:46.865+0000] {processor.py:179} INFO - Processing /opt/airflow/dags/extract_exchange_rates.py took 0.036 seconds
[2025-04-10T06:06:39.244+0000] {processor.py:157} INFO - Started process (PID=431) to work on /opt/airflow/dags/extract_exchange_rates.py
[2025-04-10T06:06:39.245+0000] {processor.py:829} INFO - Processing file /opt/airflow/dags/extract_exchange_rates.py for tasks to queue
[2025-04-10T06:06:39.246+0000] {logging_mixin.py:151} INFO - [2025-04-10T06:06:39.246+0000] {dagbag.py:536} INFO - Filling up the DagBag from /opt/airflow/dags/extract_exchange_rates.py
[2025-04-10T06:06:39.257+0000] {processor.py:839} INFO - DAG(s) dict_keys(['extract_exchange_rates']) retrieved from /opt/airflow/dags/extract_exchange_rates.py
[2025-04-10T06:06:39.270+0000] {logging_mixin.py:151} INFO - [2025-04-10T06:06:39.270+0000] {dag.py:2941} INFO - Sync 1 DAGs
[2025-04-10T06:06:39.279+0000] {logging_mixin.py:151} INFO - [2025-04-10T06:06:39.279+0000] {dag.py:3722} INFO - Setting next_dagrun for extract_exchange_rates to 2025-04-10T00:00:00+00:00, run_after=2025-04-11T00:00:00+00:00
[2025-04-10T06:06:39.287+0000] {processor.py:179} INFO - Processing /opt/airflow/dags/extract_exchange_rates.py took 0.044 seconds
[2025-04-10T06:07:10.048+0000] {processor.py:157} INFO - Started process (PID=436) to work on /opt/airflow/dags/extract_exchange_rates.py
[2025-04-10T06:07:10.049+0000] {processor.py:829} INFO - Processing file /opt/airflow/dags/extract_exchange_rates.py for tasks to queue
[2025-04-10T06:07:10.050+0000] {logging_mixin.py:151} INFO - [2025-04-10T06:07:10.050+0000] {dagbag.py:536} INFO - Filling up the DagBag from /opt/airflow/dags/extract_exchange_rates.py
[2025-04-10T06:07:10.061+0000] {processor.py:839} INFO - DAG(s) dict_keys(['extract_exchange_rates']) retrieved from /opt/airflow/dags/extract_exchange_rates.py
[2025-04-10T06:07:10.075+0000] {logging_mixin.py:151} INFO - [2025-04-10T06:07:10.075+0000] {dag.py:2941} INFO - Sync 1 DAGs
[2025-04-10T06:07:10.085+0000] {logging_mixin.py:151} INFO - [2025-04-10T06:07:10.085+0000] {dag.py:3722} INFO - Setting next_dagrun for extract_exchange_rates to 2025-04-10T00:00:00+00:00, run_after=2025-04-11T00:00:00+00:00
[2025-04-10T06:07:10.092+0000] {processor.py:179} INFO - Processing /opt/airflow/dags/extract_exchange_rates.py took 0.046 seconds
[2025-04-10T06:21:37.130+0000] {processor.py:157} INFO - Started process (PID=441) to work on /opt/airflow/dags/extract_exchange_rates.py
[2025-04-10T06:21:37.130+0000] {processor.py:829} INFO - Processing file /opt/airflow/dags/extract_exchange_rates.py for tasks to queue
[2025-04-10T06:21:37.131+0000] {logging_mixin.py:151} INFO - [2025-04-10T06:21:37.130+0000] {dagbag.py:536} INFO - Filling up the DagBag from /opt/airflow/dags/extract_exchange_rates.py
[2025-04-10T06:21:37.139+0000] {processor.py:839} INFO - DAG(s) dict_keys(['extract_exchange_rates']) retrieved from /opt/airflow/dags/extract_exchange_rates.py
[2025-04-10T06:21:37.150+0000] {logging_mixin.py:151} INFO - [2025-04-10T06:21:37.150+0000] {dag.py:2941} INFO - Sync 1 DAGs
[2025-04-10T06:21:37.159+0000] {logging_mixin.py:151} INFO - [2025-04-10T06:21:37.159+0000] {dag.py:3722} INFO - Setting next_dagrun for extract_exchange_rates to 2025-04-10T00:00:00+00:00, run_after=2025-04-11T00:00:00+00:00
[2025-04-10T06:21:37.165+0000] {processor.py:179} INFO - Processing /opt/airflow/dags/extract_exchange_rates.py took 0.037 seconds
[2025-04-10T06:39:07.316+0000] {processor.py:157} INFO - Started process (PID=446) to work on /opt/airflow/dags/extract_exchange_rates.py
[2025-04-10T06:39:07.317+0000] {processor.py:829} INFO - Processing file /opt/airflow/dags/extract_exchange_rates.py for tasks to queue
[2025-04-10T06:39:07.318+0000] {logging_mixin.py:151} INFO - [2025-04-10T06:39:07.317+0000] {dagbag.py:536} INFO - Filling up the DagBag from /opt/airflow/dags/extract_exchange_rates.py
[2025-04-10T06:39:07.326+0000] {processor.py:839} INFO - DAG(s) dict_keys(['extract_exchange_rates']) retrieved from /opt/airflow/dags/extract_exchange_rates.py
[2025-04-10T06:39:07.337+0000] {logging_mixin.py:151} INFO - [2025-04-10T06:39:07.337+0000] {dag.py:2941} INFO - Sync 1 DAGs
[2025-04-10T06:39:07.346+0000] {logging_mixin.py:151} INFO - [2025-04-10T06:39:07.346+0000] {dag.py:3722} INFO - Setting next_dagrun for extract_exchange_rates to 2025-04-10T00:00:00+00:00, run_after=2025-04-11T00:00:00+00:00
[2025-04-10T06:39:07.353+0000] {processor.py:179} INFO - Processing /opt/airflow/dags/extract_exchange_rates.py took 0.039 seconds
[2025-04-10T06:47:08.372+0000] {processor.py:157} INFO - Started process (PID=451) to work on /opt/airflow/dags/extract_exchange_rates.py
[2025-04-10T06:47:08.373+0000] {processor.py:829} INFO - Processing file /opt/airflow/dags/extract_exchange_rates.py for tasks to queue
[2025-04-10T06:47:08.373+0000] {logging_mixin.py:151} INFO - [2025-04-10T06:47:08.373+0000] {dagbag.py:536} INFO - Filling up the DagBag from /opt/airflow/dags/extract_exchange_rates.py
[2025-04-10T06:47:08.381+0000] {processor.py:839} INFO - DAG(s) dict_keys(['extract_exchange_rates']) retrieved from /opt/airflow/dags/extract_exchange_rates.py
[2025-04-10T06:47:08.392+0000] {logging_mixin.py:151} INFO - [2025-04-10T06:47:08.392+0000] {dag.py:2941} INFO - Sync 1 DAGs
[2025-04-10T06:47:08.401+0000] {logging_mixin.py:151} INFO - [2025-04-10T06:47:08.401+0000] {dag.py:3722} INFO - Setting next_dagrun for extract_exchange_rates to 2025-04-10T00:00:00+00:00, run_after=2025-04-11T00:00:00+00:00
[2025-04-10T06:47:08.408+0000] {processor.py:179} INFO - Processing /opt/airflow/dags/extract_exchange_rates.py took 0.037 seconds
[2025-04-10T07:47:50.424+0000] {processor.py:157} INFO - Started process (PID=456) to work on /opt/airflow/dags/extract_exchange_rates.py
[2025-04-10T07:47:50.425+0000] {processor.py:829} INFO - Processing file /opt/airflow/dags/extract_exchange_rates.py for tasks to queue
[2025-04-10T07:47:50.425+0000] {logging_mixin.py:151} INFO - [2025-04-10T07:47:50.425+0000] {dagbag.py:536} INFO - Filling up the DagBag from /opt/airflow/dags/extract_exchange_rates.py
[2025-04-10T07:47:50.433+0000] {processor.py:839} INFO - DAG(s) dict_keys(['extract_exchange_rates']) retrieved from /opt/airflow/dags/extract_exchange_rates.py
[2025-04-10T07:47:50.444+0000] {logging_mixin.py:151} INFO - [2025-04-10T07:47:50.444+0000] {dag.py:2941} INFO - Sync 1 DAGs
[2025-04-10T07:47:50.453+0000] {logging_mixin.py:151} INFO - [2025-04-10T07:47:50.453+0000] {dag.py:3722} INFO - Setting next_dagrun for extract_exchange_rates to 2025-04-10T00:00:00+00:00, run_after=2025-04-11T00:00:00+00:00
[2025-04-10T07:47:50.459+0000] {processor.py:179} INFO - Processing /opt/airflow/dags/extract_exchange_rates.py took 0.036 seconds
[2025-04-10T07:48:20.873+0000] {processor.py:157} INFO - Started process (PID=461) to work on /opt/airflow/dags/extract_exchange_rates.py
[2025-04-10T07:48:20.874+0000] {processor.py:829} INFO - Processing file /opt/airflow/dags/extract_exchange_rates.py for tasks to queue
[2025-04-10T07:48:20.875+0000] {logging_mixin.py:151} INFO - [2025-04-10T07:48:20.874+0000] {dagbag.py:536} INFO - Filling up the DagBag from /opt/airflow/dags/extract_exchange_rates.py
[2025-04-10T07:48:20.887+0000] {processor.py:839} INFO - DAG(s) dict_keys(['extract_exchange_rates']) retrieved from /opt/airflow/dags/extract_exchange_rates.py
[2025-04-10T07:48:20.901+0000] {logging_mixin.py:151} INFO - [2025-04-10T07:48:20.901+0000] {dag.py:2941} INFO - Sync 1 DAGs
[2025-04-10T07:48:20.911+0000] {logging_mixin.py:151} INFO - [2025-04-10T07:48:20.911+0000] {dag.py:3722} INFO - Setting next_dagrun for extract_exchange_rates to 2025-04-10T00:00:00+00:00, run_after=2025-04-11T00:00:00+00:00
[2025-04-10T07:48:20.918+0000] {processor.py:179} INFO - Processing /opt/airflow/dags/extract_exchange_rates.py took 0.047 seconds
[2025-04-10T08:48:48.270+0000] {processor.py:157} INFO - Started process (PID=466) to work on /opt/airflow/dags/extract_exchange_rates.py
[2025-04-10T08:48:48.270+0000] {processor.py:829} INFO - Processing file /opt/airflow/dags/extract_exchange_rates.py for tasks to queue
[2025-04-10T08:48:48.271+0000] {logging_mixin.py:151} INFO - [2025-04-10T08:48:48.271+0000] {dagbag.py:536} INFO - Filling up the DagBag from /opt/airflow/dags/extract_exchange_rates.py
[2025-04-10T08:48:48.280+0000] {processor.py:839} INFO - DAG(s) dict_keys(['extract_exchange_rates']) retrieved from /opt/airflow/dags/extract_exchange_rates.py
[2025-04-10T08:48:48.292+0000] {logging_mixin.py:151} INFO - [2025-04-10T08:48:48.292+0000] {dag.py:2941} INFO - Sync 1 DAGs
[2025-04-10T08:48:48.301+0000] {logging_mixin.py:151} INFO - [2025-04-10T08:48:48.301+0000] {dag.py:3722} INFO - Setting next_dagrun for extract_exchange_rates to 2025-04-10T00:00:00+00:00, run_after=2025-04-11T00:00:00+00:00
[2025-04-10T08:48:48.307+0000] {processor.py:179} INFO - Processing /opt/airflow/dags/extract_exchange_rates.py took 0.040 seconds
[2025-04-10T08:49:18.716+0000] {processor.py:157} INFO - Started process (PID=471) to work on /opt/airflow/dags/extract_exchange_rates.py
[2025-04-10T08:49:18.717+0000] {processor.py:829} INFO - Processing file /opt/airflow/dags/extract_exchange_rates.py for tasks to queue
[2025-04-10T08:49:18.718+0000] {logging_mixin.py:151} INFO - [2025-04-10T08:49:18.717+0000] {dagbag.py:536} INFO - Filling up the DagBag from /opt/airflow/dags/extract_exchange_rates.py
[2025-04-10T08:49:18.727+0000] {processor.py:839} INFO - DAG(s) dict_keys(['extract_exchange_rates']) retrieved from /opt/airflow/dags/extract_exchange_rates.py
[2025-04-10T08:49:18.739+0000] {logging_mixin.py:151} INFO - [2025-04-10T08:49:18.739+0000] {dag.py:2941} INFO - Sync 1 DAGs
[2025-04-10T08:49:18.748+0000] {logging_mixin.py:151} INFO - [2025-04-10T08:49:18.748+0000] {dag.py:3722} INFO - Setting next_dagrun for extract_exchange_rates to 2025-04-10T00:00:00+00:00, run_after=2025-04-11T00:00:00+00:00
[2025-04-10T08:49:18.756+0000] {processor.py:179} INFO - Processing /opt/airflow/dags/extract_exchange_rates.py took 0.042 seconds
[2025-04-10T09:49:44.997+0000] {processor.py:157} INFO - Started process (PID=476) to work on /opt/airflow/dags/extract_exchange_rates.py
[2025-04-10T09:49:44.997+0000] {processor.py:829} INFO - Processing file /opt/airflow/dags/extract_exchange_rates.py for tasks to queue
[2025-04-10T09:49:44.998+0000] {logging_mixin.py:151} INFO - [2025-04-10T09:49:44.998+0000] {dagbag.py:536} INFO - Filling up the DagBag from /opt/airflow/dags/extract_exchange_rates.py
[2025-04-10T09:49:45.007+0000] {processor.py:839} INFO - DAG(s) dict_keys(['extract_exchange_rates']) retrieved from /opt/airflow/dags/extract_exchange_rates.py
[2025-04-10T09:49:45.019+0000] {logging_mixin.py:151} INFO - [2025-04-10T09:49:45.019+0000] {dag.py:2941} INFO - Sync 1 DAGs
[2025-04-10T09:49:45.028+0000] {logging_mixin.py:151} INFO - [2025-04-10T09:49:45.028+0000] {dag.py:3722} INFO - Setting next_dagrun for extract_exchange_rates to 2025-04-10T00:00:00+00:00, run_after=2025-04-11T00:00:00+00:00
[2025-04-10T09:49:45.035+0000] {processor.py:179} INFO - Processing /opt/airflow/dags/extract_exchange_rates.py took 0.040 seconds
[2025-04-10T09:50:15.440+0000] {processor.py:157} INFO - Started process (PID=481) to work on /opt/airflow/dags/extract_exchange_rates.py
[2025-04-10T09:50:15.441+0000] {processor.py:829} INFO - Processing file /opt/airflow/dags/extract_exchange_rates.py for tasks to queue
[2025-04-10T09:50:15.442+0000] {logging_mixin.py:151} INFO - [2025-04-10T09:50:15.442+0000] {dagbag.py:536} INFO - Filling up the DagBag from /opt/airflow/dags/extract_exchange_rates.py
[2025-04-10T09:50:15.453+0000] {processor.py:839} INFO - DAG(s) dict_keys(['extract_exchange_rates']) retrieved from /opt/airflow/dags/extract_exchange_rates.py
[2025-04-10T09:50:15.467+0000] {logging_mixin.py:151} INFO - [2025-04-10T09:50:15.467+0000] {dag.py:2941} INFO - Sync 1 DAGs
[2025-04-10T09:50:15.477+0000] {logging_mixin.py:151} INFO - [2025-04-10T09:50:15.477+0000] {dag.py:3722} INFO - Setting next_dagrun for extract_exchange_rates to 2025-04-10T00:00:00+00:00, run_after=2025-04-11T00:00:00+00:00
[2025-04-10T09:50:15.485+0000] {processor.py:179} INFO - Processing /opt/airflow/dags/extract_exchange_rates.py took 0.047 seconds
[2025-04-10T10:50:05.711+0000] {processor.py:157} INFO - Started process (PID=486) to work on /opt/airflow/dags/extract_exchange_rates.py
[2025-04-10T10:50:05.712+0000] {processor.py:829} INFO - Processing file /opt/airflow/dags/extract_exchange_rates.py for tasks to queue
[2025-04-10T10:50:05.712+0000] {logging_mixin.py:151} INFO - [2025-04-10T10:50:05.712+0000] {dagbag.py:536} INFO - Filling up the DagBag from /opt/airflow/dags/extract_exchange_rates.py
[2025-04-10T10:50:05.720+0000] {processor.py:839} INFO - DAG(s) dict_keys(['extract_exchange_rates']) retrieved from /opt/airflow/dags/extract_exchange_rates.py
[2025-04-10T10:50:05.732+0000] {logging_mixin.py:151} INFO - [2025-04-10T10:50:05.732+0000] {dag.py:2941} INFO - Sync 1 DAGs
[2025-04-10T10:50:05.741+0000] {logging_mixin.py:151} INFO - [2025-04-10T10:50:05.741+0000] {dag.py:3722} INFO - Setting next_dagrun for extract_exchange_rates to 2025-04-10T00:00:00+00:00, run_after=2025-04-11T00:00:00+00:00
[2025-04-10T10:50:05.747+0000] {processor.py:179} INFO - Processing /opt/airflow/dags/extract_exchange_rates.py took 0.038 seconds
[2025-04-10T11:24:48.607+0000] {processor.py:157} INFO - Started process (PID=493) to work on /opt/airflow/dags/extract_exchange_rates.py
[2025-04-10T11:24:48.608+0000] {processor.py:829} INFO - Processing file /opt/airflow/dags/extract_exchange_rates.py for tasks to queue
[2025-04-10T11:24:48.608+0000] {logging_mixin.py:151} INFO - [2025-04-10T11:24:48.608+0000] {dagbag.py:536} INFO - Filling up the DagBag from /opt/airflow/dags/extract_exchange_rates.py
[2025-04-10T11:24:48.615+0000] {processor.py:839} INFO - DAG(s) dict_keys(['extract_exchange_rates']) retrieved from /opt/airflow/dags/extract_exchange_rates.py
[2025-04-10T11:24:48.626+0000] {logging_mixin.py:151} INFO - [2025-04-10T11:24:48.626+0000] {dag.py:2941} INFO - Sync 1 DAGs
[2025-04-10T11:24:48.635+0000] {logging_mixin.py:151} INFO - [2025-04-10T11:24:48.635+0000] {dag.py:3722} INFO - Setting next_dagrun for extract_exchange_rates to 2025-04-10T00:00:00+00:00, run_after=2025-04-11T00:00:00+00:00
[2025-04-10T11:24:48.642+0000] {processor.py:179} INFO - Processing /opt/airflow/dags/extract_exchange_rates.py took 0.036 seconds
[2025-04-10T11:25:18.860+0000] {processor.py:157} INFO - Started process (PID=498) to work on /opt/airflow/dags/extract_exchange_rates.py
[2025-04-10T11:25:18.861+0000] {processor.py:829} INFO - Processing file /opt/airflow/dags/extract_exchange_rates.py for tasks to queue
[2025-04-10T11:25:18.861+0000] {logging_mixin.py:151} INFO - [2025-04-10T11:25:18.861+0000] {dagbag.py:536} INFO - Filling up the DagBag from /opt/airflow/dags/extract_exchange_rates.py
[2025-04-10T11:25:18.870+0000] {processor.py:839} INFO - DAG(s) dict_keys(['extract_exchange_rates']) retrieved from /opt/airflow/dags/extract_exchange_rates.py
[2025-04-10T11:25:18.884+0000] {logging_mixin.py:151} INFO - [2025-04-10T11:25:18.884+0000] {dag.py:2941} INFO - Sync 1 DAGs
[2025-04-10T11:25:18.897+0000] {logging_mixin.py:151} INFO - [2025-04-10T11:25:18.897+0000] {dag.py:3722} INFO - Setting next_dagrun for extract_exchange_rates to 2025-04-10T00:00:00+00:00, run_after=2025-04-11T00:00:00+00:00
[2025-04-10T11:25:18.906+0000] {processor.py:179} INFO - Processing /opt/airflow/dags/extract_exchange_rates.py took 0.048 seconds
[2025-04-10T11:25:49.171+0000] {processor.py:157} INFO - Started process (PID=503) to work on /opt/airflow/dags/extract_exchange_rates.py
[2025-04-10T11:25:49.172+0000] {processor.py:829} INFO - Processing file /opt/airflow/dags/extract_exchange_rates.py for tasks to queue
[2025-04-10T11:25:49.172+0000] {logging_mixin.py:151} INFO - [2025-04-10T11:25:49.172+0000] {dagbag.py:536} INFO - Filling up the DagBag from /opt/airflow/dags/extract_exchange_rates.py
[2025-04-10T11:25:49.183+0000] {processor.py:839} INFO - DAG(s) dict_keys(['extract_exchange_rates']) retrieved from /opt/airflow/dags/extract_exchange_rates.py
[2025-04-10T11:25:49.196+0000] {logging_mixin.py:151} INFO - [2025-04-10T11:25:49.196+0000] {dag.py:2941} INFO - Sync 1 DAGs
[2025-04-10T11:25:49.206+0000] {logging_mixin.py:151} INFO - [2025-04-10T11:25:49.206+0000] {dag.py:3722} INFO - Setting next_dagrun for extract_exchange_rates to 2025-04-10T00:00:00+00:00, run_after=2025-04-11T00:00:00+00:00
[2025-04-10T11:25:49.213+0000] {processor.py:179} INFO - Processing /opt/airflow/dags/extract_exchange_rates.py took 0.045 seconds
[2025-04-10T11:26:19.462+0000] {processor.py:157} INFO - Started process (PID=508) to work on /opt/airflow/dags/extract_exchange_rates.py
[2025-04-10T11:26:19.462+0000] {processor.py:829} INFO - Processing file /opt/airflow/dags/extract_exchange_rates.py for tasks to queue
[2025-04-10T11:26:19.463+0000] {logging_mixin.py:151} INFO - [2025-04-10T11:26:19.463+0000] {dagbag.py:536} INFO - Filling up the DagBag from /opt/airflow/dags/extract_exchange_rates.py
[2025-04-10T11:26:19.469+0000] {processor.py:839} INFO - DAG(s) dict_keys(['extract_exchange_rates']) retrieved from /opt/airflow/dags/extract_exchange_rates.py
[2025-04-10T11:26:19.483+0000] {logging_mixin.py:151} INFO - [2025-04-10T11:26:19.483+0000] {dag.py:2941} INFO - Sync 1 DAGs
[2025-04-10T11:26:19.494+0000] {logging_mixin.py:151} INFO - [2025-04-10T11:26:19.494+0000] {dag.py:3722} INFO - Setting next_dagrun for extract_exchange_rates to 2025-04-10T00:00:00+00:00, run_after=2025-04-11T00:00:00+00:00
[2025-04-10T11:26:19.504+0000] {processor.py:179} INFO - Processing /opt/airflow/dags/extract_exchange_rates.py took 0.044 seconds
[2025-04-10T11:26:49.790+0000] {processor.py:157} INFO - Started process (PID=513) to work on /opt/airflow/dags/extract_exchange_rates.py
[2025-04-10T11:26:49.791+0000] {processor.py:829} INFO - Processing file /opt/airflow/dags/extract_exchange_rates.py for tasks to queue
[2025-04-10T11:26:49.792+0000] {logging_mixin.py:151} INFO - [2025-04-10T11:26:49.791+0000] {dagbag.py:536} INFO - Filling up the DagBag from /opt/airflow/dags/extract_exchange_rates.py
[2025-04-10T11:26:49.804+0000] {processor.py:839} INFO - DAG(s) dict_keys(['extract_exchange_rates']) retrieved from /opt/airflow/dags/extract_exchange_rates.py
[2025-04-10T11:26:49.816+0000] {logging_mixin.py:151} INFO - [2025-04-10T11:26:49.816+0000] {dag.py:2941} INFO - Sync 1 DAGs
[2025-04-10T11:26:49.826+0000] {logging_mixin.py:151} INFO - [2025-04-10T11:26:49.826+0000] {dag.py:3722} INFO - Setting next_dagrun for extract_exchange_rates to 2025-04-10T00:00:00+00:00, run_after=2025-04-11T00:00:00+00:00
[2025-04-10T11:26:49.833+0000] {processor.py:179} INFO - Processing /opt/airflow/dags/extract_exchange_rates.py took 0.045 seconds
[2025-04-10T11:27:20.091+0000] {processor.py:157} INFO - Started process (PID=518) to work on /opt/airflow/dags/extract_exchange_rates.py
[2025-04-10T11:27:20.091+0000] {processor.py:829} INFO - Processing file /opt/airflow/dags/extract_exchange_rates.py for tasks to queue
[2025-04-10T11:27:20.092+0000] {logging_mixin.py:151} INFO - [2025-04-10T11:27:20.092+0000] {dagbag.py:536} INFO - Filling up the DagBag from /opt/airflow/dags/extract_exchange_rates.py
[2025-04-10T11:27:20.100+0000] {processor.py:839} INFO - DAG(s) dict_keys(['extract_exchange_rates']) retrieved from /opt/airflow/dags/extract_exchange_rates.py
[2025-04-10T11:27:20.114+0000] {logging_mixin.py:151} INFO - [2025-04-10T11:27:20.114+0000] {dag.py:2941} INFO - Sync 1 DAGs
[2025-04-10T11:27:20.126+0000] {logging_mixin.py:151} INFO - [2025-04-10T11:27:20.126+0000] {dag.py:3722} INFO - Setting next_dagrun for extract_exchange_rates to 2025-04-10T00:00:00+00:00, run_after=2025-04-11T00:00:00+00:00
[2025-04-10T11:27:20.134+0000] {processor.py:179} INFO - Processing /opt/airflow/dags/extract_exchange_rates.py took 0.044 seconds
[2025-04-10T11:27:50.443+0000] {processor.py:157} INFO - Started process (PID=523) to work on /opt/airflow/dags/extract_exchange_rates.py
[2025-04-10T11:27:50.443+0000] {processor.py:829} INFO - Processing file /opt/airflow/dags/extract_exchange_rates.py for tasks to queue
[2025-04-10T11:27:50.444+0000] {logging_mixin.py:151} INFO - [2025-04-10T11:27:50.444+0000] {dagbag.py:536} INFO - Filling up the DagBag from /opt/airflow/dags/extract_exchange_rates.py
[2025-04-10T11:27:50.454+0000] {processor.py:839} INFO - DAG(s) dict_keys(['extract_exchange_rates']) retrieved from /opt/airflow/dags/extract_exchange_rates.py
[2025-04-10T11:27:50.469+0000] {logging_mixin.py:151} INFO - [2025-04-10T11:27:50.469+0000] {dag.py:2941} INFO - Sync 1 DAGs
[2025-04-10T11:27:50.479+0000] {logging_mixin.py:151} INFO - [2025-04-10T11:27:50.479+0000] {dag.py:3722} INFO - Setting next_dagrun for extract_exchange_rates to 2025-04-10T00:00:00+00:00, run_after=2025-04-11T00:00:00+00:00
[2025-04-10T11:27:50.486+0000] {processor.py:179} INFO - Processing /opt/airflow/dags/extract_exchange_rates.py took 0.046 seconds
[2025-04-10T11:28:20.771+0000] {processor.py:157} INFO - Started process (PID=528) to work on /opt/airflow/dags/extract_exchange_rates.py
[2025-04-10T11:28:20.772+0000] {processor.py:829} INFO - Processing file /opt/airflow/dags/extract_exchange_rates.py for tasks to queue
[2025-04-10T11:28:20.772+0000] {logging_mixin.py:151} INFO - [2025-04-10T11:28:20.772+0000] {dagbag.py:536} INFO - Filling up the DagBag from /opt/airflow/dags/extract_exchange_rates.py
[2025-04-10T11:28:20.783+0000] {processor.py:839} INFO - DAG(s) dict_keys(['extract_exchange_rates']) retrieved from /opt/airflow/dags/extract_exchange_rates.py
[2025-04-10T11:28:20.799+0000] {logging_mixin.py:151} INFO - [2025-04-10T11:28:20.799+0000] {dag.py:2941} INFO - Sync 1 DAGs
[2025-04-10T11:28:20.809+0000] {logging_mixin.py:151} INFO - [2025-04-10T11:28:20.809+0000] {dag.py:3722} INFO - Setting next_dagrun for extract_exchange_rates to 2025-04-10T00:00:00+00:00, run_after=2025-04-11T00:00:00+00:00
[2025-04-10T11:28:20.816+0000] {processor.py:179} INFO - Processing /opt/airflow/dags/extract_exchange_rates.py took 0.047 seconds
[2025-04-10T11:28:51.084+0000] {processor.py:157} INFO - Started process (PID=533) to work on /opt/airflow/dags/extract_exchange_rates.py
[2025-04-10T11:28:51.085+0000] {processor.py:829} INFO - Processing file /opt/airflow/dags/extract_exchange_rates.py for tasks to queue
[2025-04-10T11:28:51.085+0000] {logging_mixin.py:151} INFO - [2025-04-10T11:28:51.085+0000] {dagbag.py:536} INFO - Filling up the DagBag from /opt/airflow/dags/extract_exchange_rates.py
[2025-04-10T11:28:51.091+0000] {processor.py:839} INFO - DAG(s) dict_keys(['extract_exchange_rates']) retrieved from /opt/airflow/dags/extract_exchange_rates.py
[2025-04-10T11:28:51.102+0000] {logging_mixin.py:151} INFO - [2025-04-10T11:28:51.102+0000] {dag.py:2941} INFO - Sync 1 DAGs
[2025-04-10T11:28:51.111+0000] {logging_mixin.py:151} INFO - [2025-04-10T11:28:51.111+0000] {dag.py:3722} INFO - Setting next_dagrun for extract_exchange_rates to 2025-04-10T00:00:00+00:00, run_after=2025-04-11T00:00:00+00:00
[2025-04-10T11:28:51.120+0000] {processor.py:179} INFO - Processing /opt/airflow/dags/extract_exchange_rates.py took 0.036 seconds
[2025-04-10T11:29:21.391+0000] {processor.py:157} INFO - Started process (PID=538) to work on /opt/airflow/dags/extract_exchange_rates.py
[2025-04-10T11:29:21.391+0000] {processor.py:829} INFO - Processing file /opt/airflow/dags/extract_exchange_rates.py for tasks to queue
[2025-04-10T11:29:21.392+0000] {logging_mixin.py:151} INFO - [2025-04-10T11:29:21.392+0000] {dagbag.py:536} INFO - Filling up the DagBag from /opt/airflow/dags/extract_exchange_rates.py
[2025-04-10T11:29:21.402+0000] {processor.py:839} INFO - DAG(s) dict_keys(['extract_exchange_rates']) retrieved from /opt/airflow/dags/extract_exchange_rates.py
[2025-04-10T11:29:21.417+0000] {logging_mixin.py:151} INFO - [2025-04-10T11:29:21.417+0000] {dag.py:2941} INFO - Sync 1 DAGs
[2025-04-10T11:29:21.427+0000] {logging_mixin.py:151} INFO - [2025-04-10T11:29:21.427+0000] {dag.py:3722} INFO - Setting next_dagrun for extract_exchange_rates to 2025-04-10T00:00:00+00:00, run_after=2025-04-11T00:00:00+00:00
[2025-04-10T11:29:21.434+0000] {processor.py:179} INFO - Processing /opt/airflow/dags/extract_exchange_rates.py took 0.046 seconds
[2025-04-10T11:29:51.745+0000] {processor.py:157} INFO - Started process (PID=543) to work on /opt/airflow/dags/extract_exchange_rates.py
[2025-04-10T11:29:51.745+0000] {processor.py:829} INFO - Processing file /opt/airflow/dags/extract_exchange_rates.py for tasks to queue
[2025-04-10T11:29:51.746+0000] {logging_mixin.py:151} INFO - [2025-04-10T11:29:51.746+0000] {dagbag.py:536} INFO - Filling up the DagBag from /opt/airflow/dags/extract_exchange_rates.py
[2025-04-10T11:29:51.757+0000] {processor.py:839} INFO - DAG(s) dict_keys(['extract_exchange_rates']) retrieved from /opt/airflow/dags/extract_exchange_rates.py
[2025-04-10T11:29:51.772+0000] {logging_mixin.py:151} INFO - [2025-04-10T11:29:51.772+0000] {dag.py:2941} INFO - Sync 1 DAGs
[2025-04-10T11:29:51.782+0000] {logging_mixin.py:151} INFO - [2025-04-10T11:29:51.782+0000] {dag.py:3722} INFO - Setting next_dagrun for extract_exchange_rates to 2025-04-10T00:00:00+00:00, run_after=2025-04-11T00:00:00+00:00
[2025-04-10T11:29:51.789+0000] {processor.py:179} INFO - Processing /opt/airflow/dags/extract_exchange_rates.py took 0.047 seconds
[2025-04-10T11:30:22.078+0000] {processor.py:157} INFO - Started process (PID=548) to work on /opt/airflow/dags/extract_exchange_rates.py
[2025-04-10T11:30:22.079+0000] {processor.py:829} INFO - Processing file /opt/airflow/dags/extract_exchange_rates.py for tasks to queue
[2025-04-10T11:30:22.079+0000] {logging_mixin.py:151} INFO - [2025-04-10T11:30:22.079+0000] {dagbag.py:536} INFO - Filling up the DagBag from /opt/airflow/dags/extract_exchange_rates.py
[2025-04-10T11:30:22.091+0000] {processor.py:839} INFO - DAG(s) dict_keys(['extract_exchange_rates']) retrieved from /opt/airflow/dags/extract_exchange_rates.py
[2025-04-10T11:30:22.105+0000] {logging_mixin.py:151} INFO - [2025-04-10T11:30:22.105+0000] {dag.py:2941} INFO - Sync 1 DAGs
[2025-04-10T11:30:22.115+0000] {logging_mixin.py:151} INFO - [2025-04-10T11:30:22.115+0000] {dag.py:3722} INFO - Setting next_dagrun for extract_exchange_rates to 2025-04-10T00:00:00+00:00, run_after=2025-04-11T00:00:00+00:00
[2025-04-10T11:30:22.122+0000] {processor.py:179} INFO - Processing /opt/airflow/dags/extract_exchange_rates.py took 0.046 seconds
[2025-04-10T11:30:52.389+0000] {processor.py:157} INFO - Started process (PID=553) to work on /opt/airflow/dags/extract_exchange_rates.py
[2025-04-10T11:30:52.389+0000] {processor.py:829} INFO - Processing file /opt/airflow/dags/extract_exchange_rates.py for tasks to queue
[2025-04-10T11:30:52.390+0000] {logging_mixin.py:151} INFO - [2025-04-10T11:30:52.390+0000] {dagbag.py:536} INFO - Filling up the DagBag from /opt/airflow/dags/extract_exchange_rates.py
[2025-04-10T11:30:52.399+0000] {processor.py:839} INFO - DAG(s) dict_keys(['extract_exchange_rates']) retrieved from /opt/airflow/dags/extract_exchange_rates.py
[2025-04-10T11:30:52.413+0000] {logging_mixin.py:151} INFO - [2025-04-10T11:30:52.412+0000] {dag.py:2941} INFO - Sync 1 DAGs
[2025-04-10T11:30:52.422+0000] {logging_mixin.py:151} INFO - [2025-04-10T11:30:52.422+0000] {dag.py:3722} INFO - Setting next_dagrun for extract_exchange_rates to 2025-04-10T00:00:00+00:00, run_after=2025-04-11T00:00:00+00:00
[2025-04-10T11:30:52.430+0000] {processor.py:179} INFO - Processing /opt/airflow/dags/extract_exchange_rates.py took 0.043 seconds
[2025-04-10T11:31:22.682+0000] {processor.py:157} INFO - Started process (PID=558) to work on /opt/airflow/dags/extract_exchange_rates.py
[2025-04-10T11:31:22.683+0000] {processor.py:829} INFO - Processing file /opt/airflow/dags/extract_exchange_rates.py for tasks to queue
[2025-04-10T11:31:22.684+0000] {logging_mixin.py:151} INFO - [2025-04-10T11:31:22.683+0000] {dagbag.py:536} INFO - Filling up the DagBag from /opt/airflow/dags/extract_exchange_rates.py
[2025-04-10T11:31:22.694+0000] {processor.py:839} INFO - DAG(s) dict_keys(['extract_exchange_rates']) retrieved from /opt/airflow/dags/extract_exchange_rates.py
[2025-04-10T11:31:22.708+0000] {logging_mixin.py:151} INFO - [2025-04-10T11:31:22.708+0000] {dag.py:2941} INFO - Sync 1 DAGs
[2025-04-10T11:31:22.718+0000] {logging_mixin.py:151} INFO - [2025-04-10T11:31:22.718+0000] {dag.py:3722} INFO - Setting next_dagrun for extract_exchange_rates to 2025-04-10T00:00:00+00:00, run_after=2025-04-11T00:00:00+00:00
[2025-04-10T11:31:22.726+0000] {processor.py:179} INFO - Processing /opt/airflow/dags/extract_exchange_rates.py took 0.046 seconds
[2025-04-10T11:31:52.968+0000] {processor.py:157} INFO - Started process (PID=563) to work on /opt/airflow/dags/extract_exchange_rates.py
[2025-04-10T11:31:52.969+0000] {processor.py:829} INFO - Processing file /opt/airflow/dags/extract_exchange_rates.py for tasks to queue
[2025-04-10T11:31:52.969+0000] {logging_mixin.py:151} INFO - [2025-04-10T11:31:52.969+0000] {dagbag.py:536} INFO - Filling up the DagBag from /opt/airflow/dags/extract_exchange_rates.py
[2025-04-10T11:31:52.980+0000] {processor.py:839} INFO - DAG(s) dict_keys(['extract_exchange_rates']) retrieved from /opt/airflow/dags/extract_exchange_rates.py
[2025-04-10T11:31:52.996+0000] {logging_mixin.py:151} INFO - [2025-04-10T11:31:52.996+0000] {dag.py:2941} INFO - Sync 1 DAGs
[2025-04-10T11:31:53.008+0000] {logging_mixin.py:151} INFO - [2025-04-10T11:31:53.008+0000] {dag.py:3722} INFO - Setting next_dagrun for extract_exchange_rates to 2025-04-10T00:00:00+00:00, run_after=2025-04-11T00:00:00+00:00
[2025-04-10T11:31:53.016+0000] {processor.py:179} INFO - Processing /opt/airflow/dags/extract_exchange_rates.py took 0.051 seconds
[2025-04-10T11:32:23.217+0000] {processor.py:157} INFO - Started process (PID=568) to work on /opt/airflow/dags/extract_exchange_rates.py
[2025-04-10T11:32:23.218+0000] {processor.py:829} INFO - Processing file /opt/airflow/dags/extract_exchange_rates.py for tasks to queue
[2025-04-10T11:32:23.219+0000] {logging_mixin.py:151} INFO - [2025-04-10T11:32:23.219+0000] {dagbag.py:536} INFO - Filling up the DagBag from /opt/airflow/dags/extract_exchange_rates.py
[2025-04-10T11:32:23.229+0000] {processor.py:839} INFO - DAG(s) dict_keys(['extract_exchange_rates']) retrieved from /opt/airflow/dags/extract_exchange_rates.py
[2025-04-10T11:32:23.242+0000] {logging_mixin.py:151} INFO - [2025-04-10T11:32:23.242+0000] {dag.py:2941} INFO - Sync 1 DAGs
[2025-04-10T11:32:23.253+0000] {logging_mixin.py:151} INFO - [2025-04-10T11:32:23.252+0000] {dag.py:3722} INFO - Setting next_dagrun for extract_exchange_rates to 2025-04-10T00:00:00+00:00, run_after=2025-04-11T00:00:00+00:00
[2025-04-10T11:32:23.259+0000] {processor.py:179} INFO - Processing /opt/airflow/dags/extract_exchange_rates.py took 0.045 seconds
[2025-04-10T11:32:53.494+0000] {processor.py:157} INFO - Started process (PID=573) to work on /opt/airflow/dags/extract_exchange_rates.py
[2025-04-10T11:32:53.494+0000] {processor.py:829} INFO - Processing file /opt/airflow/dags/extract_exchange_rates.py for tasks to queue
[2025-04-10T11:32:53.495+0000] {logging_mixin.py:151} INFO - [2025-04-10T11:32:53.495+0000] {dagbag.py:536} INFO - Filling up the DagBag from /opt/airflow/dags/extract_exchange_rates.py
[2025-04-10T11:32:53.505+0000] {processor.py:839} INFO - DAG(s) dict_keys(['extract_exchange_rates']) retrieved from /opt/airflow/dags/extract_exchange_rates.py
[2025-04-10T11:32:53.518+0000] {logging_mixin.py:151} INFO - [2025-04-10T11:32:53.517+0000] {dag.py:2941} INFO - Sync 1 DAGs
[2025-04-10T11:32:53.527+0000] {logging_mixin.py:151} INFO - [2025-04-10T11:32:53.527+0000] {dag.py:3722} INFO - Setting next_dagrun for extract_exchange_rates to 2025-04-10T00:00:00+00:00, run_after=2025-04-11T00:00:00+00:00
[2025-04-10T11:32:53.534+0000] {processor.py:179} INFO - Processing /opt/airflow/dags/extract_exchange_rates.py took 0.043 seconds
[2025-04-10T11:33:23.782+0000] {processor.py:157} INFO - Started process (PID=578) to work on /opt/airflow/dags/extract_exchange_rates.py
[2025-04-10T11:33:23.782+0000] {processor.py:829} INFO - Processing file /opt/airflow/dags/extract_exchange_rates.py for tasks to queue
[2025-04-10T11:33:23.783+0000] {logging_mixin.py:151} INFO - [2025-04-10T11:33:23.783+0000] {dagbag.py:536} INFO - Filling up the DagBag from /opt/airflow/dags/extract_exchange_rates.py
[2025-04-10T11:33:23.793+0000] {processor.py:839} INFO - DAG(s) dict_keys(['extract_exchange_rates']) retrieved from /opt/airflow/dags/extract_exchange_rates.py
[2025-04-10T11:33:23.806+0000] {logging_mixin.py:151} INFO - [2025-04-10T11:33:23.806+0000] {dag.py:2941} INFO - Sync 1 DAGs
[2025-04-10T11:33:23.815+0000] {logging_mixin.py:151} INFO - [2025-04-10T11:33:23.815+0000] {dag.py:3722} INFO - Setting next_dagrun for extract_exchange_rates to 2025-04-10T00:00:00+00:00, run_after=2025-04-11T00:00:00+00:00
[2025-04-10T11:33:23.822+0000] {processor.py:179} INFO - Processing /opt/airflow/dags/extract_exchange_rates.py took 0.042 seconds
[2025-04-10T11:33:54.059+0000] {processor.py:157} INFO - Started process (PID=583) to work on /opt/airflow/dags/extract_exchange_rates.py
[2025-04-10T11:33:54.059+0000] {processor.py:829} INFO - Processing file /opt/airflow/dags/extract_exchange_rates.py for tasks to queue
[2025-04-10T11:33:54.060+0000] {logging_mixin.py:151} INFO - [2025-04-10T11:33:54.060+0000] {dagbag.py:536} INFO - Filling up the DagBag from /opt/airflow/dags/extract_exchange_rates.py
[2025-04-10T11:33:54.070+0000] {processor.py:839} INFO - DAG(s) dict_keys(['extract_exchange_rates']) retrieved from /opt/airflow/dags/extract_exchange_rates.py
[2025-04-10T11:33:54.082+0000] {logging_mixin.py:151} INFO - [2025-04-10T11:33:54.082+0000] {dag.py:2941} INFO - Sync 1 DAGs
[2025-04-10T11:33:54.092+0000] {logging_mixin.py:151} INFO - [2025-04-10T11:33:54.092+0000] {dag.py:3722} INFO - Setting next_dagrun for extract_exchange_rates to 2025-04-10T00:00:00+00:00, run_after=2025-04-11T00:00:00+00:00
[2025-04-10T11:33:54.099+0000] {processor.py:179} INFO - Processing /opt/airflow/dags/extract_exchange_rates.py took 0.043 seconds
[2025-04-10T11:34:24.350+0000] {processor.py:157} INFO - Started process (PID=588) to work on /opt/airflow/dags/extract_exchange_rates.py
[2025-04-10T11:34:24.351+0000] {processor.py:829} INFO - Processing file /opt/airflow/dags/extract_exchange_rates.py for tasks to queue
[2025-04-10T11:34:24.352+0000] {logging_mixin.py:151} INFO - [2025-04-10T11:34:24.352+0000] {dagbag.py:536} INFO - Filling up the DagBag from /opt/airflow/dags/extract_exchange_rates.py
[2025-04-10T11:34:24.362+0000] {processor.py:839} INFO - DAG(s) dict_keys(['extract_exchange_rates']) retrieved from /opt/airflow/dags/extract_exchange_rates.py
[2025-04-10T11:34:24.377+0000] {logging_mixin.py:151} INFO - [2025-04-10T11:34:24.377+0000] {dag.py:2941} INFO - Sync 1 DAGs
[2025-04-10T11:34:24.387+0000] {logging_mixin.py:151} INFO - [2025-04-10T11:34:24.387+0000] {dag.py:3722} INFO - Setting next_dagrun for extract_exchange_rates to 2025-04-10T00:00:00+00:00, run_after=2025-04-11T00:00:00+00:00
[2025-04-10T11:34:24.395+0000] {processor.py:179} INFO - Processing /opt/airflow/dags/extract_exchange_rates.py took 0.047 seconds
[2025-04-10T11:34:54.690+0000] {processor.py:157} INFO - Started process (PID=593) to work on /opt/airflow/dags/extract_exchange_rates.py
[2025-04-10T11:34:54.691+0000] {processor.py:829} INFO - Processing file /opt/airflow/dags/extract_exchange_rates.py for tasks to queue
[2025-04-10T11:34:54.691+0000] {logging_mixin.py:151} INFO - [2025-04-10T11:34:54.691+0000] {dagbag.py:536} INFO - Filling up the DagBag from /opt/airflow/dags/extract_exchange_rates.py
[2025-04-10T11:34:54.702+0000] {processor.py:839} INFO - DAG(s) dict_keys(['extract_exchange_rates']) retrieved from /opt/airflow/dags/extract_exchange_rates.py
[2025-04-10T11:34:54.715+0000] {logging_mixin.py:151} INFO - [2025-04-10T11:34:54.715+0000] {dag.py:2941} INFO - Sync 1 DAGs
[2025-04-10T11:34:54.725+0000] {logging_mixin.py:151} INFO - [2025-04-10T11:34:54.725+0000] {dag.py:3722} INFO - Setting next_dagrun for extract_exchange_rates to 2025-04-10T00:00:00+00:00, run_after=2025-04-11T00:00:00+00:00
[2025-04-10T11:34:54.732+0000] {processor.py:179} INFO - Processing /opt/airflow/dags/extract_exchange_rates.py took 0.045 seconds
[2025-04-10T11:35:25.003+0000] {processor.py:157} INFO - Started process (PID=598) to work on /opt/airflow/dags/extract_exchange_rates.py
[2025-04-10T11:35:25.004+0000] {processor.py:829} INFO - Processing file /opt/airflow/dags/extract_exchange_rates.py for tasks to queue
[2025-04-10T11:35:25.005+0000] {logging_mixin.py:151} INFO - [2025-04-10T11:35:25.005+0000] {dagbag.py:536} INFO - Filling up the DagBag from /opt/airflow/dags/extract_exchange_rates.py
[2025-04-10T11:35:25.015+0000] {processor.py:839} INFO - DAG(s) dict_keys(['extract_exchange_rates']) retrieved from /opt/airflow/dags/extract_exchange_rates.py
[2025-04-10T11:35:25.031+0000] {logging_mixin.py:151} INFO - [2025-04-10T11:35:25.031+0000] {dag.py:2941} INFO - Sync 1 DAGs
[2025-04-10T11:35:25.041+0000] {logging_mixin.py:151} INFO - [2025-04-10T11:35:25.041+0000] {dag.py:3722} INFO - Setting next_dagrun for extract_exchange_rates to 2025-04-10T00:00:00+00:00, run_after=2025-04-11T00:00:00+00:00
[2025-04-10T11:35:25.048+0000] {processor.py:179} INFO - Processing /opt/airflow/dags/extract_exchange_rates.py took 0.047 seconds
[2025-04-10T11:35:55.342+0000] {processor.py:157} INFO - Started process (PID=603) to work on /opt/airflow/dags/extract_exchange_rates.py
[2025-04-10T11:35:55.342+0000] {processor.py:829} INFO - Processing file /opt/airflow/dags/extract_exchange_rates.py for tasks to queue
[2025-04-10T11:35:55.343+0000] {logging_mixin.py:151} INFO - [2025-04-10T11:35:55.343+0000] {dagbag.py:536} INFO - Filling up the DagBag from /opt/airflow/dags/extract_exchange_rates.py
[2025-04-10T11:35:55.353+0000] {processor.py:839} INFO - DAG(s) dict_keys(['extract_exchange_rates']) retrieved from /opt/airflow/dags/extract_exchange_rates.py
[2025-04-10T11:35:55.368+0000] {logging_mixin.py:151} INFO - [2025-04-10T11:35:55.368+0000] {dag.py:2941} INFO - Sync 1 DAGs
[2025-04-10T11:35:55.377+0000] {logging_mixin.py:151} INFO - [2025-04-10T11:35:55.377+0000] {dag.py:3722} INFO - Setting next_dagrun for extract_exchange_rates to 2025-04-10T00:00:00+00:00, run_after=2025-04-11T00:00:00+00:00
[2025-04-10T11:35:55.385+0000] {processor.py:179} INFO - Processing /opt/airflow/dags/extract_exchange_rates.py took 0.045 seconds
[2025-04-10T11:36:25.670+0000] {processor.py:157} INFO - Started process (PID=608) to work on /opt/airflow/dags/extract_exchange_rates.py
[2025-04-10T11:36:25.670+0000] {processor.py:829} INFO - Processing file /opt/airflow/dags/extract_exchange_rates.py for tasks to queue
[2025-04-10T11:36:25.671+0000] {logging_mixin.py:151} INFO - [2025-04-10T11:36:25.671+0000] {dagbag.py:536} INFO - Filling up the DagBag from /opt/airflow/dags/extract_exchange_rates.py
[2025-04-10T11:36:25.682+0000] {processor.py:839} INFO - DAG(s) dict_keys(['extract_exchange_rates']) retrieved from /opt/airflow/dags/extract_exchange_rates.py
[2025-04-10T11:36:25.696+0000] {logging_mixin.py:151} INFO - [2025-04-10T11:36:25.696+0000] {dag.py:2941} INFO - Sync 1 DAGs
[2025-04-10T11:36:25.705+0000] {logging_mixin.py:151} INFO - [2025-04-10T11:36:25.705+0000] {dag.py:3722} INFO - Setting next_dagrun for extract_exchange_rates to 2025-04-10T00:00:00+00:00, run_after=2025-04-11T00:00:00+00:00
[2025-04-10T11:36:25.713+0000] {processor.py:179} INFO - Processing /opt/airflow/dags/extract_exchange_rates.py took 0.045 seconds
[2025-04-10T11:36:55.981+0000] {processor.py:157} INFO - Started process (PID=613) to work on /opt/airflow/dags/extract_exchange_rates.py
[2025-04-10T11:36:55.982+0000] {processor.py:829} INFO - Processing file /opt/airflow/dags/extract_exchange_rates.py for tasks to queue
[2025-04-10T11:36:55.983+0000] {logging_mixin.py:151} INFO - [2025-04-10T11:36:55.982+0000] {dagbag.py:536} INFO - Filling up the DagBag from /opt/airflow/dags/extract_exchange_rates.py
[2025-04-10T11:36:55.993+0000] {processor.py:839} INFO - DAG(s) dict_keys(['extract_exchange_rates']) retrieved from /opt/airflow/dags/extract_exchange_rates.py
[2025-04-10T11:36:56.006+0000] {logging_mixin.py:151} INFO - [2025-04-10T11:36:56.006+0000] {dag.py:2941} INFO - Sync 1 DAGs
[2025-04-10T11:36:56.015+0000] {logging_mixin.py:151} INFO - [2025-04-10T11:36:56.015+0000] {dag.py:3722} INFO - Setting next_dagrun for extract_exchange_rates to 2025-04-10T00:00:00+00:00, run_after=2025-04-11T00:00:00+00:00
[2025-04-10T11:36:56.022+0000] {processor.py:179} INFO - Processing /opt/airflow/dags/extract_exchange_rates.py took 0.043 seconds
[2025-04-10T11:37:26.377+0000] {processor.py:157} INFO - Started process (PID=618) to work on /opt/airflow/dags/extract_exchange_rates.py
[2025-04-10T11:37:26.378+0000] {processor.py:829} INFO - Processing file /opt/airflow/dags/extract_exchange_rates.py for tasks to queue
[2025-04-10T11:37:26.379+0000] {logging_mixin.py:151} INFO - [2025-04-10T11:37:26.379+0000] {dagbag.py:536} INFO - Filling up the DagBag from /opt/airflow/dags/extract_exchange_rates.py
[2025-04-10T11:37:26.389+0000] {processor.py:839} INFO - DAG(s) dict_keys(['extract_exchange_rates']) retrieved from /opt/airflow/dags/extract_exchange_rates.py
[2025-04-10T11:37:26.403+0000] {logging_mixin.py:151} INFO - [2025-04-10T11:37:26.403+0000] {dag.py:2941} INFO - Sync 1 DAGs
[2025-04-10T11:37:26.413+0000] {logging_mixin.py:151} INFO - [2025-04-10T11:37:26.413+0000] {dag.py:3722} INFO - Setting next_dagrun for extract_exchange_rates to 2025-04-10T00:00:00+00:00, run_after=2025-04-11T00:00:00+00:00
[2025-04-10T11:37:26.420+0000] {processor.py:179} INFO - Processing /opt/airflow/dags/extract_exchange_rates.py took 0.046 seconds
[2025-04-10T11:37:56.768+0000] {processor.py:157} INFO - Started process (PID=623) to work on /opt/airflow/dags/extract_exchange_rates.py
[2025-04-10T11:37:56.768+0000] {processor.py:829} INFO - Processing file /opt/airflow/dags/extract_exchange_rates.py for tasks to queue
[2025-04-10T11:37:56.769+0000] {logging_mixin.py:151} INFO - [2025-04-10T11:37:56.769+0000] {dagbag.py:536} INFO - Filling up the DagBag from /opt/airflow/dags/extract_exchange_rates.py
[2025-04-10T11:37:56.779+0000] {processor.py:839} INFO - DAG(s) dict_keys(['extract_exchange_rates']) retrieved from /opt/airflow/dags/extract_exchange_rates.py
[2025-04-10T11:37:56.793+0000] {logging_mixin.py:151} INFO - [2025-04-10T11:37:56.793+0000] {dag.py:2941} INFO - Sync 1 DAGs
[2025-04-10T11:37:56.803+0000] {logging_mixin.py:151} INFO - [2025-04-10T11:37:56.803+0000] {dag.py:3722} INFO - Setting next_dagrun for extract_exchange_rates to 2025-04-10T00:00:00+00:00, run_after=2025-04-11T00:00:00+00:00
[2025-04-10T11:37:56.810+0000] {processor.py:179} INFO - Processing /opt/airflow/dags/extract_exchange_rates.py took 0.045 seconds
[2025-04-10T11:38:27.147+0000] {processor.py:157} INFO - Started process (PID=628) to work on /opt/airflow/dags/extract_exchange_rates.py
[2025-04-10T11:38:27.147+0000] {processor.py:829} INFO - Processing file /opt/airflow/dags/extract_exchange_rates.py for tasks to queue
[2025-04-10T11:38:27.148+0000] {logging_mixin.py:151} INFO - [2025-04-10T11:38:27.148+0000] {dagbag.py:536} INFO - Filling up the DagBag from /opt/airflow/dags/extract_exchange_rates.py
[2025-04-10T11:38:27.154+0000] {processor.py:839} INFO - DAG(s) dict_keys(['extract_exchange_rates']) retrieved from /opt/airflow/dags/extract_exchange_rates.py
[2025-04-10T11:38:27.165+0000] {logging_mixin.py:151} INFO - [2025-04-10T11:38:27.165+0000] {dag.py:2941} INFO - Sync 1 DAGs
[2025-04-10T11:38:27.176+0000] {logging_mixin.py:151} INFO - [2025-04-10T11:38:27.176+0000] {dag.py:3722} INFO - Setting next_dagrun for extract_exchange_rates to 2025-04-10T00:00:00+00:00, run_after=2025-04-11T00:00:00+00:00
[2025-04-10T11:38:27.183+0000] {processor.py:179} INFO - Processing /opt/airflow/dags/extract_exchange_rates.py took 0.037 seconds
[2025-04-10T11:38:57.485+0000] {processor.py:157} INFO - Started process (PID=633) to work on /opt/airflow/dags/extract_exchange_rates.py
[2025-04-10T11:38:57.486+0000] {processor.py:829} INFO - Processing file /opt/airflow/dags/extract_exchange_rates.py for tasks to queue
[2025-04-10T11:38:57.486+0000] {logging_mixin.py:151} INFO - [2025-04-10T11:38:57.486+0000] {dagbag.py:536} INFO - Filling up the DagBag from /opt/airflow/dags/extract_exchange_rates.py
[2025-04-10T11:38:57.495+0000] {processor.py:839} INFO - DAG(s) dict_keys(['extract_exchange_rates']) retrieved from /opt/airflow/dags/extract_exchange_rates.py
[2025-04-10T11:38:57.509+0000] {logging_mixin.py:151} INFO - [2025-04-10T11:38:57.508+0000] {dag.py:2941} INFO - Sync 1 DAGs
[2025-04-10T11:38:57.518+0000] {logging_mixin.py:151} INFO - [2025-04-10T11:38:57.518+0000] {dag.py:3722} INFO - Setting next_dagrun for extract_exchange_rates to 2025-04-10T00:00:00+00:00, run_after=2025-04-11T00:00:00+00:00
[2025-04-10T11:38:57.525+0000] {processor.py:179} INFO - Processing /opt/airflow/dags/extract_exchange_rates.py took 0.042 seconds
[2025-04-10T11:39:27.797+0000] {processor.py:157} INFO - Started process (PID=638) to work on /opt/airflow/dags/extract_exchange_rates.py
[2025-04-10T11:39:27.797+0000] {processor.py:829} INFO - Processing file /opt/airflow/dags/extract_exchange_rates.py for tasks to queue
[2025-04-10T11:39:27.798+0000] {logging_mixin.py:151} INFO - [2025-04-10T11:39:27.798+0000] {dagbag.py:536} INFO - Filling up the DagBag from /opt/airflow/dags/extract_exchange_rates.py
[2025-04-10T11:39:27.805+0000] {processor.py:839} INFO - DAG(s) dict_keys(['extract_exchange_rates']) retrieved from /opt/airflow/dags/extract_exchange_rates.py
[2025-04-10T11:39:27.818+0000] {logging_mixin.py:151} INFO - [2025-04-10T11:39:27.818+0000] {dag.py:2941} INFO - Sync 1 DAGs
[2025-04-10T11:39:27.828+0000] {logging_mixin.py:151} INFO - [2025-04-10T11:39:27.828+0000] {dag.py:3722} INFO - Setting next_dagrun for extract_exchange_rates to 2025-04-10T00:00:00+00:00, run_after=2025-04-11T00:00:00+00:00
[2025-04-10T11:39:27.837+0000] {processor.py:179} INFO - Processing /opt/airflow/dags/extract_exchange_rates.py took 0.042 seconds
[2025-04-10T11:39:58.092+0000] {processor.py:157} INFO - Started process (PID=643) to work on /opt/airflow/dags/extract_exchange_rates.py
[2025-04-10T11:39:58.093+0000] {processor.py:829} INFO - Processing file /opt/airflow/dags/extract_exchange_rates.py for tasks to queue
[2025-04-10T11:39:58.094+0000] {logging_mixin.py:151} INFO - [2025-04-10T11:39:58.094+0000] {dagbag.py:536} INFO - Filling up the DagBag from /opt/airflow/dags/extract_exchange_rates.py
[2025-04-10T11:39:58.108+0000] {processor.py:839} INFO - DAG(s) dict_keys(['extract_exchange_rates']) retrieved from /opt/airflow/dags/extract_exchange_rates.py
[2025-04-10T11:39:58.126+0000] {logging_mixin.py:151} INFO - [2025-04-10T11:39:58.125+0000] {dag.py:2941} INFO - Sync 1 DAGs
[2025-04-10T11:39:58.137+0000] {logging_mixin.py:151} INFO - [2025-04-10T11:39:58.137+0000] {dag.py:3722} INFO - Setting next_dagrun for extract_exchange_rates to 2025-04-10T00:00:00+00:00, run_after=2025-04-11T00:00:00+00:00
[2025-04-10T11:39:58.145+0000] {processor.py:179} INFO - Processing /opt/airflow/dags/extract_exchange_rates.py took 0.056 seconds
[2025-04-10T11:40:28.361+0000] {processor.py:157} INFO - Started process (PID=648) to work on /opt/airflow/dags/extract_exchange_rates.py
[2025-04-10T11:40:28.362+0000] {processor.py:829} INFO - Processing file /opt/airflow/dags/extract_exchange_rates.py for tasks to queue
[2025-04-10T11:40:28.362+0000] {logging_mixin.py:151} INFO - [2025-04-10T11:40:28.362+0000] {dagbag.py:536} INFO - Filling up the DagBag from /opt/airflow/dags/extract_exchange_rates.py
[2025-04-10T11:40:28.374+0000] {processor.py:839} INFO - DAG(s) dict_keys(['extract_exchange_rates']) retrieved from /opt/airflow/dags/extract_exchange_rates.py
[2025-04-10T11:40:28.387+0000] {logging_mixin.py:151} INFO - [2025-04-10T11:40:28.387+0000] {dag.py:2941} INFO - Sync 1 DAGs
[2025-04-10T11:40:28.398+0000] {logging_mixin.py:151} INFO - [2025-04-10T11:40:28.398+0000] {dag.py:3722} INFO - Setting next_dagrun for extract_exchange_rates to 2025-04-10T00:00:00+00:00, run_after=2025-04-11T00:00:00+00:00
[2025-04-10T11:40:28.405+0000] {processor.py:179} INFO - Processing /opt/airflow/dags/extract_exchange_rates.py took 0.047 seconds
[2025-04-10T11:40:58.664+0000] {processor.py:157} INFO - Started process (PID=653) to work on /opt/airflow/dags/extract_exchange_rates.py
[2025-04-10T11:40:58.665+0000] {processor.py:829} INFO - Processing file /opt/airflow/dags/extract_exchange_rates.py for tasks to queue
[2025-04-10T11:40:58.665+0000] {logging_mixin.py:151} INFO - [2025-04-10T11:40:58.665+0000] {dagbag.py:536} INFO - Filling up the DagBag from /opt/airflow/dags/extract_exchange_rates.py
[2025-04-10T11:40:58.676+0000] {processor.py:839} INFO - DAG(s) dict_keys(['extract_exchange_rates']) retrieved from /opt/airflow/dags/extract_exchange_rates.py
[2025-04-10T11:40:58.690+0000] {logging_mixin.py:151} INFO - [2025-04-10T11:40:58.690+0000] {dag.py:2941} INFO - Sync 1 DAGs
[2025-04-10T11:40:58.701+0000] {logging_mixin.py:151} INFO - [2025-04-10T11:40:58.701+0000] {dag.py:3722} INFO - Setting next_dagrun for extract_exchange_rates to 2025-04-10T00:00:00+00:00, run_after=2025-04-11T00:00:00+00:00
[2025-04-10T11:40:58.708+0000] {processor.py:179} INFO - Processing /opt/airflow/dags/extract_exchange_rates.py took 0.047 seconds
[2025-04-10T11:41:28.950+0000] {processor.py:157} INFO - Started process (PID=658) to work on /opt/airflow/dags/extract_exchange_rates.py
[2025-04-10T11:41:28.950+0000] {processor.py:829} INFO - Processing file /opt/airflow/dags/extract_exchange_rates.py for tasks to queue
[2025-04-10T11:41:28.952+0000] {logging_mixin.py:151} INFO - [2025-04-10T11:41:28.951+0000] {dagbag.py:536} INFO - Filling up the DagBag from /opt/airflow/dags/extract_exchange_rates.py
[2025-04-10T11:41:28.961+0000] {processor.py:839} INFO - DAG(s) dict_keys(['extract_exchange_rates']) retrieved from /opt/airflow/dags/extract_exchange_rates.py
[2025-04-10T11:41:28.974+0000] {logging_mixin.py:151} INFO - [2025-04-10T11:41:28.974+0000] {dag.py:2941} INFO - Sync 1 DAGs
[2025-04-10T11:41:28.984+0000] {logging_mixin.py:151} INFO - [2025-04-10T11:41:28.984+0000] {dag.py:3722} INFO - Setting next_dagrun for extract_exchange_rates to 2025-04-10T00:00:00+00:00, run_after=2025-04-11T00:00:00+00:00
[2025-04-10T11:41:28.991+0000] {processor.py:179} INFO - Processing /opt/airflow/dags/extract_exchange_rates.py took 0.044 seconds
[2025-04-10T11:41:59.293+0000] {processor.py:157} INFO - Started process (PID=663) to work on /opt/airflow/dags/extract_exchange_rates.py
[2025-04-10T11:41:59.294+0000] {processor.py:829} INFO - Processing file /opt/airflow/dags/extract_exchange_rates.py for tasks to queue
[2025-04-10T11:41:59.294+0000] {logging_mixin.py:151} INFO - [2025-04-10T11:41:59.294+0000] {dagbag.py:536} INFO - Filling up the DagBag from /opt/airflow/dags/extract_exchange_rates.py
[2025-04-10T11:41:59.305+0000] {processor.py:839} INFO - DAG(s) dict_keys(['extract_exchange_rates']) retrieved from /opt/airflow/dags/extract_exchange_rates.py
[2025-04-10T11:41:59.320+0000] {logging_mixin.py:151} INFO - [2025-04-10T11:41:59.320+0000] {dag.py:2941} INFO - Sync 1 DAGs
[2025-04-10T11:41:59.329+0000] {logging_mixin.py:151} INFO - [2025-04-10T11:41:59.329+0000] {dag.py:3722} INFO - Setting next_dagrun for extract_exchange_rates to 2025-04-10T00:00:00+00:00, run_after=2025-04-11T00:00:00+00:00
[2025-04-10T11:41:59.336+0000] {processor.py:179} INFO - Processing /opt/airflow/dags/extract_exchange_rates.py took 0.046 seconds
[2025-04-10T11:42:29.648+0000] {processor.py:157} INFO - Started process (PID=668) to work on /opt/airflow/dags/extract_exchange_rates.py
[2025-04-10T11:42:29.649+0000] {processor.py:829} INFO - Processing file /opt/airflow/dags/extract_exchange_rates.py for tasks to queue
[2025-04-10T11:42:29.650+0000] {logging_mixin.py:151} INFO - [2025-04-10T11:42:29.650+0000] {dagbag.py:536} INFO - Filling up the DagBag from /opt/airflow/dags/extract_exchange_rates.py
[2025-04-10T11:42:29.661+0000] {processor.py:839} INFO - DAG(s) dict_keys(['extract_exchange_rates']) retrieved from /opt/airflow/dags/extract_exchange_rates.py
[2025-04-10T11:42:29.675+0000] {logging_mixin.py:151} INFO - [2025-04-10T11:42:29.674+0000] {dag.py:2941} INFO - Sync 1 DAGs
[2025-04-10T11:42:29.684+0000] {logging_mixin.py:151} INFO - [2025-04-10T11:42:29.684+0000] {dag.py:3722} INFO - Setting next_dagrun for extract_exchange_rates to 2025-04-10T00:00:00+00:00, run_after=2025-04-11T00:00:00+00:00
[2025-04-10T11:42:29.691+0000] {processor.py:179} INFO - Processing /opt/airflow/dags/extract_exchange_rates.py took 0.046 seconds
[2025-04-10T11:43:00.027+0000] {processor.py:157} INFO - Started process (PID=673) to work on /opt/airflow/dags/extract_exchange_rates.py
[2025-04-10T11:43:00.028+0000] {processor.py:829} INFO - Processing file /opt/airflow/dags/extract_exchange_rates.py for tasks to queue
[2025-04-10T11:43:00.029+0000] {logging_mixin.py:151} INFO - [2025-04-10T11:43:00.028+0000] {dagbag.py:536} INFO - Filling up the DagBag from /opt/airflow/dags/extract_exchange_rates.py
[2025-04-10T11:43:00.039+0000] {processor.py:839} INFO - DAG(s) dict_keys(['extract_exchange_rates']) retrieved from /opt/airflow/dags/extract_exchange_rates.py
[2025-04-10T11:43:00.051+0000] {logging_mixin.py:151} INFO - [2025-04-10T11:43:00.051+0000] {dag.py:2941} INFO - Sync 1 DAGs
[2025-04-10T11:43:00.061+0000] {logging_mixin.py:151} INFO - [2025-04-10T11:43:00.061+0000] {dag.py:3722} INFO - Setting next_dagrun for extract_exchange_rates to 2025-04-10T00:00:00+00:00, run_after=2025-04-11T00:00:00+00:00
[2025-04-10T11:43:00.069+0000] {processor.py:179} INFO - Processing /opt/airflow/dags/extract_exchange_rates.py took 0.045 seconds
[2025-04-10T11:43:30.396+0000] {processor.py:157} INFO - Started process (PID=678) to work on /opt/airflow/dags/extract_exchange_rates.py
[2025-04-10T11:43:30.397+0000] {processor.py:829} INFO - Processing file /opt/airflow/dags/extract_exchange_rates.py for tasks to queue
[2025-04-10T11:43:30.397+0000] {logging_mixin.py:151} INFO - [2025-04-10T11:43:30.397+0000] {dagbag.py:536} INFO - Filling up the DagBag from /opt/airflow/dags/extract_exchange_rates.py
[2025-04-10T11:43:30.408+0000] {processor.py:839} INFO - DAG(s) dict_keys(['extract_exchange_rates']) retrieved from /opt/airflow/dags/extract_exchange_rates.py
[2025-04-10T11:43:30.423+0000] {logging_mixin.py:151} INFO - [2025-04-10T11:43:30.423+0000] {dag.py:2941} INFO - Sync 1 DAGs
[2025-04-10T11:43:30.433+0000] {logging_mixin.py:151} INFO - [2025-04-10T11:43:30.433+0000] {dag.py:3722} INFO - Setting next_dagrun for extract_exchange_rates to 2025-04-10T00:00:00+00:00, run_after=2025-04-11T00:00:00+00:00
[2025-04-10T11:43:30.440+0000] {processor.py:179} INFO - Processing /opt/airflow/dags/extract_exchange_rates.py took 0.047 seconds
[2025-04-10T11:44:00.773+0000] {processor.py:157} INFO - Started process (PID=683) to work on /opt/airflow/dags/extract_exchange_rates.py
[2025-04-10T11:44:00.773+0000] {processor.py:829} INFO - Processing file /opt/airflow/dags/extract_exchange_rates.py for tasks to queue
[2025-04-10T11:44:00.774+0000] {logging_mixin.py:151} INFO - [2025-04-10T11:44:00.774+0000] {dagbag.py:536} INFO - Filling up the DagBag from /opt/airflow/dags/extract_exchange_rates.py
[2025-04-10T11:44:00.786+0000] {processor.py:839} INFO - DAG(s) dict_keys(['extract_exchange_rates']) retrieved from /opt/airflow/dags/extract_exchange_rates.py
[2025-04-10T11:44:00.802+0000] {logging_mixin.py:151} INFO - [2025-04-10T11:44:00.802+0000] {dag.py:2941} INFO - Sync 1 DAGs
[2025-04-10T11:44:00.812+0000] {logging_mixin.py:151} INFO - [2025-04-10T11:44:00.812+0000] {dag.py:3722} INFO - Setting next_dagrun for extract_exchange_rates to 2025-04-10T00:00:00+00:00, run_after=2025-04-11T00:00:00+00:00
[2025-04-10T11:44:00.819+0000] {processor.py:179} INFO - Processing /opt/airflow/dags/extract_exchange_rates.py took 0.049 seconds
[2025-04-10T11:44:31.143+0000] {processor.py:157} INFO - Started process (PID=688) to work on /opt/airflow/dags/extract_exchange_rates.py
[2025-04-10T11:44:31.144+0000] {processor.py:829} INFO - Processing file /opt/airflow/dags/extract_exchange_rates.py for tasks to queue
[2025-04-10T11:44:31.144+0000] {logging_mixin.py:151} INFO - [2025-04-10T11:44:31.144+0000] {dagbag.py:536} INFO - Filling up the DagBag from /opt/airflow/dags/extract_exchange_rates.py
[2025-04-10T11:44:31.155+0000] {processor.py:839} INFO - DAG(s) dict_keys(['extract_exchange_rates']) retrieved from /opt/airflow/dags/extract_exchange_rates.py
[2025-04-10T11:44:31.169+0000] {logging_mixin.py:151} INFO - [2025-04-10T11:44:31.169+0000] {dag.py:2941} INFO - Sync 1 DAGs
[2025-04-10T11:44:31.178+0000] {logging_mixin.py:151} INFO - [2025-04-10T11:44:31.178+0000] {dag.py:3722} INFO - Setting next_dagrun for extract_exchange_rates to 2025-04-10T00:00:00+00:00, run_after=2025-04-11T00:00:00+00:00
[2025-04-10T11:44:31.185+0000] {processor.py:179} INFO - Processing /opt/airflow/dags/extract_exchange_rates.py took 0.046 seconds
[2025-04-10T11:45:01.547+0000] {processor.py:157} INFO - Started process (PID=693) to work on /opt/airflow/dags/extract_exchange_rates.py
[2025-04-10T11:45:01.547+0000] {processor.py:829} INFO - Processing file /opt/airflow/dags/extract_exchange_rates.py for tasks to queue
[2025-04-10T11:45:01.548+0000] {logging_mixin.py:151} INFO - [2025-04-10T11:45:01.548+0000] {dagbag.py:536} INFO - Filling up the DagBag from /opt/airflow/dags/extract_exchange_rates.py
[2025-04-10T11:45:01.559+0000] {processor.py:839} INFO - DAG(s) dict_keys(['extract_exchange_rates']) retrieved from /opt/airflow/dags/extract_exchange_rates.py
[2025-04-10T11:45:01.571+0000] {logging_mixin.py:151} INFO - [2025-04-10T11:45:01.571+0000] {dag.py:2941} INFO - Sync 1 DAGs
[2025-04-10T11:45:01.580+0000] {logging_mixin.py:151} INFO - [2025-04-10T11:45:01.580+0000] {dag.py:3722} INFO - Setting next_dagrun for extract_exchange_rates to 2025-04-10T00:00:00+00:00, run_after=2025-04-11T00:00:00+00:00
[2025-04-10T11:45:01.587+0000] {processor.py:179} INFO - Processing /opt/airflow/dags/extract_exchange_rates.py took 0.043 seconds
[2025-04-10T11:45:31.899+0000] {processor.py:157} INFO - Started process (PID=698) to work on /opt/airflow/dags/extract_exchange_rates.py
[2025-04-10T11:45:31.900+0000] {processor.py:829} INFO - Processing file /opt/airflow/dags/extract_exchange_rates.py for tasks to queue
[2025-04-10T11:45:31.900+0000] {logging_mixin.py:151} INFO - [2025-04-10T11:45:31.900+0000] {dagbag.py:536} INFO - Filling up the DagBag from /opt/airflow/dags/extract_exchange_rates.py
[2025-04-10T11:45:31.911+0000] {processor.py:839} INFO - DAG(s) dict_keys(['extract_exchange_rates']) retrieved from /opt/airflow/dags/extract_exchange_rates.py
[2025-04-10T11:45:31.926+0000] {logging_mixin.py:151} INFO - [2025-04-10T11:45:31.926+0000] {dag.py:2941} INFO - Sync 1 DAGs
[2025-04-10T11:45:31.936+0000] {logging_mixin.py:151} INFO - [2025-04-10T11:45:31.936+0000] {dag.py:3722} INFO - Setting next_dagrun for extract_exchange_rates to 2025-04-10T00:00:00+00:00, run_after=2025-04-11T00:00:00+00:00
[2025-04-10T11:45:31.943+0000] {processor.py:179} INFO - Processing /opt/airflow/dags/extract_exchange_rates.py took 0.046 seconds
[2025-04-10T11:46:02.235+0000] {processor.py:157} INFO - Started process (PID=703) to work on /opt/airflow/dags/extract_exchange_rates.py
[2025-04-10T11:46:02.236+0000] {processor.py:829} INFO - Processing file /opt/airflow/dags/extract_exchange_rates.py for tasks to queue
[2025-04-10T11:46:02.237+0000] {logging_mixin.py:151} INFO - [2025-04-10T11:46:02.237+0000] {dagbag.py:536} INFO - Filling up the DagBag from /opt/airflow/dags/extract_exchange_rates.py
[2025-04-10T11:46:02.248+0000] {processor.py:839} INFO - DAG(s) dict_keys(['extract_exchange_rates']) retrieved from /opt/airflow/dags/extract_exchange_rates.py
[2025-04-10T11:46:02.261+0000] {logging_mixin.py:151} INFO - [2025-04-10T11:46:02.261+0000] {dag.py:2941} INFO - Sync 1 DAGs
[2025-04-10T11:46:02.270+0000] {logging_mixin.py:151} INFO - [2025-04-10T11:46:02.270+0000] {dag.py:3722} INFO - Setting next_dagrun for extract_exchange_rates to 2025-04-10T00:00:00+00:00, run_after=2025-04-11T00:00:00+00:00
[2025-04-10T11:46:02.278+0000] {processor.py:179} INFO - Processing /opt/airflow/dags/extract_exchange_rates.py took 0.045 seconds
[2025-04-10T11:46:32.565+0000] {processor.py:157} INFO - Started process (PID=708) to work on /opt/airflow/dags/extract_exchange_rates.py
[2025-04-10T11:46:32.565+0000] {processor.py:829} INFO - Processing file /opt/airflow/dags/extract_exchange_rates.py for tasks to queue
[2025-04-10T11:46:32.566+0000] {logging_mixin.py:151} INFO - [2025-04-10T11:46:32.566+0000] {dagbag.py:536} INFO - Filling up the DagBag from /opt/airflow/dags/extract_exchange_rates.py
[2025-04-10T11:46:32.577+0000] {processor.py:839} INFO - DAG(s) dict_keys(['extract_exchange_rates']) retrieved from /opt/airflow/dags/extract_exchange_rates.py
[2025-04-10T11:46:32.590+0000] {logging_mixin.py:151} INFO - [2025-04-10T11:46:32.590+0000] {dag.py:2941} INFO - Sync 1 DAGs
[2025-04-10T11:46:32.600+0000] {logging_mixin.py:151} INFO - [2025-04-10T11:46:32.600+0000] {dag.py:3722} INFO - Setting next_dagrun for extract_exchange_rates to 2025-04-10T00:00:00+00:00, run_after=2025-04-11T00:00:00+00:00
[2025-04-10T11:46:32.607+0000] {processor.py:179} INFO - Processing /opt/airflow/dags/extract_exchange_rates.py took 0.046 seconds
[2025-04-10T11:47:02.967+0000] {processor.py:157} INFO - Started process (PID=713) to work on /opt/airflow/dags/extract_exchange_rates.py
[2025-04-10T11:47:02.967+0000] {processor.py:829} INFO - Processing file /opt/airflow/dags/extract_exchange_rates.py for tasks to queue
[2025-04-10T11:47:02.968+0000] {logging_mixin.py:151} INFO - [2025-04-10T11:47:02.968+0000] {dagbag.py:536} INFO - Filling up the DagBag from /opt/airflow/dags/extract_exchange_rates.py
[2025-04-10T11:47:02.979+0000] {processor.py:839} INFO - DAG(s) dict_keys(['extract_exchange_rates']) retrieved from /opt/airflow/dags/extract_exchange_rates.py
[2025-04-10T11:47:02.992+0000] {logging_mixin.py:151} INFO - [2025-04-10T11:47:02.992+0000] {dag.py:2941} INFO - Sync 1 DAGs
[2025-04-10T11:47:03.002+0000] {logging_mixin.py:151} INFO - [2025-04-10T11:47:03.002+0000] {dag.py:3722} INFO - Setting next_dagrun for extract_exchange_rates to 2025-04-10T00:00:00+00:00, run_after=2025-04-11T00:00:00+00:00
[2025-04-10T11:47:03.009+0000] {processor.py:179} INFO - Processing /opt/airflow/dags/extract_exchange_rates.py took 0.045 seconds
[2025-04-10T11:47:33.308+0000] {processor.py:157} INFO - Started process (PID=718) to work on /opt/airflow/dags/extract_exchange_rates.py
[2025-04-10T11:47:33.309+0000] {processor.py:829} INFO - Processing file /opt/airflow/dags/extract_exchange_rates.py for tasks to queue
[2025-04-10T11:47:33.309+0000] {logging_mixin.py:151} INFO - [2025-04-10T11:47:33.309+0000] {dagbag.py:536} INFO - Filling up the DagBag from /opt/airflow/dags/extract_exchange_rates.py
[2025-04-10T11:47:33.320+0000] {processor.py:839} INFO - DAG(s) dict_keys(['extract_exchange_rates']) retrieved from /opt/airflow/dags/extract_exchange_rates.py
[2025-04-10T11:47:33.335+0000] {logging_mixin.py:151} INFO - [2025-04-10T11:47:33.335+0000] {dag.py:2941} INFO - Sync 1 DAGs
[2025-04-10T11:47:33.344+0000] {logging_mixin.py:151} INFO - [2025-04-10T11:47:33.344+0000] {dag.py:3722} INFO - Setting next_dagrun for extract_exchange_rates to 2025-04-10T00:00:00+00:00, run_after=2025-04-11T00:00:00+00:00
[2025-04-10T11:47:33.351+0000] {processor.py:179} INFO - Processing /opt/airflow/dags/extract_exchange_rates.py took 0.046 seconds
[2025-04-10T11:48:03.663+0000] {processor.py:157} INFO - Started process (PID=723) to work on /opt/airflow/dags/extract_exchange_rates.py
[2025-04-10T11:48:03.663+0000] {processor.py:829} INFO - Processing file /opt/airflow/dags/extract_exchange_rates.py for tasks to queue
[2025-04-10T11:48:03.664+0000] {logging_mixin.py:151} INFO - [2025-04-10T11:48:03.664+0000] {dagbag.py:536} INFO - Filling up the DagBag from /opt/airflow/dags/extract_exchange_rates.py
[2025-04-10T11:48:03.674+0000] {processor.py:839} INFO - DAG(s) dict_keys(['extract_exchange_rates']) retrieved from /opt/airflow/dags/extract_exchange_rates.py
[2025-04-10T11:48:03.687+0000] {logging_mixin.py:151} INFO - [2025-04-10T11:48:03.687+0000] {dag.py:2941} INFO - Sync 1 DAGs
[2025-04-10T11:48:03.696+0000] {logging_mixin.py:151} INFO - [2025-04-10T11:48:03.696+0000] {dag.py:3722} INFO - Setting next_dagrun for extract_exchange_rates to 2025-04-10T00:00:00+00:00, run_after=2025-04-11T00:00:00+00:00
[2025-04-10T11:48:03.703+0000] {processor.py:179} INFO - Processing /opt/airflow/dags/extract_exchange_rates.py took 0.043 seconds
[2025-04-10T11:48:34.049+0000] {processor.py:157} INFO - Started process (PID=728) to work on /opt/airflow/dags/extract_exchange_rates.py
[2025-04-10T11:48:34.050+0000] {processor.py:829} INFO - Processing file /opt/airflow/dags/extract_exchange_rates.py for tasks to queue
[2025-04-10T11:48:34.051+0000] {logging_mixin.py:151} INFO - [2025-04-10T11:48:34.051+0000] {dagbag.py:536} INFO - Filling up the DagBag from /opt/airflow/dags/extract_exchange_rates.py
[2025-04-10T11:48:34.062+0000] {processor.py:839} INFO - DAG(s) dict_keys(['extract_exchange_rates']) retrieved from /opt/airflow/dags/extract_exchange_rates.py
[2025-04-10T11:48:34.077+0000] {logging_mixin.py:151} INFO - [2025-04-10T11:48:34.077+0000] {dag.py:2941} INFO - Sync 1 DAGs
[2025-04-10T11:48:34.087+0000] {logging_mixin.py:151} INFO - [2025-04-10T11:48:34.086+0000] {dag.py:3722} INFO - Setting next_dagrun for extract_exchange_rates to 2025-04-10T00:00:00+00:00, run_after=2025-04-11T00:00:00+00:00
[2025-04-10T11:48:34.094+0000] {processor.py:179} INFO - Processing /opt/airflow/dags/extract_exchange_rates.py took 0.047 seconds
[2025-04-10T11:49:04.375+0000] {processor.py:157} INFO - Started process (PID=733) to work on /opt/airflow/dags/extract_exchange_rates.py
[2025-04-10T11:49:04.376+0000] {processor.py:829} INFO - Processing file /opt/airflow/dags/extract_exchange_rates.py for tasks to queue
[2025-04-10T11:49:04.376+0000] {logging_mixin.py:151} INFO - [2025-04-10T11:49:04.376+0000] {dagbag.py:536} INFO - Filling up the DagBag from /opt/airflow/dags/extract_exchange_rates.py
[2025-04-10T11:49:04.387+0000] {processor.py:839} INFO - DAG(s) dict_keys(['extract_exchange_rates']) retrieved from /opt/airflow/dags/extract_exchange_rates.py
[2025-04-10T11:49:04.403+0000] {logging_mixin.py:151} INFO - [2025-04-10T11:49:04.403+0000] {dag.py:2941} INFO - Sync 1 DAGs
[2025-04-10T11:49:04.414+0000] {logging_mixin.py:151} INFO - [2025-04-10T11:49:04.414+0000] {dag.py:3722} INFO - Setting next_dagrun for extract_exchange_rates to 2025-04-10T00:00:00+00:00, run_after=2025-04-11T00:00:00+00:00
[2025-04-10T11:49:04.422+0000] {processor.py:179} INFO - Processing /opt/airflow/dags/extract_exchange_rates.py took 0.050 seconds
[2025-04-10T11:49:34.697+0000] {processor.py:157} INFO - Started process (PID=738) to work on /opt/airflow/dags/extract_exchange_rates.py
[2025-04-10T11:49:34.698+0000] {processor.py:829} INFO - Processing file /opt/airflow/dags/extract_exchange_rates.py for tasks to queue
[2025-04-10T11:49:34.699+0000] {logging_mixin.py:151} INFO - [2025-04-10T11:49:34.698+0000] {dagbag.py:536} INFO - Filling up the DagBag from /opt/airflow/dags/extract_exchange_rates.py
[2025-04-10T11:49:34.709+0000] {processor.py:839} INFO - DAG(s) dict_keys(['extract_exchange_rates']) retrieved from /opt/airflow/dags/extract_exchange_rates.py
[2025-04-10T11:49:34.723+0000] {logging_mixin.py:151} INFO - [2025-04-10T11:49:34.722+0000] {dag.py:2941} INFO - Sync 1 DAGs
[2025-04-10T11:49:34.733+0000] {logging_mixin.py:151} INFO - [2025-04-10T11:49:34.733+0000] {dag.py:3722} INFO - Setting next_dagrun for extract_exchange_rates to 2025-04-10T00:00:00+00:00, run_after=2025-04-11T00:00:00+00:00
[2025-04-10T11:49:34.740+0000] {processor.py:179} INFO - Processing /opt/airflow/dags/extract_exchange_rates.py took 0.045 seconds
[2025-04-10T11:50:05.059+0000] {processor.py:157} INFO - Started process (PID=743) to work on /opt/airflow/dags/extract_exchange_rates.py
[2025-04-10T11:50:05.059+0000] {processor.py:829} INFO - Processing file /opt/airflow/dags/extract_exchange_rates.py for tasks to queue
[2025-04-10T11:50:05.060+0000] {logging_mixin.py:151} INFO - [2025-04-10T11:50:05.060+0000] {dagbag.py:536} INFO - Filling up the DagBag from /opt/airflow/dags/extract_exchange_rates.py
[2025-04-10T11:50:05.070+0000] {processor.py:839} INFO - DAG(s) dict_keys(['extract_exchange_rates']) retrieved from /opt/airflow/dags/extract_exchange_rates.py
[2025-04-10T11:50:05.082+0000] {logging_mixin.py:151} INFO - [2025-04-10T11:50:05.082+0000] {dag.py:2941} INFO - Sync 1 DAGs
[2025-04-10T11:50:05.092+0000] {logging_mixin.py:151} INFO - [2025-04-10T11:50:05.092+0000] {dag.py:3722} INFO - Setting next_dagrun for extract_exchange_rates to 2025-04-10T00:00:00+00:00, run_after=2025-04-11T00:00:00+00:00
[2025-04-10T11:50:05.100+0000] {processor.py:179} INFO - Processing /opt/airflow/dags/extract_exchange_rates.py took 0.043 seconds
[2025-04-10T11:50:35.378+0000] {processor.py:157} INFO - Started process (PID=748) to work on /opt/airflow/dags/extract_exchange_rates.py
[2025-04-10T11:50:35.378+0000] {processor.py:829} INFO - Processing file /opt/airflow/dags/extract_exchange_rates.py for tasks to queue
[2025-04-10T11:50:35.379+0000] {logging_mixin.py:151} INFO - [2025-04-10T11:50:35.379+0000] {dagbag.py:536} INFO - Filling up the DagBag from /opt/airflow/dags/extract_exchange_rates.py
[2025-04-10T11:50:35.390+0000] {processor.py:839} INFO - DAG(s) dict_keys(['extract_exchange_rates']) retrieved from /opt/airflow/dags/extract_exchange_rates.py
[2025-04-10T11:50:35.404+0000] {logging_mixin.py:151} INFO - [2025-04-10T11:50:35.404+0000] {dag.py:2941} INFO - Sync 1 DAGs
[2025-04-10T11:50:35.414+0000] {logging_mixin.py:151} INFO - [2025-04-10T11:50:35.414+0000] {dag.py:3722} INFO - Setting next_dagrun for extract_exchange_rates to 2025-04-10T00:00:00+00:00, run_after=2025-04-11T00:00:00+00:00
[2025-04-10T11:50:35.422+0000] {processor.py:179} INFO - Processing /opt/airflow/dags/extract_exchange_rates.py took 0.046 seconds
[2025-04-10T11:51:05.694+0000] {processor.py:157} INFO - Started process (PID=753) to work on /opt/airflow/dags/extract_exchange_rates.py
[2025-04-10T11:51:05.695+0000] {processor.py:829} INFO - Processing file /opt/airflow/dags/extract_exchange_rates.py for tasks to queue
[2025-04-10T11:51:05.696+0000] {logging_mixin.py:151} INFO - [2025-04-10T11:51:05.696+0000] {dagbag.py:536} INFO - Filling up the DagBag from /opt/airflow/dags/extract_exchange_rates.py
[2025-04-10T11:51:05.705+0000] {processor.py:839} INFO - DAG(s) dict_keys(['extract_exchange_rates']) retrieved from /opt/airflow/dags/extract_exchange_rates.py
[2025-04-10T11:51:05.718+0000] {logging_mixin.py:151} INFO - [2025-04-10T11:51:05.718+0000] {dag.py:2941} INFO - Sync 1 DAGs
[2025-04-10T11:51:05.727+0000] {logging_mixin.py:151} INFO - [2025-04-10T11:51:05.727+0000] {dag.py:3722} INFO - Setting next_dagrun for extract_exchange_rates to 2025-04-10T00:00:00+00:00, run_after=2025-04-11T00:00:00+00:00
[2025-04-10T11:51:05.734+0000] {processor.py:179} INFO - Processing /opt/airflow/dags/extract_exchange_rates.py took 0.042 seconds
[2025-04-10T11:51:35.978+0000] {processor.py:157} INFO - Started process (PID=758) to work on /opt/airflow/dags/extract_exchange_rates.py
[2025-04-10T11:51:35.979+0000] {processor.py:829} INFO - Processing file /opt/airflow/dags/extract_exchange_rates.py for tasks to queue
[2025-04-10T11:51:35.980+0000] {logging_mixin.py:151} INFO - [2025-04-10T11:51:35.979+0000] {dagbag.py:536} INFO - Filling up the DagBag from /opt/airflow/dags/extract_exchange_rates.py
[2025-04-10T11:51:35.989+0000] {processor.py:839} INFO - DAG(s) dict_keys(['extract_exchange_rates']) retrieved from /opt/airflow/dags/extract_exchange_rates.py
[2025-04-10T11:51:36.002+0000] {logging_mixin.py:151} INFO - [2025-04-10T11:51:36.001+0000] {dag.py:2941} INFO - Sync 1 DAGs
[2025-04-10T11:51:36.011+0000] {logging_mixin.py:151} INFO - [2025-04-10T11:51:36.011+0000] {dag.py:3722} INFO - Setting next_dagrun for extract_exchange_rates to 2025-04-10T00:00:00+00:00, run_after=2025-04-11T00:00:00+00:00
[2025-04-10T11:51:36.018+0000] {processor.py:179} INFO - Processing /opt/airflow/dags/extract_exchange_rates.py took 0.041 seconds
[2025-04-10T11:52:06.233+0000] {processor.py:157} INFO - Started process (PID=763) to work on /opt/airflow/dags/extract_exchange_rates.py
[2025-04-10T11:52:06.233+0000] {processor.py:829} INFO - Processing file /opt/airflow/dags/extract_exchange_rates.py for tasks to queue
[2025-04-10T11:52:06.234+0000] {logging_mixin.py:151} INFO - [2025-04-10T11:52:06.234+0000] {dagbag.py:536} INFO - Filling up the DagBag from /opt/airflow/dags/extract_exchange_rates.py
[2025-04-10T11:52:06.242+0000] {processor.py:839} INFO - DAG(s) dict_keys(['extract_exchange_rates']) retrieved from /opt/airflow/dags/extract_exchange_rates.py
[2025-04-10T11:52:06.257+0000] {logging_mixin.py:151} INFO - [2025-04-10T11:52:06.256+0000] {dag.py:2941} INFO - Sync 1 DAGs
[2025-04-10T11:52:06.269+0000] {logging_mixin.py:151} INFO - [2025-04-10T11:52:06.269+0000] {dag.py:3722} INFO - Setting next_dagrun for extract_exchange_rates to 2025-04-10T00:00:00+00:00, run_after=2025-04-11T00:00:00+00:00
[2025-04-10T11:52:06.276+0000] {processor.py:179} INFO - Processing /opt/airflow/dags/extract_exchange_rates.py took 0.045 seconds
[2025-04-10T11:52:36.515+0000] {processor.py:157} INFO - Started process (PID=768) to work on /opt/airflow/dags/extract_exchange_rates.py
[2025-04-10T11:52:36.516+0000] {processor.py:829} INFO - Processing file /opt/airflow/dags/extract_exchange_rates.py for tasks to queue
[2025-04-10T11:52:36.517+0000] {logging_mixin.py:151} INFO - [2025-04-10T11:52:36.516+0000] {dagbag.py:536} INFO - Filling up the DagBag from /opt/airflow/dags/extract_exchange_rates.py
[2025-04-10T11:52:36.527+0000] {processor.py:839} INFO - DAG(s) dict_keys(['extract_exchange_rates']) retrieved from /opt/airflow/dags/extract_exchange_rates.py
[2025-04-10T11:52:36.539+0000] {logging_mixin.py:151} INFO - [2025-04-10T11:52:36.539+0000] {dag.py:2941} INFO - Sync 1 DAGs
[2025-04-10T11:52:36.549+0000] {logging_mixin.py:151} INFO - [2025-04-10T11:52:36.549+0000] {dag.py:3722} INFO - Setting next_dagrun for extract_exchange_rates to 2025-04-10T00:00:00+00:00, run_after=2025-04-11T00:00:00+00:00
[2025-04-10T11:52:36.556+0000] {processor.py:179} INFO - Processing /opt/airflow/dags/extract_exchange_rates.py took 0.043 seconds
[2025-04-10T11:53:06.777+0000] {processor.py:157} INFO - Started process (PID=773) to work on /opt/airflow/dags/extract_exchange_rates.py
[2025-04-10T11:53:06.777+0000] {processor.py:829} INFO - Processing file /opt/airflow/dags/extract_exchange_rates.py for tasks to queue
[2025-04-10T11:53:06.778+0000] {logging_mixin.py:151} INFO - [2025-04-10T11:53:06.778+0000] {dagbag.py:536} INFO - Filling up the DagBag from /opt/airflow/dags/extract_exchange_rates.py
[2025-04-10T11:53:06.788+0000] {processor.py:839} INFO - DAG(s) dict_keys(['extract_exchange_rates']) retrieved from /opt/airflow/dags/extract_exchange_rates.py
[2025-04-10T11:53:06.800+0000] {logging_mixin.py:151} INFO - [2025-04-10T11:53:06.800+0000] {dag.py:2941} INFO - Sync 1 DAGs
[2025-04-10T11:53:06.809+0000] {logging_mixin.py:151} INFO - [2025-04-10T11:53:06.809+0000] {dag.py:3722} INFO - Setting next_dagrun for extract_exchange_rates to 2025-04-10T00:00:00+00:00, run_after=2025-04-11T00:00:00+00:00
[2025-04-10T11:53:06.816+0000] {processor.py:179} INFO - Processing /opt/airflow/dags/extract_exchange_rates.py took 0.041 seconds
[2025-04-10T11:53:37.057+0000] {processor.py:157} INFO - Started process (PID=778) to work on /opt/airflow/dags/extract_exchange_rates.py
[2025-04-10T11:53:37.058+0000] {processor.py:829} INFO - Processing file /opt/airflow/dags/extract_exchange_rates.py for tasks to queue
[2025-04-10T11:53:37.058+0000] {logging_mixin.py:151} INFO - [2025-04-10T11:53:37.058+0000] {dagbag.py:536} INFO - Filling up the DagBag from /opt/airflow/dags/extract_exchange_rates.py
[2025-04-10T11:53:37.069+0000] {processor.py:839} INFO - DAG(s) dict_keys(['extract_exchange_rates']) retrieved from /opt/airflow/dags/extract_exchange_rates.py
[2025-04-10T11:53:37.083+0000] {logging_mixin.py:151} INFO - [2025-04-10T11:53:37.083+0000] {dag.py:2941} INFO - Sync 1 DAGs
[2025-04-10T11:53:37.093+0000] {logging_mixin.py:151} INFO - [2025-04-10T11:53:37.093+0000] {dag.py:3722} INFO - Setting next_dagrun for extract_exchange_rates to 2025-04-10T00:00:00+00:00, run_after=2025-04-11T00:00:00+00:00
[2025-04-10T11:53:37.100+0000] {processor.py:179} INFO - Processing /opt/airflow/dags/extract_exchange_rates.py took 0.046 seconds
[2025-04-10T11:54:07.396+0000] {processor.py:157} INFO - Started process (PID=783) to work on /opt/airflow/dags/extract_exchange_rates.py
[2025-04-10T11:54:07.397+0000] {processor.py:829} INFO - Processing file /opt/airflow/dags/extract_exchange_rates.py for tasks to queue
[2025-04-10T11:54:07.397+0000] {logging_mixin.py:151} INFO - [2025-04-10T11:54:07.397+0000] {dagbag.py:536} INFO - Filling up the DagBag from /opt/airflow/dags/extract_exchange_rates.py
[2025-04-10T11:54:07.408+0000] {processor.py:839} INFO - DAG(s) dict_keys(['extract_exchange_rates']) retrieved from /opt/airflow/dags/extract_exchange_rates.py
[2025-04-10T11:54:07.423+0000] {logging_mixin.py:151} INFO - [2025-04-10T11:54:07.423+0000] {dag.py:2941} INFO - Sync 1 DAGs
[2025-04-10T11:54:07.432+0000] {logging_mixin.py:151} INFO - [2025-04-10T11:54:07.432+0000] {dag.py:3722} INFO - Setting next_dagrun for extract_exchange_rates to 2025-04-10T00:00:00+00:00, run_after=2025-04-11T00:00:00+00:00
[2025-04-10T11:54:07.440+0000] {processor.py:179} INFO - Processing /opt/airflow/dags/extract_exchange_rates.py took 0.046 seconds
[2025-04-10T11:54:37.724+0000] {processor.py:157} INFO - Started process (PID=788) to work on /opt/airflow/dags/extract_exchange_rates.py
[2025-04-10T11:54:37.724+0000] {processor.py:829} INFO - Processing file /opt/airflow/dags/extract_exchange_rates.py for tasks to queue
[2025-04-10T11:54:37.725+0000] {logging_mixin.py:151} INFO - [2025-04-10T11:54:37.725+0000] {dagbag.py:536} INFO - Filling up the DagBag from /opt/airflow/dags/extract_exchange_rates.py
[2025-04-10T11:54:37.736+0000] {processor.py:839} INFO - DAG(s) dict_keys(['extract_exchange_rates']) retrieved from /opt/airflow/dags/extract_exchange_rates.py
[2025-04-10T11:54:37.750+0000] {logging_mixin.py:151} INFO - [2025-04-10T11:54:37.750+0000] {dag.py:2941} INFO - Sync 1 DAGs
[2025-04-10T11:54:37.759+0000] {logging_mixin.py:151} INFO - [2025-04-10T11:54:37.759+0000] {dag.py:3722} INFO - Setting next_dagrun for extract_exchange_rates to 2025-04-10T00:00:00+00:00, run_after=2025-04-11T00:00:00+00:00
[2025-04-10T11:54:37.767+0000] {processor.py:179} INFO - Processing /opt/airflow/dags/extract_exchange_rates.py took 0.046 seconds
[2025-04-10T11:55:08.057+0000] {processor.py:157} INFO - Started process (PID=793) to work on /opt/airflow/dags/extract_exchange_rates.py
[2025-04-10T11:55:08.057+0000] {processor.py:829} INFO - Processing file /opt/airflow/dags/extract_exchange_rates.py for tasks to queue
[2025-04-10T11:55:08.058+0000] {logging_mixin.py:151} INFO - [2025-04-10T11:55:08.058+0000] {dagbag.py:536} INFO - Filling up the DagBag from /opt/airflow/dags/extract_exchange_rates.py
[2025-04-10T11:55:08.069+0000] {processor.py:839} INFO - DAG(s) dict_keys(['extract_exchange_rates']) retrieved from /opt/airflow/dags/extract_exchange_rates.py
[2025-04-10T11:55:08.082+0000] {logging_mixin.py:151} INFO - [2025-04-10T11:55:08.082+0000] {dag.py:2941} INFO - Sync 1 DAGs
[2025-04-10T11:55:08.092+0000] {logging_mixin.py:151} INFO - [2025-04-10T11:55:08.092+0000] {dag.py:3722} INFO - Setting next_dagrun for extract_exchange_rates to 2025-04-10T00:00:00+00:00, run_after=2025-04-11T00:00:00+00:00
[2025-04-10T11:55:08.099+0000] {processor.py:179} INFO - Processing /opt/airflow/dags/extract_exchange_rates.py took 0.045 seconds
[2025-04-10T11:55:38.386+0000] {processor.py:157} INFO - Started process (PID=798) to work on /opt/airflow/dags/extract_exchange_rates.py
[2025-04-10T11:55:38.386+0000] {processor.py:829} INFO - Processing file /opt/airflow/dags/extract_exchange_rates.py for tasks to queue
[2025-04-10T11:55:38.387+0000] {logging_mixin.py:151} INFO - [2025-04-10T11:55:38.387+0000] {dagbag.py:536} INFO - Filling up the DagBag from /opt/airflow/dags/extract_exchange_rates.py
[2025-04-10T11:55:38.398+0000] {processor.py:839} INFO - DAG(s) dict_keys(['extract_exchange_rates']) retrieved from /opt/airflow/dags/extract_exchange_rates.py
[2025-04-10T11:55:38.415+0000] {logging_mixin.py:151} INFO - [2025-04-10T11:55:38.415+0000] {dag.py:2941} INFO - Sync 1 DAGs
[2025-04-10T11:55:38.425+0000] {logging_mixin.py:151} INFO - [2025-04-10T11:55:38.425+0000] {dag.py:3722} INFO - Setting next_dagrun for extract_exchange_rates to 2025-04-10T00:00:00+00:00, run_after=2025-04-11T00:00:00+00:00
[2025-04-10T11:55:38.432+0000] {processor.py:179} INFO - Processing /opt/airflow/dags/extract_exchange_rates.py took 0.049 seconds
[2025-04-10T11:56:08.969+0000] {processor.py:157} INFO - Started process (PID=803) to work on /opt/airflow/dags/extract_exchange_rates.py
[2025-04-10T11:56:08.970+0000] {processor.py:829} INFO - Processing file /opt/airflow/dags/extract_exchange_rates.py for tasks to queue
[2025-04-10T11:56:08.971+0000] {logging_mixin.py:151} INFO - [2025-04-10T11:56:08.970+0000] {dagbag.py:536} INFO - Filling up the DagBag from /opt/airflow/dags/extract_exchange_rates.py
[2025-04-10T11:56:08.982+0000] {processor.py:839} INFO - DAG(s) dict_keys(['extract_exchange_rates']) retrieved from /opt/airflow/dags/extract_exchange_rates.py
[2025-04-10T11:56:08.996+0000] {logging_mixin.py:151} INFO - [2025-04-10T11:56:08.996+0000] {dag.py:2941} INFO - Sync 1 DAGs
[2025-04-10T11:56:09.006+0000] {logging_mixin.py:151} INFO - [2025-04-10T11:56:09.006+0000] {dag.py:3722} INFO - Setting next_dagrun for extract_exchange_rates to 2025-04-10T00:00:00+00:00, run_after=2025-04-11T00:00:00+00:00
[2025-04-10T11:56:09.012+0000] {processor.py:179} INFO - Processing /opt/airflow/dags/extract_exchange_rates.py took 0.046 seconds
[2025-04-10T11:56:39.284+0000] {processor.py:157} INFO - Started process (PID=808) to work on /opt/airflow/dags/extract_exchange_rates.py
[2025-04-10T11:56:39.284+0000] {processor.py:829} INFO - Processing file /opt/airflow/dags/extract_exchange_rates.py for tasks to queue
[2025-04-10T11:56:39.285+0000] {logging_mixin.py:151} INFO - [2025-04-10T11:56:39.285+0000] {dagbag.py:536} INFO - Filling up the DagBag from /opt/airflow/dags/extract_exchange_rates.py
[2025-04-10T11:56:39.297+0000] {processor.py:839} INFO - DAG(s) dict_keys(['extract_exchange_rates']) retrieved from /opt/airflow/dags/extract_exchange_rates.py
[2025-04-10T11:56:39.310+0000] {logging_mixin.py:151} INFO - [2025-04-10T11:56:39.310+0000] {dag.py:2941} INFO - Sync 1 DAGs
[2025-04-10T11:56:39.319+0000] {logging_mixin.py:151} INFO - [2025-04-10T11:56:39.319+0000] {dag.py:3722} INFO - Setting next_dagrun for extract_exchange_rates to 2025-04-10T00:00:00+00:00, run_after=2025-04-11T00:00:00+00:00
[2025-04-10T11:56:39.327+0000] {processor.py:179} INFO - Processing /opt/airflow/dags/extract_exchange_rates.py took 0.045 seconds
[2025-04-10T11:57:09.589+0000] {processor.py:157} INFO - Started process (PID=813) to work on /opt/airflow/dags/extract_exchange_rates.py
[2025-04-10T11:57:09.590+0000] {processor.py:829} INFO - Processing file /opt/airflow/dags/extract_exchange_rates.py for tasks to queue
[2025-04-10T11:57:09.591+0000] {logging_mixin.py:151} INFO - [2025-04-10T11:57:09.591+0000] {dagbag.py:536} INFO - Filling up the DagBag from /opt/airflow/dags/extract_exchange_rates.py
[2025-04-10T11:57:09.601+0000] {processor.py:839} INFO - DAG(s) dict_keys(['extract_exchange_rates']) retrieved from /opt/airflow/dags/extract_exchange_rates.py
[2025-04-10T11:57:09.615+0000] {logging_mixin.py:151} INFO - [2025-04-10T11:57:09.615+0000] {dag.py:2941} INFO - Sync 1 DAGs
[2025-04-10T11:57:09.627+0000] {logging_mixin.py:151} INFO - [2025-04-10T11:57:09.627+0000] {dag.py:3722} INFO - Setting next_dagrun for extract_exchange_rates to 2025-04-10T00:00:00+00:00, run_after=2025-04-11T00:00:00+00:00
[2025-04-10T11:57:09.634+0000] {processor.py:179} INFO - Processing /opt/airflow/dags/extract_exchange_rates.py took 0.047 seconds
[2025-04-10T11:57:39.901+0000] {processor.py:157} INFO - Started process (PID=818) to work on /opt/airflow/dags/extract_exchange_rates.py
[2025-04-10T11:57:39.902+0000] {processor.py:829} INFO - Processing file /opt/airflow/dags/extract_exchange_rates.py for tasks to queue
[2025-04-10T11:57:39.902+0000] {logging_mixin.py:151} INFO - [2025-04-10T11:57:39.902+0000] {dagbag.py:536} INFO - Filling up the DagBag from /opt/airflow/dags/extract_exchange_rates.py
[2025-04-10T11:57:39.910+0000] {processor.py:839} INFO - DAG(s) dict_keys(['extract_exchange_rates']) retrieved from /opt/airflow/dags/extract_exchange_rates.py
[2025-04-10T11:57:39.922+0000] {logging_mixin.py:151} INFO - [2025-04-10T11:57:39.922+0000] {dag.py:2941} INFO - Sync 1 DAGs
[2025-04-10T11:57:39.931+0000] {logging_mixin.py:151} INFO - [2025-04-10T11:57:39.931+0000] {dag.py:3722} INFO - Setting next_dagrun for extract_exchange_rates to 2025-04-10T00:00:00+00:00, run_after=2025-04-11T00:00:00+00:00
[2025-04-10T11:57:39.938+0000] {processor.py:179} INFO - Processing /opt/airflow/dags/extract_exchange_rates.py took 0.038 seconds
[2025-04-10T11:58:10.207+0000] {processor.py:157} INFO - Started process (PID=823) to work on /opt/airflow/dags/extract_exchange_rates.py
[2025-04-10T11:58:10.208+0000] {processor.py:829} INFO - Processing file /opt/airflow/dags/extract_exchange_rates.py for tasks to queue
[2025-04-10T11:58:10.209+0000] {logging_mixin.py:151} INFO - [2025-04-10T11:58:10.208+0000] {dagbag.py:536} INFO - Filling up the DagBag from /opt/airflow/dags/extract_exchange_rates.py
[2025-04-10T11:58:10.219+0000] {processor.py:839} INFO - DAG(s) dict_keys(['extract_exchange_rates']) retrieved from /opt/airflow/dags/extract_exchange_rates.py
[2025-04-10T11:58:10.233+0000] {logging_mixin.py:151} INFO - [2025-04-10T11:58:10.233+0000] {dag.py:2941} INFO - Sync 1 DAGs
[2025-04-10T11:58:10.244+0000] {logging_mixin.py:151} INFO - [2025-04-10T11:58:10.244+0000] {dag.py:3722} INFO - Setting next_dagrun for extract_exchange_rates to 2025-04-10T00:00:00+00:00, run_after=2025-04-11T00:00:00+00:00
[2025-04-10T11:58:10.251+0000] {processor.py:179} INFO - Processing /opt/airflow/dags/extract_exchange_rates.py took 0.046 seconds
[2025-04-10T11:58:40.503+0000] {processor.py:157} INFO - Started process (PID=828) to work on /opt/airflow/dags/extract_exchange_rates.py
[2025-04-10T11:58:40.504+0000] {processor.py:829} INFO - Processing file /opt/airflow/dags/extract_exchange_rates.py for tasks to queue
[2025-04-10T11:58:40.505+0000] {logging_mixin.py:151} INFO - [2025-04-10T11:58:40.505+0000] {dagbag.py:536} INFO - Filling up the DagBag from /opt/airflow/dags/extract_exchange_rates.py
[2025-04-10T11:58:40.516+0000] {processor.py:839} INFO - DAG(s) dict_keys(['extract_exchange_rates']) retrieved from /opt/airflow/dags/extract_exchange_rates.py
[2025-04-10T11:58:40.531+0000] {logging_mixin.py:151} INFO - [2025-04-10T11:58:40.531+0000] {dag.py:2941} INFO - Sync 1 DAGs
[2025-04-10T11:58:40.542+0000] {logging_mixin.py:151} INFO - [2025-04-10T11:58:40.542+0000] {dag.py:3722} INFO - Setting next_dagrun for extract_exchange_rates to 2025-04-10T00:00:00+00:00, run_after=2025-04-11T00:00:00+00:00
[2025-04-10T11:58:40.549+0000] {processor.py:179} INFO - Processing /opt/airflow/dags/extract_exchange_rates.py took 0.048 seconds
[2025-04-10T11:59:10.791+0000] {processor.py:157} INFO - Started process (PID=833) to work on /opt/airflow/dags/extract_exchange_rates.py
[2025-04-10T11:59:10.792+0000] {processor.py:829} INFO - Processing file /opt/airflow/dags/extract_exchange_rates.py for tasks to queue
[2025-04-10T11:59:10.793+0000] {logging_mixin.py:151} INFO - [2025-04-10T11:59:10.792+0000] {dagbag.py:536} INFO - Filling up the DagBag from /opt/airflow/dags/extract_exchange_rates.py
[2025-04-10T11:59:10.801+0000] {processor.py:839} INFO - DAG(s) dict_keys(['extract_exchange_rates']) retrieved from /opt/airflow/dags/extract_exchange_rates.py
[2025-04-10T11:59:10.815+0000] {logging_mixin.py:151} INFO - [2025-04-10T11:59:10.815+0000] {dag.py:2941} INFO - Sync 1 DAGs
[2025-04-10T11:59:10.825+0000] {logging_mixin.py:151} INFO - [2025-04-10T11:59:10.825+0000] {dag.py:3722} INFO - Setting next_dagrun for extract_exchange_rates to 2025-04-10T00:00:00+00:00, run_after=2025-04-11T00:00:00+00:00
[2025-04-10T11:59:10.832+0000] {processor.py:179} INFO - Processing /opt/airflow/dags/extract_exchange_rates.py took 0.043 seconds
[2025-04-10T11:59:41.056+0000] {processor.py:157} INFO - Started process (PID=838) to work on /opt/airflow/dags/extract_exchange_rates.py
[2025-04-10T11:59:41.057+0000] {processor.py:829} INFO - Processing file /opt/airflow/dags/extract_exchange_rates.py for tasks to queue
[2025-04-10T11:59:41.058+0000] {logging_mixin.py:151} INFO - [2025-04-10T11:59:41.058+0000] {dagbag.py:536} INFO - Filling up the DagBag from /opt/airflow/dags/extract_exchange_rates.py
[2025-04-10T11:59:41.069+0000] {processor.py:839} INFO - DAG(s) dict_keys(['extract_exchange_rates']) retrieved from /opt/airflow/dags/extract_exchange_rates.py
[2025-04-10T11:59:41.085+0000] {logging_mixin.py:151} INFO - [2025-04-10T11:59:41.084+0000] {dag.py:2941} INFO - Sync 1 DAGs
[2025-04-10T11:59:41.095+0000] {logging_mixin.py:151} INFO - [2025-04-10T11:59:41.095+0000] {dag.py:3722} INFO - Setting next_dagrun for extract_exchange_rates to 2025-04-10T00:00:00+00:00, run_after=2025-04-11T00:00:00+00:00
[2025-04-10T11:59:41.103+0000] {processor.py:179} INFO - Processing /opt/airflow/dags/extract_exchange_rates.py took 0.049 seconds
[2025-04-10T12:00:11.296+0000] {processor.py:157} INFO - Started process (PID=843) to work on /opt/airflow/dags/extract_exchange_rates.py
[2025-04-10T12:00:11.297+0000] {processor.py:829} INFO - Processing file /opt/airflow/dags/extract_exchange_rates.py for tasks to queue
[2025-04-10T12:00:11.298+0000] {logging_mixin.py:151} INFO - [2025-04-10T12:00:11.298+0000] {dagbag.py:536} INFO - Filling up the DagBag from /opt/airflow/dags/extract_exchange_rates.py
[2025-04-10T12:00:11.308+0000] {processor.py:839} INFO - DAG(s) dict_keys(['extract_exchange_rates']) retrieved from /opt/airflow/dags/extract_exchange_rates.py
[2025-04-10T12:00:11.323+0000] {logging_mixin.py:151} INFO - [2025-04-10T12:00:11.323+0000] {dag.py:2941} INFO - Sync 1 DAGs
[2025-04-10T12:00:11.335+0000] {logging_mixin.py:151} INFO - [2025-04-10T12:00:11.335+0000] {dag.py:3722} INFO - Setting next_dagrun for extract_exchange_rates to 2025-04-10T00:00:00+00:00, run_after=2025-04-11T00:00:00+00:00
[2025-04-10T12:00:11.343+0000] {processor.py:179} INFO - Processing /opt/airflow/dags/extract_exchange_rates.py took 0.048 seconds
[2025-04-10T12:00:41.587+0000] {processor.py:157} INFO - Started process (PID=848) to work on /opt/airflow/dags/extract_exchange_rates.py
[2025-04-10T12:00:41.587+0000] {processor.py:829} INFO - Processing file /opt/airflow/dags/extract_exchange_rates.py for tasks to queue
[2025-04-10T12:00:41.588+0000] {logging_mixin.py:151} INFO - [2025-04-10T12:00:41.588+0000] {dagbag.py:536} INFO - Filling up the DagBag from /opt/airflow/dags/extract_exchange_rates.py
[2025-04-10T12:00:41.598+0000] {processor.py:839} INFO - DAG(s) dict_keys(['extract_exchange_rates']) retrieved from /opt/airflow/dags/extract_exchange_rates.py
[2025-04-10T12:00:41.613+0000] {logging_mixin.py:151} INFO - [2025-04-10T12:00:41.613+0000] {dag.py:2941} INFO - Sync 1 DAGs
[2025-04-10T12:00:41.623+0000] {logging_mixin.py:151} INFO - [2025-04-10T12:00:41.623+0000] {dag.py:3722} INFO - Setting next_dagrun for extract_exchange_rates to 2025-04-10T00:00:00+00:00, run_after=2025-04-11T00:00:00+00:00
[2025-04-10T12:00:41.631+0000] {processor.py:179} INFO - Processing /opt/airflow/dags/extract_exchange_rates.py took 0.047 seconds
[2025-04-10T12:01:11.871+0000] {processor.py:157} INFO - Started process (PID=853) to work on /opt/airflow/dags/extract_exchange_rates.py
[2025-04-10T12:01:11.872+0000] {processor.py:829} INFO - Processing file /opt/airflow/dags/extract_exchange_rates.py for tasks to queue
[2025-04-10T12:01:11.872+0000] {logging_mixin.py:151} INFO - [2025-04-10T12:01:11.872+0000] {dagbag.py:536} INFO - Filling up the DagBag from /opt/airflow/dags/extract_exchange_rates.py
[2025-04-10T12:01:11.883+0000] {processor.py:839} INFO - DAG(s) dict_keys(['extract_exchange_rates']) retrieved from /opt/airflow/dags/extract_exchange_rates.py
[2025-04-10T12:01:11.902+0000] {logging_mixin.py:151} INFO - [2025-04-10T12:01:11.902+0000] {dag.py:2941} INFO - Sync 1 DAGs
[2025-04-10T12:01:11.915+0000] {logging_mixin.py:151} INFO - [2025-04-10T12:01:11.915+0000] {dag.py:3722} INFO - Setting next_dagrun for extract_exchange_rates to 2025-04-10T00:00:00+00:00, run_after=2025-04-11T00:00:00+00:00
[2025-04-10T12:01:11.923+0000] {processor.py:179} INFO - Processing /opt/airflow/dags/extract_exchange_rates.py took 0.055 seconds
[2025-04-10T12:01:42.172+0000] {processor.py:157} INFO - Started process (PID=858) to work on /opt/airflow/dags/extract_exchange_rates.py
[2025-04-10T12:01:42.173+0000] {processor.py:829} INFO - Processing file /opt/airflow/dags/extract_exchange_rates.py for tasks to queue
[2025-04-10T12:01:42.174+0000] {logging_mixin.py:151} INFO - [2025-04-10T12:01:42.174+0000] {dagbag.py:536} INFO - Filling up the DagBag from /opt/airflow/dags/extract_exchange_rates.py
[2025-04-10T12:01:42.184+0000] {processor.py:839} INFO - DAG(s) dict_keys(['extract_exchange_rates']) retrieved from /opt/airflow/dags/extract_exchange_rates.py
[2025-04-10T12:01:42.199+0000] {logging_mixin.py:151} INFO - [2025-04-10T12:01:42.199+0000] {dag.py:2941} INFO - Sync 1 DAGs
[2025-04-10T12:01:42.210+0000] {logging_mixin.py:151} INFO - [2025-04-10T12:01:42.210+0000] {dag.py:3722} INFO - Setting next_dagrun for extract_exchange_rates to 2025-04-10T00:00:00+00:00, run_after=2025-04-11T00:00:00+00:00
[2025-04-10T12:01:42.218+0000] {processor.py:179} INFO - Processing /opt/airflow/dags/extract_exchange_rates.py took 0.048 seconds
[2025-04-10T12:02:12.509+0000] {processor.py:157} INFO - Started process (PID=863) to work on /opt/airflow/dags/extract_exchange_rates.py
[2025-04-10T12:02:12.510+0000] {processor.py:829} INFO - Processing file /opt/airflow/dags/extract_exchange_rates.py for tasks to queue
[2025-04-10T12:02:12.510+0000] {logging_mixin.py:151} INFO - [2025-04-10T12:02:12.510+0000] {dagbag.py:536} INFO - Filling up the DagBag from /opt/airflow/dags/extract_exchange_rates.py
[2025-04-10T12:02:12.522+0000] {processor.py:839} INFO - DAG(s) dict_keys(['extract_exchange_rates']) retrieved from /opt/airflow/dags/extract_exchange_rates.py
[2025-04-10T12:02:12.536+0000] {logging_mixin.py:151} INFO - [2025-04-10T12:02:12.536+0000] {dag.py:2941} INFO - Sync 1 DAGs
[2025-04-10T12:02:12.546+0000] {logging_mixin.py:151} INFO - [2025-04-10T12:02:12.546+0000] {dag.py:3722} INFO - Setting next_dagrun for extract_exchange_rates to 2025-04-10T00:00:00+00:00, run_after=2025-04-11T00:00:00+00:00
[2025-04-10T12:02:12.553+0000] {processor.py:179} INFO - Processing /opt/airflow/dags/extract_exchange_rates.py took 0.047 seconds
[2025-04-10T12:02:42.820+0000] {processor.py:157} INFO - Started process (PID=868) to work on /opt/airflow/dags/extract_exchange_rates.py
[2025-04-10T12:02:42.821+0000] {processor.py:829} INFO - Processing file /opt/airflow/dags/extract_exchange_rates.py for tasks to queue
[2025-04-10T12:02:42.822+0000] {logging_mixin.py:151} INFO - [2025-04-10T12:02:42.822+0000] {dagbag.py:536} INFO - Filling up the DagBag from /opt/airflow/dags/extract_exchange_rates.py
[2025-04-10T12:02:42.836+0000] {processor.py:839} INFO - DAG(s) dict_keys(['extract_exchange_rates']) retrieved from /opt/airflow/dags/extract_exchange_rates.py
[2025-04-10T12:02:42.854+0000] {logging_mixin.py:151} INFO - [2025-04-10T12:02:42.854+0000] {dag.py:2941} INFO - Sync 1 DAGs
[2025-04-10T12:02:42.864+0000] {logging_mixin.py:151} INFO - [2025-04-10T12:02:42.864+0000] {dag.py:3722} INFO - Setting next_dagrun for extract_exchange_rates to 2025-04-10T00:00:00+00:00, run_after=2025-04-11T00:00:00+00:00
[2025-04-10T12:02:42.871+0000] {processor.py:179} INFO - Processing /opt/airflow/dags/extract_exchange_rates.py took 0.053 seconds
[2025-04-10T12:03:13.144+0000] {processor.py:157} INFO - Started process (PID=873) to work on /opt/airflow/dags/extract_exchange_rates.py
[2025-04-10T12:03:13.145+0000] {processor.py:829} INFO - Processing file /opt/airflow/dags/extract_exchange_rates.py for tasks to queue
[2025-04-10T12:03:13.145+0000] {logging_mixin.py:151} INFO - [2025-04-10T12:03:13.145+0000] {dagbag.py:536} INFO - Filling up the DagBag from /opt/airflow/dags/extract_exchange_rates.py
[2025-04-10T12:03:13.156+0000] {processor.py:839} INFO - DAG(s) dict_keys(['extract_exchange_rates']) retrieved from /opt/airflow/dags/extract_exchange_rates.py
[2025-04-10T12:03:13.173+0000] {logging_mixin.py:151} INFO - [2025-04-10T12:03:13.173+0000] {dag.py:2941} INFO - Sync 1 DAGs
[2025-04-10T12:03:13.183+0000] {logging_mixin.py:151} INFO - [2025-04-10T12:03:13.183+0000] {dag.py:3722} INFO - Setting next_dagrun for extract_exchange_rates to 2025-04-10T00:00:00+00:00, run_after=2025-04-11T00:00:00+00:00
[2025-04-10T12:03:13.190+0000] {processor.py:179} INFO - Processing /opt/airflow/dags/extract_exchange_rates.py took 0.048 seconds
[2025-04-10T12:03:43.451+0000] {processor.py:157} INFO - Started process (PID=878) to work on /opt/airflow/dags/extract_exchange_rates.py
[2025-04-10T12:03:43.452+0000] {processor.py:829} INFO - Processing file /opt/airflow/dags/extract_exchange_rates.py for tasks to queue
[2025-04-10T12:03:43.453+0000] {logging_mixin.py:151} INFO - [2025-04-10T12:03:43.452+0000] {dagbag.py:536} INFO - Filling up the DagBag from /opt/airflow/dags/extract_exchange_rates.py
[2025-04-10T12:03:43.464+0000] {processor.py:839} INFO - DAG(s) dict_keys(['extract_exchange_rates']) retrieved from /opt/airflow/dags/extract_exchange_rates.py
[2025-04-10T12:03:43.482+0000] {logging_mixin.py:151} INFO - [2025-04-10T12:03:43.482+0000] {dag.py:2941} INFO - Sync 1 DAGs
[2025-04-10T12:03:43.494+0000] {logging_mixin.py:151} INFO - [2025-04-10T12:03:43.494+0000] {dag.py:3722} INFO - Setting next_dagrun for extract_exchange_rates to 2025-04-10T00:00:00+00:00, run_after=2025-04-11T00:00:00+00:00
[2025-04-10T12:03:43.502+0000] {processor.py:179} INFO - Processing /opt/airflow/dags/extract_exchange_rates.py took 0.053 seconds
[2025-04-10T12:04:13.754+0000] {processor.py:157} INFO - Started process (PID=883) to work on /opt/airflow/dags/extract_exchange_rates.py
[2025-04-10T12:04:13.755+0000] {processor.py:829} INFO - Processing file /opt/airflow/dags/extract_exchange_rates.py for tasks to queue
[2025-04-10T12:04:13.756+0000] {logging_mixin.py:151} INFO - [2025-04-10T12:04:13.755+0000] {dagbag.py:536} INFO - Filling up the DagBag from /opt/airflow/dags/extract_exchange_rates.py
[2025-04-10T12:04:13.765+0000] {processor.py:839} INFO - DAG(s) dict_keys(['extract_exchange_rates']) retrieved from /opt/airflow/dags/extract_exchange_rates.py
[2025-04-10T12:04:13.779+0000] {logging_mixin.py:151} INFO - [2025-04-10T12:04:13.779+0000] {dag.py:2941} INFO - Sync 1 DAGs
[2025-04-10T12:04:13.789+0000] {logging_mixin.py:151} INFO - [2025-04-10T12:04:13.789+0000] {dag.py:3722} INFO - Setting next_dagrun for extract_exchange_rates to 2025-04-10T00:00:00+00:00, run_after=2025-04-11T00:00:00+00:00
[2025-04-10T12:04:13.796+0000] {processor.py:179} INFO - Processing /opt/airflow/dags/extract_exchange_rates.py took 0.044 seconds
[2025-04-10T12:04:44.071+0000] {processor.py:157} INFO - Started process (PID=888) to work on /opt/airflow/dags/extract_exchange_rates.py
[2025-04-10T12:04:44.072+0000] {processor.py:829} INFO - Processing file /opt/airflow/dags/extract_exchange_rates.py for tasks to queue
[2025-04-10T12:04:44.073+0000] {logging_mixin.py:151} INFO - [2025-04-10T12:04:44.072+0000] {dagbag.py:536} INFO - Filling up the DagBag from /opt/airflow/dags/extract_exchange_rates.py
[2025-04-10T12:04:44.081+0000] {processor.py:839} INFO - DAG(s) dict_keys(['extract_exchange_rates']) retrieved from /opt/airflow/dags/extract_exchange_rates.py
[2025-04-10T12:04:44.093+0000] {logging_mixin.py:151} INFO - [2025-04-10T12:04:44.093+0000] {dag.py:2941} INFO - Sync 1 DAGs
[2025-04-10T12:04:44.103+0000] {logging_mixin.py:151} INFO - [2025-04-10T12:04:44.103+0000] {dag.py:3722} INFO - Setting next_dagrun for extract_exchange_rates to 2025-04-10T00:00:00+00:00, run_after=2025-04-11T00:00:00+00:00
[2025-04-10T12:04:44.110+0000] {processor.py:179} INFO - Processing /opt/airflow/dags/extract_exchange_rates.py took 0.040 seconds
[2025-04-10T12:05:14.420+0000] {processor.py:157} INFO - Started process (PID=893) to work on /opt/airflow/dags/extract_exchange_rates.py
[2025-04-10T12:05:14.421+0000] {processor.py:829} INFO - Processing file /opt/airflow/dags/extract_exchange_rates.py for tasks to queue
[2025-04-10T12:05:14.422+0000] {logging_mixin.py:151} INFO - [2025-04-10T12:05:14.422+0000] {dagbag.py:536} INFO - Filling up the DagBag from /opt/airflow/dags/extract_exchange_rates.py
[2025-04-10T12:05:14.433+0000] {processor.py:839} INFO - DAG(s) dict_keys(['extract_exchange_rates']) retrieved from /opt/airflow/dags/extract_exchange_rates.py
[2025-04-10T12:05:14.449+0000] {logging_mixin.py:151} INFO - [2025-04-10T12:05:14.449+0000] {dag.py:2941} INFO - Sync 1 DAGs
[2025-04-10T12:05:14.459+0000] {logging_mixin.py:151} INFO - [2025-04-10T12:05:14.459+0000] {dag.py:3722} INFO - Setting next_dagrun for extract_exchange_rates to 2025-04-10T00:00:00+00:00, run_after=2025-04-11T00:00:00+00:00
[2025-04-10T12:05:14.467+0000] {processor.py:179} INFO - Processing /opt/airflow/dags/extract_exchange_rates.py took 0.050 seconds
[2025-04-10T12:05:44.754+0000] {processor.py:157} INFO - Started process (PID=898) to work on /opt/airflow/dags/extract_exchange_rates.py
[2025-04-10T12:05:44.755+0000] {processor.py:829} INFO - Processing file /opt/airflow/dags/extract_exchange_rates.py for tasks to queue
[2025-04-10T12:05:44.756+0000] {logging_mixin.py:151} INFO - [2025-04-10T12:05:44.756+0000] {dagbag.py:536} INFO - Filling up the DagBag from /opt/airflow/dags/extract_exchange_rates.py
[2025-04-10T12:05:44.766+0000] {processor.py:839} INFO - DAG(s) dict_keys(['extract_exchange_rates']) retrieved from /opt/airflow/dags/extract_exchange_rates.py
[2025-04-10T12:05:44.780+0000] {logging_mixin.py:151} INFO - [2025-04-10T12:05:44.780+0000] {dag.py:2941} INFO - Sync 1 DAGs
[2025-04-10T12:05:44.791+0000] {logging_mixin.py:151} INFO - [2025-04-10T12:05:44.791+0000] {dag.py:3722} INFO - Setting next_dagrun for extract_exchange_rates to 2025-04-10T00:00:00+00:00, run_after=2025-04-11T00:00:00+00:00
[2025-04-10T12:05:44.799+0000] {processor.py:179} INFO - Processing /opt/airflow/dags/extract_exchange_rates.py took 0.047 seconds
[2025-04-10T12:06:15.081+0000] {processor.py:157} INFO - Started process (PID=903) to work on /opt/airflow/dags/extract_exchange_rates.py
[2025-04-10T12:06:15.082+0000] {processor.py:829} INFO - Processing file /opt/airflow/dags/extract_exchange_rates.py for tasks to queue
[2025-04-10T12:06:15.083+0000] {logging_mixin.py:151} INFO - [2025-04-10T12:06:15.083+0000] {dagbag.py:536} INFO - Filling up the DagBag from /opt/airflow/dags/extract_exchange_rates.py
[2025-04-10T12:06:15.093+0000] {processor.py:839} INFO - DAG(s) dict_keys(['extract_exchange_rates']) retrieved from /opt/airflow/dags/extract_exchange_rates.py
[2025-04-10T12:06:15.106+0000] {logging_mixin.py:151} INFO - [2025-04-10T12:06:15.106+0000] {dag.py:2941} INFO - Sync 1 DAGs
[2025-04-10T12:06:15.117+0000] {logging_mixin.py:151} INFO - [2025-04-10T12:06:15.117+0000] {dag.py:3722} INFO - Setting next_dagrun for extract_exchange_rates to 2025-04-10T00:00:00+00:00, run_after=2025-04-11T00:00:00+00:00
[2025-04-10T12:06:15.126+0000] {processor.py:179} INFO - Processing /opt/airflow/dags/extract_exchange_rates.py took 0.046 seconds
[2025-04-10T12:06:45.386+0000] {processor.py:157} INFO - Started process (PID=908) to work on /opt/airflow/dags/extract_exchange_rates.py
[2025-04-10T12:06:45.387+0000] {processor.py:829} INFO - Processing file /opt/airflow/dags/extract_exchange_rates.py for tasks to queue
[2025-04-10T12:06:45.388+0000] {logging_mixin.py:151} INFO - [2025-04-10T12:06:45.388+0000] {dagbag.py:536} INFO - Filling up the DagBag from /opt/airflow/dags/extract_exchange_rates.py
[2025-04-10T12:06:45.400+0000] {processor.py:839} INFO - DAG(s) dict_keys(['extract_exchange_rates']) retrieved from /opt/airflow/dags/extract_exchange_rates.py
[2025-04-10T12:06:45.417+0000] {logging_mixin.py:151} INFO - [2025-04-10T12:06:45.417+0000] {dag.py:2941} INFO - Sync 1 DAGs
[2025-04-10T12:06:45.427+0000] {logging_mixin.py:151} INFO - [2025-04-10T12:06:45.427+0000] {dag.py:3722} INFO - Setting next_dagrun for extract_exchange_rates to 2025-04-10T00:00:00+00:00, run_after=2025-04-11T00:00:00+00:00
[2025-04-10T12:06:45.434+0000] {processor.py:179} INFO - Processing /opt/airflow/dags/extract_exchange_rates.py took 0.051 seconds
[2025-04-10T12:07:15.715+0000] {processor.py:157} INFO - Started process (PID=913) to work on /opt/airflow/dags/extract_exchange_rates.py
[2025-04-10T12:07:15.716+0000] {processor.py:829} INFO - Processing file /opt/airflow/dags/extract_exchange_rates.py for tasks to queue
[2025-04-10T12:07:15.716+0000] {logging_mixin.py:151} INFO - [2025-04-10T12:07:15.716+0000] {dagbag.py:536} INFO - Filling up the DagBag from /opt/airflow/dags/extract_exchange_rates.py
[2025-04-10T12:07:15.728+0000] {processor.py:839} INFO - DAG(s) dict_keys(['extract_exchange_rates']) retrieved from /opt/airflow/dags/extract_exchange_rates.py
[2025-04-10T12:07:15.742+0000] {logging_mixin.py:151} INFO - [2025-04-10T12:07:15.742+0000] {dag.py:2941} INFO - Sync 1 DAGs
[2025-04-10T12:07:15.752+0000] {logging_mixin.py:151} INFO - [2025-04-10T12:07:15.752+0000] {dag.py:3722} INFO - Setting next_dagrun for extract_exchange_rates to 2025-04-10T00:00:00+00:00, run_after=2025-04-11T00:00:00+00:00
[2025-04-10T12:07:15.759+0000] {processor.py:179} INFO - Processing /opt/airflow/dags/extract_exchange_rates.py took 0.047 seconds
[2025-04-10T12:07:46.022+0000] {processor.py:157} INFO - Started process (PID=918) to work on /opt/airflow/dags/extract_exchange_rates.py
[2025-04-10T12:07:46.023+0000] {processor.py:829} INFO - Processing file /opt/airflow/dags/extract_exchange_rates.py for tasks to queue
[2025-04-10T12:07:46.024+0000] {logging_mixin.py:151} INFO - [2025-04-10T12:07:46.023+0000] {dagbag.py:536} INFO - Filling up the DagBag from /opt/airflow/dags/extract_exchange_rates.py
[2025-04-10T12:07:46.033+0000] {processor.py:839} INFO - DAG(s) dict_keys(['extract_exchange_rates']) retrieved from /opt/airflow/dags/extract_exchange_rates.py
[2025-04-10T12:07:46.046+0000] {logging_mixin.py:151} INFO - [2025-04-10T12:07:46.046+0000] {dag.py:2941} INFO - Sync 1 DAGs
[2025-04-10T12:07:46.056+0000] {logging_mixin.py:151} INFO - [2025-04-10T12:07:46.056+0000] {dag.py:3722} INFO - Setting next_dagrun for extract_exchange_rates to 2025-04-10T00:00:00+00:00, run_after=2025-04-11T00:00:00+00:00
[2025-04-10T12:07:46.063+0000] {processor.py:179} INFO - Processing /opt/airflow/dags/extract_exchange_rates.py took 0.043 seconds
[2025-04-10T12:08:16.270+0000] {processor.py:157} INFO - Started process (PID=923) to work on /opt/airflow/dags/extract_exchange_rates.py
[2025-04-10T12:08:16.271+0000] {processor.py:829} INFO - Processing file /opt/airflow/dags/extract_exchange_rates.py for tasks to queue
[2025-04-10T12:08:16.271+0000] {logging_mixin.py:151} INFO - [2025-04-10T12:08:16.271+0000] {dagbag.py:536} INFO - Filling up the DagBag from /opt/airflow/dags/extract_exchange_rates.py
[2025-04-10T12:08:16.281+0000] {processor.py:839} INFO - DAG(s) dict_keys(['extract_exchange_rates']) retrieved from /opt/airflow/dags/extract_exchange_rates.py
[2025-04-10T12:08:16.294+0000] {logging_mixin.py:151} INFO - [2025-04-10T12:08:16.293+0000] {dag.py:2941} INFO - Sync 1 DAGs
[2025-04-10T12:08:16.304+0000] {logging_mixin.py:151} INFO - [2025-04-10T12:08:16.304+0000] {dag.py:3722} INFO - Setting next_dagrun for extract_exchange_rates to 2025-04-10T00:00:00+00:00, run_after=2025-04-11T00:00:00+00:00
[2025-04-10T12:08:16.311+0000] {processor.py:179} INFO - Processing /opt/airflow/dags/extract_exchange_rates.py took 0.042 seconds
[2025-04-10T12:08:46.534+0000] {processor.py:157} INFO - Started process (PID=928) to work on /opt/airflow/dags/extract_exchange_rates.py
[2025-04-10T12:08:46.535+0000] {processor.py:829} INFO - Processing file /opt/airflow/dags/extract_exchange_rates.py for tasks to queue
[2025-04-10T12:08:46.535+0000] {logging_mixin.py:151} INFO - [2025-04-10T12:08:46.535+0000] {dagbag.py:536} INFO - Filling up the DagBag from /opt/airflow/dags/extract_exchange_rates.py
[2025-04-10T12:08:46.543+0000] {processor.py:839} INFO - DAG(s) dict_keys(['extract_exchange_rates']) retrieved from /opt/airflow/dags/extract_exchange_rates.py
[2025-04-10T12:08:46.555+0000] {logging_mixin.py:151} INFO - [2025-04-10T12:08:46.555+0000] {dag.py:2941} INFO - Sync 1 DAGs
[2025-04-10T12:08:46.564+0000] {logging_mixin.py:151} INFO - [2025-04-10T12:08:46.564+0000] {dag.py:3722} INFO - Setting next_dagrun for extract_exchange_rates to 2025-04-10T00:00:00+00:00, run_after=2025-04-11T00:00:00+00:00
[2025-04-10T12:08:46.571+0000] {processor.py:179} INFO - Processing /opt/airflow/dags/extract_exchange_rates.py took 0.038 seconds
[2025-04-10T12:09:16.799+0000] {processor.py:157} INFO - Started process (PID=933) to work on /opt/airflow/dags/extract_exchange_rates.py
[2025-04-10T12:09:16.799+0000] {processor.py:829} INFO - Processing file /opt/airflow/dags/extract_exchange_rates.py for tasks to queue
[2025-04-10T12:09:16.800+0000] {logging_mixin.py:151} INFO - [2025-04-10T12:09:16.799+0000] {dagbag.py:536} INFO - Filling up the DagBag from /opt/airflow/dags/extract_exchange_rates.py
[2025-04-10T12:09:16.807+0000] {processor.py:839} INFO - DAG(s) dict_keys(['extract_exchange_rates']) retrieved from /opt/airflow/dags/extract_exchange_rates.py
[2025-04-10T12:09:16.819+0000] {logging_mixin.py:151} INFO - [2025-04-10T12:09:16.819+0000] {dag.py:2941} INFO - Sync 1 DAGs
[2025-04-10T12:09:16.828+0000] {logging_mixin.py:151} INFO - [2025-04-10T12:09:16.828+0000] {dag.py:3722} INFO - Setting next_dagrun for extract_exchange_rates to 2025-04-10T00:00:00+00:00, run_after=2025-04-11T00:00:00+00:00
[2025-04-10T12:09:16.835+0000] {processor.py:179} INFO - Processing /opt/airflow/dags/extract_exchange_rates.py took 0.038 seconds
[2025-04-10T12:09:47.041+0000] {processor.py:157} INFO - Started process (PID=938) to work on /opt/airflow/dags/extract_exchange_rates.py
[2025-04-10T12:09:47.042+0000] {processor.py:829} INFO - Processing file /opt/airflow/dags/extract_exchange_rates.py for tasks to queue
[2025-04-10T12:09:47.043+0000] {logging_mixin.py:151} INFO - [2025-04-10T12:09:47.042+0000] {dagbag.py:536} INFO - Filling up the DagBag from /opt/airflow/dags/extract_exchange_rates.py
[2025-04-10T12:09:47.051+0000] {processor.py:839} INFO - DAG(s) dict_keys(['extract_exchange_rates']) retrieved from /opt/airflow/dags/extract_exchange_rates.py
[2025-04-10T12:09:47.063+0000] {logging_mixin.py:151} INFO - [2025-04-10T12:09:47.063+0000] {dag.py:2941} INFO - Sync 1 DAGs
[2025-04-10T12:09:47.073+0000] {logging_mixin.py:151} INFO - [2025-04-10T12:09:47.073+0000] {dag.py:3722} INFO - Setting next_dagrun for extract_exchange_rates to 2025-04-10T00:00:00+00:00, run_after=2025-04-11T00:00:00+00:00
[2025-04-10T12:09:47.079+0000] {processor.py:179} INFO - Processing /opt/airflow/dags/extract_exchange_rates.py took 0.039 seconds
[2025-04-10T12:10:17.326+0000] {processor.py:157} INFO - Started process (PID=943) to work on /opt/airflow/dags/extract_exchange_rates.py
[2025-04-10T12:10:17.327+0000] {processor.py:829} INFO - Processing file /opt/airflow/dags/extract_exchange_rates.py for tasks to queue
[2025-04-10T12:10:17.327+0000] {logging_mixin.py:151} INFO - [2025-04-10T12:10:17.327+0000] {dagbag.py:536} INFO - Filling up the DagBag from /opt/airflow/dags/extract_exchange_rates.py
[2025-04-10T12:10:17.335+0000] {processor.py:839} INFO - DAG(s) dict_keys(['extract_exchange_rates']) retrieved from /opt/airflow/dags/extract_exchange_rates.py
[2025-04-10T12:10:17.347+0000] {logging_mixin.py:151} INFO - [2025-04-10T12:10:17.347+0000] {dag.py:2941} INFO - Sync 1 DAGs
[2025-04-10T12:10:17.356+0000] {logging_mixin.py:151} INFO - [2025-04-10T12:10:17.356+0000] {dag.py:3722} INFO - Setting next_dagrun for extract_exchange_rates to 2025-04-10T00:00:00+00:00, run_after=2025-04-11T00:00:00+00:00
[2025-04-10T12:10:17.363+0000] {processor.py:179} INFO - Processing /opt/airflow/dags/extract_exchange_rates.py took 0.039 seconds
[2025-04-10T12:10:47.593+0000] {processor.py:157} INFO - Started process (PID=948) to work on /opt/airflow/dags/extract_exchange_rates.py
[2025-04-10T12:10:47.594+0000] {processor.py:829} INFO - Processing file /opt/airflow/dags/extract_exchange_rates.py for tasks to queue
[2025-04-10T12:10:47.594+0000] {logging_mixin.py:151} INFO - [2025-04-10T12:10:47.594+0000] {dagbag.py:536} INFO - Filling up the DagBag from /opt/airflow/dags/extract_exchange_rates.py
[2025-04-10T12:10:47.603+0000] {processor.py:839} INFO - DAG(s) dict_keys(['extract_exchange_rates']) retrieved from /opt/airflow/dags/extract_exchange_rates.py
[2025-04-10T12:10:47.616+0000] {logging_mixin.py:151} INFO - [2025-04-10T12:10:47.616+0000] {dag.py:2941} INFO - Sync 1 DAGs
[2025-04-10T12:10:47.626+0000] {logging_mixin.py:151} INFO - [2025-04-10T12:10:47.626+0000] {dag.py:3722} INFO - Setting next_dagrun for extract_exchange_rates to 2025-04-10T00:00:00+00:00, run_after=2025-04-11T00:00:00+00:00
[2025-04-10T12:10:47.633+0000] {processor.py:179} INFO - Processing /opt/airflow/dags/extract_exchange_rates.py took 0.042 seconds
[2025-04-10T12:11:17.831+0000] {processor.py:157} INFO - Started process (PID=953) to work on /opt/airflow/dags/extract_exchange_rates.py
[2025-04-10T12:11:17.831+0000] {processor.py:829} INFO - Processing file /opt/airflow/dags/extract_exchange_rates.py for tasks to queue
[2025-04-10T12:11:17.832+0000] {logging_mixin.py:151} INFO - [2025-04-10T12:11:17.832+0000] {dagbag.py:536} INFO - Filling up the DagBag from /opt/airflow/dags/extract_exchange_rates.py
[2025-04-10T12:11:17.840+0000] {processor.py:839} INFO - DAG(s) dict_keys(['extract_exchange_rates']) retrieved from /opt/airflow/dags/extract_exchange_rates.py
[2025-04-10T12:11:17.852+0000] {logging_mixin.py:151} INFO - [2025-04-10T12:11:17.852+0000] {dag.py:2941} INFO - Sync 1 DAGs
[2025-04-10T12:11:17.862+0000] {logging_mixin.py:151} INFO - [2025-04-10T12:11:17.862+0000] {dag.py:3722} INFO - Setting next_dagrun for extract_exchange_rates to 2025-04-10T00:00:00+00:00, run_after=2025-04-11T00:00:00+00:00
[2025-04-10T12:11:17.869+0000] {processor.py:179} INFO - Processing /opt/airflow/dags/extract_exchange_rates.py took 0.040 seconds
[2025-04-10T12:11:48.193+0000] {processor.py:157} INFO - Started process (PID=958) to work on /opt/airflow/dags/extract_exchange_rates.py
[2025-04-10T12:11:48.194+0000] {processor.py:829} INFO - Processing file /opt/airflow/dags/extract_exchange_rates.py for tasks to queue
[2025-04-10T12:11:48.194+0000] {logging_mixin.py:151} INFO - [2025-04-10T12:11:48.194+0000] {dagbag.py:536} INFO - Filling up the DagBag from /opt/airflow/dags/extract_exchange_rates.py
[2025-04-10T12:11:48.205+0000] {processor.py:839} INFO - DAG(s) dict_keys(['extract_exchange_rates']) retrieved from /opt/airflow/dags/extract_exchange_rates.py
[2025-04-10T12:11:48.217+0000] {logging_mixin.py:151} INFO - [2025-04-10T12:11:48.217+0000] {dag.py:2941} INFO - Sync 1 DAGs
[2025-04-10T12:11:48.227+0000] {logging_mixin.py:151} INFO - [2025-04-10T12:11:48.227+0000] {dag.py:3722} INFO - Setting next_dagrun for extract_exchange_rates to 2025-04-10T00:00:00+00:00, run_after=2025-04-11T00:00:00+00:00
[2025-04-10T12:11:48.234+0000] {processor.py:179} INFO - Processing /opt/airflow/dags/extract_exchange_rates.py took 0.044 seconds
[2025-04-10T12:12:18.523+0000] {processor.py:157} INFO - Started process (PID=963) to work on /opt/airflow/dags/extract_exchange_rates.py
[2025-04-10T12:12:18.524+0000] {processor.py:829} INFO - Processing file /opt/airflow/dags/extract_exchange_rates.py for tasks to queue
[2025-04-10T12:12:18.524+0000] {logging_mixin.py:151} INFO - [2025-04-10T12:12:18.524+0000] {dagbag.py:536} INFO - Filling up the DagBag from /opt/airflow/dags/extract_exchange_rates.py
[2025-04-10T12:12:18.537+0000] {processor.py:839} INFO - DAG(s) dict_keys(['extract_exchange_rates']) retrieved from /opt/airflow/dags/extract_exchange_rates.py
[2025-04-10T12:12:18.550+0000] {logging_mixin.py:151} INFO - [2025-04-10T12:12:18.549+0000] {dag.py:2941} INFO - Sync 1 DAGs
[2025-04-10T12:12:18.561+0000] {logging_mixin.py:151} INFO - [2025-04-10T12:12:18.561+0000] {dag.py:3722} INFO - Setting next_dagrun for extract_exchange_rates to 2025-04-10T00:00:00+00:00, run_after=2025-04-11T00:00:00+00:00
[2025-04-10T12:12:18.593+0000] {processor.py:179} INFO - Processing /opt/airflow/dags/extract_exchange_rates.py took 0.072 seconds
[2025-04-10T12:12:48.853+0000] {processor.py:157} INFO - Started process (PID=968) to work on /opt/airflow/dags/extract_exchange_rates.py
[2025-04-10T12:12:48.854+0000] {processor.py:829} INFO - Processing file /opt/airflow/dags/extract_exchange_rates.py for tasks to queue
[2025-04-10T12:12:48.855+0000] {logging_mixin.py:151} INFO - [2025-04-10T12:12:48.854+0000] {dagbag.py:536} INFO - Filling up the DagBag from /opt/airflow/dags/extract_exchange_rates.py
[2025-04-10T12:12:48.866+0000] {processor.py:839} INFO - DAG(s) dict_keys(['extract_exchange_rates']) retrieved from /opt/airflow/dags/extract_exchange_rates.py
[2025-04-10T12:12:48.882+0000] {logging_mixin.py:151} INFO - [2025-04-10T12:12:48.881+0000] {dag.py:2941} INFO - Sync 1 DAGs
[2025-04-10T12:12:48.892+0000] {logging_mixin.py:151} INFO - [2025-04-10T12:12:48.892+0000] {dag.py:3722} INFO - Setting next_dagrun for extract_exchange_rates to 2025-04-10T00:00:00+00:00, run_after=2025-04-11T00:00:00+00:00
[2025-04-10T12:12:48.900+0000] {processor.py:179} INFO - Processing /opt/airflow/dags/extract_exchange_rates.py took 0.049 seconds
[2025-04-10T12:13:19.174+0000] {processor.py:157} INFO - Started process (PID=973) to work on /opt/airflow/dags/extract_exchange_rates.py
[2025-04-10T12:13:19.175+0000] {processor.py:829} INFO - Processing file /opt/airflow/dags/extract_exchange_rates.py for tasks to queue
[2025-04-10T12:13:19.175+0000] {logging_mixin.py:151} INFO - [2025-04-10T12:13:19.175+0000] {dagbag.py:536} INFO - Filling up the DagBag from /opt/airflow/dags/extract_exchange_rates.py
[2025-04-10T12:13:19.186+0000] {processor.py:839} INFO - DAG(s) dict_keys(['extract_exchange_rates']) retrieved from /opt/airflow/dags/extract_exchange_rates.py
[2025-04-10T12:13:19.201+0000] {logging_mixin.py:151} INFO - [2025-04-10T12:13:19.201+0000] {dag.py:2941} INFO - Sync 1 DAGs
[2025-04-10T12:13:19.212+0000] {logging_mixin.py:151} INFO - [2025-04-10T12:13:19.212+0000] {dag.py:3722} INFO - Setting next_dagrun for extract_exchange_rates to 2025-04-10T00:00:00+00:00, run_after=2025-04-11T00:00:00+00:00
[2025-04-10T12:13:19.218+0000] {processor.py:179} INFO - Processing /opt/airflow/dags/extract_exchange_rates.py took 0.046 seconds
[2025-04-10T12:13:49.489+0000] {processor.py:157} INFO - Started process (PID=978) to work on /opt/airflow/dags/extract_exchange_rates.py
[2025-04-10T12:13:49.490+0000] {processor.py:829} INFO - Processing file /opt/airflow/dags/extract_exchange_rates.py for tasks to queue
[2025-04-10T12:13:49.491+0000] {logging_mixin.py:151} INFO - [2025-04-10T12:13:49.491+0000] {dagbag.py:536} INFO - Filling up the DagBag from /opt/airflow/dags/extract_exchange_rates.py
[2025-04-10T12:13:49.501+0000] {processor.py:839} INFO - DAG(s) dict_keys(['extract_exchange_rates']) retrieved from /opt/airflow/dags/extract_exchange_rates.py
[2025-04-10T12:13:49.515+0000] {logging_mixin.py:151} INFO - [2025-04-10T12:13:49.515+0000] {dag.py:2941} INFO - Sync 1 DAGs
[2025-04-10T12:13:49.525+0000] {logging_mixin.py:151} INFO - [2025-04-10T12:13:49.525+0000] {dag.py:3722} INFO - Setting next_dagrun for extract_exchange_rates to 2025-04-10T00:00:00+00:00, run_after=2025-04-11T00:00:00+00:00
[2025-04-10T12:13:49.532+0000] {processor.py:179} INFO - Processing /opt/airflow/dags/extract_exchange_rates.py took 0.045 seconds
[2025-04-10T12:14:19.824+0000] {processor.py:157} INFO - Started process (PID=983) to work on /opt/airflow/dags/extract_exchange_rates.py
[2025-04-10T12:14:19.824+0000] {processor.py:829} INFO - Processing file /opt/airflow/dags/extract_exchange_rates.py for tasks to queue
[2025-04-10T12:14:19.825+0000] {logging_mixin.py:151} INFO - [2025-04-10T12:14:19.825+0000] {dagbag.py:536} INFO - Filling up the DagBag from /opt/airflow/dags/extract_exchange_rates.py
[2025-04-10T12:14:19.835+0000] {processor.py:839} INFO - DAG(s) dict_keys(['extract_exchange_rates']) retrieved from /opt/airflow/dags/extract_exchange_rates.py
[2025-04-10T12:14:19.847+0000] {logging_mixin.py:151} INFO - [2025-04-10T12:14:19.847+0000] {dag.py:2941} INFO - Sync 1 DAGs
[2025-04-10T12:14:19.857+0000] {logging_mixin.py:151} INFO - [2025-04-10T12:14:19.857+0000] {dag.py:3722} INFO - Setting next_dagrun for extract_exchange_rates to 2025-04-10T00:00:00+00:00, run_after=2025-04-11T00:00:00+00:00
[2025-04-10T12:14:19.864+0000] {processor.py:179} INFO - Processing /opt/airflow/dags/extract_exchange_rates.py took 0.043 seconds
[2025-04-10T12:14:50.153+0000] {processor.py:157} INFO - Started process (PID=988) to work on /opt/airflow/dags/extract_exchange_rates.py
[2025-04-10T12:14:50.154+0000] {processor.py:829} INFO - Processing file /opt/airflow/dags/extract_exchange_rates.py for tasks to queue
[2025-04-10T12:14:50.155+0000] {logging_mixin.py:151} INFO - [2025-04-10T12:14:50.154+0000] {dagbag.py:536} INFO - Filling up the DagBag from /opt/airflow/dags/extract_exchange_rates.py
[2025-04-10T12:14:50.164+0000] {processor.py:839} INFO - DAG(s) dict_keys(['extract_exchange_rates']) retrieved from /opt/airflow/dags/extract_exchange_rates.py
[2025-04-10T12:14:50.177+0000] {logging_mixin.py:151} INFO - [2025-04-10T12:14:50.177+0000] {dag.py:2941} INFO - Sync 1 DAGs
[2025-04-10T12:14:50.187+0000] {logging_mixin.py:151} INFO - [2025-04-10T12:14:50.187+0000] {dag.py:3722} INFO - Setting next_dagrun for extract_exchange_rates to 2025-04-10T00:00:00+00:00, run_after=2025-04-11T00:00:00+00:00
[2025-04-10T12:14:50.196+0000] {processor.py:179} INFO - Processing /opt/airflow/dags/extract_exchange_rates.py took 0.045 seconds
[2025-04-10T12:15:20.487+0000] {processor.py:157} INFO - Started process (PID=993) to work on /opt/airflow/dags/extract_exchange_rates.py
[2025-04-10T12:15:20.488+0000] {processor.py:829} INFO - Processing file /opt/airflow/dags/extract_exchange_rates.py for tasks to queue
[2025-04-10T12:15:20.488+0000] {logging_mixin.py:151} INFO - [2025-04-10T12:15:20.488+0000] {dagbag.py:536} INFO - Filling up the DagBag from /opt/airflow/dags/extract_exchange_rates.py
[2025-04-10T12:15:20.496+0000] {processor.py:839} INFO - DAG(s) dict_keys(['extract_exchange_rates']) retrieved from /opt/airflow/dags/extract_exchange_rates.py
[2025-04-10T12:15:20.509+0000] {logging_mixin.py:151} INFO - [2025-04-10T12:15:20.509+0000] {dag.py:2941} INFO - Sync 1 DAGs
[2025-04-10T12:15:20.521+0000] {logging_mixin.py:151} INFO - [2025-04-10T12:15:20.521+0000] {dag.py:3722} INFO - Setting next_dagrun for extract_exchange_rates to 2025-04-10T00:00:00+00:00, run_after=2025-04-11T00:00:00+00:00
[2025-04-10T12:15:20.530+0000] {processor.py:179} INFO - Processing /opt/airflow/dags/extract_exchange_rates.py took 0.044 seconds
[2025-04-10T12:15:50.833+0000] {processor.py:157} INFO - Started process (PID=998) to work on /opt/airflow/dags/extract_exchange_rates.py
[2025-04-10T12:15:50.833+0000] {processor.py:829} INFO - Processing file /opt/airflow/dags/extract_exchange_rates.py for tasks to queue
[2025-04-10T12:15:50.834+0000] {logging_mixin.py:151} INFO - [2025-04-10T12:15:50.834+0000] {dagbag.py:536} INFO - Filling up the DagBag from /opt/airflow/dags/extract_exchange_rates.py
[2025-04-10T12:15:50.843+0000] {processor.py:839} INFO - DAG(s) dict_keys(['extract_exchange_rates']) retrieved from /opt/airflow/dags/extract_exchange_rates.py
[2025-04-10T12:15:50.856+0000] {logging_mixin.py:151} INFO - [2025-04-10T12:15:50.856+0000] {dag.py:2941} INFO - Sync 1 DAGs
[2025-04-10T12:15:50.866+0000] {logging_mixin.py:151} INFO - [2025-04-10T12:15:50.866+0000] {dag.py:3722} INFO - Setting next_dagrun for extract_exchange_rates to 2025-04-10T00:00:00+00:00, run_after=2025-04-11T00:00:00+00:00
[2025-04-10T12:15:50.873+0000] {processor.py:179} INFO - Processing /opt/airflow/dags/extract_exchange_rates.py took 0.043 seconds
[2025-04-10T12:16:21.156+0000] {processor.py:157} INFO - Started process (PID=1003) to work on /opt/airflow/dags/extract_exchange_rates.py
[2025-04-10T12:16:21.157+0000] {processor.py:829} INFO - Processing file /opt/airflow/dags/extract_exchange_rates.py for tasks to queue
[2025-04-10T12:16:21.157+0000] {logging_mixin.py:151} INFO - [2025-04-10T12:16:21.157+0000] {dagbag.py:536} INFO - Filling up the DagBag from /opt/airflow/dags/extract_exchange_rates.py
[2025-04-10T12:16:21.168+0000] {processor.py:839} INFO - DAG(s) dict_keys(['extract_exchange_rates']) retrieved from /opt/airflow/dags/extract_exchange_rates.py
[2025-04-10T12:16:21.183+0000] {logging_mixin.py:151} INFO - [2025-04-10T12:16:21.183+0000] {dag.py:2941} INFO - Sync 1 DAGs
[2025-04-10T12:16:21.193+0000] {logging_mixin.py:151} INFO - [2025-04-10T12:16:21.193+0000] {dag.py:3722} INFO - Setting next_dagrun for extract_exchange_rates to 2025-04-10T00:00:00+00:00, run_after=2025-04-11T00:00:00+00:00
[2025-04-10T12:16:21.199+0000] {processor.py:179} INFO - Processing /opt/airflow/dags/extract_exchange_rates.py took 0.046 seconds
[2025-04-10T12:16:51.489+0000] {processor.py:157} INFO - Started process (PID=1008) to work on /opt/airflow/dags/extract_exchange_rates.py
[2025-04-10T12:16:51.490+0000] {processor.py:829} INFO - Processing file /opt/airflow/dags/extract_exchange_rates.py for tasks to queue
[2025-04-10T12:16:51.490+0000] {logging_mixin.py:151} INFO - [2025-04-10T12:16:51.490+0000] {dagbag.py:536} INFO - Filling up the DagBag from /opt/airflow/dags/extract_exchange_rates.py
[2025-04-10T12:16:51.501+0000] {processor.py:839} INFO - DAG(s) dict_keys(['extract_exchange_rates']) retrieved from /opt/airflow/dags/extract_exchange_rates.py
[2025-04-10T12:16:51.514+0000] {logging_mixin.py:151} INFO - [2025-04-10T12:16:51.514+0000] {dag.py:2941} INFO - Sync 1 DAGs
[2025-04-10T12:16:51.524+0000] {logging_mixin.py:151} INFO - [2025-04-10T12:16:51.524+0000] {dag.py:3722} INFO - Setting next_dagrun for extract_exchange_rates to 2025-04-10T00:00:00+00:00, run_after=2025-04-11T00:00:00+00:00
[2025-04-10T12:16:51.531+0000] {processor.py:179} INFO - Processing /opt/airflow/dags/extract_exchange_rates.py took 0.044 seconds
[2025-04-10T12:17:21.756+0000] {processor.py:157} INFO - Started process (PID=1013) to work on /opt/airflow/dags/extract_exchange_rates.py
[2025-04-10T12:17:21.756+0000] {processor.py:829} INFO - Processing file /opt/airflow/dags/extract_exchange_rates.py for tasks to queue
[2025-04-10T12:17:21.757+0000] {logging_mixin.py:151} INFO - [2025-04-10T12:17:21.757+0000] {dagbag.py:536} INFO - Filling up the DagBag from /opt/airflow/dags/extract_exchange_rates.py
[2025-04-10T12:17:21.768+0000] {processor.py:839} INFO - DAG(s) dict_keys(['extract_exchange_rates']) retrieved from /opt/airflow/dags/extract_exchange_rates.py
[2025-04-10T12:17:21.780+0000] {logging_mixin.py:151} INFO - [2025-04-10T12:17:21.780+0000] {dag.py:2941} INFO - Sync 1 DAGs
[2025-04-10T12:17:21.790+0000] {logging_mixin.py:151} INFO - [2025-04-10T12:17:21.790+0000] {dag.py:3722} INFO - Setting next_dagrun for extract_exchange_rates to 2025-04-10T00:00:00+00:00, run_after=2025-04-11T00:00:00+00:00
[2025-04-10T12:17:21.797+0000] {processor.py:179} INFO - Processing /opt/airflow/dags/extract_exchange_rates.py took 0.044 seconds
[2025-04-10T12:17:52.021+0000] {processor.py:157} INFO - Started process (PID=1018) to work on /opt/airflow/dags/extract_exchange_rates.py
[2025-04-10T12:17:52.022+0000] {processor.py:829} INFO - Processing file /opt/airflow/dags/extract_exchange_rates.py for tasks to queue
[2025-04-10T12:17:52.023+0000] {logging_mixin.py:151} INFO - [2025-04-10T12:17:52.022+0000] {dagbag.py:536} INFO - Filling up the DagBag from /opt/airflow/dags/extract_exchange_rates.py
[2025-04-10T12:17:52.032+0000] {processor.py:839} INFO - DAG(s) dict_keys(['extract_exchange_rates']) retrieved from /opt/airflow/dags/extract_exchange_rates.py
[2025-04-10T12:17:52.046+0000] {logging_mixin.py:151} INFO - [2025-04-10T12:17:52.045+0000] {dag.py:2941} INFO - Sync 1 DAGs
[2025-04-10T12:17:52.057+0000] {logging_mixin.py:151} INFO - [2025-04-10T12:17:52.057+0000] {dag.py:3722} INFO - Setting next_dagrun for extract_exchange_rates to 2025-04-10T00:00:00+00:00, run_after=2025-04-11T00:00:00+00:00
[2025-04-10T12:17:52.065+0000] {processor.py:179} INFO - Processing /opt/airflow/dags/extract_exchange_rates.py took 0.046 seconds
[2025-04-10T12:18:22.332+0000] {processor.py:157} INFO - Started process (PID=1023) to work on /opt/airflow/dags/extract_exchange_rates.py
[2025-04-10T12:18:22.332+0000] {processor.py:829} INFO - Processing file /opt/airflow/dags/extract_exchange_rates.py for tasks to queue
[2025-04-10T12:18:22.333+0000] {logging_mixin.py:151} INFO - [2025-04-10T12:18:22.333+0000] {dagbag.py:536} INFO - Filling up the DagBag from /opt/airflow/dags/extract_exchange_rates.py
[2025-04-10T12:18:22.343+0000] {processor.py:839} INFO - DAG(s) dict_keys(['extract_exchange_rates']) retrieved from /opt/airflow/dags/extract_exchange_rates.py
[2025-04-10T12:18:22.357+0000] {logging_mixin.py:151} INFO - [2025-04-10T12:18:22.357+0000] {dag.py:2941} INFO - Sync 1 DAGs
[2025-04-10T12:18:22.368+0000] {logging_mixin.py:151} INFO - [2025-04-10T12:18:22.368+0000] {dag.py:3722} INFO - Setting next_dagrun for extract_exchange_rates to 2025-04-10T00:00:00+00:00, run_after=2025-04-11T00:00:00+00:00
[2025-04-10T12:18:22.375+0000] {processor.py:179} INFO - Processing /opt/airflow/dags/extract_exchange_rates.py took 0.046 seconds
[2025-04-10T12:18:52.614+0000] {processor.py:157} INFO - Started process (PID=1028) to work on /opt/airflow/dags/extract_exchange_rates.py
[2025-04-10T12:18:52.616+0000] {processor.py:829} INFO - Processing file /opt/airflow/dags/extract_exchange_rates.py for tasks to queue
[2025-04-10T12:18:52.616+0000] {logging_mixin.py:151} INFO - [2025-04-10T12:18:52.616+0000] {dagbag.py:536} INFO - Filling up the DagBag from /opt/airflow/dags/extract_exchange_rates.py
[2025-04-10T12:18:52.626+0000] {processor.py:839} INFO - DAG(s) dict_keys(['extract_exchange_rates']) retrieved from /opt/airflow/dags/extract_exchange_rates.py
[2025-04-10T12:18:52.637+0000] {logging_mixin.py:151} INFO - [2025-04-10T12:18:52.637+0000] {dag.py:2941} INFO - Sync 1 DAGs
[2025-04-10T12:18:52.647+0000] {logging_mixin.py:151} INFO - [2025-04-10T12:18:52.647+0000] {dag.py:3722} INFO - Setting next_dagrun for extract_exchange_rates to 2025-04-10T00:00:00+00:00, run_after=2025-04-11T00:00:00+00:00
[2025-04-10T12:18:52.654+0000] {processor.py:179} INFO - Processing /opt/airflow/dags/extract_exchange_rates.py took 0.042 seconds
[2025-04-10T12:19:22.922+0000] {processor.py:157} INFO - Started process (PID=1033) to work on /opt/airflow/dags/extract_exchange_rates.py
[2025-04-10T12:19:22.923+0000] {processor.py:829} INFO - Processing file /opt/airflow/dags/extract_exchange_rates.py for tasks to queue
[2025-04-10T12:19:22.924+0000] {logging_mixin.py:151} INFO - [2025-04-10T12:19:22.924+0000] {dagbag.py:536} INFO - Filling up the DagBag from /opt/airflow/dags/extract_exchange_rates.py
[2025-04-10T12:19:22.935+0000] {processor.py:839} INFO - DAG(s) dict_keys(['extract_exchange_rates']) retrieved from /opt/airflow/dags/extract_exchange_rates.py
[2025-04-10T12:19:22.948+0000] {logging_mixin.py:151} INFO - [2025-04-10T12:19:22.948+0000] {dag.py:2941} INFO - Sync 1 DAGs
[2025-04-10T12:19:22.957+0000] {logging_mixin.py:151} INFO - [2025-04-10T12:19:22.957+0000] {dag.py:3722} INFO - Setting next_dagrun for extract_exchange_rates to 2025-04-10T00:00:00+00:00, run_after=2025-04-11T00:00:00+00:00
[2025-04-10T12:19:22.964+0000] {processor.py:179} INFO - Processing /opt/airflow/dags/extract_exchange_rates.py took 0.045 seconds
[2025-04-10T12:19:53.235+0000] {processor.py:157} INFO - Started process (PID=1038) to work on /opt/airflow/dags/extract_exchange_rates.py
[2025-04-10T12:19:53.235+0000] {processor.py:829} INFO - Processing file /opt/airflow/dags/extract_exchange_rates.py for tasks to queue
[2025-04-10T12:19:53.236+0000] {logging_mixin.py:151} INFO - [2025-04-10T12:19:53.236+0000] {dagbag.py:536} INFO - Filling up the DagBag from /opt/airflow/dags/extract_exchange_rates.py
[2025-04-10T12:19:53.245+0000] {processor.py:839} INFO - DAG(s) dict_keys(['extract_exchange_rates']) retrieved from /opt/airflow/dags/extract_exchange_rates.py
[2025-04-10T12:19:53.258+0000] {logging_mixin.py:151} INFO - [2025-04-10T12:19:53.257+0000] {dag.py:2941} INFO - Sync 1 DAGs
[2025-04-10T12:19:53.267+0000] {logging_mixin.py:151} INFO - [2025-04-10T12:19:53.267+0000] {dag.py:3722} INFO - Setting next_dagrun for extract_exchange_rates to 2025-04-10T00:00:00+00:00, run_after=2025-04-11T00:00:00+00:00
[2025-04-10T12:19:53.273+0000] {processor.py:179} INFO - Processing /opt/airflow/dags/extract_exchange_rates.py took 0.041 seconds
[2025-04-10T12:20:23.574+0000] {processor.py:157} INFO - Started process (PID=1043) to work on /opt/airflow/dags/extract_exchange_rates.py
[2025-04-10T12:20:23.575+0000] {processor.py:829} INFO - Processing file /opt/airflow/dags/extract_exchange_rates.py for tasks to queue
[2025-04-10T12:20:23.575+0000] {logging_mixin.py:151} INFO - [2025-04-10T12:20:23.575+0000] {dagbag.py:536} INFO - Filling up the DagBag from /opt/airflow/dags/extract_exchange_rates.py
[2025-04-10T12:20:23.587+0000] {processor.py:839} INFO - DAG(s) dict_keys(['extract_exchange_rates']) retrieved from /opt/airflow/dags/extract_exchange_rates.py
[2025-04-10T12:20:23.605+0000] {logging_mixin.py:151} INFO - [2025-04-10T12:20:23.604+0000] {dag.py:2941} INFO - Sync 1 DAGs
[2025-04-10T12:20:23.615+0000] {logging_mixin.py:151} INFO - [2025-04-10T12:20:23.615+0000] {dag.py:3722} INFO - Setting next_dagrun for extract_exchange_rates to 2025-04-10T00:00:00+00:00, run_after=2025-04-11T00:00:00+00:00
[2025-04-10T12:20:23.623+0000] {processor.py:179} INFO - Processing /opt/airflow/dags/extract_exchange_rates.py took 0.052 seconds
[2025-04-10T12:20:53.901+0000] {processor.py:157} INFO - Started process (PID=1048) to work on /opt/airflow/dags/extract_exchange_rates.py
[2025-04-10T12:20:53.902+0000] {processor.py:829} INFO - Processing file /opt/airflow/dags/extract_exchange_rates.py for tasks to queue
[2025-04-10T12:20:53.903+0000] {logging_mixin.py:151} INFO - [2025-04-10T12:20:53.902+0000] {dagbag.py:536} INFO - Filling up the DagBag from /opt/airflow/dags/extract_exchange_rates.py
[2025-04-10T12:20:53.913+0000] {processor.py:839} INFO - DAG(s) dict_keys(['extract_exchange_rates']) retrieved from /opt/airflow/dags/extract_exchange_rates.py
[2025-04-10T12:20:53.926+0000] {logging_mixin.py:151} INFO - [2025-04-10T12:20:53.926+0000] {dag.py:2941} INFO - Sync 1 DAGs
[2025-04-10T12:20:53.937+0000] {logging_mixin.py:151} INFO - [2025-04-10T12:20:53.937+0000] {dag.py:3722} INFO - Setting next_dagrun for extract_exchange_rates to 2025-04-10T00:00:00+00:00, run_after=2025-04-11T00:00:00+00:00
[2025-04-10T12:20:53.947+0000] {processor.py:179} INFO - Processing /opt/airflow/dags/extract_exchange_rates.py took 0.048 seconds
[2025-04-10T12:21:24.231+0000] {processor.py:157} INFO - Started process (PID=1053) to work on /opt/airflow/dags/extract_exchange_rates.py
[2025-04-10T12:21:24.232+0000] {processor.py:829} INFO - Processing file /opt/airflow/dags/extract_exchange_rates.py for tasks to queue
[2025-04-10T12:21:24.232+0000] {logging_mixin.py:151} INFO - [2025-04-10T12:21:24.232+0000] {dagbag.py:536} INFO - Filling up the DagBag from /opt/airflow/dags/extract_exchange_rates.py
[2025-04-10T12:21:24.243+0000] {processor.py:839} INFO - DAG(s) dict_keys(['extract_exchange_rates']) retrieved from /opt/airflow/dags/extract_exchange_rates.py
[2025-04-10T12:21:24.256+0000] {logging_mixin.py:151} INFO - [2025-04-10T12:21:24.256+0000] {dag.py:2941} INFO - Sync 1 DAGs
[2025-04-10T12:21:24.266+0000] {logging_mixin.py:151} INFO - [2025-04-10T12:21:24.266+0000] {dag.py:3722} INFO - Setting next_dagrun for extract_exchange_rates to 2025-04-10T00:00:00+00:00, run_after=2025-04-11T00:00:00+00:00
[2025-04-10T12:21:24.273+0000] {processor.py:179} INFO - Processing /opt/airflow/dags/extract_exchange_rates.py took 0.045 seconds
[2025-04-10T12:21:54.554+0000] {processor.py:157} INFO - Started process (PID=1058) to work on /opt/airflow/dags/extract_exchange_rates.py
[2025-04-10T12:21:54.555+0000] {processor.py:829} INFO - Processing file /opt/airflow/dags/extract_exchange_rates.py for tasks to queue
[2025-04-10T12:21:54.555+0000] {logging_mixin.py:151} INFO - [2025-04-10T12:21:54.555+0000] {dagbag.py:536} INFO - Filling up the DagBag from /opt/airflow/dags/extract_exchange_rates.py
[2025-04-10T12:21:54.565+0000] {processor.py:839} INFO - DAG(s) dict_keys(['extract_exchange_rates']) retrieved from /opt/airflow/dags/extract_exchange_rates.py
[2025-04-10T12:21:54.578+0000] {logging_mixin.py:151} INFO - [2025-04-10T12:21:54.578+0000] {dag.py:2941} INFO - Sync 1 DAGs
[2025-04-10T12:21:54.589+0000] {logging_mixin.py:151} INFO - [2025-04-10T12:21:54.589+0000] {dag.py:3722} INFO - Setting next_dagrun for extract_exchange_rates to 2025-04-10T00:00:00+00:00, run_after=2025-04-11T00:00:00+00:00
[2025-04-10T12:21:54.597+0000] {processor.py:179} INFO - Processing /opt/airflow/dags/extract_exchange_rates.py took 0.044 seconds
[2025-04-10T12:22:24.907+0000] {processor.py:157} INFO - Started process (PID=1063) to work on /opt/airflow/dags/extract_exchange_rates.py
[2025-04-10T12:22:24.908+0000] {processor.py:829} INFO - Processing file /opt/airflow/dags/extract_exchange_rates.py for tasks to queue
[2025-04-10T12:22:24.909+0000] {logging_mixin.py:151} INFO - [2025-04-10T12:22:24.909+0000] {dagbag.py:536} INFO - Filling up the DagBag from /opt/airflow/dags/extract_exchange_rates.py
[2025-04-10T12:22:24.921+0000] {processor.py:839} INFO - DAG(s) dict_keys(['extract_exchange_rates']) retrieved from /opt/airflow/dags/extract_exchange_rates.py
[2025-04-10T12:22:24.933+0000] {logging_mixin.py:151} INFO - [2025-04-10T12:22:24.933+0000] {dag.py:2941} INFO - Sync 1 DAGs
[2025-04-10T12:22:24.943+0000] {logging_mixin.py:151} INFO - [2025-04-10T12:22:24.943+0000] {dag.py:3722} INFO - Setting next_dagrun for extract_exchange_rates to 2025-04-10T00:00:00+00:00, run_after=2025-04-11T00:00:00+00:00
[2025-04-10T12:22:24.950+0000] {processor.py:179} INFO - Processing /opt/airflow/dags/extract_exchange_rates.py took 0.045 seconds
[2025-04-10T12:22:55.227+0000] {processor.py:157} INFO - Started process (PID=1068) to work on /opt/airflow/dags/extract_exchange_rates.py
[2025-04-10T12:22:55.228+0000] {processor.py:829} INFO - Processing file /opt/airflow/dags/extract_exchange_rates.py for tasks to queue
[2025-04-10T12:22:55.229+0000] {logging_mixin.py:151} INFO - [2025-04-10T12:22:55.228+0000] {dagbag.py:536} INFO - Filling up the DagBag from /opt/airflow/dags/extract_exchange_rates.py
[2025-04-10T12:22:55.239+0000] {processor.py:839} INFO - DAG(s) dict_keys(['extract_exchange_rates']) retrieved from /opt/airflow/dags/extract_exchange_rates.py
[2025-04-10T12:22:55.255+0000] {logging_mixin.py:151} INFO - [2025-04-10T12:22:55.255+0000] {dag.py:2941} INFO - Sync 1 DAGs
[2025-04-10T12:22:55.264+0000] {logging_mixin.py:151} INFO - [2025-04-10T12:22:55.264+0000] {dag.py:3722} INFO - Setting next_dagrun for extract_exchange_rates to 2025-04-10T00:00:00+00:00, run_after=2025-04-11T00:00:00+00:00
[2025-04-10T12:22:55.271+0000] {processor.py:179} INFO - Processing /opt/airflow/dags/extract_exchange_rates.py took 0.047 seconds
[2025-04-10T12:23:25.559+0000] {processor.py:157} INFO - Started process (PID=1073) to work on /opt/airflow/dags/extract_exchange_rates.py
[2025-04-10T12:23:25.559+0000] {processor.py:829} INFO - Processing file /opt/airflow/dags/extract_exchange_rates.py for tasks to queue
[2025-04-10T12:23:25.560+0000] {logging_mixin.py:151} INFO - [2025-04-10T12:23:25.560+0000] {dagbag.py:536} INFO - Filling up the DagBag from /opt/airflow/dags/extract_exchange_rates.py
[2025-04-10T12:23:25.570+0000] {processor.py:839} INFO - DAG(s) dict_keys(['extract_exchange_rates']) retrieved from /opt/airflow/dags/extract_exchange_rates.py
[2025-04-10T12:23:25.584+0000] {logging_mixin.py:151} INFO - [2025-04-10T12:23:25.584+0000] {dag.py:2941} INFO - Sync 1 DAGs
[2025-04-10T12:23:25.594+0000] {logging_mixin.py:151} INFO - [2025-04-10T12:23:25.594+0000] {dag.py:3722} INFO - Setting next_dagrun for extract_exchange_rates to 2025-04-10T00:00:00+00:00, run_after=2025-04-11T00:00:00+00:00
[2025-04-10T12:23:25.601+0000] {processor.py:179} INFO - Processing /opt/airflow/dags/extract_exchange_rates.py took 0.045 seconds
[2025-04-10T12:23:55.874+0000] {processor.py:157} INFO - Started process (PID=1078) to work on /opt/airflow/dags/extract_exchange_rates.py
[2025-04-10T12:23:55.874+0000] {processor.py:829} INFO - Processing file /opt/airflow/dags/extract_exchange_rates.py for tasks to queue
[2025-04-10T12:23:55.875+0000] {logging_mixin.py:151} INFO - [2025-04-10T12:23:55.875+0000] {dagbag.py:536} INFO - Filling up the DagBag from /opt/airflow/dags/extract_exchange_rates.py
[2025-04-10T12:23:55.887+0000] {processor.py:839} INFO - DAG(s) dict_keys(['extract_exchange_rates']) retrieved from /opt/airflow/dags/extract_exchange_rates.py
[2025-04-10T12:23:55.901+0000] {logging_mixin.py:151} INFO - [2025-04-10T12:23:55.901+0000] {dag.py:2941} INFO - Sync 1 DAGs
[2025-04-10T12:23:55.910+0000] {logging_mixin.py:151} INFO - [2025-04-10T12:23:55.910+0000] {dag.py:3722} INFO - Setting next_dagrun for extract_exchange_rates to 2025-04-10T00:00:00+00:00, run_after=2025-04-11T00:00:00+00:00
[2025-04-10T12:23:55.918+0000] {processor.py:179} INFO - Processing /opt/airflow/dags/extract_exchange_rates.py took 0.048 seconds
[2025-04-10T12:24:26.201+0000] {processor.py:157} INFO - Started process (PID=1083) to work on /opt/airflow/dags/extract_exchange_rates.py
[2025-04-10T12:24:26.202+0000] {processor.py:829} INFO - Processing file /opt/airflow/dags/extract_exchange_rates.py for tasks to queue
[2025-04-10T12:24:26.203+0000] {logging_mixin.py:151} INFO - [2025-04-10T12:24:26.202+0000] {dagbag.py:536} INFO - Filling up the DagBag from /opt/airflow/dags/extract_exchange_rates.py
[2025-04-10T12:24:26.213+0000] {processor.py:839} INFO - DAG(s) dict_keys(['extract_exchange_rates']) retrieved from /opt/airflow/dags/extract_exchange_rates.py
[2025-04-10T12:24:26.227+0000] {logging_mixin.py:151} INFO - [2025-04-10T12:24:26.227+0000] {dag.py:2941} INFO - Sync 1 DAGs
[2025-04-10T12:24:26.237+0000] {logging_mixin.py:151} INFO - [2025-04-10T12:24:26.237+0000] {dag.py:3722} INFO - Setting next_dagrun for extract_exchange_rates to 2025-04-10T00:00:00+00:00, run_after=2025-04-11T00:00:00+00:00
[2025-04-10T12:24:26.245+0000] {processor.py:179} INFO - Processing /opt/airflow/dags/extract_exchange_rates.py took 0.045 seconds
[2025-04-10T12:24:56.540+0000] {processor.py:157} INFO - Started process (PID=1088) to work on /opt/airflow/dags/extract_exchange_rates.py
[2025-04-10T12:24:56.541+0000] {processor.py:829} INFO - Processing file /opt/airflow/dags/extract_exchange_rates.py for tasks to queue
[2025-04-10T12:24:56.542+0000] {logging_mixin.py:151} INFO - [2025-04-10T12:24:56.542+0000] {dagbag.py:536} INFO - Filling up the DagBag from /opt/airflow/dags/extract_exchange_rates.py
[2025-04-10T12:24:56.552+0000] {processor.py:839} INFO - DAG(s) dict_keys(['extract_exchange_rates']) retrieved from /opt/airflow/dags/extract_exchange_rates.py
[2025-04-10T12:24:56.565+0000] {logging_mixin.py:151} INFO - [2025-04-10T12:24:56.565+0000] {dag.py:2941} INFO - Sync 1 DAGs
[2025-04-10T12:24:56.575+0000] {logging_mixin.py:151} INFO - [2025-04-10T12:24:56.575+0000] {dag.py:3722} INFO - Setting next_dagrun for extract_exchange_rates to 2025-04-10T00:00:00+00:00, run_after=2025-04-11T00:00:00+00:00
[2025-04-10T12:24:56.582+0000] {processor.py:179} INFO - Processing /opt/airflow/dags/extract_exchange_rates.py took 0.044 seconds
[2025-04-10T12:25:26.840+0000] {processor.py:157} INFO - Started process (PID=1093) to work on /opt/airflow/dags/extract_exchange_rates.py
[2025-04-10T12:25:26.841+0000] {processor.py:829} INFO - Processing file /opt/airflow/dags/extract_exchange_rates.py for tasks to queue
[2025-04-10T12:25:26.842+0000] {logging_mixin.py:151} INFO - [2025-04-10T12:25:26.841+0000] {dagbag.py:536} INFO - Filling up the DagBag from /opt/airflow/dags/extract_exchange_rates.py
[2025-04-10T12:25:26.852+0000] {processor.py:839} INFO - DAG(s) dict_keys(['extract_exchange_rates']) retrieved from /opt/airflow/dags/extract_exchange_rates.py
[2025-04-10T12:25:26.864+0000] {logging_mixin.py:151} INFO - [2025-04-10T12:25:26.864+0000] {dag.py:2941} INFO - Sync 1 DAGs
[2025-04-10T12:25:26.874+0000] {logging_mixin.py:151} INFO - [2025-04-10T12:25:26.874+0000] {dag.py:3722} INFO - Setting next_dagrun for extract_exchange_rates to 2025-04-10T00:00:00+00:00, run_after=2025-04-11T00:00:00+00:00
[2025-04-10T12:25:26.881+0000] {processor.py:179} INFO - Processing /opt/airflow/dags/extract_exchange_rates.py took 0.044 seconds
[2025-04-10T12:25:57.110+0000] {processor.py:157} INFO - Started process (PID=1098) to work on /opt/airflow/dags/extract_exchange_rates.py
[2025-04-10T12:25:57.111+0000] {processor.py:829} INFO - Processing file /opt/airflow/dags/extract_exchange_rates.py for tasks to queue
[2025-04-10T12:25:57.111+0000] {logging_mixin.py:151} INFO - [2025-04-10T12:25:57.111+0000] {dagbag.py:536} INFO - Filling up the DagBag from /opt/airflow/dags/extract_exchange_rates.py
[2025-04-10T12:25:57.122+0000] {processor.py:839} INFO - DAG(s) dict_keys(['extract_exchange_rates']) retrieved from /opt/airflow/dags/extract_exchange_rates.py
[2025-04-10T12:25:57.137+0000] {logging_mixin.py:151} INFO - [2025-04-10T12:25:57.137+0000] {dag.py:2941} INFO - Sync 1 DAGs
[2025-04-10T12:25:57.146+0000] {logging_mixin.py:151} INFO - [2025-04-10T12:25:57.146+0000] {dag.py:3722} INFO - Setting next_dagrun for extract_exchange_rates to 2025-04-10T00:00:00+00:00, run_after=2025-04-11T00:00:00+00:00
[2025-04-10T12:25:57.153+0000] {processor.py:179} INFO - Processing /opt/airflow/dags/extract_exchange_rates.py took 0.046 seconds
[2025-04-10T12:26:27.408+0000] {processor.py:157} INFO - Started process (PID=1103) to work on /opt/airflow/dags/extract_exchange_rates.py
[2025-04-10T12:26:27.409+0000] {processor.py:829} INFO - Processing file /opt/airflow/dags/extract_exchange_rates.py for tasks to queue
[2025-04-10T12:26:27.410+0000] {logging_mixin.py:151} INFO - [2025-04-10T12:26:27.410+0000] {dagbag.py:536} INFO - Filling up the DagBag from /opt/airflow/dags/extract_exchange_rates.py
[2025-04-10T12:26:27.420+0000] {processor.py:839} INFO - DAG(s) dict_keys(['extract_exchange_rates']) retrieved from /opt/airflow/dags/extract_exchange_rates.py
[2025-04-10T12:26:27.434+0000] {logging_mixin.py:151} INFO - [2025-04-10T12:26:27.434+0000] {dag.py:2941} INFO - Sync 1 DAGs
[2025-04-10T12:26:27.444+0000] {logging_mixin.py:151} INFO - [2025-04-10T12:26:27.444+0000] {dag.py:3722} INFO - Setting next_dagrun for extract_exchange_rates to 2025-04-10T00:00:00+00:00, run_after=2025-04-11T00:00:00+00:00
[2025-04-10T12:26:27.452+0000] {processor.py:179} INFO - Processing /opt/airflow/dags/extract_exchange_rates.py took 0.046 seconds
[2025-04-10T12:26:57.850+0000] {processor.py:157} INFO - Started process (PID=1108) to work on /opt/airflow/dags/extract_exchange_rates.py
[2025-04-10T12:26:57.851+0000] {processor.py:829} INFO - Processing file /opt/airflow/dags/extract_exchange_rates.py for tasks to queue
[2025-04-10T12:26:57.852+0000] {logging_mixin.py:151} INFO - [2025-04-10T12:26:57.851+0000] {dagbag.py:536} INFO - Filling up the DagBag from /opt/airflow/dags/extract_exchange_rates.py
[2025-04-10T12:26:57.862+0000] {processor.py:839} INFO - DAG(s) dict_keys(['extract_exchange_rates']) retrieved from /opt/airflow/dags/extract_exchange_rates.py
[2025-04-10T12:26:57.877+0000] {logging_mixin.py:151} INFO - [2025-04-10T12:26:57.877+0000] {dag.py:2941} INFO - Sync 1 DAGs
[2025-04-10T12:26:57.886+0000] {logging_mixin.py:151} INFO - [2025-04-10T12:26:57.886+0000] {dag.py:3722} INFO - Setting next_dagrun for extract_exchange_rates to 2025-04-10T00:00:00+00:00, run_after=2025-04-11T00:00:00+00:00
[2025-04-10T12:26:57.893+0000] {processor.py:179} INFO - Processing /opt/airflow/dags/extract_exchange_rates.py took 0.046 seconds
[2025-04-10T12:27:28.193+0000] {processor.py:157} INFO - Started process (PID=1113) to work on /opt/airflow/dags/extract_exchange_rates.py
[2025-04-10T12:27:28.194+0000] {processor.py:829} INFO - Processing file /opt/airflow/dags/extract_exchange_rates.py for tasks to queue
[2025-04-10T12:27:28.194+0000] {logging_mixin.py:151} INFO - [2025-04-10T12:27:28.194+0000] {dagbag.py:536} INFO - Filling up the DagBag from /opt/airflow/dags/extract_exchange_rates.py
[2025-04-10T12:27:28.205+0000] {processor.py:839} INFO - DAG(s) dict_keys(['extract_exchange_rates']) retrieved from /opt/airflow/dags/extract_exchange_rates.py
[2025-04-10T12:27:28.220+0000] {logging_mixin.py:151} INFO - [2025-04-10T12:27:28.219+0000] {dag.py:2941} INFO - Sync 1 DAGs
[2025-04-10T12:27:28.229+0000] {logging_mixin.py:151} INFO - [2025-04-10T12:27:28.229+0000] {dag.py:3722} INFO - Setting next_dagrun for extract_exchange_rates to 2025-04-10T00:00:00+00:00, run_after=2025-04-11T00:00:00+00:00
[2025-04-10T12:27:28.237+0000] {processor.py:179} INFO - Processing /opt/airflow/dags/extract_exchange_rates.py took 0.046 seconds
[2025-04-10T12:27:58.550+0000] {processor.py:157} INFO - Started process (PID=1118) to work on /opt/airflow/dags/extract_exchange_rates.py
[2025-04-10T12:27:58.550+0000] {processor.py:829} INFO - Processing file /opt/airflow/dags/extract_exchange_rates.py for tasks to queue
[2025-04-10T12:27:58.551+0000] {logging_mixin.py:151} INFO - [2025-04-10T12:27:58.551+0000] {dagbag.py:536} INFO - Filling up the DagBag from /opt/airflow/dags/extract_exchange_rates.py
[2025-04-10T12:27:58.561+0000] {processor.py:839} INFO - DAG(s) dict_keys(['extract_exchange_rates']) retrieved from /opt/airflow/dags/extract_exchange_rates.py
[2025-04-10T12:27:58.577+0000] {logging_mixin.py:151} INFO - [2025-04-10T12:27:58.577+0000] {dag.py:2941} INFO - Sync 1 DAGs
[2025-04-10T12:27:58.586+0000] {logging_mixin.py:151} INFO - [2025-04-10T12:27:58.586+0000] {dag.py:3722} INFO - Setting next_dagrun for extract_exchange_rates to 2025-04-10T00:00:00+00:00, run_after=2025-04-11T00:00:00+00:00
[2025-04-10T12:27:58.594+0000] {processor.py:179} INFO - Processing /opt/airflow/dags/extract_exchange_rates.py took 0.046 seconds
[2025-04-10T12:28:28.869+0000] {processor.py:157} INFO - Started process (PID=1123) to work on /opt/airflow/dags/extract_exchange_rates.py
[2025-04-10T12:28:28.869+0000] {processor.py:829} INFO - Processing file /opt/airflow/dags/extract_exchange_rates.py for tasks to queue
[2025-04-10T12:28:28.870+0000] {logging_mixin.py:151} INFO - [2025-04-10T12:28:28.870+0000] {dagbag.py:536} INFO - Filling up the DagBag from /opt/airflow/dags/extract_exchange_rates.py
[2025-04-10T12:28:28.880+0000] {processor.py:839} INFO - DAG(s) dict_keys(['extract_exchange_rates']) retrieved from /opt/airflow/dags/extract_exchange_rates.py
[2025-04-10T12:28:28.894+0000] {logging_mixin.py:151} INFO - [2025-04-10T12:28:28.893+0000] {dag.py:2941} INFO - Sync 1 DAGs
[2025-04-10T12:28:28.904+0000] {logging_mixin.py:151} INFO - [2025-04-10T12:28:28.904+0000] {dag.py:3722} INFO - Setting next_dagrun for extract_exchange_rates to 2025-04-10T00:00:00+00:00, run_after=2025-04-11T00:00:00+00:00
[2025-04-10T12:28:28.911+0000] {processor.py:179} INFO - Processing /opt/airflow/dags/extract_exchange_rates.py took 0.045 seconds
[2025-04-10T12:28:59.179+0000] {processor.py:157} INFO - Started process (PID=1128) to work on /opt/airflow/dags/extract_exchange_rates.py
[2025-04-10T12:28:59.180+0000] {processor.py:829} INFO - Processing file /opt/airflow/dags/extract_exchange_rates.py for tasks to queue
[2025-04-10T12:28:59.181+0000] {logging_mixin.py:151} INFO - [2025-04-10T12:28:59.181+0000] {dagbag.py:536} INFO - Filling up the DagBag from /opt/airflow/dags/extract_exchange_rates.py
[2025-04-10T12:28:59.192+0000] {processor.py:839} INFO - DAG(s) dict_keys(['extract_exchange_rates']) retrieved from /opt/airflow/dags/extract_exchange_rates.py
[2025-04-10T12:28:59.209+0000] {logging_mixin.py:151} INFO - [2025-04-10T12:28:59.208+0000] {dag.py:2941} INFO - Sync 1 DAGs
[2025-04-10T12:28:59.219+0000] {logging_mixin.py:151} INFO - [2025-04-10T12:28:59.219+0000] {dag.py:3722} INFO - Setting next_dagrun for extract_exchange_rates to 2025-04-10T00:00:00+00:00, run_after=2025-04-11T00:00:00+00:00
[2025-04-10T12:28:59.227+0000] {processor.py:179} INFO - Processing /opt/airflow/dags/extract_exchange_rates.py took 0.051 seconds
[2025-04-10T12:29:29.486+0000] {processor.py:157} INFO - Started process (PID=1133) to work on /opt/airflow/dags/extract_exchange_rates.py
[2025-04-10T12:29:29.486+0000] {processor.py:829} INFO - Processing file /opt/airflow/dags/extract_exchange_rates.py for tasks to queue
[2025-04-10T12:29:29.487+0000] {logging_mixin.py:151} INFO - [2025-04-10T12:29:29.487+0000] {dagbag.py:536} INFO - Filling up the DagBag from /opt/airflow/dags/extract_exchange_rates.py
[2025-04-10T12:29:29.496+0000] {processor.py:839} INFO - DAG(s) dict_keys(['extract_exchange_rates']) retrieved from /opt/airflow/dags/extract_exchange_rates.py
[2025-04-10T12:29:29.510+0000] {logging_mixin.py:151} INFO - [2025-04-10T12:29:29.510+0000] {dag.py:2941} INFO - Sync 1 DAGs
[2025-04-10T12:29:29.520+0000] {logging_mixin.py:151} INFO - [2025-04-10T12:29:29.520+0000] {dag.py:3722} INFO - Setting next_dagrun for extract_exchange_rates to 2025-04-10T00:00:00+00:00, run_after=2025-04-11T00:00:00+00:00
[2025-04-10T12:29:29.528+0000] {processor.py:179} INFO - Processing /opt/airflow/dags/extract_exchange_rates.py took 0.044 seconds
[2025-04-10T12:29:59.799+0000] {processor.py:157} INFO - Started process (PID=1138) to work on /opt/airflow/dags/extract_exchange_rates.py
[2025-04-10T12:29:59.800+0000] {processor.py:829} INFO - Processing file /opt/airflow/dags/extract_exchange_rates.py for tasks to queue
[2025-04-10T12:29:59.801+0000] {logging_mixin.py:151} INFO - [2025-04-10T12:29:59.800+0000] {dagbag.py:536} INFO - Filling up the DagBag from /opt/airflow/dags/extract_exchange_rates.py
[2025-04-10T12:29:59.812+0000] {processor.py:839} INFO - DAG(s) dict_keys(['extract_exchange_rates']) retrieved from /opt/airflow/dags/extract_exchange_rates.py
[2025-04-10T12:29:59.828+0000] {logging_mixin.py:151} INFO - [2025-04-10T12:29:59.828+0000] {dag.py:2941} INFO - Sync 1 DAGs
[2025-04-10T12:29:59.838+0000] {logging_mixin.py:151} INFO - [2025-04-10T12:29:59.838+0000] {dag.py:3722} INFO - Setting next_dagrun for extract_exchange_rates to 2025-04-10T00:00:00+00:00, run_after=2025-04-11T00:00:00+00:00
[2025-04-10T12:29:59.846+0000] {processor.py:179} INFO - Processing /opt/airflow/dags/extract_exchange_rates.py took 0.049 seconds
[2025-04-10T12:30:30.120+0000] {processor.py:157} INFO - Started process (PID=1143) to work on /opt/airflow/dags/extract_exchange_rates.py
[2025-04-10T12:30:30.121+0000] {processor.py:829} INFO - Processing file /opt/airflow/dags/extract_exchange_rates.py for tasks to queue
[2025-04-10T12:30:30.122+0000] {logging_mixin.py:151} INFO - [2025-04-10T12:30:30.122+0000] {dagbag.py:536} INFO - Filling up the DagBag from /opt/airflow/dags/extract_exchange_rates.py
[2025-04-10T12:30:30.133+0000] {processor.py:839} INFO - DAG(s) dict_keys(['extract_exchange_rates']) retrieved from /opt/airflow/dags/extract_exchange_rates.py
[2025-04-10T12:30:30.149+0000] {logging_mixin.py:151} INFO - [2025-04-10T12:30:30.149+0000] {dag.py:2941} INFO - Sync 1 DAGs
[2025-04-10T12:30:30.159+0000] {logging_mixin.py:151} INFO - [2025-04-10T12:30:30.159+0000] {dag.py:3722} INFO - Setting next_dagrun for extract_exchange_rates to 2025-04-10T00:00:00+00:00, run_after=2025-04-11T00:00:00+00:00
[2025-04-10T12:30:30.167+0000] {processor.py:179} INFO - Processing /opt/airflow/dags/extract_exchange_rates.py took 0.049 seconds
[2025-04-10T12:31:00.454+0000] {processor.py:157} INFO - Started process (PID=1148) to work on /opt/airflow/dags/extract_exchange_rates.py
[2025-04-10T12:31:00.455+0000] {processor.py:829} INFO - Processing file /opt/airflow/dags/extract_exchange_rates.py for tasks to queue
[2025-04-10T12:31:00.455+0000] {logging_mixin.py:151} INFO - [2025-04-10T12:31:00.455+0000] {dagbag.py:536} INFO - Filling up the DagBag from /opt/airflow/dags/extract_exchange_rates.py
[2025-04-10T12:31:00.465+0000] {processor.py:839} INFO - DAG(s) dict_keys(['extract_exchange_rates']) retrieved from /opt/airflow/dags/extract_exchange_rates.py
[2025-04-10T12:31:00.480+0000] {logging_mixin.py:151} INFO - [2025-04-10T12:31:00.479+0000] {dag.py:2941} INFO - Sync 1 DAGs
[2025-04-10T12:31:00.489+0000] {logging_mixin.py:151} INFO - [2025-04-10T12:31:00.489+0000] {dag.py:3722} INFO - Setting next_dagrun for extract_exchange_rates to 2025-04-10T00:00:00+00:00, run_after=2025-04-11T00:00:00+00:00
[2025-04-10T12:31:00.497+0000] {processor.py:179} INFO - Processing /opt/airflow/dags/extract_exchange_rates.py took 0.046 seconds
[2025-04-10T12:31:30.769+0000] {processor.py:157} INFO - Started process (PID=1153) to work on /opt/airflow/dags/extract_exchange_rates.py
[2025-04-10T12:31:30.769+0000] {processor.py:829} INFO - Processing file /opt/airflow/dags/extract_exchange_rates.py for tasks to queue
[2025-04-10T12:31:30.770+0000] {logging_mixin.py:151} INFO - [2025-04-10T12:31:30.770+0000] {dagbag.py:536} INFO - Filling up the DagBag from /opt/airflow/dags/extract_exchange_rates.py
[2025-04-10T12:31:30.781+0000] {processor.py:839} INFO - DAG(s) dict_keys(['extract_exchange_rates']) retrieved from /opt/airflow/dags/extract_exchange_rates.py
[2025-04-10T12:31:30.793+0000] {logging_mixin.py:151} INFO - [2025-04-10T12:31:30.793+0000] {dag.py:2941} INFO - Sync 1 DAGs
[2025-04-10T12:31:30.803+0000] {logging_mixin.py:151} INFO - [2025-04-10T12:31:30.803+0000] {dag.py:3722} INFO - Setting next_dagrun for extract_exchange_rates to 2025-04-10T00:00:00+00:00, run_after=2025-04-11T00:00:00+00:00
[2025-04-10T12:31:30.810+0000] {processor.py:179} INFO - Processing /opt/airflow/dags/extract_exchange_rates.py took 0.044 seconds
[2025-04-10T12:32:01.087+0000] {processor.py:157} INFO - Started process (PID=1158) to work on /opt/airflow/dags/extract_exchange_rates.py
[2025-04-10T12:32:01.087+0000] {processor.py:829} INFO - Processing file /opt/airflow/dags/extract_exchange_rates.py for tasks to queue
[2025-04-10T12:32:01.088+0000] {logging_mixin.py:151} INFO - [2025-04-10T12:32:01.088+0000] {dagbag.py:536} INFO - Filling up the DagBag from /opt/airflow/dags/extract_exchange_rates.py
[2025-04-10T12:32:01.096+0000] {processor.py:839} INFO - DAG(s) dict_keys(['extract_exchange_rates']) retrieved from /opt/airflow/dags/extract_exchange_rates.py
[2025-04-10T12:32:01.109+0000] {logging_mixin.py:151} INFO - [2025-04-10T12:32:01.109+0000] {dag.py:2941} INFO - Sync 1 DAGs
[2025-04-10T12:32:01.119+0000] {logging_mixin.py:151} INFO - [2025-04-10T12:32:01.119+0000] {dag.py:3722} INFO - Setting next_dagrun for extract_exchange_rates to 2025-04-10T00:00:00+00:00, run_after=2025-04-11T00:00:00+00:00
[2025-04-10T12:32:01.126+0000] {processor.py:179} INFO - Processing /opt/airflow/dags/extract_exchange_rates.py took 0.041 seconds
[2025-04-10T12:32:31.351+0000] {processor.py:157} INFO - Started process (PID=1163) to work on /opt/airflow/dags/extract_exchange_rates.py
[2025-04-10T12:32:31.351+0000] {processor.py:829} INFO - Processing file /opt/airflow/dags/extract_exchange_rates.py for tasks to queue
[2025-04-10T12:32:31.352+0000] {logging_mixin.py:151} INFO - [2025-04-10T12:32:31.352+0000] {dagbag.py:536} INFO - Filling up the DagBag from /opt/airflow/dags/extract_exchange_rates.py
[2025-04-10T12:32:31.362+0000] {processor.py:839} INFO - DAG(s) dict_keys(['extract_exchange_rates']) retrieved from /opt/airflow/dags/extract_exchange_rates.py
[2025-04-10T12:32:31.374+0000] {logging_mixin.py:151} INFO - [2025-04-10T12:32:31.374+0000] {dag.py:2941} INFO - Sync 1 DAGs
[2025-04-10T12:32:31.384+0000] {logging_mixin.py:151} INFO - [2025-04-10T12:32:31.383+0000] {dag.py:3722} INFO - Setting next_dagrun for extract_exchange_rates to 2025-04-10T00:00:00+00:00, run_after=2025-04-11T00:00:00+00:00
[2025-04-10T12:32:31.391+0000] {processor.py:179} INFO - Processing /opt/airflow/dags/extract_exchange_rates.py took 0.042 seconds
[2025-04-10T12:33:01.624+0000] {processor.py:157} INFO - Started process (PID=1168) to work on /opt/airflow/dags/extract_exchange_rates.py
[2025-04-10T12:33:01.624+0000] {processor.py:829} INFO - Processing file /opt/airflow/dags/extract_exchange_rates.py for tasks to queue
[2025-04-10T12:33:01.625+0000] {logging_mixin.py:151} INFO - [2025-04-10T12:33:01.624+0000] {dagbag.py:536} INFO - Filling up the DagBag from /opt/airflow/dags/extract_exchange_rates.py
[2025-04-10T12:33:01.632+0000] {processor.py:839} INFO - DAG(s) dict_keys(['extract_exchange_rates']) retrieved from /opt/airflow/dags/extract_exchange_rates.py
[2025-04-10T12:33:01.648+0000] {logging_mixin.py:151} INFO - [2025-04-10T12:33:01.648+0000] {dag.py:2941} INFO - Sync 1 DAGs
[2025-04-10T12:33:01.659+0000] {logging_mixin.py:151} INFO - [2025-04-10T12:33:01.658+0000] {dag.py:3722} INFO - Setting next_dagrun for extract_exchange_rates to 2025-04-10T00:00:00+00:00, run_after=2025-04-11T00:00:00+00:00
[2025-04-10T12:33:01.666+0000] {processor.py:179} INFO - Processing /opt/airflow/dags/extract_exchange_rates.py took 0.045 seconds
[2025-04-10T12:33:31.914+0000] {processor.py:157} INFO - Started process (PID=1173) to work on /opt/airflow/dags/extract_exchange_rates.py
[2025-04-10T12:33:31.915+0000] {processor.py:829} INFO - Processing file /opt/airflow/dags/extract_exchange_rates.py for tasks to queue
[2025-04-10T12:33:31.915+0000] {logging_mixin.py:151} INFO - [2025-04-10T12:33:31.915+0000] {dagbag.py:536} INFO - Filling up the DagBag from /opt/airflow/dags/extract_exchange_rates.py
[2025-04-10T12:33:31.925+0000] {processor.py:839} INFO - DAG(s) dict_keys(['extract_exchange_rates']) retrieved from /opt/airflow/dags/extract_exchange_rates.py
[2025-04-10T12:33:31.939+0000] {logging_mixin.py:151} INFO - [2025-04-10T12:33:31.939+0000] {dag.py:2941} INFO - Sync 1 DAGs
[2025-04-10T12:33:31.951+0000] {logging_mixin.py:151} INFO - [2025-04-10T12:33:31.951+0000] {dag.py:3722} INFO - Setting next_dagrun for extract_exchange_rates to 2025-04-10T00:00:00+00:00, run_after=2025-04-11T00:00:00+00:00
[2025-04-10T12:33:31.958+0000] {processor.py:179} INFO - Processing /opt/airflow/dags/extract_exchange_rates.py took 0.046 seconds
[2025-04-10T12:34:02.173+0000] {processor.py:157} INFO - Started process (PID=1178) to work on /opt/airflow/dags/extract_exchange_rates.py
[2025-04-10T12:34:02.174+0000] {processor.py:829} INFO - Processing file /opt/airflow/dags/extract_exchange_rates.py for tasks to queue
[2025-04-10T12:34:02.174+0000] {logging_mixin.py:151} INFO - [2025-04-10T12:34:02.174+0000] {dagbag.py:536} INFO - Filling up the DagBag from /opt/airflow/dags/extract_exchange_rates.py
[2025-04-10T12:34:02.184+0000] {processor.py:839} INFO - DAG(s) dict_keys(['extract_exchange_rates']) retrieved from /opt/airflow/dags/extract_exchange_rates.py
[2025-04-10T12:34:02.198+0000] {logging_mixin.py:151} INFO - [2025-04-10T12:34:02.198+0000] {dag.py:2941} INFO - Sync 1 DAGs
[2025-04-10T12:34:02.210+0000] {logging_mixin.py:151} INFO - [2025-04-10T12:34:02.210+0000] {dag.py:3722} INFO - Setting next_dagrun for extract_exchange_rates to 2025-04-10T00:00:00+00:00, run_after=2025-04-11T00:00:00+00:00
[2025-04-10T12:34:02.217+0000] {processor.py:179} INFO - Processing /opt/airflow/dags/extract_exchange_rates.py took 0.046 seconds
[2025-04-10T12:34:32.429+0000] {processor.py:157} INFO - Started process (PID=1183) to work on /opt/airflow/dags/extract_exchange_rates.py
[2025-04-10T12:34:32.429+0000] {processor.py:829} INFO - Processing file /opt/airflow/dags/extract_exchange_rates.py for tasks to queue
[2025-04-10T12:34:32.430+0000] {logging_mixin.py:151} INFO - [2025-04-10T12:34:32.430+0000] {dagbag.py:536} INFO - Filling up the DagBag from /opt/airflow/dags/extract_exchange_rates.py
[2025-04-10T12:34:32.439+0000] {processor.py:839} INFO - DAG(s) dict_keys(['extract_exchange_rates']) retrieved from /opt/airflow/dags/extract_exchange_rates.py
[2025-04-10T12:34:32.453+0000] {logging_mixin.py:151} INFO - [2025-04-10T12:34:32.452+0000] {dag.py:2941} INFO - Sync 1 DAGs
[2025-04-10T12:34:32.463+0000] {logging_mixin.py:151} INFO - [2025-04-10T12:34:32.463+0000] {dag.py:3722} INFO - Setting next_dagrun for extract_exchange_rates to 2025-04-10T00:00:00+00:00, run_after=2025-04-11T00:00:00+00:00
[2025-04-10T12:34:32.469+0000] {processor.py:179} INFO - Processing /opt/airflow/dags/extract_exchange_rates.py took 0.042 seconds
[2025-04-10T12:35:02.714+0000] {processor.py:157} INFO - Started process (PID=1188) to work on /opt/airflow/dags/extract_exchange_rates.py
[2025-04-10T12:35:02.714+0000] {processor.py:829} INFO - Processing file /opt/airflow/dags/extract_exchange_rates.py for tasks to queue
[2025-04-10T12:35:02.715+0000] {logging_mixin.py:151} INFO - [2025-04-10T12:35:02.715+0000] {dagbag.py:536} INFO - Filling up the DagBag from /opt/airflow/dags/extract_exchange_rates.py
[2025-04-10T12:35:02.724+0000] {processor.py:839} INFO - DAG(s) dict_keys(['extract_exchange_rates']) retrieved from /opt/airflow/dags/extract_exchange_rates.py
[2025-04-10T12:35:02.736+0000] {logging_mixin.py:151} INFO - [2025-04-10T12:35:02.736+0000] {dag.py:2941} INFO - Sync 1 DAGs
[2025-04-10T12:35:02.745+0000] {logging_mixin.py:151} INFO - [2025-04-10T12:35:02.745+0000] {dag.py:3722} INFO - Setting next_dagrun for extract_exchange_rates to 2025-04-10T00:00:00+00:00, run_after=2025-04-11T00:00:00+00:00
[2025-04-10T12:35:02.752+0000] {processor.py:179} INFO - Processing /opt/airflow/dags/extract_exchange_rates.py took 0.041 seconds
[2025-04-10T12:35:32.978+0000] {processor.py:157} INFO - Started process (PID=1193) to work on /opt/airflow/dags/extract_exchange_rates.py
[2025-04-10T12:35:32.978+0000] {processor.py:829} INFO - Processing file /opt/airflow/dags/extract_exchange_rates.py for tasks to queue
[2025-04-10T12:35:32.979+0000] {logging_mixin.py:151} INFO - [2025-04-10T12:35:32.979+0000] {dagbag.py:536} INFO - Filling up the DagBag from /opt/airflow/dags/extract_exchange_rates.py
[2025-04-10T12:35:32.988+0000] {processor.py:839} INFO - DAG(s) dict_keys(['extract_exchange_rates']) retrieved from /opt/airflow/dags/extract_exchange_rates.py
[2025-04-10T12:35:33.000+0000] {logging_mixin.py:151} INFO - [2025-04-10T12:35:32.999+0000] {dag.py:2941} INFO - Sync 1 DAGs
[2025-04-10T12:35:33.009+0000] {logging_mixin.py:151} INFO - [2025-04-10T12:35:33.009+0000] {dag.py:3722} INFO - Setting next_dagrun for extract_exchange_rates to 2025-04-10T00:00:00+00:00, run_after=2025-04-11T00:00:00+00:00
[2025-04-10T12:35:33.016+0000] {processor.py:179} INFO - Processing /opt/airflow/dags/extract_exchange_rates.py took 0.040 seconds
[2025-04-10T12:36:03.236+0000] {processor.py:157} INFO - Started process (PID=1198) to work on /opt/airflow/dags/extract_exchange_rates.py
[2025-04-10T12:36:03.237+0000] {processor.py:829} INFO - Processing file /opt/airflow/dags/extract_exchange_rates.py for tasks to queue
[2025-04-10T12:36:03.237+0000] {logging_mixin.py:151} INFO - [2025-04-10T12:36:03.237+0000] {dagbag.py:536} INFO - Filling up the DagBag from /opt/airflow/dags/extract_exchange_rates.py
[2025-04-10T12:36:03.247+0000] {processor.py:839} INFO - DAG(s) dict_keys(['extract_exchange_rates']) retrieved from /opt/airflow/dags/extract_exchange_rates.py
[2025-04-10T12:36:03.261+0000] {logging_mixin.py:151} INFO - [2025-04-10T12:36:03.261+0000] {dag.py:2941} INFO - Sync 1 DAGs
[2025-04-10T12:36:03.272+0000] {logging_mixin.py:151} INFO - [2025-04-10T12:36:03.272+0000] {dag.py:3722} INFO - Setting next_dagrun for extract_exchange_rates to 2025-04-10T00:00:00+00:00, run_after=2025-04-11T00:00:00+00:00
[2025-04-10T12:36:03.280+0000] {processor.py:179} INFO - Processing /opt/airflow/dags/extract_exchange_rates.py took 0.046 seconds
[2025-04-10T12:36:33.477+0000] {processor.py:157} INFO - Started process (PID=1203) to work on /opt/airflow/dags/extract_exchange_rates.py
[2025-04-10T12:36:33.478+0000] {processor.py:829} INFO - Processing file /opt/airflow/dags/extract_exchange_rates.py for tasks to queue
[2025-04-10T12:36:33.478+0000] {logging_mixin.py:151} INFO - [2025-04-10T12:36:33.478+0000] {dagbag.py:536} INFO - Filling up the DagBag from /opt/airflow/dags/extract_exchange_rates.py
[2025-04-10T12:36:33.487+0000] {processor.py:839} INFO - DAG(s) dict_keys(['extract_exchange_rates']) retrieved from /opt/airflow/dags/extract_exchange_rates.py
[2025-04-10T12:36:33.499+0000] {logging_mixin.py:151} INFO - [2025-04-10T12:36:33.499+0000] {dag.py:2941} INFO - Sync 1 DAGs
[2025-04-10T12:36:33.509+0000] {logging_mixin.py:151} INFO - [2025-04-10T12:36:33.508+0000] {dag.py:3722} INFO - Setting next_dagrun for extract_exchange_rates to 2025-04-10T00:00:00+00:00, run_after=2025-04-11T00:00:00+00:00
[2025-04-10T12:36:33.515+0000] {processor.py:179} INFO - Processing /opt/airflow/dags/extract_exchange_rates.py took 0.040 seconds
[2025-04-10T12:37:03.759+0000] {processor.py:157} INFO - Started process (PID=1208) to work on /opt/airflow/dags/extract_exchange_rates.py
[2025-04-10T12:37:03.760+0000] {processor.py:829} INFO - Processing file /opt/airflow/dags/extract_exchange_rates.py for tasks to queue
[2025-04-10T12:37:03.760+0000] {logging_mixin.py:151} INFO - [2025-04-10T12:37:03.760+0000] {dagbag.py:536} INFO - Filling up the DagBag from /opt/airflow/dags/extract_exchange_rates.py
[2025-04-10T12:37:03.769+0000] {processor.py:839} INFO - DAG(s) dict_keys(['extract_exchange_rates']) retrieved from /opt/airflow/dags/extract_exchange_rates.py
[2025-04-10T12:37:03.782+0000] {logging_mixin.py:151} INFO - [2025-04-10T12:37:03.782+0000] {dag.py:2941} INFO - Sync 1 DAGs
[2025-04-10T12:37:03.792+0000] {logging_mixin.py:151} INFO - [2025-04-10T12:37:03.792+0000] {dag.py:3722} INFO - Setting next_dagrun for extract_exchange_rates to 2025-04-10T00:00:00+00:00, run_after=2025-04-11T00:00:00+00:00
[2025-04-10T12:37:03.800+0000] {processor.py:179} INFO - Processing /opt/airflow/dags/extract_exchange_rates.py took 0.042 seconds
[2025-04-10T12:37:34.008+0000] {processor.py:157} INFO - Started process (PID=1213) to work on /opt/airflow/dags/extract_exchange_rates.py
[2025-04-10T12:37:34.008+0000] {processor.py:829} INFO - Processing file /opt/airflow/dags/extract_exchange_rates.py for tasks to queue
[2025-04-10T12:37:34.009+0000] {logging_mixin.py:151} INFO - [2025-04-10T12:37:34.008+0000] {dagbag.py:536} INFO - Filling up the DagBag from /opt/airflow/dags/extract_exchange_rates.py
[2025-04-10T12:37:34.018+0000] {processor.py:839} INFO - DAG(s) dict_keys(['extract_exchange_rates']) retrieved from /opt/airflow/dags/extract_exchange_rates.py
[2025-04-10T12:37:34.031+0000] {logging_mixin.py:151} INFO - [2025-04-10T12:37:34.031+0000] {dag.py:2941} INFO - Sync 1 DAGs
[2025-04-10T12:37:34.040+0000] {logging_mixin.py:151} INFO - [2025-04-10T12:37:34.040+0000] {dag.py:3722} INFO - Setting next_dagrun for extract_exchange_rates to 2025-04-10T00:00:00+00:00, run_after=2025-04-11T00:00:00+00:00
[2025-04-10T12:37:34.048+0000] {processor.py:179} INFO - Processing /opt/airflow/dags/extract_exchange_rates.py took 0.042 seconds
[2025-04-10T12:38:04.263+0000] {processor.py:157} INFO - Started process (PID=1218) to work on /opt/airflow/dags/extract_exchange_rates.py
[2025-04-10T12:38:04.264+0000] {processor.py:829} INFO - Processing file /opt/airflow/dags/extract_exchange_rates.py for tasks to queue
[2025-04-10T12:38:04.265+0000] {logging_mixin.py:151} INFO - [2025-04-10T12:38:04.265+0000] {dagbag.py:536} INFO - Filling up the DagBag from /opt/airflow/dags/extract_exchange_rates.py
[2025-04-10T12:38:04.276+0000] {processor.py:839} INFO - DAG(s) dict_keys(['extract_exchange_rates']) retrieved from /opt/airflow/dags/extract_exchange_rates.py
[2025-04-10T12:38:04.290+0000] {logging_mixin.py:151} INFO - [2025-04-10T12:38:04.290+0000] {dag.py:2941} INFO - Sync 1 DAGs
[2025-04-10T12:38:04.300+0000] {logging_mixin.py:151} INFO - [2025-04-10T12:38:04.300+0000] {dag.py:3722} INFO - Setting next_dagrun for extract_exchange_rates to 2025-04-10T00:00:00+00:00, run_after=2025-04-11T00:00:00+00:00
[2025-04-10T12:38:04.308+0000] {processor.py:179} INFO - Processing /opt/airflow/dags/extract_exchange_rates.py took 0.047 seconds
[2025-04-10T12:38:34.531+0000] {processor.py:157} INFO - Started process (PID=1223) to work on /opt/airflow/dags/extract_exchange_rates.py
[2025-04-10T12:38:34.531+0000] {processor.py:829} INFO - Processing file /opt/airflow/dags/extract_exchange_rates.py for tasks to queue
[2025-04-10T12:38:34.532+0000] {logging_mixin.py:151} INFO - [2025-04-10T12:38:34.532+0000] {dagbag.py:536} INFO - Filling up the DagBag from /opt/airflow/dags/extract_exchange_rates.py
[2025-04-10T12:38:34.541+0000] {processor.py:839} INFO - DAG(s) dict_keys(['extract_exchange_rates']) retrieved from /opt/airflow/dags/extract_exchange_rates.py
[2025-04-10T12:38:34.555+0000] {logging_mixin.py:151} INFO - [2025-04-10T12:38:34.555+0000] {dag.py:2941} INFO - Sync 1 DAGs
[2025-04-10T12:38:34.565+0000] {logging_mixin.py:151} INFO - [2025-04-10T12:38:34.565+0000] {dag.py:3722} INFO - Setting next_dagrun for extract_exchange_rates to 2025-04-10T00:00:00+00:00, run_after=2025-04-11T00:00:00+00:00
[2025-04-10T12:38:34.573+0000] {processor.py:179} INFO - Processing /opt/airflow/dags/extract_exchange_rates.py took 0.044 seconds
[2025-04-10T12:39:04.844+0000] {processor.py:157} INFO - Started process (PID=1228) to work on /opt/airflow/dags/extract_exchange_rates.py
[2025-04-10T12:39:04.844+0000] {processor.py:829} INFO - Processing file /opt/airflow/dags/extract_exchange_rates.py for tasks to queue
[2025-04-10T12:39:04.845+0000] {logging_mixin.py:151} INFO - [2025-04-10T12:39:04.845+0000] {dagbag.py:536} INFO - Filling up the DagBag from /opt/airflow/dags/extract_exchange_rates.py
[2025-04-10T12:39:04.854+0000] {processor.py:839} INFO - DAG(s) dict_keys(['extract_exchange_rates']) retrieved from /opt/airflow/dags/extract_exchange_rates.py
[2025-04-10T12:39:04.868+0000] {logging_mixin.py:151} INFO - [2025-04-10T12:39:04.868+0000] {dag.py:2941} INFO - Sync 1 DAGs
[2025-04-10T12:39:04.878+0000] {logging_mixin.py:151} INFO - [2025-04-10T12:39:04.878+0000] {dag.py:3722} INFO - Setting next_dagrun for extract_exchange_rates to 2025-04-10T00:00:00+00:00, run_after=2025-04-11T00:00:00+00:00
[2025-04-10T12:39:04.886+0000] {processor.py:179} INFO - Processing /opt/airflow/dags/extract_exchange_rates.py took 0.044 seconds
[2025-04-10T12:39:35.190+0000] {processor.py:157} INFO - Started process (PID=1233) to work on /opt/airflow/dags/extract_exchange_rates.py
[2025-04-10T12:39:35.191+0000] {processor.py:829} INFO - Processing file /opt/airflow/dags/extract_exchange_rates.py for tasks to queue
[2025-04-10T12:39:35.191+0000] {logging_mixin.py:151} INFO - [2025-04-10T12:39:35.191+0000] {dagbag.py:536} INFO - Filling up the DagBag from /opt/airflow/dags/extract_exchange_rates.py
[2025-04-10T12:39:35.197+0000] {processor.py:839} INFO - DAG(s) dict_keys(['extract_exchange_rates']) retrieved from /opt/airflow/dags/extract_exchange_rates.py
[2025-04-10T12:39:35.209+0000] {logging_mixin.py:151} INFO - [2025-04-10T12:39:35.209+0000] {dag.py:2941} INFO - Sync 1 DAGs
[2025-04-10T12:39:35.218+0000] {logging_mixin.py:151} INFO - [2025-04-10T12:39:35.218+0000] {dag.py:3722} INFO - Setting next_dagrun for extract_exchange_rates to 2025-04-10T00:00:00+00:00, run_after=2025-04-11T00:00:00+00:00
[2025-04-10T12:39:35.226+0000] {processor.py:179} INFO - Processing /opt/airflow/dags/extract_exchange_rates.py took 0.038 seconds
[2025-04-10T12:40:05.535+0000] {processor.py:157} INFO - Started process (PID=1238) to work on /opt/airflow/dags/extract_exchange_rates.py
[2025-04-10T12:40:05.536+0000] {processor.py:829} INFO - Processing file /opt/airflow/dags/extract_exchange_rates.py for tasks to queue
[2025-04-10T12:40:05.537+0000] {logging_mixin.py:151} INFO - [2025-04-10T12:40:05.537+0000] {dagbag.py:536} INFO - Filling up the DagBag from /opt/airflow/dags/extract_exchange_rates.py
[2025-04-10T12:40:05.548+0000] {processor.py:839} INFO - DAG(s) dict_keys(['extract_exchange_rates']) retrieved from /opt/airflow/dags/extract_exchange_rates.py
[2025-04-10T12:40:05.565+0000] {logging_mixin.py:151} INFO - [2025-04-10T12:40:05.565+0000] {dag.py:2941} INFO - Sync 1 DAGs
[2025-04-10T12:40:05.575+0000] {logging_mixin.py:151} INFO - [2025-04-10T12:40:05.575+0000] {dag.py:3722} INFO - Setting next_dagrun for extract_exchange_rates to 2025-04-10T00:00:00+00:00, run_after=2025-04-11T00:00:00+00:00
[2025-04-10T12:40:05.583+0000] {processor.py:179} INFO - Processing /opt/airflow/dags/extract_exchange_rates.py took 0.050 seconds
[2025-04-10T12:40:35.819+0000] {processor.py:157} INFO - Started process (PID=1243) to work on /opt/airflow/dags/extract_exchange_rates.py
[2025-04-10T12:40:35.819+0000] {processor.py:829} INFO - Processing file /opt/airflow/dags/extract_exchange_rates.py for tasks to queue
[2025-04-10T12:40:35.820+0000] {logging_mixin.py:151} INFO - [2025-04-10T12:40:35.820+0000] {dagbag.py:536} INFO - Filling up the DagBag from /opt/airflow/dags/extract_exchange_rates.py
[2025-04-10T12:40:35.826+0000] {processor.py:839} INFO - DAG(s) dict_keys(['extract_exchange_rates']) retrieved from /opt/airflow/dags/extract_exchange_rates.py
[2025-04-10T12:40:35.839+0000] {logging_mixin.py:151} INFO - [2025-04-10T12:40:35.838+0000] {dag.py:2941} INFO - Sync 1 DAGs
[2025-04-10T12:40:35.849+0000] {logging_mixin.py:151} INFO - [2025-04-10T12:40:35.849+0000] {dag.py:3722} INFO - Setting next_dagrun for extract_exchange_rates to 2025-04-10T00:00:00+00:00, run_after=2025-04-11T00:00:00+00:00
[2025-04-10T12:40:35.856+0000] {processor.py:179} INFO - Processing /opt/airflow/dags/extract_exchange_rates.py took 0.039 seconds
[2025-04-10T12:41:06.138+0000] {processor.py:157} INFO - Started process (PID=1248) to work on /opt/airflow/dags/extract_exchange_rates.py
[2025-04-10T12:41:06.139+0000] {processor.py:829} INFO - Processing file /opt/airflow/dags/extract_exchange_rates.py for tasks to queue
[2025-04-10T12:41:06.139+0000] {logging_mixin.py:151} INFO - [2025-04-10T12:41:06.139+0000] {dagbag.py:536} INFO - Filling up the DagBag from /opt/airflow/dags/extract_exchange_rates.py
[2025-04-10T12:41:06.149+0000] {processor.py:839} INFO - DAG(s) dict_keys(['extract_exchange_rates']) retrieved from /opt/airflow/dags/extract_exchange_rates.py
[2025-04-10T12:41:06.162+0000] {logging_mixin.py:151} INFO - [2025-04-10T12:41:06.162+0000] {dag.py:2941} INFO - Sync 1 DAGs
[2025-04-10T12:41:06.172+0000] {logging_mixin.py:151} INFO - [2025-04-10T12:41:06.172+0000] {dag.py:3722} INFO - Setting next_dagrun for extract_exchange_rates to 2025-04-10T00:00:00+00:00, run_after=2025-04-11T00:00:00+00:00
[2025-04-10T12:41:06.181+0000] {processor.py:179} INFO - Processing /opt/airflow/dags/extract_exchange_rates.py took 0.045 seconds
[2025-04-10T12:41:36.470+0000] {processor.py:157} INFO - Started process (PID=1253) to work on /opt/airflow/dags/extract_exchange_rates.py
[2025-04-10T12:41:36.471+0000] {processor.py:829} INFO - Processing file /opt/airflow/dags/extract_exchange_rates.py for tasks to queue
[2025-04-10T12:41:36.471+0000] {logging_mixin.py:151} INFO - [2025-04-10T12:41:36.471+0000] {dagbag.py:536} INFO - Filling up the DagBag from /opt/airflow/dags/extract_exchange_rates.py
[2025-04-10T12:41:36.481+0000] {processor.py:839} INFO - DAG(s) dict_keys(['extract_exchange_rates']) retrieved from /opt/airflow/dags/extract_exchange_rates.py
[2025-04-10T12:41:36.494+0000] {logging_mixin.py:151} INFO - [2025-04-10T12:41:36.494+0000] {dag.py:2941} INFO - Sync 1 DAGs
[2025-04-10T12:41:36.504+0000] {logging_mixin.py:151} INFO - [2025-04-10T12:41:36.504+0000] {dag.py:3722} INFO - Setting next_dagrun for extract_exchange_rates to 2025-04-10T00:00:00+00:00, run_after=2025-04-11T00:00:00+00:00
[2025-04-10T12:41:36.511+0000] {processor.py:179} INFO - Processing /opt/airflow/dags/extract_exchange_rates.py took 0.044 seconds
[2025-04-10T12:42:06.786+0000] {processor.py:157} INFO - Started process (PID=1258) to work on /opt/airflow/dags/extract_exchange_rates.py
[2025-04-10T12:42:06.787+0000] {processor.py:829} INFO - Processing file /opt/airflow/dags/extract_exchange_rates.py for tasks to queue
[2025-04-10T12:42:06.787+0000] {logging_mixin.py:151} INFO - [2025-04-10T12:42:06.787+0000] {dagbag.py:536} INFO - Filling up the DagBag from /opt/airflow/dags/extract_exchange_rates.py
[2025-04-10T12:42:06.798+0000] {processor.py:839} INFO - DAG(s) dict_keys(['extract_exchange_rates']) retrieved from /opt/airflow/dags/extract_exchange_rates.py
[2025-04-10T12:42:06.812+0000] {logging_mixin.py:151} INFO - [2025-04-10T12:42:06.812+0000] {dag.py:2941} INFO - Sync 1 DAGs
[2025-04-10T12:42:06.822+0000] {logging_mixin.py:151} INFO - [2025-04-10T12:42:06.822+0000] {dag.py:3722} INFO - Setting next_dagrun for extract_exchange_rates to 2025-04-10T00:00:00+00:00, run_after=2025-04-11T00:00:00+00:00
[2025-04-10T12:42:06.830+0000] {processor.py:179} INFO - Processing /opt/airflow/dags/extract_exchange_rates.py took 0.046 seconds
[2025-04-10T12:42:37.107+0000] {processor.py:157} INFO - Started process (PID=1263) to work on /opt/airflow/dags/extract_exchange_rates.py
[2025-04-10T12:42:37.107+0000] {processor.py:829} INFO - Processing file /opt/airflow/dags/extract_exchange_rates.py for tasks to queue
[2025-04-10T12:42:37.108+0000] {logging_mixin.py:151} INFO - [2025-04-10T12:42:37.108+0000] {dagbag.py:536} INFO - Filling up the DagBag from /opt/airflow/dags/extract_exchange_rates.py
[2025-04-10T12:42:37.115+0000] {processor.py:839} INFO - DAG(s) dict_keys(['extract_exchange_rates']) retrieved from /opt/airflow/dags/extract_exchange_rates.py
[2025-04-10T12:42:37.128+0000] {logging_mixin.py:151} INFO - [2025-04-10T12:42:37.128+0000] {dag.py:2941} INFO - Sync 1 DAGs
[2025-04-10T12:42:37.139+0000] {logging_mixin.py:151} INFO - [2025-04-10T12:42:37.139+0000] {dag.py:3722} INFO - Setting next_dagrun for extract_exchange_rates to 2025-04-10T00:00:00+00:00, run_after=2025-04-11T00:00:00+00:00
[2025-04-10T12:42:37.147+0000] {processor.py:179} INFO - Processing /opt/airflow/dags/extract_exchange_rates.py took 0.042 seconds
[2025-04-10T12:43:07.404+0000] {processor.py:157} INFO - Started process (PID=1268) to work on /opt/airflow/dags/extract_exchange_rates.py
[2025-04-10T12:43:07.405+0000] {processor.py:829} INFO - Processing file /opt/airflow/dags/extract_exchange_rates.py for tasks to queue
[2025-04-10T12:43:07.406+0000] {logging_mixin.py:151} INFO - [2025-04-10T12:43:07.405+0000] {dagbag.py:536} INFO - Filling up the DagBag from /opt/airflow/dags/extract_exchange_rates.py
[2025-04-10T12:43:07.416+0000] {processor.py:839} INFO - DAG(s) dict_keys(['extract_exchange_rates']) retrieved from /opt/airflow/dags/extract_exchange_rates.py
[2025-04-10T12:43:07.431+0000] {logging_mixin.py:151} INFO - [2025-04-10T12:43:07.430+0000] {dag.py:2941} INFO - Sync 1 DAGs
[2025-04-10T12:43:07.440+0000] {logging_mixin.py:151} INFO - [2025-04-10T12:43:07.440+0000] {dag.py:3722} INFO - Setting next_dagrun for extract_exchange_rates to 2025-04-10T00:00:00+00:00, run_after=2025-04-11T00:00:00+00:00
[2025-04-10T12:43:07.447+0000] {processor.py:179} INFO - Processing /opt/airflow/dags/extract_exchange_rates.py took 0.046 seconds
[2025-04-10T12:43:37.747+0000] {processor.py:157} INFO - Started process (PID=1273) to work on /opt/airflow/dags/extract_exchange_rates.py
[2025-04-10T12:43:37.748+0000] {processor.py:829} INFO - Processing file /opt/airflow/dags/extract_exchange_rates.py for tasks to queue
[2025-04-10T12:43:37.749+0000] {logging_mixin.py:151} INFO - [2025-04-10T12:43:37.749+0000] {dagbag.py:536} INFO - Filling up the DagBag from /opt/airflow/dags/extract_exchange_rates.py
[2025-04-10T12:43:37.759+0000] {processor.py:839} INFO - DAG(s) dict_keys(['extract_exchange_rates']) retrieved from /opt/airflow/dags/extract_exchange_rates.py
[2025-04-10T12:43:37.771+0000] {logging_mixin.py:151} INFO - [2025-04-10T12:43:37.771+0000] {dag.py:2941} INFO - Sync 1 DAGs
[2025-04-10T12:43:37.781+0000] {logging_mixin.py:151} INFO - [2025-04-10T12:43:37.781+0000] {dag.py:3722} INFO - Setting next_dagrun for extract_exchange_rates to 2025-04-10T00:00:00+00:00, run_after=2025-04-11T00:00:00+00:00
[2025-04-10T12:43:37.788+0000] {processor.py:179} INFO - Processing /opt/airflow/dags/extract_exchange_rates.py took 0.043 seconds
